time,temperature_2m,relative_humidity_2m,precipitation,rain,weather_code,cloud_cover,wind_speed_10m,wind_gusts_10m,surface_pressure
2025-04-01T00:00,24.6,63,0.0,0.0,0,0,11.8,19.4,942.0
2025-04-01T01:00,23.9,69,0.0,0.0,0,0,10.5,19.4,941.2
2025-04-01T02:00,23.5,70,0.0,0.0,0,0,9.7,16.9,940.3
2025-04-01T03:00,23.2,71,0.0,0.0,0,0,9.5,15.5,940.5
2025-04-01T04:00,23.1,71,0.0,0.0,0,0,11.4,18.4,941.0
2025-04-01T05:00,22.6,71,0.0,0.0,0,0,12.5,20.9,941.5
2025-04-01T06:00,22.7,73,0.0,0.0,0,0,9.1,16.6,942.4
2025-04-01T07:00,24.2,66,0.0,0.0,0,0,8.0,16.9,943.6
2025-04-01T08:00,26.6,58,0.0,0.0,0,0,6.8,17.3,944.7
2025-04-01T09:00,29.1,49,0.0,0.0,0,3,5.2,17.3,945.4
2025-04-01T10:00,30.7,44,0.0,0.0,0,8,4.6,18.0,945.7
2025-04-01T11:00,31.9,40,0.0,0.0,0,1,2.9,17.3,945.3
2025-04-01T12:00,33.2,37,0.0,0.0,0,0,7.4,22.7,944.5
2025-04-01T13:00,33.9,33,0.0,0.0,1,20,11.0,25.9,943.4
2025-04-01T14:00,33.9,32,0.0,0.0,1,42,13.7,28.8,942.3
2025-04-01T15:00,33.5,33,0.0,0.0,0,5,15.0,29.9,941.6
2025-04-01T16:00,32.8,34,0.0,0.0,0,1,15.9,30.2,941.2
2025-04-01T17:00,31.5,38,0.0,0.0,0,0,14.8,30.2,941.1
2025-04-01T18:00,29.1,43,0.0,0.0,0,1,11.6,24.1,941.6
2025-04-01T19:00,27.8,46,0.0,0.0,0,0,10.3,19.1,942.2
2025-04-01T20:00,26.8,49,0.0,0.0,0,8,8.3,16.6,942.5
2025-04-01T21:00,25.8,55,0.0,0.0,0,6,7.5,13.3,943.6
2025-04-01T22:00,25.3,57,0.0,0.0,0,1,9.4,14.8,943.7
2025-04-01T23:00,24.5,63,0.0,0.0,0,1,8.7,15.5,943.6
2025-04-02T00:00,23.7,71,0.0,0.0,0,1,10.5,16.9,943.3
2025-04-02T01:00,23.1,77,0.0,0.0,0,0,11.5,18.7,942.8
2025-04-02T02:00,22.7,81,0.0,0.0,0,0,11.6,19.1,942.0
2025-04-02T03:00,22.5,79,0.0,0.0,0,0,10.8,19.1,941.4
2025-04-02T04:00,22.3,78,0.0,0.0,0,0,10.6,18.0,941.6
2025-04-02T05:00,22.0,79,0.0,0.0,0,0,9.6,17.6,942.1
2025-04-02T06:00,21.6,86,0.0,0.0,0,13,9.3,15.8,943.3
2025-04-02T07:00,23.2,80,0.0,0.0,1,32,8.5,17.3,944.6
2025-04-02T08:00,25.4,69,0.0,0.0,3,92,9.6,21.2,945.8
2025-04-02T09:00,27.3,59,0.0,0.0,2,60,8.4,22.0,946.6
2025-04-02T10:00,28.8,53,0.0,0.0,3,99,7.7,21.6,946.5
2025-04-02T11:00,30.1,48,0.0,0.0,3,96,9.2,24.5,946.1
2025-04-02T12:00,30.8,44,0.0,0.0,3,100,10.0,24.8,945.4
2025-04-02T13:00,31.2,41,0.0,0.0,3,99,10.9,25.9,944.3
2025-04-02T14:00,31.8,39,0.0,0.0,2,57,11.0,26.6,943.3
2025-04-02T15:00,31.8,38,0.0,0.0,1,49,10.4,25.9,942.7
2025-04-02T16:00,31.8,36,0.0,0.0,2,75,9.6,23.4,942.2
2025-04-02T17:00,30.2,41,0.0,0.0,0,17,16.5,29.5,942.1
2025-04-02T18:00,28.4,47,0.0,0.0,0,9,6.3,15.8,942.8
2025-04-02T19:00,27.4,49,0.0,0.0,0,5,8.7,13.7,943.1
2025-04-02T20:00,27.0,50,0.0,0.0,0,5,12.0,19.4,944.0
2025-04-02T21:00,26.2,56,0.0,0.0,0,0,12.0,20.5,944.8
2025-04-02T22:00,25.4,64,0.0,0.0,2,50,13.3,21.2,945.1
2025-04-02T23:00,25.5,66,0.0,0.0,2,76,14.3,23.4,945.0
2025-04-03T00:00,25.4,67,0.0,0.0,3,100,14.0,24.1,944.8
2025-04-03T01:00,24.4,76,0.1,0.1,51,100,15.8,24.8,944.2
2025-04-03T02:00,23.9,81,0.0,0.0,2,68,14.3,28.4,943.4
2025-04-03T03:00,23.7,83,0.0,0.0,2,77,12.9,23.4,943.3
2025-04-03T04:00,23.4,84,0.0,0.0,3,91,11.7,21.2,943.4
2025-04-03T05:00,23.3,84,0.0,0.0,3,96,9.5,19.1,944.0
2025-04-03T06:00,21.4,91,5.2,5.2,63,100,4.4,30.6,945.9
2025-04-03T07:00,21.8,92,2.0,2.0,61,100,6.2,13.0,946.3
2025-04-03T08:00,22.6,86,0.9,0.9,53,99,6.8,16.2,947.5
2025-04-03T09:00,25.8,66,0.1,0.1,51,97,6.9,19.1,948.1
2025-04-03T10:00,27.8,57,0.0,0.0,3,99,13.8,29.2,948.4
2025-04-03T11:00,28.8,53,0.0,0.0,3,97,12.8,29.2,948.0
2025-04-03T12:00,29.6,51,0.0,0.0,3,97,4.0,27.7,947.3
2025-04-03T13:00,30.6,49,0.0,0.0,1,46,4.5,17.6,946.1
2025-04-03T14:00,29.6,51,0.0,0.0,2,67,3.2,18.0,945.0
2025-04-03T15:00,30.3,48,0.0,0.0,2,53,5.9,16.2,943.6
2025-04-03T16:00,28.2,57,0.1,0.1,51,95,12.6,26.3,943.7
2025-04-03T17:00,26.4,68,0.0,0.0,2,64,9.8,25.9,944.0
2025-04-03T18:00,23.2,77,0.0,0.0,3,100,1.3,25.9,944.1
2025-04-03T19:00,22.9,81,0.9,0.9,53,99,4.1,7.6,945.7
2025-04-03T20:00,22.4,87,0.2,0.2,51,100,7.5,13.0,945.8
2025-04-03T21:00,22.5,89,0.0,0.0,3,100,3.6,11.9,946.5
2025-04-03T22:00,22.8,88,0.0,0.0,3,100,5.5,8.3,947.1
2025-04-03T23:00,22.8,92,0.1,0.1,51,99,12.5,17.3,946.8
2025-04-04T00:00,21.4,95,3.5,3.5,63,100,3.9,32.8,946.1
2025-04-04T01:00,21.6,96,0.8,0.8,53,96,7.3,12.6,946.1
2025-04-04T02:00,21.5,95,0.1,0.1,51,99,4.9,13.0,945.6
2025-04-04T03:00,21.7,94,0.0,0.0,2,72,3.4,9.0,945.1
2025-04-04T04:00,21.1,97,0.0,0.0,3,100,4.5,7.6,944.9
2025-04-04T05:00,21.3,98,0.0,0.0,3,85,7.5,12.6,945.4
2025-04-04T06:00,21.9,92,0.3,0.3,51,69,3.2,6.8,946.7
2025-04-04T07:00,22.5,90,0.0,0.0,1,47,4.9,11.9,946.7
2025-04-04T08:00,24.7,76,0.0,0.0,2,57,2.4,13.0,947.7
2025-04-04T09:00,26.8,62,0.0,0.0,1,32,2.4,13.3,948.1
2025-04-04T10:00,28.8,53,0.0,0.0,0,4,8.9,22.3,947.5
2025-04-04T11:00,30.3,48,0.0,0.0,3,80,8.8,24.8,947.0
2025-04-04T12:00,31.1,46,0.0,0.0,3,90,6.3,23.0,946.5
2025-04-04T13:00,31.7,46,0.0,0.0,3,90,7.5,21.6,945.3
2025-04-04T14:00,31.7,46,0.0,0.0,3,94,8.4,22.0,944.3
2025-04-04T15:00,31.2,46,0.0,0.0,1,20,9.6,23.4,943.4
2025-04-04T16:00,29.4,54,0.0,0.0,2,60,16.1,29.9,943.1
2025-04-04T17:00,28.8,56,0.0,0.0,1,40,10.1,30.6,943.2
2025-04-04T18:00,27.3,59,0.0,0.0,2,54,8.7,18.0,943.2
2025-04-04T19:00,26.1,62,0.0,0.0,1,41,8.0,14.0,943.9
2025-04-04T20:00,25.6,64,0.0,0.0,1,25,7.5,13.7,945.0
2025-04-04T21:00,25.5,67,0.0,0.0,0,7,8.6,13.7,945.8
2025-04-04T22:00,24.9,71,0.0,0.0,0,4,6.4,13.7,946.1
2025-04-04T23:00,24.4,73,0.0,0.0,0,1,5.9,10.1,945.7
2025-04-05T00:00,23.9,74,0.0,0.0,0,1,5.7,8.3,944.9
2025-04-05T01:00,23.7,74,0.0,0.0,0,1,6.4,10.1,944.3
2025-04-05T02:00,23.2,76,0.0,0.0,0,2,6.0,10.1,943.6
2025-04-05T03:00,22.9,77,0.0,0.0,0,3,6.4,10.1,943.4
2025-04-05T04:00,22.7,78,0.0,0.0,0,17,6.2,10.1,943.4
2025-04-05T05:00,22.3,81,0.0,0.0,2,63,6.0,9.4,943.5
2025-04-05T06:00,22.9,81,0.0,0.0,1,30,7.1,11.5,944.6
2025-04-05T07:00,25.1,75,0.0,0.0,0,0,7.1,14.4,945.4
2025-04-05T08:00,27.6,63,0.0,0.0,0,2,7.1,17.3,946.8
2025-04-05T09:00,29.2,54,0.0,0.0,0,0,4.8,18.0,947.4
2025-04-05T10:00,30.5,49,0.0,0.0,0,12,1.1,16.2,947.3
2025-04-05T11:00,31.7,42,0.0,0.0,0,8,6.6,19.1,946.7
2025-04-05T12:00,32.3,40,0.0,0.0,0,9,11.2,27.0,946.1
2025-04-05T13:00,32.6,38,0.0,0.0,1,34,12.5,29.2,945.1
2025-04-05T14:00,32.9,36,0.0,0.0,0,12,11.6,28.8,944.0
2025-04-05T15:00,32.7,37,0.0,0.0,0,5,10.9,26.6,943.0
2025-04-05T16:00,32.3,36,0.0,0.0,0,17,11.5,24.5,942.4
2025-04-05T17:00,31.5,39,0.0,0.0,1,44,5.9,22.3,942.3
2025-04-05T18:00,29.3,47,0.0,0.0,0,19,3.8,9.7,942.2
2025-04-05T19:00,27.6,50,0.0,0.0,1,21,6.7,9.7,943.0
2025-04-05T20:00,26.7,53,0.0,0.0,1,39,6.9,10.4,943.5
2025-04-05T21:00,26.0,57,0.0,0.0,2,64,6.8,10.8,944.3
2025-04-05T22:00,25.1,62,0.0,0.0,0,2,6.1,10.1,944.3
2025-04-05T23:00,24.6,65,0.0,0.0,0,5,6.1,8.3,943.8
2025-04-06T00:00,24.5,64,0.0,0.0,0,0,8.2,12.2,943.2
2025-04-06T01:00,24.3,66,0.0,0.0,0,0,7.8,13.7,942.6
2025-04-06T02:00,23.6,70,0.0,0.0,2,63,7.0,12.2,942.0
2025-04-06T03:00,23.4,71,0.0,0.0,0,4,7.6,11.5,941.7
2025-04-06T04:00,23.1,72,0.0,0.0,0,1,8.9,14.0,941.7
2025-04-06T05:00,22.6,73,0.0,0.0,0,9,8.3,14.4,941.9
2025-04-06T06:00,24.4,70,0.0,0.0,0,13,10.9,17.3,943.5
2025-04-06T07:00,25.7,70,0.0,0.0,1,37,11.0,20.2,944.7
2025-04-06T08:00,27.9,62,0.0,0.0,0,0,11.8,23.8,945.8
2025-04-06T09:00,30.1,53,0.0,0.0,0,0,11.8,25.6,946.3
2025-04-06T10:00,31.8,44,0.0,0.0,0,0,9.4,25.6,946.3
2025-04-06T11:00,33.1,38,0.0,0.0,0,17,5.8,23.0,945.8
2025-04-06T12:00,33.7,33,0.0,0.0,1,20,8.7,21.6,944.9
2025-04-06T13:00,34.1,29,0.0,0.0,1,42,10.3,24.5,943.9
2025-04-06T14:00,34.2,28,0.0,0.0,0,13,8.3,24.5,942.8
2025-04-06T15:00,34.4,26,0.0,0.0,0,14,7.4,21.6,942.1
2025-04-06T16:00,34.1,24,0.0,0.0,0,3,9.1,19.4,941.6
2025-04-06T17:00,32.7,32,0.0,0.0,0,2,5.0,18.0,941.5
2025-04-06T18:00,29.1,39,0.0,0.0,0,10,7.1,11.2,941.8
2025-04-06T19:00,27.1,45,0.0,0.0,0,2,7.0,10.4,942.2
2025-04-06T20:00,25.9,47,0.0,0.0,0,2,7.3,10.1,942.3
2025-04-06T21:00,25.2,47,0.0,0.0,0,1,7.3,10.8,942.9
2025-04-06T22:00,25.0,47,0.0,0.0,0,1,8.0,11.9,943.3
2025-04-06T23:00,24.7,47,0.0,0.0,0,1,8.3,12.6,943.3
2025-04-07T00:00,24.6,47,0.0,0.0,0,0,8.5,13.0,943.1
2025-04-07T01:00,24.3,49,0.0,0.0,0,0,8.6,13.3,942.5
2025-04-07T02:00,23.9,50,0.0,0.0,0,0,8.8,13.3,941.6
2025-04-07T03:00,23.9,50,0.0,0.0,0,0,11.2,18.0,941.2
2025-04-07T04:00,23.6,52,0.0,0.0,0,0,9.7,18.0,941.5
2025-04-07T05:00,23.0,54,0.0,0.0,0,0,9.4,15.5,941.9
2025-04-07T06:00,24.4,61,0.0,0.0,0,0,10.5,17.6,943.3
2025-04-07T07:00,26.4,60,0.0,0.0,0,0,11.0,19.1,944.8
2025-04-07T08:00,29.1,54,0.0,0.0,0,0,9.0,19.4,946.0
2025-04-07T09:00,31.6,43,0.0,0.0,0,0,10.6,23.4,946.5
2025-04-07T10:00,33.1,36,0.0,0.0,0,0,9.5,24.5,946.5
2025-04-07T11:00,34.1,32,0.0,0.0,0,17,4.9,23.0,946.0
2025-04-07T12:00,34.7,29,0.0,0.0,1,30,1.7,17.6,944.9
2025-04-07T13:00,35.1,25,0.0,0.0,1,23,7.0,18.7,943.9
2025-04-07T14:00,35.5,22,0.0,0.0,0,19,8.4,22.3,942.7
2025-04-07T15:00,35.5,21,0.0,0.0,0,13,7.2,21.6,942.1
2025-04-07T16:00,35.2,21,0.0,0.0,0,11,9.9,19.1,941.8
2025-04-07T17:00,33.4,28,0.0,0.0,0,18,7.8,19.4,941.7
2025-04-07T18:00,30.1,37,0.0,0.0,0,9,3.3,10.1,941.8
2025-04-07T19:00,28.5,40,0.0,0.0,0,6,3.4,4.3,942.5
2025-04-07T20:00,26.7,44,0.0,0.0,0,3,7.9,11.9,943.0
2025-04-07T21:00,26.6,43,0.0,0.0,0,1,11.5,18.0,944.1
2025-04-07T22:00,26.6,45,0.0,0.0,0,2,11.7,19.4,944.4
2025-04-07T23:00,26.2,46,0.0,0.0,0,0,13.6,21.6,944.1
2025-04-08T00:00,25.5,56,0.0,0.0,0,1,13.4,23.4,943.4
2025-04-08T01:00,24.8,64,0.0,0.0,0,0,11.1,22.0,942.9
2025-04-08T02:00,24.1,70,0.0,0.0,0,0,9.9,18.0,942.3
2025-04-08T03:00,23.6,71,0.0,0.0,0,0,8.5,17.3,942.2
2025-04-08T04:00,22.7,76,0.0,0.0,0,1,6.7,13.3,942.6
2025-04-08T05:00,22.2,79,0.0,0.0,0,5,5.5,9.4,943.3
2025-04-08T06:00,23.6,74,0.0,0.0,3,88,6.0,9.0,945.0
2025-04-08T07:00,24.9,71,0.0,0.0,2,72,6.9,14.0,946.2
2025-04-08T08:00,26.7,65,0.0,0.0,1,35,6.7,16.2,947.2
2025-04-08T09:00,28.8,57,0.0,0.0,0,1,5.1,17.3,947.8
2025-04-08T10:00,30.7,50,0.0,0.0,0,0,4.4,16.9,947.7
2025-04-08T11:00,32.2,45,0.0,0.0,0,0,2.6,17.3,946.9
2025-04-08T12:00,33.2,40,0.0,0.0,1,21,1.5,16.2,946.2
2025-04-08T13:00,33.8,36,0.0,0.0,1,26,0.8,16.2,945.1
2025-04-08T14:00,34.2,35,0.0,0.0,1,47,2.2,16.2,944.2
2025-04-08T15:00,33.7,35,0.0,0.0,1,40,5.8,15.5,943.7
2025-04-08T16:00,32.1,38,0.0,0.0,1,32,13.9,26.3,943.3
2025-04-08T17:00,31.0,43,0.0,0.0,1,38,8.0,27.0,943.7
2025-04-08T18:00,30.7,37,0.0,0.0,1,36,9.8,16.2,943.3
2025-04-08T19:00,28.9,45,0.0,0.0,0,13,11.9,19.4,944.2
2025-04-08T20:00,28.0,45,0.0,0.0,0,2,12.5,20.2,945.0
2025-04-08T21:00,27.4,45,0.0,0.0,0,0,11.3,20.5,945.5
2025-04-08T22:00,26.7,47,0.0,0.0,0,0,10.5,18.4,945.7
2025-04-08T23:00,26.1,50,0.0,0.0,0,0,11.6,18.4,945.5
2025-04-09T00:00,25.9,56,0.0,0.0,0,0,15.1,24.8,944.9
2025-04-09T01:00,24.7,68,0.0,0.0,0,0,15.8,26.6,944.1
2025-04-09T02:00,23.6,79,0.0,0.0,0,0,13.7,26.3,943.3
2025-04-09T03:00,22.9,86,0.0,0.0,0,0,10.6,22.7,943.3
2025-04-09T04:00,22.5,89,0.0,0.0,0,0,8.4,17.6,943.5
2025-04-09T05:00,22.5,86,0.0,0.0,0,0,8.2,14.0,943.9
2025-04-09T06:00,22.4,87,0.0,0.0,0,1,3.3,13.7,945.0
2025-04-09T07:00,24.1,77,0.0,0.0,0,0,3.6,10.1,945.4
2025-04-09T08:00,26.8,65,0.0,0.0,0,0,3.9,13.7,946.1
2025-04-09T09:00,29.6,52,0.0,0.0,0,0,4.9,16.6,946.4
2025-04-09T10:00,31.8,42,0.0,0.0,0,0,5.2,18.0,946.4
2025-04-09T11:00,33.3,35,0.0,0.0,0,1,4.2,18.0,946.0
2025-04-09T12:00,34.0,32,0.1,0.1,51,31,3.9,17.3,945.1
2025-04-09T13:00,34.6,30,0.0,0.0,1,29,3.1,18.4,943.5
2025-04-09T14:00,35.2,27,0.0,0.0,1,31,2.9,18.0,942.2
2025-04-09T15:00,35.6,21,0.0,0.0,1,27,6.2,15.5,941.3
2025-04-09T16:00,34.7,23,0.0,0.0,0,19,18.3,31.3,941.1
2025-04-09T17:00,32.6,31,0.0,0.0,0,14,11.8,34.6,941.1
2025-04-09T18:00,30.4,40,0.0,0.0,0,18,7.3,21.2,941.4
2025-04-09T19:00,29.0,46,0.0,0.0,0,12,8.9,14.0,941.8
2025-04-09T20:00,27.7,50,0.0,0.0,0,19,9.2,15.1,942.4
2025-04-09T21:00,27.0,50,0.0,0.0,0,8,10.8,17.3,943.1
2025-04-09T22:00,26.6,52,0.0,0.0,0,6,11.1,18.4,943.5
2025-04-09T23:00,26.2,54,0.0,0.0,0,5,11.1,18.4,943.1
2025-04-10T00:00,25.7,55,0.0,0.0,0,2,9.6,18.0,942.1
2025-04-10T01:00,25.4,56,0.0,0.0,0,0,11.9,19.1,941.3
2025-04-10T02:00,25.1,56,0.0,0.0,0,0,9.2,19.1,940.5
2025-04-10T03:00,24.3,59,0.0,0.0,0,0,8.5,14.4,940.1
2025-04-10T04:00,23.6,61,0.0,0.0,0,3,6.6,13.7,940.3
2025-04-10T05:00,22.9,65,0.0,0.0,0,6,4.8,9.7,940.9
2025-04-10T06:00,24.3,64,0.0,0.0,1,23,7.0,12.2,941.3
2025-04-10T07:00,26.3,59,0.0,0.0,0,11,6.3,14.0,942.6
2025-04-10T08:00,28.9,50,0.0,0.0,0,4,8.3,18.4,943.9
2025-04-10T09:00,30.9,45,0.0,0.0,0,0,13.6,27.4,944.4
2025-04-10T10:00,32.4,39,0.0,0.0,0,2,15.1,32.0,944.3
2025-04-10T11:00,33.5,34,0.0,0.0,1,32,13.6,33.1,943.8
2025-04-10T12:00,34.2,31,0.0,0.0,1,46,11.8,30.6,942.5
2025-04-10T13:00,34.9,28,0.0,0.0,1,24,11.5,28.4,940.9
2025-04-10T14:00,35.4,26,0.0,0.0,2,62,9.4,27.7,939.3
2025-04-10T15:00,35.5,25,0.0,0.0,3,100,15.5,29.2,938.8
2025-04-10T16:00,31.4,38,0.0,0.0,2,67,21.9,38.5,938.4
2025-04-10T17:00,30.8,36,0.0,0.0,1,38,16.5,38.9,938.1
2025-04-10T18:00,28.6,46,0.0,0.0,0,18,5.1,9.7,938.2
2025-04-10T19:00,26.9,53,0.0,0.0,0,5,3.7,7.9,939.0
2025-04-10T20:00,26.1,56,0.0,0.0,0,1,4.4,7.2,939.7
2025-04-10T21:00,25.8,56,0.0,0.0,0,6,4.0,6.5,940.3
2025-04-10T22:00,25.5,55,0.0,0.0,0,3,3.2,5.8,940.5
2025-04-10T23:00,25.2,54,0.0,0.0,0,2,4.0,5.0,940.0
2025-04-11T00:00,24.7,54,0.0,0.0,0,0,5.6,8.6,939.1
2025-04-11T01:00,24.4,54,0.0,0.0,0,0,8.8,13.3,938.6
2025-04-11T02:00,24.8,51,0.0,0.0,1,24,15.9,24.8,938.6
2025-04-11T03:00,24.8,52,0.0,0.0,0,11,15.9,27.7,938.7
2025-04-11T04:00,24.4,53,0.0,0.0,0,0,15.3,27.4,938.9
2025-04-11T05:00,23.6,59,0.0,0.0,0,0,12.7,24.8,939.6
2025-04-11T06:00,23.0,65,0.0,0.0,0,0,11.6,18.4,940.4
2025-04-11T07:00,25.0,64,0.0,0.0,0,0,11.7,20.9,941.6
2025-04-11T08:00,27.3,61,0.0,0.0,0,0,13.5,26.6,942.6
2025-04-11T09:00,29.9,54,0.0,0.0,0,0,14.4,29.5,942.8
2025-04-11T10:00,32.4,43,0.0,0.0,0,0,14.0,30.2,943.0
2025-04-11T11:00,33.0,35,0.2,0.2,51,57,16.6,33.8,942.6
2025-04-11T12:00,34.2,32,0.0,0.0,0,11,13.3,34.2,941.8
2025-04-11T13:00,35.6,22,0.0,0.0,1,25,15.4,31.0,940.6
2025-04-11T14:00,35.8,18,0.0,0.0,0,8,18.4,35.3,939.6
2025-04-11T15:00,35.2,20,0.0,0.0,0,8,17.9,36.0,939.0
2025-04-11T16:00,34.9,20,0.0,0.0,0,7,13.8,33.5,938.3
2025-04-11T17:00,33.1,26,0.0,0.0,0,0,13.1,24.8,938.0
2025-04-11T18:00,29.3,34,0.0,0.0,0,10,8.3,15.5,938.6
2025-04-11T19:00,27.1,37,0.0,0.0,0,0,4.5,13.0,939.2
2025-04-11T20:00,25.8,37,0.0,0.0,0,0,3.8,5.8,939.9
2025-04-11T21:00,25.1,40,0.0,0.0,0,0,7.0,11.2,940.2
2025-04-11T22:00,24.5,42,0.0,0.0,0,0,7.1,11.2,940.2
2025-04-11T23:00,24.0,44,0.0,0.0,0,0,5.4,9.7,940.1
2025-04-12T00:00,23.2,45,0.0,0.0,0,1,6.6,8.3,939.5
2025-04-12T01:00,23.0,44,0.0,0.0,0,1,7.9,12.6,939.4
2025-04-12T02:00,22.8,47,0.0,0.0,0,6,8.9,14.0,939.0
2025-04-12T03:00,23.7,47,0.0,0.0,0,2,12.4,19.4,939.4
2025-04-12T04:00,23.7,51,0.0,0.0,0,11,13.0,20.5,939.7
2025-04-12T05:00,23.9,50,0.0,0.0,0,3,14.1,24.1,940.4
2025-04-12T06:00,24.8,54,0.0,0.0,0,0,14.1,22.3,941.9
2025-04-12T07:00,26.4,54,0.0,0.0,0,0,12.5,27.0,943.2
2025-04-12T08:00,28.9,48,0.0,0.0,0,0,11.5,23.0,943.9
2025-04-12T09:00,31.4,38,0.0,0.0,0,0,12.4,25.9,944.6
2025-04-12T10:00,33.5,29,0.0,0.0,1,30,15.5,31.0,944.8
2025-04-12T11:00,34.8,23,0.0,0.0,2,64,18.1,36.0,944.3
2025-04-12T12:00,35.4,20,0.0,0.0,3,80,17.6,36.4,943.7
2025-04-12T13:00,35.4,20,0.0,0.0,1,40,15.8,34.9,942.4
2025-04-12T14:00,35.4,20,0.0,0.0,1,30,11.2,31.3,941.4
2025-04-12T15:00,35.2,19,0.0,0.0,0,19,7.9,23.8,940.6
2025-04-12T16:00,34.3,20,0.0,0.0,1,48,8.5,17.6,940.4
2025-04-12T17:00,32.7,34,0.0,0.0,0,12,4.5,15.8,940.1
2025-04-12T18:00,29.6,30,0.0,0.0,0,17,6.0,15.5,940.5
2025-04-12T19:00,29.4,29,0.0,0.0,0,9,6.0,7.6,940.9
2025-04-12T20:00,28.4,30,0.0,0.0,0,4,7.1,9.4,941.6
2025-04-12T21:00,26.3,35,0.0,0.0,0,7,6.3,9.7,942.1
2025-04-12T22:00,24.4,41,0.0,0.0,0,8,6.2,10.4,942.1
2025-04-12T23:00,24.1,43,0.0,0.0,0,3,1.9,9.0,942.1
2025-04-13T00:00,23.7,44,0.0,0.0,0,4,0.4,2.9,941.8
2025-04-13T01:00,22.6,44,0.0,0.0,1,21,3.8,5.8,940.9
2025-04-13T02:00,23.0,42,0.0,0.0,0,14,1.7,6.1,940.3
2025-04-13T03:00,23.1,40,0.0,0.0,0,2,3.7,5.0,940.1
2025-04-13T04:00,23.6,39,0.0,0.0,0,13,0.9,5.0,940.4
2025-04-13T05:00,22.7,41,0.0,0.0,3,82,5.9,7.2,941.2
2025-04-13T06:00,23.5,58,0.0,0.0,0,14,3.5,5.0,943.1
2025-04-13T07:00,25.2,51,0.0,0.0,0,0,4.6,10.1,944.8
2025-04-13T08:00,28.5,39,0.0,0.0,0,0,1.5,11.5,945.8
2025-04-13T09:00,31.0,32,0.0,0.0,0,0,1.0,10.8,946.4
2025-04-13T10:00,32.5,29,0.0,0.0,0,0,1.4,11.9,946.2
2025-04-13T11:00,33.7,26,0.0,0.0,0,10,4.2,16.2,945.7
2025-04-13T12:00,34.5,23,0.0,0.0,1,36,6.0,18.0,944.9
2025-04-13T13:00,35.0,22,0.0,0.0,2,62,12.2,25.9,943.7
2025-04-13T14:00,35.3,21,0.0,0.0,2,75,16.7,33.1,942.8
2025-04-13T15:00,34.5,21,0.0,0.0,1,36,17.4,33.8,941.9
2025-04-13T16:00,34.1,22,0.0,0.0,0,3,16.1,32.4,941.4
2025-04-13T17:00,32.3,28,0.0,0.0,0,1,15.8,28.8,941.5
2025-04-13T18:00,29.7,32,0.0,0.0,0,1,10.0,24.5,941.8
2025-04-13T19:00,28.2,36,0.0,0.0,0,1,6.1,15.8,942.4
2025-04-13T20:00,27.8,36,0.0,0.0,0,4,3.8,7.6,942.8
2025-04-13T21:00,26.3,41,0.0,0.0,0,6,9.1,12.6,943.4
2025-04-13T22:00,25.8,48,0.0,0.0,0,3,11.8,20.9,943.5
2025-04-13T23:00,25.3,52,0.0,0.0,0,1,10.0,19.1,943.1
2025-04-14T00:00,24.4,58,0.0,0.0,0,0,10.1,16.2,942.0
2025-04-14T01:00,23.9,62,0.0,0.0,0,0,9.4,17.3,941.3
2025-04-14T02:00,23.3,63,0.0,0.0,0,0,8.2,14.8,940.7
2025-04-14T03:00,22.5,67,0.0,0.0,0,0,4.7,12.6,940.7
2025-04-14T04:00,22.1,69,0.0,0.0,1,32,1.8,6.1,941.0
2025-04-14T05:00,21.1,73,0.0,0.0,2,60,4.4,5.4,941.2
2025-04-14T06:00,22.4,66,0.0,0.0,2,69,4.0,5.4,942.5
2025-04-14T07:00,24.7,61,0.0,0.0,1,22,8.5,15.8,944.3
2025-04-14T08:00,27.9,49,0.0,0.0,0,16,8.8,19.1,945.6
2025-04-14T09:00,30.7,40,0.0,0.0,0,19,14.7,28.4,945.9
2025-04-14T10:00,32.7,33,0.0,0.0,0,5,14.8,31.7,945.6
2025-04-14T11:00,33.9,29,0.0,0.0,0,9,13.1,30.2,945.1
2025-04-14T12:00,34.1,27,0.1,0.1,51,13,6.9,28.4,944.3
2025-04-14T13:00,34.7,25,0.0,0.0,0,15,9.1,22.7,943.1
2025-04-14T14:00,35.0,22,0.0,0.0,0,8,12.1,25.9,942.1
2025-04-14T15:00,34.9,22,0.0,0.0,0,10,12.3,25.9,941.4
2025-04-14T16:00,34.4,22,0.0,0.0,0,7,12.7,24.8,941.0
2025-04-14T17:00,33.1,27,0.0,0.0,1,30,11.3,23.4,940.9
2025-04-14T18:00,29.3,36,0.0,0.0,0,4,6.9,17.3,940.7
2025-04-14T19:00,28.1,40,0.0,0.0,0,1,0.9,9.7,941.4
2025-04-14T20:00,26.8,42,0.0,0.0,0,1,11.2,16.9,941.8
2025-04-14T21:00,27.3,36,0.0,0.0,0,0,8.7,18.4,942.6
2025-04-14T22:00,26.1,40,0.0,0.0,0,0,8.0,13.3,942.6
2025-04-14T23:00,25.4,43,0.0,0.0,0,0,9.5,14.8,942.4
2025-04-15T00:00,25.4,44,0.0,0.0,0,0,10.5,16.6,941.9
2025-04-15T01:00,24.7,46,0.0,0.0,0,0,8.8,16.9,941.2
2025-04-15T02:00,23.8,51,0.0,0.0,0,0,8.0,13.3,940.6
2025-04-15T03:00,23.3,54,0.0,0.0,0,0,7.9,12.2,940.4
2025-04-15T04:00,22.6,58,0.0,0.0,0,0,6.9,11.5,940.5
2025-04-15T05:00,22.0,63,0.0,0.0,0,0,6.9,9.4,941.1
2025-04-15T06:00,23.7,67,0.0,0.0,0,7,13.5,20.5,942.9
2025-04-15T07:00,25.5,67,0.0,0.0,0,13,13.2,27.4,944.2
2025-04-15T08:00,28.0,58,0.0,0.0,0,11,13.7,26.6,945.2
2025-04-15T09:00,30.3,49,0.0,0.0,0,5,15.8,31.0,945.8
2025-04-15T10:00,32.1,40,0.0,0.0,0,10,15.2,32.0,945.6
2025-04-15T11:00,33.5,35,0.0,0.0,0,7,12.3,31.3,945.2
2025-04-15T12:00,34.4,30,0.0,0.0,0,13,9.4,27.4,944.5
2025-04-15T13:00,34.8,27,0.0,0.0,1,30,6.4,23.0,943.4
2025-04-15T14:00,34.4,26,0.0,0.0,0,15,6.9,19.1,942.5
2025-04-15T15:00,34.5,26,0.0,0.0,1,20,8.6,19.1,941.5
2025-04-15T16:00,34.0,26,0.0,0.0,0,15,9.3,20.5,941.0
2025-04-15T17:00,32.2,34,0.0,0.0,0,10,6.7,18.4,940.9
2025-04-15T18:00,29.4,44,0.0,0.0,0,6,3.8,11.2,941.1
2025-04-15T19:00,29.1,41,0.0,0.0,0,7,0.0,4.7,941.7
2025-04-15T20:00,27.0,46,0.0,0.0,0,1,8.9,12.6,941.7
2025-04-15T21:00,27.0,43,0.0,0.0,0,3,10.7,18.7,942.3
2025-04-15T22:00,26.3,43,0.0,0.0,0,0,9.4,17.3,942.4
2025-04-15T23:00,25.7,47,0.0,0.0,0,0,10.7,17.3,942.3
2025-04-16T00:00,25.4,53,0.0,0.0,0,0,15.9,25.2,942.1
2025-04-16T01:00,24.3,76,0.0,0.0,0,0,14.2,27.0,941.4
2025-04-16T02:00,23.4,88,0.0,0.0,0,0,11.1,23.4,941.0
2025-04-16T03:00,22.9,94,0.0,0.0,0,0,7.0,18.4,940.8
2025-04-16T04:00,22.4,93,0.0,0.0,0,0,4.4,11.2,941.0
2025-04-16T05:00,22.0,93,0.0,0.0,0,1,4.1,5.8,941.9
2025-04-16T06:00,23.4,89,0.0,0.0,0,9,9.0,17.3,943.8
2025-04-16T07:00,25.2,75,0.0,0.0,1,31,9.1,17.6,944.7
2025-04-16T08:00,27.0,71,0.0,0.0,1,30,13.8,26.6,945.4
2025-04-16T09:00,29.4,60,0.0,0.0,0,5,18.0,34.2,945.7
2025-04-16T10:00,31.7,47,0.0,0.0,0,1,21.6,41.0,945.2
2025-04-16T11:00,33.2,40,0.0,0.0,0,1,20.0,41.4,944.6
2025-04-16T12:00,34.3,36,0.0,0.0,0,9,16.9,38.9,944.0
2025-04-16T13:00,34.7,34,0.0,0.0,1,37,14.3,34.2,943.1
2025-04-16T14:00,33.4,35,0.4,0.4,51,71,9.7,29.9,942.4
2025-04-16T15:00,33.6,36,0.0,0.0,1,26,7.6,23.0,941.4
2025-04-16T16:00,33.6,36,0.0,0.0,0,7,7.7,19.1,941.0
2025-04-16T17:00,32.6,42,0.0,0.0,0,8,4.3,16.9,940.8
2025-04-16T18:00,30.7,51,0.0,0.0,0,16,0.3,4.3,941.2
2025-04-16T19:00,28.4,55,0.0,0.0,0,10,3.6,4.3,941.5
2025-04-16T20:00,27.6,55,0.0,0.0,0,3,9.1,14.4,942.0
2025-04-16T21:00,27.2,52,0.0,0.0,0,2,8.3,14.4,942.3
2025-04-16T22:00,27.0,51,0.0,0.0,0,2,9.3,14.4,942.5
2025-04-16T23:00,26.7,56,0.0,0.0,0,0,15.1,24.8,942.5
2025-04-17T00:00,25.6,65,0.0,0.0,0,0,15.1,24.8,941.9
2025-04-17T01:00,24.8,73,0.0,0.0,0,1,13.8,24.8,941.3
2025-04-17T02:00,24.3,78,0.0,0.0,0,1,10.2,22.7,940.7
2025-04-17T03:00,23.8,82,0.0,0.0,0,0,11.7,16.9,941.2
2025-04-17T04:00,23.9,76,0.0,0.0,0,0,11.6,24.1,941.6
2025-04-17T05:00,23.7,81,0.0,0.0,0,0,10.6,19.1,941.8
2025-04-17T06:00,24.8,76,0.0,0.0,1,46,17.5,28.8,942.4
2025-04-17T07:00,26.1,74,0.0,0.0,2,60,12.5,28.8,943.6
2025-04-17T08:00,28.1,64,0.0,0.0,0,13,15.4,29.2,944.7
2025-04-17T09:00,29.9,57,0.0,0.0,1,28,13.1,30.2,944.9
2025-04-17T10:00,31.8,52,0.0,0.0,0,1,11.4,27.4,944.6
2025-04-17T11:00,33.4,45,0.0,0.0,0,3,11.7,26.6,944.1
2025-04-17T12:00,34.4,40,0.0,0.0,0,11,11.8,27.4,943.3
2025-04-17T13:00,34.4,38,0.0,0.0,2,76,7.6,27.0,942.1
2025-04-17T14:00,33.8,39,0.2,0.2,51,40,7.1,20.9,941.3
2025-04-17T15:00,33.0,39,0.1,0.1,51,27,11.1,23.4,940.6
2025-04-17T16:00,32.7,40,0.0,0.0,1,36,8.5,23.4,940.2
2025-04-17T17:00,31.7,44,0.0,0.0,1,33,7.4,17.3,939.9
2025-04-17T18:00,27.7,65,0.0,0.0,1,36,5.0,18.7,939.9
2025-04-17T19:00,26.5,70,0.0,0.0,1,31,4.4,7.9,940.2
2025-04-17T20:00,26.1,69,0.0,0.0,0,13,8.1,13.0,940.3
2025-04-17T21:00,26.2,64,0.0,0.0,0,2,8.1,13.3,940.6
2025-04-17T22:00,26.3,60,0.0,0.0,0,1,8.0,13.7,941.2
2025-04-17T23:00,25.9,59,0.0,0.0,0,0,8.9,13.0,940.8
2025-04-18T00:00,26.5,54,0.0,0.0,0,0,10.7,18.0,940.1
2025-04-18T01:00,25.7,58,0.0,0.0,0,0,8.5,16.9,939.8
2025-04-18T02:00,24.4,62,0.0,0.0,0,0,6.7,13.0,939.3
2025-04-18T03:00,23.9,64,0.0,0.0,0,0,6.8,9.4,939.2
2025-04-18T04:00,23.6,66,0.0,0.0,0,0,5.3,9.4,939.6
2025-04-18T05:00,23.2,66,0.0,0.0,0,0,6.8,8.6,940.4
2025-04-18T06:00,25.2,67,0.0,0.0,0,16,11.4,18.0,941.9
2025-04-18T07:00,27.0,67,0.0,0.0,0,1,9.3,19.4,942.9
2025-04-18T08:00,29.6,58,0.0,0.0,0,0,10.5,21.2,944.0
2025-04-18T09:00,31.6,48,0.0,0.0,0,0,12.5,25.9,944.4
2025-04-18T10:00,33.2,42,0.0,0.0,0,1,13.5,28.4,944.3
2025-04-18T11:00,34.4,38,0.0,0.0,0,5,11.2,28.4,943.7
2025-04-18T12:00,35.2,34,0.0,0.0,0,8,8.5,25.6,943.0
2025-04-18T13:00,35.4,33,0.0,0.0,1,32,3.9,21.6,942.0
2025-04-18T14:00,34.9,32,0.0,0.0,0,15,2.5,15.5,940.9
2025-04-18T15:00,35.0,32,0.0,0.0,1,20,3.1,12.6,939.9
2025-04-18T16:00,34.5,32,0.0,0.0,0,12,4.4,11.9,939.7
2025-04-18T17:00,33.6,41,0.0,0.0,1,26,2.6,11.2,939.2
2025-04-18T18:00,30.8,52,0.0,0.0,1,39,0.6,17.6,940.4
2025-04-18T19:00,29.5,55,0.0,0.0,2,53,3.5,3.2,941.0
2025-04-18T20:00,28.2,53,0.0,0.0,3,93,9.1,16.6,941.4
2025-04-18T21:00,27.7,55,0.0,0.0,1,38,7.3,14.8,941.7
2025-04-18T22:00,27.3,56,0.0,0.0,2,57,8.2,13.0,941.7
2025-04-18T23:00,27.1,56,0.0,0.0,2,70,9.8,15.1,941.1
2025-04-19T00:00,27.3,54,0.0,0.0,2,58,9.3,16.6,940.8
2025-04-19T01:00,26.3,57,0.0,0.0,0,14,6.8,14.8,940.2
2025-04-19T02:00,25.8,59,0.0,0.0,0,19,7.3,11.2,939.6
2025-04-19T03:00,25.4,60,0.0,0.0,1,37,7.4,11.2,939.8
2025-04-19T04:00,25.9,59,0.0,0.0,1,24,8.7,13.3,940.6
2025-04-19T05:00,25.9,59,0.0,0.0,0,2,8.7,15.1,941.2
2025-04-19T06:00,25.3,70,0.0,0.0,0,15,10.9,17.3,941.7
2025-04-19T07:00,27.0,66,0.0,0.0,3,100,10.5,18.7,942.7
2025-04-19T08:00,28.4,61,0.0,0.0,3,100,10.9,21.2,943.9
2025-04-19T09:00,29.7,59,0.0,0.0,2,57,11.2,23.0,944.4
2025-04-19T10:00,31.8,53,0.0,0.0,1,25,11.4,25.6,944.2
2025-04-19T11:00,33.4,47,0.0,0.0,0,12,9.0,25.6,943.9
2025-04-19T12:00,34.3,41,0.0,0.0,1,27,8.1,23.8,943.2
2025-04-19T13:00,35.1,39,0.0,0.0,0,17,6.7,22.0,941.9
2025-04-19T14:00,32.0,48,0.1,0.1,51,72,11.3,28.4,941.2
2025-04-19T15:00,32.9,46,0.0,0.0,1,46,0.2,24.8,940.3
2025-04-19T16:00,32.9,46,0.0,0.0,2,50,1.3,9.7,940.0
2025-04-19T17:00,32.6,46,0.0,0.0,1,48,1.3,8.6,939.9
2025-04-19T18:00,28.6,64,0.0,0.0,0,15,4.9,9.7,939.9
2025-04-19T19:00,27.6,66,0.0,0.0,0,16,5.1,8.3,940.2
2025-04-19T20:00,27.1,66,0.0,0.0,0,12,8.6,12.6,940.5
2025-04-19T21:00,27.3,62,0.0,0.0,0,2,8.8,15.8,940.9
2025-04-19T22:00,27.2,58,0.0,0.0,0,3,10.3,16.2,940.8
2025-04-19T23:00,26.8,59,0.0,0.0,0,4,9.2,16.9,940.3
2025-04-20T00:00,26.5,59,0.0,0.0,0,5,9.6,15.1,939.9
2025-04-20T01:00,26.2,59,0.0,0.0,0,0,8.7,15.5,939.4
2025-04-20T02:00,26.1,59,0.0,0.0,0,3,10.1,15.8,939.1
2025-04-20T03:00,25.9,60,0.0,0.0,3,89,11.1,17.6,939.1
2025-04-20T04:00,26.1,61,0.0,0.0,3,81,14.5,23.4,939.8
2025-04-20T05:00,26.3,59,0.0,0.0,0,14,11.1,24.1,940.6
2025-04-20T06:00,27.1,63,0.0,0.0,3,100,8.3,15.5,941.6
2025-04-20T07:00,28.4,61,0.0,0.0,0,10,9.6,16.6,942.6
2025-04-20T08:00,30.3,53,0.0,0.0,1,23,11.4,22.3,943.7
2025-04-20T09:00,32.3,47,0.0,0.0,0,0,12.1,25.6,944.2
2025-04-20T10:00,34.1,40,0.0,0.0,0,3,11.2,25.6,944.2
2025-04-20T11:00,35.3,36,0.0,0.0,0,11,9.9,25.6,944.0
2025-04-20T12:00,36.0,33,0.0,0.0,1,22,7.2,24.1,943.2
2025-04-20T13:00,36.1,33,0.0,0.0,1,36,5.6,19.8,942.2
2025-04-20T14:00,36.0,30,0.0,0.0,2,64,3.7,16.9,941.5
2025-04-20T15:00,35.7,29,0.0,0.0,1,31,2.9,13.7,940.6
2025-04-20T16:00,35.4,30,0.0,0.0,1,21,3.2,11.2,940.5
2025-04-20T17:00,33.8,43,0.0,0.0,0,19,3.7,9.4,940.4
2025-04-20T18:00,31.1,47,0.0,0.0,0,19,4.0,6.8,940.5
2025-04-20T19:00,29.7,47,0.0,0.0,0,14,4.3,6.1,941.1
2025-04-20T20:00,28.9,48,0.0,0.0,0,15,8.9,13.7,941.9
2025-04-20T21:00,28.5,48,0.0,0.0,0,19,9.7,15.1,942.2
2025-04-20T22:00,28.1,49,0.0,0.0,0,12,9.8,16.2,942.6
2025-04-20T23:00,27.4,55,0.0,0.0,0,8,9.5,15.8,942.6
2025-04-21T00:00,26.9,60,0.0,0.0,0,2,9.4,15.1,942.2
2025-04-21T01:00,26.7,61,0.0,0.0,0,0,11.4,17.6,942.1
2025-04-21T02:00,26.4,63,0.0,0.0,0,0,14.4,23.8,941.8
2025-04-21T03:00,25.8,66,0.0,0.0,0,0,14.3,24.1,941.8
2025-04-21T04:00,25.3,67,0.0,0.0,0,0,13.6,23.8,942.1
2025-04-21T05:00,25.0,67,0.0,0.0,0,0,11.4,22.7,942.3
2025-04-21T06:00,25.3,73,0.0,0.0,3,80,7.9,14.8,943.3
2025-04-21T07:00,27.0,68,0.0,0.0,3,99,6.8,14.0,944.5
2025-04-21T08:00,28.9,62,0.0,0.0,3,93,8.7,19.1,945.6
2025-04-21T09:00,31.1,55,0.0,0.0,2,56,9.8,22.3,946.1
2025-04-21T10:00,33.0,46,0.0,0.0,0,11,9.4,23.8,945.9
2025-04-21T11:00,34.2,41,0.0,0.0,1,21,5.4,22.7,945.5
2025-04-21T12:00,34.8,38,0.0,0.0,1,29,3.2,17.6,944.7
2025-04-21T13:00,34.9,36,0.0,0.0,0,15,4.0,15.8,944.0
2025-04-21T14:00,35.0,35,0.0,0.0,0,9,4.5,15.8,943.2
2025-04-21T15:00,34.6,35,0.0,0.0,2,61,4.9,15.8,942.8
2025-04-21T16:00,34.6,35,0.0,0.0,3,80,4.3,14.8,942.6
2025-04-21T17:00,33.5,41,0.0,0.0,1,21,6.3,11.9,942.7
2025-04-21T18:00,31.0,48,0.0,0.0,1,35,3.5,10.1,942.9
2025-04-21T19:00,30.8,47,0.0,0.0,1,30,1.9,4.3,943.7
2025-04-21T20:00,29.6,50,0.0,0.0,1,21,8.2,11.9,944.3
2025-04-21T21:00,29.1,52,0.0,0.0,0,16,11.6,18.7,944.5
2025-04-21T22:00,28.6,51,0.0,0.0,1,24,13.5,21.6,944.8
2025-04-21T23:00,28.2,53,0.0,0.0,1,24,11.8,22.0,944.4
2025-04-22T00:00,27.2,55,0.0,0.0,0,3,7.2,19.1,943.7
2025-04-22T01:00,26.4,58,0.0,0.0,0,3,6.1,10.4,943.1
2025-04-22T02:00,25.9,59,0.0,0.0,0,3,7.8,11.9,942.5
2025-04-22T03:00,25.3,63,0.0,0.0,0,2,7.4,11.9,942.2
2025-04-22T04:00,24.8,65,0.0,0.0,0,5,6.9,11.2,942.5
2025-04-22T05:00,24.5,66,0.0,0.0,0,9,7.2,10.4,943.0
2025-04-22T06:00,26.3,64,0.0,0.0,0,3,10.0,15.5,944.1
2025-04-22T07:00,28.4,60,0.0,0.0,0,0,10.2,18.4,945.5
2025-04-22T08:00,30.5,55,0.0,0.0,0,0,11.1,22.0,946.6
2025-04-22T09:00,32.6,46,0.0,0.0,0,0,12.9,26.3,947.2
2025-04-22T10:00,34.2,40,0.0,0.0,0,0,12.7,27.4,947.3
2025-04-22T11:00,35.1,37,0.0,0.0,0,5,9.5,27.0,946.5
2025-04-22T12:00,35.3,34,0.0,0.0,1,20,3.9,22.7,945.8
2025-04-22T13:00,35.3,34,0.0,0.0,0,18,2.0,15.5,945.0
2025-04-22T14:00,35.5,33,0.0,0.0,0,5,5.5,16.6,944.1
2025-04-22T15:00,35.4,33,0.0,0.0,0,8,7.5,18.4,943.3
2025-04-22T16:00,35.0,33,0.0,0.0,0,15,7.6,18.0,942.8
2025-04-22T17:00,33.8,41,0.0,0.0,0,11,4.2,15.5,942.7
2025-04-22T18:00,31.3,49,0.0,0.0,0,9,3.4,8.6,943.1
2025-04-22T19:00,30.3,51,0.0,0.0,0,6,3.8,5.0,943.6
2025-04-22T20:00,29.1,54,0.0,0.0,0,4,4.3,5.4,944.2
2025-04-22T21:00,28.2,53,0.0,0.0,0,3,7.5,10.8,944.6
2025-04-22T22:00,28.3,49,0.0,0.0,0,3,8.8,13.7,944.8
2025-04-22T23:00,28.0,48,0.0,0.0,0,3,9.4,14.0,944.0
2025-04-23T00:00,27.7,49,0.0,0.0,0,0,11.8,19.1,943.4
2025-04-23T01:00,27.0,53,0.0,0.0,0,0,12.0,19.8,942.4
2025-04-23T02:00,26.6,54,0.0,0.0,0,1,9.5,19.8,941.8
2025-04-23T03:00,25.9,57,0.0,0.0,0,0,8.0,15.1,941.4
2025-04-23T04:00,25.6,58,0.0,0.0,0,0,8.1,12.2,941.4
2025-04-23T05:00,25.2,59,0.0,0.0,0,0,8.4,12.6,941.9
2025-04-23T06:00,26.2,63,0.0,0.0,0,0,8.6,14.4,943.2
2025-04-23T07:00,28.0,60,0.0,0.0,0,0,8.4,15.5,944.6
2025-04-23T08:00,29.9,57,0.0,0.0,0,0,14.2,27.0,946.0
2025-04-23T09:00,31.8,49,0.0,0.0,0,0,13.0,28.1,946.1
2025-04-23T10:00,33.4,43,0.0,0.0,0,0,12.8,27.7,945.9
2025-04-23T11:00,34.6,38,0.0,0.0,0,1,8.9,27.4,945.2
2025-04-23T12:00,35.4,35,0.0,0.0,0,14,3.9,22.3,944.1
2025-04-23T13:00,35.8,32,0.0,0.0,0,11,3.4,15.8,943.1
2025-04-23T14:00,35.5,31,0.0,0.0,1,29,5.8,16.2,941.9
2025-04-23T15:00,35.3,31,0.0,0.0,0,15,7.0,17.3,941.3
2025-04-23T16:00,34.7,31,0.0,0.0,0,12,7.0,16.9,940.9
2025-04-23T17:00,33.3,39,0.0,0.0,0,6,4.7,14.4,940.8
2025-04-23T18:00,31.7,43,0.0,0.0,0,6,1.1,6.8,940.9
2025-04-23T19:00,30.4,45,0.0,0.0,0,8,2.5,3.2,941.3
2025-04-23T20:00,28.5,52,0.0,0.0,0,7,6.6,9.7,941.6
2025-04-23T21:00,28.4,50,0.0,0.0,0,5,10.6,16.6,942.0
2025-04-23T22:00,28.2,46,0.0,0.0,0,4,11.1,18.0,941.9
2025-04-23T23:00,28.4,44,0.0,0.0,0,1,11.4,19.1,941.3
2025-04-24T00:00,28.0,44,0.0,0.0,0,1,11.7,18.4,940.8
2025-04-24T01:00,27.5,45,0.0,0.0,0,1,12.4,19.8,940.1
2025-04-24T02:00,26.9,47,0.0,0.0,0,1,11.7,20.9,939.6
2025-04-24T03:00,26.5,48,0.0,0.0,0,7,10.1,19.1,939.2
2025-04-24T04:00,25.7,51,0.0,0.0,1,20,9.0,16.2,939.7
2025-04-24T05:00,25.8,52,0.0,0.0,0,14,15.3,26.3,941.1
2025-04-24T06:00,27.0,56,0.0,0.0,3,81,11.8,25.2,942.4
2025-04-24T07:00,28.4,53,0.0,0.0,3,80,10.7,20.2,943.6
2025-04-24T08:00,30.6,47,0.0,0.0,1,39,12.3,23.8,944.7
2025-04-24T09:00,32.9,38,0.0,0.0,0,10,14.0,27.7,945.0
2025-04-24T10:00,34.4,33,0.0,0.0,0,2,14.4,29.9,945.0
2025-04-24T11:00,35.4,31,0.0,0.0,0,8,11.6,29.2,944.6
2025-04-24T12:00,35.9,30,0.0,0.0,0,9,7.2,25.6,943.7
2025-04-24T13:00,36.2,29,0.0,0.0,0,6,5.2,19.4,942.4
2025-04-24T14:00,36.3,29,0.0,0.0,0,6,3.2,16.6,941.2
2025-04-24T15:00,36.2,28,0.0,0.0,0,3,4.5,13.7,940.5
2025-04-24T16:00,35.4,29,0.0,0.0,0,8,9.6,18.4,939.9
2025-04-24T17:00,33.9,36,0.0,0.0,1,27,9.0,18.4,940.0
2025-04-24T18:00,30.9,41,0.0,0.0,0,11,6.7,12.6,940.3
2025-04-24T19:00,29.9,42,0.0,0.0,0,19,3.6,9.7,940.6
2025-04-24T20:00,29.1,44,0.0,0.0,0,16,4.6,5.8,941.2
2025-04-24T21:00,28.0,47,0.0,0.0,1,26,5.9,8.6,941.8
2025-04-24T22:00,28.1,46,0.0,0.0,3,99,8.8,13.7,942.2
2025-04-24T23:00,29.0,42,0.0,0.0,0,10,11.4,18.0,942.2
2025-04-25T00:00,28.2,43,0.0,0.0,0,14,12.8,20.5,941.5
2025-04-25T01:00,27.6,47,0.0,0.0,2,50,12.8,20.9,940.6
2025-04-25T02:00,27.6,49,0.0,0.0,3,86,12.0,20.5,939.9
2025-04-25T03:00,27.4,51,0.0,0.0,3,94,9.0,19.4,939.8
2025-04-25T04:00,26.7,57,0.0,0.0,3,81,4.1,14.4,940.5
2025-04-25T05:00,26.3,56,0.0,0.0,3,94,6.1,8.6,941.5
2025-04-25T06:00,26.3,61,0.0,0.0,2,74,4.7,7.2,941.9
2025-04-25T07:00,27.8,57,0.0,0.0,0,0,8.8,17.3,943.8
2025-04-25T08:00,29.8,54,0.0,0.0,0,10,8.5,18.4,944.8
2025-04-25T09:00,31.9,46,0.0,0.0,0,0,11.3,24.1,945.3
2025-04-25T10:00,33.9,36,0.0,0.0,0,0,12.1,26.3,945.4
2025-04-25T11:00,35.0,32,0.0,0.0,0,1,11.3,26.6,944.7
2025-04-25T12:00,35.6,31,0.0,0.0,1,46,8.8,25.6,943.8
2025-04-25T13:00,35.9,30,0.0,0.0,0,11,6.1,22.0,942.9
2025-04-25T14:00,36.0,29,0.0,0.0,0,14,4.4,18.0,941.6
2025-04-25T15:00,36.0,29,0.0,0.0,1,31,5.3,15.1,941.2
2025-04-25T16:00,35.2,29,0.0,0.0,1,41,4.8,14.8,940.5
2025-04-25T17:00,33.9,39,0.0,0.0,1,34,2.6,11.9,940.7
2025-04-25T18:00,32.1,43,0.0,0.0,2,64,1.9,6.5,940.9
2025-04-25T19:00,30.3,47,0.0,0.0,3,81,5.1,5.8,941.5
2025-04-25T20:00,29.9,50,0.0,0.0,3,100,1.9,9.0,942.4
2025-04-25T21:00,28.3,55,0.0,0.0,3,100,7.7,11.9,942.9
2025-04-25T22:00,27.0,60,0.0,0.0,3,100,5.5,13.3,942.9
2025-04-25T23:00,26.6,64,0.0,0.0,3,98,3.4,7.6,942.3
2025-04-26T00:00,26.0,62,0.0,0.0,3,96,6.7,10.8,941.7
2025-04-26T01:00,26.2,61,0.0,0.0,3,97,6.0,11.2,940.9
2025-04-26T02:00,26.5,55,0.0,0.0,1,29,8.4,13.3,940.3
2025-04-26T03:00,25.9,63,0.0,0.0,1,28,8.7,14.0,940.0
2025-04-26T04:00,25.4,72,0.0,0.0,1,23,9.6,15.5,940.0
2025-04-26T05:00,25.5,72,0.0,0.0,1,23,9.8,15.5,940.4
2025-04-26T06:00,25.2,70,0.0,0.0,3,100,8.4,12.2,941.5
2025-04-26T07:00,27.2,64,0.0,0.0,3,100,8.7,16.2,942.9
2025-04-26T08:00,29.0,60,0.0,0.0,0,1,8.9,19.4,944.1
2025-04-26T09:00,31.2,52,0.0,0.0,1,21,9.0,21.2,944.7
2025-04-26T10:00,32.8,43,0.0,0.0,3,90,6.2,21.2,944.8
2025-04-26T11:00,33.4,41,0.0,0.0,3,91,4.0,18.4,944.2
2025-04-26T12:00,34.3,38,0.0,0.0,3,97,3.7,15.8,943.6
2025-04-26T13:00,34.6,36,0.0,0.0,0,11,2.7,15.8,942.6
2025-04-26T14:00,34.8,35,0.0,0.0,0,8,3.4,15.1,941.9
2025-04-26T15:00,35.0,32,0.0,0.0,0,10,2.2,14.4,941.0
2025-04-26T16:00,34.5,33,0.0,0.0,2,62,5.9,14.4,940.8
2025-04-26T17:00,33.5,40,0.0,0.0,3,93,3.5,13.7,940.8
2025-04-26T18:00,29.4,56,0.0,0.0,0,18,4.0,18.0,941.1
2025-04-26T19:00,28.3,63,0.0,0.0,0,4,1.3,5.8,941.5
2025-04-26T20:00,27.5,64,0.0,0.0,1,26,2.0,2.9,942.1
2025-04-26T21:00,26.9,65,0.0,0.0,1,23,4.3,6.8,942.6
2025-04-26T22:00,26.8,61,0.0,0.0,1,21,5.6,8.3,943.2
2025-04-26T23:00,27.5,53,0.0,0.0,1,24,12.6,19.1,943.3
2025-04-27T00:00,26.5,69,0.0,0.0,1,32,9.3,21.2,942.7
2025-04-27T01:00,25.8,78,0.0,0.0,0,14,8.4,18.4,942.0
2025-04-27T02:00,25.2,81,0.0,0.0,2,62,0.6,13.7,942.1
2025-04-27T03:00,25.1,75,0.0,0.0,2,67,4.3,19.4,942.4
2025-04-27T04:00,25.0,78,0.0,0.0,2,52,1.3,6.1,942.1
2025-04-27T05:00,24.6,79,0.0,0.0,3,90,5.2,7.9,942.4
2025-04-27T06:00,24.1,91,0.8,0.8,53,100,10.6,18.0,944.6
2025-04-27T07:00,23.3,92,0.3,0.3,51,93,11.9,27.4,945.2
2025-04-27T08:00,25.2,81,0.4,0.4,51,86,10.4,23.4,946.1
2025-04-27T09:00,27.1,73,0.0,0.0,3,94,14.6,29.2,946.1
2025-04-27T10:00,29.1,63,0.0,0.0,3,84,11.3,29.2,945.9
2025-04-27T11:00,29.9,59,0.0,0.0,2,58,9.5,24.5,945.7
2025-04-27T12:00,31.6,52,0.0,0.0,3,86,8.1,23.4,945.0
2025-04-27T13:00,32.3,47,0.0,0.0,3,95,7.4,21.2,943.7
2025-04-27T14:00,32.1,47,0.0,0.0,0,17,6.4,19.4,942.6
2025-04-27T15:00,33.0,43,0.0,0.0,1,21,6.2,17.3,941.5
2025-04-27T16:00,32.7,43,0.0,0.0,1,32,8.2,18.4,941.2
2025-04-27T17:00,31.9,45,0.0,0.0,1,30,6.1,17.6,941.5
2025-04-27T18:00,29.2,61,0.0,0.0,1,44,4.2,14.0,942.0
2025-04-27T19:00,28.3,64,0.0,0.0,1,33,4.4,5.8,942.6
2025-04-27T20:00,28.2,63,0.0,0.0,1,43,7.7,12.2,943.4
2025-04-27T21:00,27.4,67,0.0,0.0,2,64,4.2,12.2,943.9
2025-04-27T22:00,27.0,67,0.0,0.0,0,13,6.4,8.6,944.2
2025-04-27T23:00,26.8,64,0.0,0.0,1,26,8.5,14.4,943.8
2025-04-28T00:00,26.5,63,0.0,0.0,0,1,13.3,21.6,943.0
2025-04-28T01:00,25.5,71,0.0,0.0,0,1,8.9,22.0,942.5
2025-04-28T02:00,24.8,78,0.0,0.0,0,0,8.4,14.8,941.6
2025-04-28T03:00,24.2,81,0.0,0.0,0,0,7.6,13.7,941.2
2025-04-28T04:00,23.7,83,0.0,0.0,0,0,7.3,12.2,941.2
2025-04-28T05:00,23.4,82,0.0,0.0,0,0,8.1,13.0,941.1
2025-04-28T06:00,23.7,77,0.0,0.0,0,0,8.9,14.8,942.3
2025-04-28T07:00,25.6,70,0.0,0.0,0,0,5.8,14.0,943.6
2025-04-28T08:00,27.6,63,0.0,0.0,0,0,8.2,19.1,944.4
2025-04-28T09:00,29.6,54,0.0,0.0,0,13,7.9,20.5,944.9
2025-04-28T10:00,31.1,49,0.0,0.0,2,57,7.3,20.9,944.7
2025-04-28T11:00,32.4,45,0.0,0.0,1,40,5.4,20.5,944.2
2025-04-28T12:00,33.2,41,0.0,0.0,0,13,2.3,18.4,943.5
2025-04-28T13:00,33.8,37,0.0,0.0,1,26,0.5,14.8,942.5
2025-04-28T14:00,34.0,33,0.0,0.0,0,16,2.0,12.2,941.3
2025-04-28T15:00,34.0,33,0.0,0.0,0,18,6.0,15.8,940.4
2025-04-28T16:00,33.8,33,0.0,0.0,1,20,8.1,17.3,939.8
2025-04-28T17:00,32.7,37,0.0,0.0,0,17,8.7,17.3,939.7
2025-04-28T18:00,30.6,40,0.0,0.0,0,14,9.9,16.2,939.7
2025-04-28T19:00,28.8,46,0.0,0.0,0,6,5.3,15.8,940.1
2025-04-28T20:00,28.2,50,0.0,0.0,0,5,9.0,12.6,940.9
2025-04-28T21:00,28.2,51,0.0,0.0,0,3,11.9,19.4,941.5
2025-04-28T22:00,27.5,52,0.0,0.0,0,1,10.7,19.1,941.7
2025-04-28T23:00,27.2,52,0.0,0.0,0,0,11.4,18.0,941.3
2025-04-29T00:00,26.9,49,0.0,0.0,0,0,15.0,24.5,940.8
2025-04-29T01:00,25.9,55,0.0,0.0,0,0,14.4,24.8,940.4
2025-04-29T02:00,25.0,65,0.0,0.0,0,0,13.0,23.4,939.5
2025-04-29T03:00,24.3,71,0.0,0.0,0,0,9.3,21.2,939.4
2025-04-29T04:00,23.6,76,0.0,0.0,0,0,7.0,15.1,939.5
2025-04-29T05:00,23.2,77,0.0,0.0,0,0,6.6,11.2,940.4
2025-04-29T06:00,24.6,71,0.0,0.0,3,100,8.1,12.6,941.9
2025-04-29T07:00,26.0,71,0.0,0.0,2,66,7.9,15.5,943.5
2025-04-29T08:00,27.6,69,0.0,0.0,0,1,11.5,23.0,944.2
2025-04-29T09:00,30.1,57,0.0,0.0,0,0,12.4,26.3,944.5
2025-04-29T10:00,32.0,47,0.0,0.0,0,0,13.0,28.4,944.3
2025-04-29T11:00,33.4,41,0.0,0.0,0,1,11.4,28.4,943.6
2025-04-29T12:00,34.4,37,0.0,0.0,0,8,8.4,26.3,942.9
2025-04-29T13:00,34.8,34,0.0,0.0,1,33,6.2,22.0,941.8
2025-04-29T14:00,34.7,31,0.0,0.0,1,24,3.1,18.7,940.7
2025-04-29T15:00,34.8,29,0.0,0.0,0,13,1.5,13.3,939.9
2025-04-29T16:00,34.7,29,0.0,0.0,0,12,2.3,10.1,939.5
2025-04-29T17:00,33.7,36,0.0,0.0,0,12,2.4,9.0,939.3
2025-04-29T18:00,31.1,41,0.0,0.0,0,14,1.7,6.5,939.7
2025-04-29T19:00,29.2,42,0.0,0.0,0,11,4.4,5.8,940.0
2025-04-29T20:00,28.2,45,0.0,0.0,0,7,8.5,13.3,940.5
2025-04-29T21:00,27.6,46,0.0,0.0,0,3,7.6,13.7,941.0
2025-04-29T22:00,27.3,48,0.0,0.0,0,0,10.1,15.8,941.3
2025-04-29T23:00,27.5,47,0.0,0.0,0,8,12.5,19.8,941.2
2025-04-30T00:00,27.1,51,0.0,0.0,0,0,11.2,20.5,940.8
2025-04-30T01:00,26.6,53,0.0,0.0,0,0,12.2,20.2,940.4
2025-04-30T02:00,26.0,57,0.0,0.0,0,0,12.4,21.2,939.8
2025-04-30T03:00,25.1,67,0.0,0.0,0,0,11.0,20.2,939.8
2025-04-30T04:00,24.4,75,0.0,0.0,0,10,8.0,18.0,939.9
2025-04-30T05:00,23.8,79,0.0,0.0,1,29,8.6,13.0,941.0
2025-04-30T06:00,25.9,69,0.0,0.0,0,2,17.5,30.2,942.0
2025-04-30T07:00,27.5,68,0.0,0.0,0,1,14.8,30.2,942.5
2025-04-30T08:00,29.9,59,0.0,0.0,0,0,14.0,28.8,943.5
2025-04-30T09:00,31.8,49,0.0,0.0,0,0,10.0,27.0,944.2
2025-04-30T10:00,33.3,45,0.0,0.0,0,0,9.9,23.4,944.3
2025-04-30T11:00,34.8,38,0.0,0.0,0,5,10.4,27.7,943.7
2025-04-30T12:00,36.0,32,0.0,0.0,0,12,10.4,27.7,942.8
2025-04-30T13:00,36.3,30,0.0,0.0,1,31,10.1,25.2,941.6
2025-04-30T14:00,36.2,28,0.0,0.0,1,23,10.5,24.8,940.9
2025-04-30T15:00,36.6,23,0.0,0.0,0,10,8.6,22.7,940.1
2025-04-30T16:00,36.3,24,0.0,0.0,0,9,13.4,23.4,939.5
2025-04-30T17:00,34.2,32,0.0,0.0,1,22,9.9,24.5,939.3
2025-04-30T18:00,31.2,44,0.0,0.0,0,12,8.5,11.5,939.5
2025-04-30T19:00,30.0,41,0.0,0.0,0,6,13.4,27.4,939.8
2025-04-30T20:00,28.5,47,0.0,0.0,0,3,7.8,20.9,939.9
2025-04-30T21:00,28.0,49,0.0,0.0,0,4,11.1,18.0,941.0
2025-04-30T22:00,27.8,50,0.0,0.0,0,1,13.3,20.9,941.8
2025-04-30T23:00,27.2,62,0.0,0.0,0,2,18.7,31.0,942.2
2025-05-01T00:00,26.3,75,0.0,0.0,0,0,18.4,31.7,941.7
2025-05-01T01:00,25.4,81,0.0,0.0,0,8,13.1,30.2,941.3
2025-05-01T02:00,24.6,86,0.0,0.0,0,0,10.6,21.6,940.8
2025-05-01T03:00,24.0,89,0.0,0.0,0,14,11.3,19.1,940.5
2025-05-01T04:00,23.7,91,0.0,0.0,3,95,10.2,18.7,941.7
2025-05-01T05:00,24.7,82,0.0,0.0,3,99,10.9,17.3,942.2
2025-05-01T06:00,24.7,83,0.0,0.0,0,0,9.5,15.5,942.7
2025-05-01T07:00,26.7,75,0.0,0.0,0,0,7.5,15.8,943.7
2025-05-01T08:00,28.9,65,0.0,0.0,0,0,10.1,21.6,944.6
2025-05-01T09:00,30.8,56,0.0,0.0,0,0,10.6,24.1,945.0
2025-05-01T10:00,32.4,50,0.0,0.0,0,0,10.8,25.2,944.7
2025-05-01T11:00,34.0,44,0.0,0.0,0,2,11.2,26.3,944.3
2025-05-01T12:00,35.2,38,0.0,0.0,0,4,9.2,25.9,943.5
2025-05-01T13:00,36.0,32,0.0,0.0,1,28,6.0,23.0,942.5
2025-05-01T14:00,35.8,29,0.0,0.0,1,34,3.2,18.4,941.8
2025-05-01T15:00,35.9,29,0.0,0.0,3,93,5.8,14.8,941.2
2025-05-01T16:00,35.6,30,0.0,0.0,1,44,8.0,16.6,940.8
2025-05-01T17:00,33.8,35,0.0,0.0,1,49,11.3,18.7,940.6
2025-05-01T18:00,30.2,48,0.0,0.0,0,12,5.2,7.2,940.5
2025-05-01T19:00,29.0,52,0.0,0.0,1,28,8.0,12.2,941.0
2025-05-01T20:00,28.8,55,0.0,0.0,0,2,9.8,15.1,941.6
2025-05-01T21:00,28.6,52,0.0,0.0,0,1,11.1,17.6,942.2
2025-05-01T22:00,28.2,51,0.0,0.0,0,0,10.8,19.1,942.6
2025-05-01T23:00,27.4,53,0.0,0.0,0,0,11.3,17.3,942.4
2025-05-02T00:00,26.7,62,0.0,0.0,1,36,13.1,22.3,942.2
2025-05-02T01:00,25.8,73,0.0,0.0,0,0,12.3,21.6,941.7
2025-05-02T02:00,25.2,80,0.0,0.0,0,0,10.6,20.5,941.3
2025-05-02T03:00,24.8,83,0.0,0.0,0,0,10.1,17.3,941.3
2025-05-02T04:00,24.5,83,0.0,0.0,0,0,8.9,16.9,941.5
2025-05-02T05:00,24.0,86,0.0,0.0,0,0,7.2,14.4,942.4
2025-05-02T06:00,24.5,88,0.0,0.0,0,19,10.9,19.1,943.9
2025-05-02T07:00,26.1,82,0.0,0.0,0,17,9.0,19.8,944.8
2025-05-02T08:00,28.5,69,0.0,0.0,0,8,8.7,19.4,945.1
2025-05-02T09:00,31.1,56,0.0,0.0,0,0,12.3,25.9,945.2
2025-05-02T10:00,32.9,48,0.0,0.0,0,0,12.0,27.4,944.7
2025-05-02T11:00,34.4,40,0.0,0.0,0,6,9.7,26.6,944.3
2025-05-02T12:00,35.3,34,0.0,0.0,1,32,8.1,24.5,943.8
2025-05-02T13:00,35.4,32,0.0,0.0,1,22,7.6,21.2,942.9
2025-05-02T14:00,36.0,28,0.0,0.0,0,14,8.8,20.9,942.0
2025-05-02T15:00,36.7,24,0.0,0.0,0,5,9.6,22.7,941.1
2025-05-02T16:00,36.3,25,0.0,0.0,0,7,9.9,21.2,940.3
2025-05-02T17:00,34.2,33,0.0,0.0,0,12,7.3,18.7,940.0
2025-05-02T18:00,31.1,49,0.0,0.0,0,19,6.2,9.4,940.0
2025-05-02T19:00,30.3,45,0.0,0.0,0,10,11.4,17.6,940.7
2025-05-02T20:00,29.6,39,0.0,0.0,0,7,9.7,18.4,941.0
2025-05-02T21:00,29.2,38,0.0,0.0,0,6,11.4,17.3,941.4
2025-05-02T22:00,28.8,49,0.0,0.0,0,5,19.2,32.4,942.1
2025-05-02T23:00,27.8,57,0.0,0.0,0,2,16.5,31.7,941.9
2025-05-03T00:00,26.8,62,0.0,0.0,0,2,14.0,27.4,941.4
2025-05-03T01:00,26.0,64,0.0,0.0,0,0,8.8,23.0,940.9
2025-05-03T02:00,25.3,67,0.0,0.0,0,0,7.5,14.0,940.5
2025-05-03T03:00,25.4,67,0.0,0.0,0,0,10.2,16.2,940.7
2025-05-03T04:00,25.5,72,0.0,0.0,0,0,14.0,22.3,941.4
2025-05-03T05:00,25.8,71,0.0,0.0,0,0,16.6,27.7,941.6
2025-05-03T06:00,25.3,75,0.0,0.0,0,0,14.8,24.5,943.0
2025-05-03T07:00,27.0,65,0.0,0.0,0,0,11.7,24.5,943.7
2025-05-03T08:00,29.1,55,0.0,0.0,0,0,15.5,29.5,944.4
2025-05-03T09:00,31.3,50,0.0,0.0,0,0,16.5,32.0,944.7
2025-05-03T10:00,33.3,42,0.0,0.0,0,0,15.3,32.8,944.4
2025-05-03T11:00,34.8,36,0.0,0.0,0,5,12.8,31.3,943.8
2025-05-03T12:00,35.6,31,0.0,0.0,0,8,10.9,27.7,943.0
2025-05-03T13:00,35.8,29,0.0,0.0,1,20,9.9,25.2,941.9
2025-05-03T14:00,36.2,27,0.0,0.0,0,14,10.2,23.4,940.8
2025-05-03T15:00,36.0,25,0.0,0.0,1,20,10.0,23.4,940.1
2025-05-03T16:00,35.8,24,0.0,0.0,0,19,9.2,22.0,939.2
2025-05-03T17:00,33.7,33,0.0,0.0,0,9,6.7,16.9,938.6
2025-05-03T18:00,30.6,34,0.0,0.0,0,16,11.0,17.6,939.2
2025-05-03T19:00,29.5,38,0.0,0.0,0,9,12.2,19.8,939.7
2025-05-03T20:00,28.6,40,0.0,0.0,0,10,11.6,19.8,940.1
2025-05-03T21:00,28.1,40,0.0,0.0,0,7,10.2,18.7,940.5
2025-05-03T22:00,27.9,42,0.0,0.0,0,8,10.3,17.3,940.6
2025-05-03T23:00,27.2,45,0.0,0.0,0,7,10.3,16.6,940.0
2025-05-04T00:00,27.1,44,0.0,0.0,0,7,10.9,17.3,939.6
2025-05-04T01:00,26.9,44,0.0,0.0,0,12,10.8,18.4,939.1
2025-05-04T02:00,26.0,47,0.0,0.0,2,53,7.4,17.3,938.9
2025-05-04T03:00,26.6,45,0.0,0.0,1,31,18.2,27.0,939.7
2025-05-04T04:00,27.0,45,0.0,0.0,0,2,19.3,35.6,939.8
2025-05-04T05:00,25.9,50,0.0,0.0,0,0,11.6,31.7,940.5
2025-05-04T06:00,25.0,62,0.0,0.0,0,10,1.8,14.8,941.2
2025-05-04T07:00,26.5,58,0.0,0.0,0,3,4.4,11.2,942.2
2025-05-04T08:00,28.7,50,0.0,0.0,0,1,2.2,11.5,943.1
2025-05-04T09:00,31.1,41,0.0,0.0,0,0,8.8,20.2,943.4
2025-05-04T10:00,32.9,34,0.0,0.0,0,0,9.8,23.4,943.4
2025-05-04T11:00,34.3,30,0.0,0.0,0,0,9.9,23.8,943.0
2025-05-04T12:00,35.2,28,0.0,0.0,0,0,11.2,25.9,942.5
2025-05-04T13:00,35.7,25,0.0,0.0,1,24,12.6,27.4,941.4
2025-05-04T14:00,36.0,23,0.0,0.0,0,5,15.2,29.9,940.3
2025-05-04T15:00,36.1,22,0.0,0.0,1,23,12.1,30.2,939.5
2025-05-04T16:00,35.5,22,0.0,0.0,0,19,12.0,24.5,939.1
2025-05-04T17:00,33.5,38,0.0,0.0,0,17,4.3,21.6,938.8
2025-05-04T18:00,29.2,48,0.0,0.0,0,11,14.2,25.2,940.2
2025-05-04T19:00,27.5,56,0.0,0.0,0,0,17.5,29.5,940.2
2025-05-04T20:00,26.0,61,0.0,0.0,0,0,17.7,31.0,940.8
2025-05-04T21:00,25.2,65,0.0,0.0,0,0,11.4,28.8,941.1
2025-05-04T22:00,24.4,70,0.0,0.0,0,0,9.3,18.7,941.5
2025-05-04T23:00,23.9,74,0.0,0.0,0,0,7.8,15.1,941.2
2025-05-05T00:00,22.8,80,0.0,0.0,0,0,5.8,12.6,940.2
2025-05-05T01:00,22.7,82,0.0,0.0,0,0,8.7,14.0,938.8
2025-05-05T02:00,22.7,77,0.0,0.0,0,0,7.5,14.4,938.4
2025-05-05T03:00,22.7,75,0.0,0.0,0,2,9.0,14.4,938.7
2025-05-05T04:00,23.2,75,0.0,0.0,0,1,15.9,28.1,940.1
2025-05-05T05:00,22.7,76,0.0,0.0,0,0,9.4,26.3,940.7
2025-05-05T06:00,23.7,86,0.0,0.0,0,0,11.9,18.7,941.1
2025-05-05T07:00,25.7,79,0.0,0.0,0,0,11.3,21.6,942.1
2025-05-05T08:00,28.3,67,0.0,0.0,0,0,11.6,24.1,943.0
2025-05-05T09:00,31.0,51,0.0,0.0,0,0,11.6,25.2,943.5
2025-05-05T10:00,32.7,40,0.0,0.0,0,0,9.2,25.2,943.4
2025-05-05T11:00,33.8,36,0.0,0.0,0,1,7.6,22.7,942.7
2025-05-05T12:00,34.7,32,0.0,0.0,0,19,6.4,20.9,941.9
2025-05-05T13:00,35.4,26,0.0,0.0,0,12,6.5,19.1,941.0
2025-05-05T14:00,35.4,24,0.0,0.0,0,15,6.1,18.7,940.2
2025-05-05T15:00,35.2,24,0.0,0.0,0,14,4.3,17.3,939.6
2025-05-05T16:00,35.1,23,0.0,0.0,0,9,3.6,13.3,939.1
2025-05-05T17:00,33.5,35,0.0,0.0,0,18,4.6,9.7,938.9
2025-05-05T18:00,31.0,35,0.0,0.0,1,30,7.8,13.0,939.3
2025-05-05T19:00,30.2,36,0.0,0.0,0,16,4.1,12.2,940.0
2025-05-05T20:00,29.9,37,0.0,0.0,1,20,0.4,6.8,940.7
2025-05-05T21:00,29.3,36,0.0,0.0,0,9,1.9,2.9,941.3
2025-05-05T22:00,28.1,40,0.0,0.0,0,6,1.9,2.9,941.5
2025-05-05T23:00,26.7,47,0.0,0.0,0,15,4.8,5.4,941.4
2025-05-06T00:00,26.4,46,0.0,0.0,0,15,9.2,15.1,941.6
2025-05-06T01:00,25.0,53,0.0,0.0,0,6,4.2,14.4,940.7
2025-05-06T02:00,24.1,58,0.0,0.0,0,10,3.8,5.4,940.4
2025-05-06T03:00,24.0,63,0.0,0.0,1,34,4.9,8.3,940.9
2025-05-06T04:00,24.4,59,0.0,0.0,0,15,7.7,14.8,941.5
2025-05-06T05:00,23.3,69,0.0,0.0,0,8,6.8,12.2,941.6
2025-05-06T06:00,23.4,75,0.0,0.0,0,15,2.6,5.4,942.6
2025-05-06T07:00,25.4,71,0.0,0.0,0,7,4.6,11.5,943.8
2025-05-06T08:00,28.2,59,0.0,0.0,0,4,5.9,15.8,944.7
2025-05-06T09:00,29.8,54,0.0,0.0,0,0,5.6,17.3,945.1
2025-05-06T10:00,31.4,45,0.0,0.0,0,4,5.1,17.3,944.8
2025-05-06T11:00,32.6,38,0.0,0.0,0,2,5.6,18.7,944.2
2025-05-06T12:00,33.5,36,0.0,0.0,0,9,3.5,19.8,943.4
2025-05-06T13:00,33.9,34,0.0,0.0,0,15,4.6,18.4,942.3
2025-05-06T14:00,34.2,32,0.0,0.0,1,39,7.4,19.1,941.2
2025-05-06T15:00,33.9,32,0.0,0.0,0,16,9.2,20.5,940.5
2025-05-06T16:00,33.5,31,0.0,0.0,0,12,8.3,20.2,940.2
2025-05-06T17:00,32.3,36,0.0,0.0,0,8,5.9,16.9,940.0
2025-05-06T18:00,29.4,44,0.0,0.0,0,9,6.0,10.4,939.6
2025-05-06T19:00,27.9,48,0.0,0.0,0,3,2.7,8.3,940.0
2025-05-06T20:00,26.3,55,0.0,0.0,0,5,4.0,5.8,940.6
2025-05-06T21:00,26.0,55,0.0,0.0,0,2,5.2,6.5,941.1
2025-05-06T22:00,26.0,51,0.0,0.0,0,0,8.0,11.2,941.5
2025-05-06T23:00,26.1,52,0.0,0.0,0,1,10.3,16.9,941.3
2025-05-07T00:00,25.8,56,0.0,0.0,0,1,10.6,16.9,940.6
2025-05-07T01:00,25.5,58,0.0,0.0,0,0,10.7,16.9,940.1
2025-05-07T02:00,25.4,59,0.0,0.0,0,0,11.6,19.1,939.6
2025-05-07T03:00,24.6,61,0.0,0.0,0,3,8.2,18.7,939.3
2025-05-07T04:00,23.9,63,0.0,0.0,2,62,13.1,15.5,940.8
2025-05-07T05:00,23.5,63,0.0,0.0,3,99,9.1,28.4,942.2
2025-05-07T06:00,24.0,66,0.0,0.0,0,12,7.8,23.0,942.6
2025-05-07T07:00,25.4,64,0.0,0.0,0,7,8.5,16.9,943.7
2025-05-07T08:00,27.8,52,0.0,0.0,0,0,7.9,18.7,944.1
2025-05-07T09:00,29.2,46,0.0,0.0,0,5,4.3,18.7,944.2
2025-05-07T10:00,30.4,44,0.0,0.0,0,1,2.2,15.8,943.6
2025-05-07T11:00,31.5,41,0.0,0.0,0,0,2.7,15.1,942.7
2025-05-07T12:00,32.4,37,0.0,0.0,0,0,3.2,15.8,941.8
2025-05-07T13:00,33.2,32,0.0,0.0,0,3,4.7,16.9,940.9
2025-05-07T14:00,33.7,29,0.0,0.0,0,10,8.0,20.2,939.9
2025-05-07T15:00,33.6,29,0.0,0.0,0,14,9.2,21.2,939.4
2025-05-07T16:00,33.3,30,0.0,0.0,0,18,7.7,20.5,939.0
2025-05-07T17:00,32.2,34,0.0,0.0,1,30,7.7,16.2,939.3
2025-05-07T18:00,29.8,45,0.0,0.0,0,16,3.1,4.0,939.4
2025-05-07T19:00,28.1,46,0.0,0.0,0,12,6.9,10.1,940.0
2025-05-07T20:00,28.1,44,0.0,0.0,0,9,10.9,17.3,941.1
2025-05-07T21:00,27.6,43,0.0,0.0,0,17,9.5,17.3,941.4
2025-05-07T22:00,26.8,45,0.0,0.0,0,13,8.4,15.1,941.4
2025-05-07T23:00,26.6,45,0.0,0.0,0,5,9.0,13.7,941.1
2025-05-08T00:00,26.2,45,0.0,0.0,0,5,10.7,16.9,940.1
2025-05-08T01:00,26.2,45,0.0,0.0,0,1,14.9,24.1,939.7
2025-05-08T02:00,25.4,53,0.0,0.0,0,3,12.6,24.5,939.0
2025-05-08T03:00,24.7,58,0.0,0.0,1,21,9.5,20.5,939.1
2025-05-08T04:00,23.5,61,0.0,0.0,0,11,6.4,16.6,940.1
2025-05-08T05:00,22.9,67,0.0,0.0,0,3,1.0,10.1,940.2
2025-05-08T06:00,24.7,58,0.0,0.0,0,0,5.1,14.0,941.4
2025-05-08T07:00,26.1,55,0.0,0.0,0,5,7.7,15.5,942.7
2025-05-08T08:00,27.8,52,0.0,0.0,0,13,10.3,22.0,943.5
2025-05-08T09:00,29.6,46,0.0,0.0,0,12,10.2,23.4,943.7
2025-05-08T10:00,31.1,41,0.0,0.0,0,8,10.0,24.1,943.5
2025-05-08T11:00,32.2,38,0.0,0.0,0,8,9.2,24.1,943.2
2025-05-08T12:00,32.6,36,0.0,0.0,1,24,7.1,23.4,942.7
2025-05-08T13:00,32.9,35,0.0,0.0,0,17,8.7,22.0,942.0
2025-05-08T14:00,33.0,35,0.0,0.0,1,20,9.4,22.7,941.0
2025-05-08T15:00,32.8,35,0.0,0.0,0,14,8.8,22.3,940.5
2025-05-08T16:00,32.4,35,0.0,0.0,0,17,7.4,20.2,940.2
2025-05-08T17:00,31.8,37,0.0,0.0,0,13,3.1,16.2,940.3
2025-05-08T18:00,29.8,46,0.0,0.0,2,55,0.3,4.7,940.6
2025-05-08T19:00,28.4,46,0.0,0.0,1,45,6.2,8.6,941.1
2025-05-08T20:00,27.7,46,0.0,0.0,0,3,12.3,19.8,941.9
2025-05-08T21:00,26.9,48,0.0,0.0,0,0,10.7,20.2,942.4
2025-05-08T22:00,26.2,50,0.0,0.0,0,0,8.9,17.3,942.5
2025-05-08T23:00,25.6,53,0.0,0.0,0,0,11.9,18.7,942.4
2025-05-09T00:00,24.7,62,0.0,0.0,0,0,10.5,19.4,941.6
2025-05-09T01:00,24.2,66,0.0,0.0,0,1,10.7,17.3,941.1
2025-05-09T02:00,23.9,68,0.0,0.0,0,4,10.1,17.6,940.6
2025-05-09T03:00,23.6,68,0.0,0.0,0,0,7.7,17.3,940.5
2025-05-09T04:00,23.0,70,0.0,0.0,0,0,14.6,23.0,941.6
2025-05-09T05:00,22.7,69,0.0,0.0,0,0,10.1,24.5,941.8
2025-05-09T06:00,23.7,73,0.0,0.0,0,0,11.0,16.9,942.9
2025-05-09T07:00,26.0,64,0.0,0.0,1,21,10.6,19.8,944.0
2025-05-09T08:00,28.1,51,0.0,0.0,0,11,14.8,28.1,944.7
2025-05-09T09:00,29.7,45,0.0,0.0,0,0,15.3,30.6,944.9
2025-05-09T10:00,31.1,41,0.0,0.0,0,0,13.7,30.6,944.8
2025-05-09T11:00,32.2,38,0.0,0.0,0,8,11.0,29.2,944.2
2025-05-09T12:00,32.8,35,0.0,0.0,1,34,7.7,25.9,943.7
2025-05-09T13:00,33.1,34,0.0,0.0,0,12,7.0,21.2,942.9
2025-05-09T14:00,33.2,32,0.0,0.0,0,12,4.3,19.8,941.9
2025-05-09T15:00,33.3,31,0.0,0.0,0,9,1.1,15.5,941.1
2025-05-09T16:00,33.1,31,0.0,0.0,0,13,0.5,10.4,940.6
2025-05-09T17:00,32.6,32,0.0,0.0,0,18,1.4,7.2,940.6
2025-05-09T18:00,30.1,38,0.0,0.0,1,40,6.9,11.9,940.9
2025-05-09T19:00,29.2,39,0.0,0.0,1,47,5.1,11.2,941.2
2025-05-09T20:00,28.9,40,0.0,0.0,2,51,9.3,13.3,942.1
2025-05-09T21:00,28.5,42,0.0,0.0,1,46,10.2,17.6,942.7
2025-05-09T22:00,27.9,44,0.0,0.0,1,25,8.4,16.2,942.9
2025-05-09T23:00,27.5,46,0.0,0.0,1,22,7.8,13.3,942.5
2025-05-10T00:00,27.0,48,0.0,0.0,1,31,10.3,16.2,941.9
2025-05-10T01:00,26.6,51,0.0,0.0,1,37,11.1,18.0,941.4
2025-05-10T02:00,25.9,55,0.0,0.0,1,26,11.5,19.1,940.8
2025-05-10T03:00,25.2,62,0.0,0.0,0,17,9.2,18.7,940.8
2025-05-10T04:00,24.6,67,0.0,0.0,1,26,7.3,14.8,940.9
2025-05-10T05:00,23.9,72,0.0,0.0,3,99,6.0,11.9,941.5
2025-05-10T06:00,24.8,63,0.0,0.0,0,1,9.9,15.8,942.9
2025-05-10T07:00,26.3,56,0.0,0.0,0,12,10.5,19.4,943.8
2025-05-10T08:00,28.6,51,0.0,0.0,0,1,13.3,25.9,944.5
2025-05-10T09:00,30.5,46,0.0,0.0,1,37,13.8,29.2,944.9
2025-05-10T10:00,31.9,40,0.0,0.0,3,80,11.9,28.4,944.8
2025-05-10T11:00,32.9,36,0.0,0.0,1,34,8.3,26.6,944.3
2025-05-10T12:00,33.2,35,0.0,0.0,0,16,6.1,21.6,943.7
2025-05-10T13:00,33.4,35,0.1,0.1,51,24,7.1,19.8,942.9
2025-05-10T14:00,33.4,34,0.0,0.0,0,16,8.3,20.9,942.1
2025-05-10T15:00,33.2,35,0.0,0.0,0,12,6.7,20.9,941.4
2025-05-10T16:00,32.9,35,0.0,0.0,0,13,5.6,17.3,940.8
2025-05-10T17:00,32.3,36,0.0,0.0,0,9,1.9,14.0,940.6
2025-05-10T18:00,30.1,42,0.0,0.0,1,21,7.2,11.9,940.5
2025-05-10T19:00,28.8,46,0.0,0.0,1,41,5.2,11.9,941.1
2025-05-10T20:00,28.2,49,0.0,0.0,1,32,5.6,6.8,941.9
2025-05-10T21:00,28.2,51,0.0,0.0,0,14,13.0,20.5,942.7
2025-05-10T22:00,27.4,57,0.0,0.0,0,8,13.2,22.3,942.7
2025-05-10T23:00,26.7,61,0.0,0.0,0,0,10.4,21.6,942.2
2025-05-11T00:00,26.4,62,0.0,0.0,0,14,9.0,16.9,941.4
2025-05-11T01:00,25.8,65,0.0,0.0,1,23,6.7,14.4,940.7
2025-05-11T02:00,25.5,67,0.0,0.0,1,32,6.9,10.4,940.8
2025-05-11T03:00,25.5,66,0.0,0.0,0,19,7.1,12.2,940.8
2025-05-11T04:00,24.9,70,0.0,0.0,1,33,5.2,11.2,941.0
2025-05-11T05:00,24.7,70,0.0,0.0,1,37,7.6,10.8,941.3
2025-05-11T06:00,26.1,60,0.0,0.0,0,1,12.1,19.1,942.4
2025-05-11T07:00,27.5,55,0.0,0.0,0,1,11.7,20.9,943.3
2025-05-11T08:00,29.4,52,0.0,0.0,0,2,12.4,24.8,943.8
2025-05-11T09:00,31.3,46,0.0,0.0,0,3,12.3,26.6,944.0
2025-05-11T10:00,32.9,39,0.0,0.0,1,23,9.8,26.3,943.9
2025-05-11T11:00,33.6,35,0.0,0.0,0,10,8.0,23.4,943.2
2025-05-11T12:00,34.2,34,0.0,0.0,0,18,6.4,21.2,942.4
2025-05-11T13:00,34.5,33,0.0,0.0,0,16,7.0,19.8,941.3
2025-05-11T14:00,34.5,33,0.0,0.0,1,21,7.9,20.5,940.2
2025-05-11T15:00,34.4,33,0.0,0.0,0,18,7.0,20.2,939.4
2025-05-11T16:00,34.0,33,0.0,0.0,0,16,6.1,17.6,938.9
2025-05-11T17:00,33.1,36,0.0,0.0,0,12,4.0,14.0,938.7
2025-05-11T18:00,31.5,44,0.0,0.0,1,25,7.6,11.5,938.9
2025-05-11T19:00,29.6,51,0.0,0.0,1,26,8.1,13.3,939.8
2025-05-11T20:00,28.4,56,0.0,0.0,0,13,9.8,18.0,940.5
2025-05-11T21:00,27.6,58,0.0,0.0,1,21,9.2,15.8,941.4
2025-05-11T22:00,27.0,60,0.0,0.0,0,16,9.3,16.6,941.7
2025-05-11T23:00,26.4,62,0.0,0.0,0,18,8.2,15.1,941.1
2025-05-12T00:00,25.5,69,0.0,0.0,1,23,4.5,13.0,940.2
2025-05-12T01:00,25.3,72,0.0,0.0,1,21,4.6,6.1,940.0
2025-05-12T02:00,26.0,66,0.0,0.0,1,46,12.6,19.8,940.1
2025-05-12T03:00,25.7,65,0.0,0.0,1,39,7.8,20.2,939.8
2025-05-12T04:00,24.6,71,0.0,0.0,2,76,8.5,13.3,940.2
2025-05-12T05:00,23.6,75,0.0,0.0,1,38,5.6,15.5,940.5
2025-05-12T06:00,25.7,68,0.0,0.0,0,10,10.1,18.0,941.3
2025-05-12T07:00,27.3,61,0.0,0.0,0,1,9.3,18.4,942.3
2025-05-12T08:00,29.2,54,0.0,0.0,0,1,11.3,23.0,942.9
2025-05-12T09:00,30.9,48,0.0,0.0,0,1,13.5,28.1,943.2
2025-05-12T10:00,32.5,43,0.0,0.0,0,2,13.9,29.5,942.9
2025-05-12T11:00,33.5,40,0.0,0.0,0,3,12.9,29.9,942.3
2025-05-12T12:00,34.3,39,0.0,0.0,0,7,11.0,28.4,941.5
2025-05-12T13:00,34.9,38,0.0,0.0,0,15,11.4,25.9,940.6
2025-05-12T14:00,34.9,37,0.0,0.0,1,39,13.1,27.7,939.4
2025-05-12T15:00,33.6,40,0.0,0.0,2,66,8.3,28.1,938.5
2025-05-12T16:00,33.9,39,0.0,0.0,1,36,6.3,19.1,937.5
2025-05-12T17:00,33.6,40,0.0,0.0,2,65,6.3,16.2,937.6
2025-05-12T18:00,31.3,46,0.0,0.0,1,25,7.2,13.7,938.4
2025-05-12T19:00,30.0,52,0.0,0.0,0,18,4.4,11.9,939.0
2025-05-12T20:00,29.5,54,0.0,0.0,0,11,1.8,5.8,939.8
2025-05-12T21:00,28.3,59,0.0,0.0,0,13,3.2,4.3,940.4
2025-05-12T22:00,27.5,62,0.0,0.0,1,22,4.4,6.8,940.8
2025-05-12T23:00,26.7,63,0.0,0.0,2,69,14.0,20.5,941.1
2025-05-13T00:00,26.5,63,0.0,0.0,1,40,13.0,24.1,940.7
2025-05-13T01:00,25.4,68,0.0,0.0,2,57,12.6,24.1,940.2
2025-05-13T02:00,24.8,72,0.0,0.0,0,16,10.8,20.5,940.0
2025-05-13T03:00,24.3,73,0.0,0.0,0,7,9.0,17.6,939.3
2025-05-13T04:00,24.0,75,0.0,0.0,0,2,5.4,14.8,939.3
2025-05-13T05:00,23.6,78,0.0,0.0,0,3,4.3,8.6,939.5
2025-05-13T06:00,25.2,75,0.0,0.0,0,5,12.3,19.4,941.2
2025-05-13T07:00,26.6,69,0.0,0.0,0,19,10.3,21.6,942.2
2025-05-13T08:00,28.6,62,0.0,0.0,0,1,9.7,21.6,943.0
2025-05-13T09:00,30.4,55,0.0,0.0,1,36,10.1,23.4,943.4
2025-05-13T10:00,31.9,48,0.0,0.0,1,20,8.0,23.4,943.2
2025-05-13T11:00,32.8,43,0.0,0.0,0,15,3.5,21.2,942.6
2025-05-13T12:00,33.6,40,0.0,0.0,0,14,2.2,16.2,942.1
2025-05-13T13:00,34.0,38,0.0,0.0,0,19,3.1,15.1,940.9
2025-05-13T14:00,33.9,38,0.0,0.0,2,55,3.6,15.5,939.9
2025-05-13T15:00,33.7,36,0.0,0.0,0,13,3.8,15.1,938.8
2025-05-13T16:00,33.8,36,0.0,0.0,0,15,5.6,15.8,937.8
2025-05-13T17:00,33.3,36,0.0,0.0,1,48,5.8,13.7,938.0
2025-05-13T18:00,31.0,49,0.0,0.0,1,39,7.7,12.6,938.8
2025-05-13T19:00,29.7,50,0.0,0.0,1,33,5.4,12.6,939.5
2025-05-13T20:00,29.0,52,0.0,0.0,0,14,7.1,11.2,940.1
2025-05-13T21:00,28.3,55,0.0,0.0,0,12,6.6,12.6,940.6
2025-05-13T22:00,27.8,59,0.0,0.0,0,19,6.0,9.4,941.2
2025-05-13T23:00,26.9,62,0.0,0.0,2,56,18.2,28.8,941.6
2025-05-14T00:00,26.2,65,0.0,0.0,1,36,16.3,29.9,941.5
2025-05-14T01:00,25.2,71,0.0,0.0,1,23,14.5,27.4,940.8
2025-05-14T02:00,24.7,75,0.0,0.0,3,82,9.5,23.8,940.3
2025-05-14T03:00,24.3,77,0.0,0.0,1,31,8.4,15.8,940.2
2025-05-14T04:00,24.0,80,0.0,0.0,0,2,5.6,13.7,940.3
2025-05-14T05:00,23.7,82,0.0,0.0,0,0,4.8,9.0,940.7
2025-05-14T06:00,24.5,85,0.0,0.0,0,2,7.3,12.6,941.7
2025-05-14T07:00,26.6,72,0.0,0.0,0,0,9.5,18.7,942.5
2025-05-14T08:00,28.6,61,0.0,0.0,0,3,8.5,20.5,943.4
2025-05-14T09:00,30.3,53,0.0,0.0,1,29,6.7,19.8,944.1
2025-05-14T10:00,31.7,48,0.0,0.0,3,95,4.0,18.7,944.0
2025-05-14T11:00,32.8,44,0.0,0.0,3,98,2.1,16.6,943.4
2025-05-14T12:00,33.7,41,0.0,0.0,3,100,4.9,17.6,943.0
2025-05-14T13:00,34.2,40,0.0,0.0,3,100,6.8,20.2,941.8
2025-05-14T14:00,34.2,39,0.0,0.0,3,100,6.9,20.2,940.8
2025-05-14T15:00,34.1,37,0.0,0.0,3,100,8.3,19.8,939.8
2025-05-14T16:00,33.5,37,0.0,0.0,3,100,8.7,19.4,939.1
2025-05-14T17:00,32.9,37,0.0,0.0,3,100,6.6,18.0,938.9
2025-05-14T18:00,31.3,53,0.0,0.0,3,100,1.6,8.3,939.5
2025-05-14T19:00,30.2,56,0.0,0.0,3,100,0.6,3.2,940.5
2025-05-14T20:00,29.1,59,0.0,0.0,3,100,3.7,4.7,941.1
2025-05-14T21:00,27.9,62,0.0,0.0,3,100,4.1,6.1,941.4
2025-05-14T22:00,27.2,64,0.0,0.0,3,100,5.3,8.3,941.8
2025-05-14T23:00,26.7,67,0.0,0.0,3,100,4.9,8.3,941.5
2025-05-15T00:00,26.5,72,0.0,0.0,3,100,1.9,7.2,940.9
2025-05-15T01:00,25.9,75,0.1,0.1,51,100,3.2,7.9,940.5
2025-05-15T02:00,25.6,77,0.1,0.1,51,100,2.3,7.6,940.0
2025-05-15T03:00,24.3,75,0.0,0.0,2,60,8.7,36.4,940.3
2025-05-15T04:00,24.5,75,0.0,0.0,3,80,3.6,12.6,940.8
2025-05-15T05:00,24.4,78,0.0,0.0,3,99,2.9,5.0,941.5
2025-05-15T06:00,25.5,69,0.1,0.1,51,99,8.6,18.0,943.6
2025-05-15T07:00,24.9,78,0.1,0.1,51,82,7.9,21.2,943.3
2025-05-15T08:00,26.4,73,0.0,0.0,3,99,13.0,25.9,943.7
2025-05-15T09:00,28.8,60,0.0,0.0,2,53,12.6,27.7,943.6
2025-05-15T10:00,30.8,52,0.0,0.0,3,92,10.8,27.4,943.5
2025-05-15T11:00,32.2,48,0.0,0.0,3,99,10.0,25.6,943.0
2025-05-15T12:00,32.9,46,0.0,0.0,3,100,9.6,24.8,942.7
2025-05-15T13:00,33.3,44,0.0,0.0,3,100,6.8,24.1,941.9
2025-05-15T14:00,33.5,43,0.0,0.0,3,100,3.5,20.2,941.0
2025-05-15T15:00,33.5,44,0.0,0.0,3,100,3.1,15.1,940.2
2025-05-15T16:00,33.0,44,0.0,0.0,3,100,6.0,15.1,939.5
2025-05-15T17:00,32.4,45,0.0,0.0,3,100,6.0,15.1,939.3
2025-05-15T18:00,29.8,50,0.0,0.0,3,100,4.3,9.0,939.9
2025-05-15T19:00,28.7,55,0.0,0.0,3,100,3.6,6.8,941.0
2025-05-15T20:00,28.1,57,0.0,0.0,3,100,5.4,7.9,941.6
2025-05-15T21:00,27.7,61,0.0,0.0,3,100,4.4,8.3,942.1
2025-05-15T22:00,27.7,62,0.0,0.0,3,100,2.4,5.8,942.5
2025-05-15T23:00,27.0,65,0.0,0.0,3,100,3.9,5.8,941.9
2025-05-16T00:00,26.9,62,0.0,0.0,3,100,11.2,14.4,942.1
2025-05-16T01:00,25.1,71,0.0,0.0,1,39,9.8,23.0,941.5
2025-05-16T02:00,24.7,74,0.0,0.0,3,85,7.2,15.8,940.5
2025-05-16T03:00,24.2,76,0.0,0.0,3,98,5.2,11.9,939.9
2025-05-16T04:00,23.9,80,0.0,0.0,3,94,3.5,8.6,940.1
2025-05-16T05:00,23.9,80,0.0,0.0,2,64,1.5,4.7,940.4
2025-05-16T06:00,24.3,84,0.0,0.0,3,100,6.0,10.4,941.2
2025-05-16T07:00,25.4,76,0.0,0.0,3,100,5.8,13.0,942.0
2025-05-16T08:00,26.9,69,0.0,0.0,3,100,5.4,14.0,943.0
2025-05-16T09:00,29.3,59,0.0,0.0,3,100,2.4,15.1,943.3
2025-05-16T10:00,30.9,53,0.0,0.0,3,89,3.4,14.0,943.3
2025-05-16T11:00,32.2,48,0.0,0.0,2,69,5.1,16.9,942.7
2025-05-16T12:00,32.8,46,0.0,0.0,3,100,4.3,16.9,942.0
2025-05-16T13:00,33.3,44,0.0,0.0,3,94,4.0,16.6,941.1
2025-05-16T14:00,34.1,42,0.0,0.0,0,19,1.4,16.9,939.9
2025-05-16T15:00,34.1,42,0.0,0.0,1,32,2.6,13.7,938.7
2025-05-16T16:00,33.2,42,0.1,0.1,51,76,5.8,14.4,938.5
2025-05-16T17:00,31.2,50,0.1,0.1,51,67,13.1,22.3,939.0
2025-05-16T18:00,30.6,50,0.0,0.0,2,58,6.9,12.6,939.6
2025-05-16T19:00,29.2,55,0.0,0.0,3,100,6.1,10.8,940.2
2025-05-16T20:00,28.3,59,0.0,0.0,3,90,5.9,8.6,941.1
2025-05-16T21:00,27.6,61,0.0,0.0,3,100,6.1,9.0,941.5
2025-05-16T22:00,27.2,62,0.0,0.0,3,99,7.8,11.5,941.8
2025-05-16T23:00,27.0,65,0.0,0.0,3,100,7.3,12.6,941.5
2025-05-17T00:00,26.5,69,0.0,0.0,3,100,7.4,11.9,940.9
2025-05-17T01:00,25.9,71,0.0,0.0,3,100,6.4,11.9,940.3
2025-05-17T02:00,25.5,73,0.0,0.0,3,100,6.0,10.4,939.6
2025-05-17T03:00,25.2,75,0.0,0.0,3,100,5.1,9.4,939.6
2025-05-17T04:00,24.7,76,0.0,0.0,3,100,4.9,8.3,939.8
2025-05-17T05:00,24.7,78,0.0,0.0,3,100,2.4,7.2,940.3
2025-05-17T06:00,25.8,73,0.0,0.0,3,100,2.2,4.0,941.0
2025-05-17T07:00,27.0,68,0.0,0.0,3,100,3.1,9.7,941.8
2025-05-17T08:00,28.3,62,0.0,0.0,3,100,6.1,16.2,942.4
2025-05-17T09:00,29.5,58,0.0,0.0,3,99,6.8,18.7,942.8
2025-05-17T10:00,30.9,54,0.0,0.0,3,99,5.4,18.7,942.6
2025-05-17T11:00,32.2,51,0.0,0.0,3,84,4.8,20.9,942.4
2025-05-17T12:00,33.2,48,0.0,0.0,3,85,7.2,22.0,941.8
2025-05-17T13:00,33.9,46,0.0,0.0,3,87,10.3,24.5,940.7
2025-05-17T14:00,33.3,45,0.3,0.3,51,100,13.1,28.1,939.7
2025-05-17T15:00,32.9,46,0.3,0.3,51,96,9.4,28.4,938.8
2025-05-17T16:00,32.3,47,0.0,0.0,3,100,8.1,22.7,937.7
2025-05-17T17:00,31.9,50,0.0,0.0,3,100,7.4,16.9,937.8
2025-05-17T18:00,30.3,59,0.0,0.0,3,96,4.3,8.6,938.9
2025-05-17T19:00,29.3,64,0.0,0.0,3,100,1.4,5.8,939.6
2025-05-17T20:00,28.3,67,0.0,0.0,3,100,2.7,3.2,940.3
2025-05-17T21:00,27.4,69,0.0,0.0,3,100,3.6,5.4,940.8
2025-05-17T22:00,26.9,73,0.0,0.0,3,99,3.6,5.4,941.3
2025-05-17T23:00,26.5,77,0.0,0.0,3,99,1.1,4.7,941.0
2025-05-18T00:00,26.0,77,0.0,0.0,3,100,1.3,2.2,940.2
2025-05-18T01:00,25.6,76,0.0,0.0,3,100,8.1,12.2,939.9
2025-05-18T02:00,25.2,75,0.0,0.0,3,100,8.8,15.1,939.5
2025-05-18T03:00,24.6,77,0.0,0.0,3,100,9.6,15.5,939.4
2025-05-18T04:00,24.2,79,0.0,0.0,3,100,10.4,18.4,939.6
2025-05-18T05:00,23.9,81,0.0,0.0,3,100,7.3,17.3,939.9
2025-05-18T06:00,24.4,83,0.0,0.0,3,100,9.8,16.9,940.8
2025-05-18T07:00,25.7,79,0.0,0.0,3,100,9.7,20.2,941.5
2025-05-18T08:00,27.5,70,0.0,0.0,3,100,8.4,19.8,941.8
2025-05-18T09:00,29.5,61,0.0,0.0,3,100,8.3,21.2,942.4
2025-05-18T10:00,30.8,56,0.0,0.0,3,99,6.5,20.9,942.3
2025-05-18T11:00,31.9,53,0.0,0.0,3,99,6.1,20.9,941.9
2025-05-18T12:00,32.8,50,0.0,0.0,3,100,5.2,20.9,941.5
2025-05-18T13:00,33.6,47,0.0,0.0,1,42,4.2,19.8,940.4
2025-05-18T14:00,33.6,46,0.1,0.1,51,68,5.3,16.9,939.5
2025-05-18T15:00,32.4,49,0.2,0.2,51,100,8.8,20.2,938.4
2025-05-18T16:00,32.3,48,0.2,0.2,51,100,4.5,20.5,937.5
2025-05-18T17:00,32.0,49,0.1,0.1,51,100,10.3,17.6,937.4
2025-05-18T18:00,27.1,76,0.2,0.2,51,100,3.1,27.4,938.0
2025-05-18T19:00,26.5,81,0.0,0.0,3,100,1.5,7.2,938.5
2025-05-18T20:00,26.4,82,0.0,0.0,3,100,4.0,6.1,939.2
2025-05-18T21:00,26.2,83,0.0,0.0,3,100,2.6,9.4,939.7
2025-05-18T22:00,25.8,86,0.0,0.0,3,100,3.2,5.0,939.7
2025-05-18T23:00,25.7,84,0.0,0.0,3,100,4.3,6.5,939.5
2025-05-19T00:00,23.5,94,4.9,4.9,63,100,20.4,37.1,940.1
2025-05-19T01:00,23.4,91,1.9,1.9,61,99,9.6,40.0,938.6
2025-05-19T02:00,23.5,93,0.1,0.1,51,88,2.4,16.6,938.2
2025-05-19T03:00,23.6,93,0.1,0.1,51,99,0.9,4.7,938.3
2025-05-19T04:00,23.6,93,0.0,0.0,3,100,2.3,3.6,938.3
2025-05-19T05:00,23.3,94,4.3,4.3,63,100,4.9,18.7,939.3
2025-05-19T06:00,24.6,89,0.1,0.1,51,100,1.9,7.2,940.0
2025-05-19T07:00,25.2,86,0.1,0.1,51,100,3.3,9.7,941.0
2025-05-19T08:00,26.6,78,0.0,0.0,3,100,0.0,11.2,941.0
2025-05-19T09:00,28.7,69,0.0,0.0,3,100,3.8,20.2,941.3
2025-05-19T10:00,30.5,60,0.0,0.0,3,100,8.3,22.3,941.4
2025-05-19T11:00,31.7,55,0.0,0.0,3,100,11.0,29.5,941.2
2025-05-19T12:00,32.4,52,0.0,0.0,3,100,9.6,29.5,940.4
2025-05-19T13:00,33.0,50,0.0,0.0,3,100,12.3,26.6,939.6
2025-05-19T14:00,32.9,50,0.0,0.0,3,100,11.6,27.7,938.6
2025-05-19T15:00,32.6,51,0.1,0.1,51,100,12.3,25.2,937.7
2025-05-19T16:00,31.4,55,0.3,0.3,51,100,14.6,28.1,937.1
2025-05-19T17:00,30.5,58,0.0,0.0,3,100,14.0,27.4,936.8
2025-05-19T18:00,29.8,60,0.0,0.0,3,100,9.7,20.5,937.0
2025-05-19T19:00,28.4,66,0.0,0.0,3,100,7.6,16.2,938.0
2025-05-19T20:00,27.7,70,0.0,0.0,3,100,8.0,13.3,939.1
2025-05-19T21:00,27.1,74,0.0,0.0,3,100,6.6,13.0,939.4
2025-05-19T22:00,26.6,78,0.0,0.0,3,100,5.4,10.4,939.5
2025-05-19T23:00,26.5,79,0.0,0.0,3,100,5.6,9.0,938.9
2025-05-20T00:00,26.0,83,0.0,0.0,3,100,4.7,9.0,938.4
2025-05-20T01:00,25.7,84,0.0,0.0,3,99,4.6,6.8,938.0
2025-05-20T02:00,25.5,86,0.0,0.0,3,100,5.4,8.6,937.6
2025-05-20T03:00,25.2,87,0.1,0.1,51,100,4.2,8.6,937.2
2025-05-20T04:00,25.1,88,0.0,0.0,3,100,4.5,7.9,937.7
2025-05-20T05:00,24.7,91,0.2,0.2,51,99,1.4,7.2,938.4
2025-05-20T06:00,25.6,86,0.0,0.0,3,99,2.2,5.8,938.6
2025-05-20T07:00,27.2,78,0.0,0.0,3,100,1.9,8.6,939.8
2025-05-20T08:00,28.5,72,0.0,0.0,3,96,4.0,13.3,940.4
2025-05-20T09:00,29.9,66,0.1,0.1,51,90,4.8,24.1,940.7
2025-05-20T10:00,31.0,62,0.1,0.1,51,99,5.1,25.2,940.8
2025-05-20T11:00,32.2,57,0.1,0.1,51,100,6.7,25.6,940.2
2025-05-20T12:00,33.3,50,0.0,0.0,3,100,9.9,24.8,939.6
2025-05-20T13:00,33.5,49,0.0,0.0,3,100,15.5,29.9,938.0
2025-05-20T14:00,32.5,54,1.2,1.2,55,100,15.6,33.5,937.4
2025-05-20T15:00,30.3,62,1.0,1.0,55,100,10.3,32.8,936.4
2025-05-20T16:00,30.7,60,0.0,0.0,3,100,9.8,21.6,935.9
2025-05-20T17:00,30.4,60,0.0,0.0,3,100,9.6,19.4,936.5
2025-05-20T18:00,29.6,61,0.0,0.0,3,100,4.6,15.5,937.0
2025-05-20T19:00,29.3,62,0.0,0.0,3,100,8.8,13.3,937.4
2025-05-20T20:00,28.6,67,0.0,0.0,3,100,11.4,18.4,938.1
2025-05-20T21:00,28.0,73,0.0,0.0,3,100,12.3,20.9,939.0
2025-05-20T22:00,27.7,74,0.0,0.0,3,100,8.4,20.2,938.8
2025-05-20T23:00,27.2,76,0.0,0.0,3,100,11.0,17.6,938.7
2025-05-21T00:00,25.3,83,0.0,0.0,3,100,20.1,32.0,938.4
2025-05-21T01:00,24.5,89,0.3,0.3,51,100,9.0,34.9,937.7
2025-05-21T02:00,24.4,91,0.3,0.3,51,100,4.0,15.5,937.9
2025-05-21T03:00,24.3,92,0.6,0.6,53,100,5.1,10.4,938.0
2025-05-21T04:00,24.4,93,0.4,0.4,51,100,4.9,8.3,938.1
2025-05-21T05:00,24.4,93,0.5,0.5,53,100,3.0,8.3,938.0
2025-05-21T06:00,24.0,94,0.6,0.6,53,100,3.3,19.1,938.7
2025-05-21T07:00,24.5,90,0.1,0.1,51,100,2.9,8.3,939.6
2025-05-21T08:00,25.7,83,0.0,0.0,3,100,3.4,11.9,940.5
2025-05-21T09:00,27.0,75,0.1,0.1,51,100,2.6,11.9,941.1
2025-05-21T10:00,27.9,71,0.1,0.1,51,100,2.6,16.9,941.1
2025-05-21T11:00,28.8,67,0.2,0.2,51,100,3.5,14.8,940.5
2025-05-21T12:00,29.5,64,0.2,0.2,51,100,3.0,17.3,940.2
2025-05-21T13:00,30.1,62,0.1,0.1,51,100,2.6,16.9,939.4
2025-05-21T14:00,30.0,64,0.1,0.1,51,100,2.4,16.2,938.3
2025-05-21T15:00,30.3,63,0.1,0.1,51,97,1.5,14.8,937.6
2025-05-21T16:00,28.5,70,1.4,1.4,61,91,3.5,13.0,936.5
2025-05-21T17:00,26.7,77,5.9,5.9,63,98,5.2,18.7,937.2
2025-05-21T18:00,24.5,91,3.8,3.8,63,100,11.1,24.8,938.2
2025-05-21T19:00,24.3,92,3.8,3.8,63,100,12.3,20.9,939.4
2025-05-21T20:00,24.1,93,3.0,3.0,63,100,7.2,20.5,940.0
2025-05-21T21:00,24.0,94,1.8,1.8,61,100,7.6,12.6,940.1
2025-05-21T22:00,24.1,94,0.8,0.8,53,100,10.8,18.7,939.6
2025-05-21T23:00,24.2,94,0.3,0.3,51,100,8.5,18.0,939.6
2025-05-22T00:00,24.0,94,0.2,0.2,51,100,9.3,15.5,939.4
2025-05-22T01:00,23.8,94,0.4,0.4,51,100,9.4,16.2,939.0
2025-05-22T02:00,23.6,95,0.3,0.3,51,100,9.4,15.8,938.5
2025-05-22T03:00,23.5,96,0.3,0.3,51,100,9.4,15.8,938.3
2025-05-22T04:00,23.5,96,0.2,0.2,51,100,8.4,15.5,938.6
2025-05-22T05:00,23.4,96,0.1,0.1,51,100,10.9,17.6,938.4
2025-05-22T06:00,23.3,95,0.5,0.5,53,100,12.2,20.5,939.2
2025-05-22T07:00,23.7,92,0.3,0.3,51,100,12.3,21.2,939.7
2025-05-22T08:00,25.1,81,0.2,0.2,51,98,17.6,31.0,940.2
2025-05-22T09:00,26.7,72,0.1,0.1,51,98,17.4,33.1,940.4
2025-05-22T10:00,28.8,62,0.0,0.0,3,100,16.5,33.5,940.3
2025-05-22T11:00,30.3,56,0.0,0.0,3,100,16.0,32.0,940.1
2025-05-22T12:00,30.6,55,0.0,0.0,3,97,16.2,32.4,939.4
2025-05-22T13:00,31.4,52,0.0,0.0,3,100,13.5,32.4,938.7
2025-05-22T14:00,31.5,51,0.0,0.0,3,96,14.4,29.9,937.8
2025-05-22T15:00,31.4,53,0.1,0.1,51,51,12.6,29.2,936.7
2025-05-22T16:00,29.4,60,0.1,0.1,51,97,20.8,37.8,936.7
2025-05-22T17:00,28.9,62,0.0,0.0,3,92,14.9,36.7,936.9
2025-05-22T18:00,28.4,63,0.0,0.0,3,100,10.8,28.8,937.4
2025-05-22T19:00,27.9,60,0.0,0.0,3,99,12.9,21.2,938.0
2025-05-22T20:00,27.4,59,0.0,0.0,3,100,15.4,25.9,938.7
2025-05-22T21:00,26.6,65,0.0,0.0,3,100,13.2,25.9,939.3
2025-05-22T22:00,25.6,74,0.0,0.0,3,100,11.7,22.0,939.7
2025-05-22T23:00,25.1,79,0.1,0.1,51,100,9.1,19.4,939.1
2025-05-23T00:00,25.0,80,0.0,0.0,3,100,9.9,15.8,938.6
2025-05-23T01:00,24.6,81,0.0,0.0,3,100,9.1,16.2,937.7
2025-05-23T02:00,24.6,80,0.0,0.0,3,92,11.0,18.0,937.4
2025-05-23T03:00,24.8,76,0.0,0.0,3,99,13.4,22.3,937.2
2025-05-23T04:00,24.8,76,0.0,0.0,3,85,13.6,23.0,937.4
2025-05-23T05:00,24.6,77,0.0,0.0,3,100,12.7,22.7,937.3
2025-05-23T06:00,24.2,75,0.0,0.0,3,99,18.5,33.1,937.8
2025-05-23T07:00,25.2,71,0.0,0.0,3,99,19.2,33.8,938.6
2025-05-23T08:00,26.6,66,0.0,0.0,3,100,19.6,36.4,938.8
2025-05-23T09:00,28.3,60,0.0,0.0,3,100,19.6,37.4,939.0
2025-05-23T10:00,30.3,52,0.0,0.0,3,100,22.6,43.2,938.8
2025-05-23T11:00,31.4,47,0.0,0.0,3,99,21.7,42.5,938.0
2025-05-23T12:00,31.8,47,0.0,0.0,3,85,20.3,40.7,937.2
2025-05-23T13:00,32.1,48,0.0,0.0,1,39,20.1,39.6,936.2
2025-05-23T14:00,31.8,48,0.0,0.0,2,60,18.6,38.2,935.3
2025-05-23T15:00,31.4,50,0.2,0.2,51,49,16.0,34.9,934.2
2025-05-23T16:00,31.5,53,0.2,0.2,51,64,14.8,29.9,933.6
2025-05-23T17:00,31.3,52,0.0,0.0,3,96,12.0,28.8,933.8
2025-05-23T18:00,29.0,58,0.0,0.0,3,100,7.6,25.6,935.0
2025-05-23T19:00,27.5,64,0.0,0.0,3,100,4.9,11.9,935.1
2025-05-23T20:00,27.4,62,0.0,0.0,3,99,8.0,11.9,936.1
2025-05-23T21:00,27.4,63,0.0,0.0,3,100,12.9,21.6,937.1
2025-05-23T22:00,26.3,70,0.0,0.0,3,100,8.3,21.2,937.3
2025-05-23T23:00,25.3,76,0.0,0.0,3,100,5.1,13.7,937.1
2025-05-24T00:00,25.1,77,0.0,0.0,3,100,7.8,11.9,936.3
2025-05-24T01:00,25.3,77,0.0,0.0,3,100,12.2,20.2,935.6
2025-05-24T02:00,25.0,78,0.0,0.0,3,99,10.1,20.5,935.1
2025-05-24T03:00,24.6,80,0.0,0.0,3,96,9.2,16.6,934.9
2025-05-24T04:00,24.7,78,0.0,0.0,3,100,11.2,18.4,934.7
2025-05-24T05:00,24.8,75,0.0,0.0,3,100,12.9,21.6,935.2
2025-05-24T06:00,24.8,72,0.0,0.0,3,100,13.8,23.4,936.3
2025-05-24T07:00,25.5,71,0.0,0.0,3,100,14.5,25.9,936.8
2025-05-24T08:00,26.5,67,0.0,0.0,3,100,15.7,29.2,937.2
2025-05-24T09:00,26.7,67,0.0,0.0,3,100,16.2,29.2,937.5
2025-05-24T10:00,28.5,60,0.0,0.0,3,100,15.7,33.8,937.4
2025-05-24T11:00,29.9,56,0.3,0.3,51,100,16.4,32.4,936.7
2025-05-24T12:00,29.8,58,0.1,0.1,51,100,15.0,32.0,936.3
2025-05-24T13:00,30.7,56,0.1,0.1,51,100,15.0,31.0,935.0
2025-05-24T14:00,31.6,54,0.1,0.1,51,100,12.7,31.7,933.9
2025-05-24T15:00,31.9,52,0.0,0.0,3,94,14.4,28.1,933.1
2025-05-24T16:00,31.5,52,0.0,0.0,3,94,13.1,28.8,933.0
2025-05-24T17:00,26.9,77,0.8,0.8,53,100,21.9,40.0,933.7
2025-05-24T18:00,26.2,75,0.1,0.1,51,100,10.3,34.6,934.9
2025-05-24T19:00,26.4,73,0.0,0.0,3,100,12.3,19.8,935.8
2025-05-24T20:00,26.3,75,0.0,0.0,3,100,13.1,22.3,936.6
2025-05-24T21:00,26.2,77,0.3,0.3,51,100,15.8,25.2,937.5
2025-05-24T22:00,24.6,88,1.1,1.1,55,99,13.4,27.0,937.5
2025-05-24T23:00,24.8,87,0.0,0.0,3,83,11.9,22.7,937.3
2025-05-25T00:00,24.5,86,0.0,0.0,2,79,13.1,21.2,936.5
2025-05-25T01:00,23.9,86,0.0,0.0,3,99,14.5,24.5,936.0
2025-05-25T02:00,23.3,89,0.0,0.0,3,97,12.4,24.5,935.2
2025-05-25T03:00,23.0,91,0.0,0.0,3,100,13.6,23.0,935.1
2025-05-25T04:00,22.9,92,0.0,0.0,3,97,10.9,22.7,935.0
2025-05-25T05:00,22.8,92,0.0,0.0,3,98,12.0,19.8,935.4
2025-05-25T06:00,24.3,83,0.0,0.0,3,100,14.4,25.6,936.3
2025-05-25T07:00,25.3,78,0.0,0.0,3,96,18.7,33.5,936.9
2025-05-25T08:00,27.3,67,0.0,0.0,3,98,23.7,41.8,937.5
2025-05-25T09:00,28.7,62,0.0,0.0,3,97,23.5,43.2,937.8
2025-05-25T10:00,29.9,57,0.1,0.1,51,99,23.3,43.6,938.1
2025-05-25T11:00,30.5,55,0.3,0.3,51,77,21.1,43.6,937.8
2025-05-25T12:00,30.7,55,0.2,0.2,51,82,18.1,39.6,937.0
2025-05-25T13:00,30.5,60,0.8,0.8,53,28,13.6,36.4,935.6
2025-05-25T14:00,29.9,60,0.5,0.5,53,82,20.0,36.7,934.6
2025-05-25T15:00,30.5,60,0.3,0.3,51,46,12.2,38.2,934.1
2025-05-25T16:00,30.5,59,0.0,0.0,2,58,12.4,26.6,934.0
2025-05-25T17:00,28.9,65,0.6,0.6,53,99,13.4,24.8,934.4
2025-05-25T18:00,26.7,71,0.0,0.0,3,100,13.5,32.8,935.3
2025-05-25T19:00,26.2,73,0.0,0.0,3,100,11.3,23.0,936.1
2025-05-25T20:00,25.3,81,0.2,0.2,51,100,12.8,20.9,936.8
2025-05-25T21:00,25.0,83,0.0,0.0,3,99,15.9,25.9,937.3
2025-05-25T22:00,24.4,88,0.1,0.1,51,99,16.9,27.7,937.3
2025-05-25T23:00,24.2,88,0.0,0.0,3,100,17.1,29.2,936.8
2025-05-26T00:00,23.9,90,0.0,0.0,3,98,16.4,28.8,936.1
2025-05-26T01:00,23.6,90,0.0,0.0,3,100,14.3,27.4,935.5
2025-05-26T02:00,23.8,90,0.0,0.0,3,99,13.8,24.8,934.9
2025-05-26T03:00,23.8,89,0.0,0.0,3,100,15.7,26.3,934.5
2025-05-26T04:00,23.8,88,0.0,0.0,3,100,14.9,26.6,934.6
2025-05-26T05:00,23.7,89,0.0,0.0,3,98,11.7,25.6,934.8
2025-05-26T06:00,23.7,85,0.0,0.0,3,99,16.3,27.7,935.5
2025-05-26T07:00,24.6,79,0.0,0.0,3,100,18.2,32.4,936.2
2025-05-26T08:00,25.8,74,0.0,0.0,3,100,16.5,33.1,936.4
2025-05-26T09:00,27.0,68,0.1,0.1,51,100,11.1,31.3,936.7
2025-05-26T10:00,27.2,68,0.0,0.0,3,100,9.0,24.1,936.7
2025-05-26T11:00,27.7,67,0.0,0.0,3,100,4.7,19.8,936.7
2025-05-26T12:00,27.9,67,0.1,0.1,51,100,2.6,14.4,936.3
2025-05-26T13:00,28.3,66,0.0,0.0,3,100,3.4,12.2,935.4
2025-05-26T14:00,28.3,65,0.0,0.0,3,100,4.9,13.7,934.4
2025-05-26T15:00,28.8,63,0.0,0.0,3,100,8.3,18.4,933.2
2025-05-26T16:00,29.3,62,0.0,0.0,3,100,9.8,21.2,933.2
2025-05-26T17:00,28.7,62,0.0,0.0,3,100,7.8,21.2,933.5
2025-05-26T18:00,26.3,71,0.1,0.1,51,100,9.5,17.6,934.4
2025-05-26T19:00,24.8,83,0.4,0.4,51,95,11.3,19.4,934.9
2025-05-26T20:00,24.4,88,0.0,0.0,3,100,10.0,18.7,935.5
2025-05-26T21:00,24.2,89,0.0,0.0,3,100,12.5,19.8,935.9
2025-05-26T22:00,23.7,92,0.0,0.0,3,100,11.7,20.5,935.8
2025-05-26T23:00,23.5,93,0.0,0.0,3,100,12.5,20.9,935.5
2025-05-27T00:00,23.3,94,0.0,0.0,3,100,12.6,20.9,935.0
2025-05-27T01:00,23.2,94,0.0,0.0,3,100,14.1,23.0,934.3
2025-05-27T02:00,23.5,91,0.0,0.0,3,100,16.3,27.4,933.8
2025-05-27T03:00,23.5,90,0.0,0.0,3,100,14.1,27.4,933.7
2025-05-27T04:00,23.4,90,0.0,0.0,3,100,11.3,23.4,933.8
2025-05-27T05:00,23.4,90,0.0,0.0,3,100,14.6,24.8,934.3
2025-05-27T06:00,23.2,89,0.0,0.0,3,96,14.6,25.6,935.0
2025-05-27T07:00,24.5,81,0.0,0.0,3,100,17.5,31.0,935.8
2025-05-27T08:00,25.8,74,0.0,0.0,3,100,18.4,34.6,936.5
2025-05-27T09:00,27.2,68,0.0,0.0,3,97,16.2,33.8,936.7
2025-05-27T10:00,28.8,62,0.0,0.0,2,72,14.5,31.3,936.9
2025-05-27T11:00,29.9,58,0.0,0.0,2,60,13.8,29.5,936.7
2025-05-27T12:00,30.5,57,0.0,0.0,2,70,13.9,29.2,936.2
2025-05-27T13:00,31.3,55,0.0,0.0,0,17,14.9,30.6,935.1
2025-05-27T14:00,31.4,54,0.0,0.0,1,48,14.3,31.0,934.1
2025-05-27T15:00,28.7,66,0.3,0.3,51,91,17.3,31.7,933.9
2025-05-27T16:00,27.3,76,0.2,0.2,51,87,12.0,32.8,933.7
2025-05-27T17:00,27.9,73,0.0,0.0,2,75,10.1,24.1,933.7
2025-05-27T18:00,28.1,64,0.0,0.0,3,100,15.7,31.0,934.0
2025-05-27T19:00,26.3,74,0.0,0.0,3,100,16.7,29.5,935.4
2025-05-27T20:00,25.6,78,0.0,0.0,3,100,14.3,27.7,935.9
2025-05-27T21:00,25.1,83,0.2,0.2,51,100,13.8,23.8,936.5
2025-05-27T22:00,24.5,88,0.2,0.2,51,100,12.7,22.7,936.5
2025-05-27T23:00,24.3,90,0.1,0.1,51,100,12.0,20.2,936.1
2025-05-28T00:00,24.0,90,0.0,0.0,3,100,13.1,21.6,934.9
2025-05-28T01:00,23.9,89,0.0,0.0,3,100,14.6,24.1,934.3
2025-05-28T02:00,23.8,89,0.0,0.0,3,100,15.5,24.8,934.0
2025-05-28T03:00,23.6,91,0.0,0.0,3,100,16.8,28.8,933.8
2025-05-28T04:00,23.6,91,0.0,0.0,3,100,15.7,28.4,933.9
2025-05-28T05:00,23.5,92,0.0,0.0,3,100,15.7,26.6,934.4
2025-05-28T06:00,23.6,91,0.0,0.0,3,100,19.4,32.8,934.3
2025-05-28T07:00,23.9,90,0.3,0.3,51,100,19.6,32.8,935.5
2025-05-28T08:00,23.7,94,0.7,0.7,53,100,16.5,33.5,936.3
2025-05-28T09:00,24.9,85,0.4,0.4,51,100,17.1,31.0,936.9
2025-05-28T10:00,26.1,77,0.3,0.3,51,100,22.3,40.3,937.2
2025-05-28T11:00,27.5,71,0.3,0.3,51,100,21.5,42.1,936.9
2025-05-28T12:00,28.3,66,0.1,0.1,51,100,20.0,40.0,936.3
2025-05-28T13:00,28.3,65,0.1,0.1,51,100,20.3,38.5,935.6
2025-05-28T14:00,27.2,75,0.4,0.4,51,100,18.6,37.4,934.8
2025-05-28T15:00,26.5,79,0.4,0.4,51,100,14.0,34.2,934.0
2025-05-28T16:00,26.3,81,0.3,0.3,51,100,12.5,25.6,933.7
2025-05-28T17:00,25.9,83,0.1,0.1,51,100,7.9,23.0,933.7
2025-05-28T18:00,26.4,75,0.0,0.0,3,100,12.5,19.8,934.2
2025-05-28T19:00,25.6,79,0.2,0.2,51,100,13.8,21.6,934.8
2025-05-28T20:00,23.9,93,1.2,1.2,55,100,15.1,24.5,935.0
2025-05-28T21:00,23.7,94,0.1,0.1,51,100,15.5,27.0,935.3
2025-05-28T22:00,23.7,94,0.0,0.0,3,100,16.1,26.6,935.7
2025-05-28T23:00,23.8,94,0.0,0.0,3,100,14.8,26.6,935.4
2025-05-29T00:00,23.7,94,0.0,0.0,3,100,15.3,25.6,935.1
2025-05-29T01:00,23.4,94,0.0,0.0,3,100,15.8,27.4,934.3
2025-05-29T02:00,23.3,94,0.0,0.0,3,100,14.1,26.6,933.6
2025-05-29T03:00,23.1,95,0.0,0.0,3,100,15.2,25.6,933.4
2025-05-29T04:00,23.1,96,0.0,0.0,3,100,14.9,25.9,933.5
2025-05-29T05:00,23.1,93,0.0,0.0,3,100,15.9,27.0,933.9
2025-05-29T06:00,23.8,95,0.4,0.4,51,100,18.0,31.0,934.6
2025-05-29T07:00,24.2,93,0.3,0.3,51,100,17.1,30.2,935.4
2025-05-29T08:00,24.6,90,0.1,0.1,51,100,15.7,28.8,935.9
2025-05-29T09:00,25.1,86,0.2,0.2,51,100,15.9,27.7,936.2
2025-05-29T10:00,26.0,81,0.2,0.2,51,100,13.9,28.1,936.5
2025-05-29T11:00,25.6,88,0.6,0.6,53,100,11.0,24.1,935.7
2025-05-29T12:00,28.3,68,0.1,0.1,51,100,13.7,24.8,935.8
2025-05-29T13:00,29.4,61,0.0,0.0,3,100,16.2,28.4,935.0
2025-05-29T14:00,30.1,60,0.0,0.0,3,100,16.5,33.5,933.8
2025-05-29T15:00,30.8,57,0.0,0.0,3,100,12.7,33.5,932.9
2025-05-29T16:00,31.8,52,0.0,0.0,3,100,11.5,30.2,932.6
2025-05-29T17:00,30.3,57,0.0,0.0,3,100,9.9,24.8,933.1
2025-05-29T18:00,26.7,75,0.2,0.2,51,100,8.2,22.7,933.2
2025-05-29T19:00,26.1,81,0.1,0.1,51,100,4.7,13.0,934.0
2025-05-29T20:00,26.2,80,0.2,0.2,51,100,12.6,18.0,934.8
2025-05-29T21:00,24.7,88,0.5,0.5,53,100,14.6,25.6,935.5
2025-05-29T22:00,24.4,91,0.8,0.8,53,100,13.6,23.8,936.1
2025-05-29T23:00,24.2,92,1.6,1.6,61,100,15.7,25.9,936.1
2025-05-30T00:00,23.8,93,0.9,0.9,53,100,13.6,26.6,935.2
2025-05-30T01:00,23.4,93,0.2,0.2,51,100,15.8,25.2,934.3
2025-05-30T02:00,23.4,91,0.0,0.0,3,100,19.0,31.3,933.7
2025-05-30T03:00,23.6,90,0.0,0.0,3,100,19.2,32.0,933.7
2025-05-30T04:00,23.5,90,0.0,0.0,3,99,18.1,32.0,933.8
2025-05-30T05:00,23.5,90,0.0,0.0,3,88,17.5,30.6,934.2
2025-05-30T06:00,24.1,87,0.0,0.0,3,100,17.2,29.2,935.2
2025-05-30T07:00,25.6,80,0.0,0.0,3,100,19.4,32.0,936.1
2025-05-30T08:00,27.4,71,0.0,0.0,3,99,23.5,46.8,936.9
2025-05-30T09:00,29.4,61,0.0,0.0,1,42,20.9,41.8,937.6
2025-05-30T10:00,30.5,57,0.0,0.0,3,100,20.9,41.8,937.6
2025-05-30T11:00,30.9,55,0.0,0.0,3,100,20.5,41.4,937.1
2025-05-30T12:00,31.8,53,0.0,0.0,3,100,19.8,41.4,936.8
2025-05-30T13:00,32.4,49,0.0,0.0,3,100,19.2,40.0,935.9
2025-05-30T14:00,32.9,47,0.0,0.0,3,100,18.7,38.5,935.3
2025-05-30T15:00,32.4,46,0.0,0.0,3,100,17.5,36.7,934.4
2025-05-30T16:00,32.6,43,0.0,0.0,3,100,18.9,33.8,934.0
2025-05-30T17:00,31.7,46,0.0,0.0,3,99,17.1,33.1,934.5
2025-05-30T18:00,29.8,56,0.0,0.0,3,100,14.3,28.4,935.3
2025-05-30T19:00,29.1,58,0.0,0.0,3,100,13.1,24.1,936.0
2025-05-30T20:00,28.5,62,0.0,0.0,3,100,10.6,21.6,936.9
2025-05-30T21:00,28.1,63,0.0,0.0,3,100,10.6,17.3,937.4
2025-05-30T22:00,27.5,65,0.0,0.0,3,100,10.0,17.3,937.7
2025-05-30T23:00,27.7,65,0.0,0.0,3,100,11.0,17.6,937.7
2025-05-31T00:00,27.6,65,0.0,0.0,3,100,15.6,24.8,937.4
2025-05-31T01:00,27.3,66,0.0,0.0,3,100,20.7,34.6,937.1
2025-05-31T02:00,26.8,67,0.0,0.0,3,100,19.6,35.3,937.1
2025-05-31T03:00,25.8,71,0.0,0.0,3,100,19.8,33.8,937.6
2025-05-31T04:00,25.3,74,0.0,0.0,3,100,20.4,34.6,938.0
2025-05-31T05:00,24.7,75,0.0,0.0,3,100,20.9,35.3,938.3
2025-05-31T06:00,24.3,79,0.0,0.0,3,100,20.6,34.6,938.8
2025-05-31T07:00,25.2,78,0.0,0.0,3,96,20.7,36.4,939.8
2025-05-31T08:00,26.8,72,0.0,0.0,1,30,21.6,39.6,940.1
2025-05-31T09:00,28.7,61,0.0,0.0,1,37,23.0,42.5,940.8
2025-05-31T10:00,30.3,53,0.0,0.0,3,85,23.3,43.6,940.8
2025-05-31T11:00,31.8,45,0.0,0.0,3,97,23.1,43.6,940.8
2025-05-31T12:00,32.9,40,0.0,0.0,3,100,22.4,43.6,940.4
2025-05-31T13:00,33.6,38,0.0,0.0,3,100,21.1,42.1,939.6
2025-05-31T14:00,33.9,38,0.0,0.0,3,92,20.2,39.6,938.7
2025-05-31T15:00,34.0,37,0.0,0.0,3,92,20.0,37.4,938.1
2025-05-31T16:00,33.6,36,0.0,0.0,3,100,18.5,36.4,937.6
2025-05-31T17:00,32.4,40,0.0,0.0,3,99,14.5,31.3,937.5
2025-05-31T18:00,30.1,42,0.0,0.0,3,98,14.2,25.2,938.2
2025-05-31T19:00,28.8,45,0.0,0.0,3,100,13.4,23.4,938.6
2025-05-31T20:00,28.3,45,0.0,0.0,3,100,15.2,24.1,939.2
2025-05-31T21:00,28.1,43,0.0,0.0,3,100,14.3,25.6,939.9
2025-05-31T22:00,27.3,47,0.0,0.0,3,100,13.9,23.0,940.3
2025-05-31T23:00,26.5,51,0.0,0.0,3,100,13.0,22.7,940.3
2025-06-01T00:00,26.2,51,0.0,0.0,3,100,15.2,24.5,939.9
2025-06-01T01:00,26.2,53,0.0,0.0,3,100,18.0,29.5,939.6
2025-06-01T02:00,25.7,60,0.0,0.0,3,100,18.7,31.3,939.3
2025-06-01T03:00,25.2,66,0.0,0.0,3,97,18.6,31.0,939.5
2025-06-01T04:00,24.7,71,0.0,0.0,3,92,18.0,31.0,939.6
2025-06-01T05:00,24.2,76,0.0,0.0,3,83,18.1,30.2,939.9
2025-06-01T06:00,25.3,76,0.0,0.0,3,98,22.2,37.4,941.1
2025-06-01T07:00,26.2,73,0.0,0.0,3,100,20.9,37.8,941.8
2025-06-01T08:00,27.7,67,0.0,0.0,3,96,20.1,37.4,942.5
2025-06-01T09:00,29.3,61,0.0,0.0,3,97,22.1,40.7,942.5
2025-06-01T10:00,30.6,56,0.0,0.0,3,100,22.6,42.5,942.5
2025-06-01T11:00,31.9,49,0.0,0.0,3,97,22.8,42.8,941.9
2025-06-01T12:00,32.8,43,0.0,0.0,3,100,23.0,43.2,941.2
2025-06-01T13:00,33.2,42,0.0,0.0,3,99,21.8,44.3,940.3
2025-06-01T14:00,33.4,41,0.0,0.0,3,91,21.8,42.5,939.6
2025-06-01T15:00,33.0,42,0.0,0.0,3,95,20.4,41.0,939.3
2025-06-01T16:00,32.8,42,0.0,0.0,3,82,17.5,37.4,939.0
2025-06-01T17:00,31.9,45,0.0,0.0,3,89,13.8,32.0,938.8
2025-06-01T18:00,29.5,49,0.0,0.0,3,97,10.3,24.5,939.7
2025-06-01T19:00,28.4,54,0.0,0.0,3,96,15.3,23.8,940.3
2025-06-01T20:00,25.5,69,0.0,0.0,3,100,14.1,34.9,940.7
2025-06-01T21:00,25.4,72,0.0,0.0,3,100,8.0,22.3,941.3
2025-06-01T22:00,24.7,77,0.0,0.0,3,97,6.0,13.3,941.2
2025-06-01T23:00,24.4,81,0.0,0.0,3,90,3.6,9.7,940.9
2025-06-02T00:00,24.5,78,0.0,0.0,3,100,6.2,8.6,940.2
2025-06-02T01:00,25.5,70,0.0,0.0,3,100,12.8,20.2,939.8
2025-06-02T02:00,25.4,71,0.0,0.0,3,100,15.1,25.2,939.8
2025-06-02T03:00,24.9,74,0.0,0.0,3,100,15.3,25.6,939.8
2025-06-02T04:00,24.3,76,0.0,0.0,3,99,16.6,28.1,939.8
2025-06-02T05:00,23.8,79,0.0,0.0,3,100,16.8,28.1,939.9
2025-06-02T06:00,24.5,76,0.0,0.0,3,94,16.3,27.4,940.7
2025-06-02T07:00,25.5,72,0.0,0.0,2,61,18.3,32.4,941.1
2025-06-02T08:00,26.9,68,0.0,0.0,2,75,18.1,34.6,941.5
2025-06-02T09:00,28.8,58,0.0,0.0,3,100,22.7,41.0,941.5
2025-06-02T10:00,30.0,53,0.0,0.0,3,98,23.2,42.8,941.1
2025-06-02T11:00,31.4,47,0.0,0.0,3,93,23.4,43.6,940.8
2025-06-02T12:00,31.1,49,0.1,0.1,51,82,22.4,43.2,940.2
2025-06-02T13:00,32.0,51,0.1,0.1,51,98,21.4,43.2,939.6
2025-06-02T14:00,32.4,49,0.0,0.0,3,100,21.0,41.8,938.9
2025-06-02T15:00,31.5,50,0.2,0.2,51,99,20.5,40.0,938.2
2025-06-02T16:00,26.7,72,0.5,0.5,53,99,24.2,45.0,938.2
2025-06-02T17:00,25.7,79,0.7,0.7,53,96,16.6,41.4,937.9
2025-06-02T18:00,28.7,53,0.0,0.0,3,98,13.7,26.3,939.1
2025-06-02T19:00,28.3,55,0.0,0.0,3,100,11.1,23.0,939.7
2025-06-02T20:00,27.5,59,0.0,0.0,3,85,7.5,18.4,940.2
2025-06-02T21:00,27.1,59,0.0,0.0,3,100,14.9,22.0,940.7
2025-06-02T22:00,25.7,69,0.2,0.2,51,100,17.3,31.3,940.7
2025-06-02T23:00,26.1,64,0.0,0.0,3,100,18.6,31.0,940.3
2025-06-03T00:00,25.9,65,0.0,0.0,3,100,18.0,31.0,940.0
2025-06-03T01:00,25.7,67,0.0,0.0,3,100,20.4,34.2,939.6
2025-06-03T02:00,25.8,69,0.0,0.0,3,99,20.2,35.6,939.5
2025-06-03T03:00,25.1,74,0.0,0.0,3,92,17.7,33.8,939.4
2025-06-03T04:00,24.1,77,0.0,0.0,3,84,15.1,29.9,939.6
2025-06-03T05:00,23.6,79,0.0,0.0,2,77,14.1,25.2,940.4
2025-06-03T06:00,24.9,73,0.0,0.0,3,100,18.1,30.6,941.0
2025-06-03T07:00,25.6,72,0.0,0.0,3,85,18.6,32.4,941.7
2025-06-03T08:00,26.9,68,0.0,0.0,2,52,19.5,36.0,941.9
2025-06-03T09:00,28.2,63,0.0,0.0,2,51,20.0,38.2,942.2
2025-06-03T10:00,29.0,61,0.0,0.0,2,69,18.0,37.8,942.0
2025-06-03T11:00,30.6,53,0.0,0.0,2,78,18.4,36.0,941.5
2025-06-03T12:00,31.4,49,0.0,0.0,2,53,17.7,36.0,941.1
2025-06-03T13:00,31.8,48,0.0,0.0,3,90,14.8,34.6,940.0
2025-06-03T14:00,32.2,47,0.0,0.0,3,82,14.1,30.2,939.3
2025-06-03T15:00,32.4,45,0.0,0.0,3,89,15.3,29.5,938.6
2025-06-03T16:00,31.6,47,0.1,0.1,51,79,15.0,31.0,938.1
2025-06-03T17:00,31.1,49,0.0,0.0,3,92,11.3,26.6,938.1
2025-06-03T18:00,27.7,60,0.0,0.0,3,81,8.9,25.9,939.1
2025-06-03T19:00,26.9,62,0.0,0.0,1,31,7.6,14.8,939.5
2025-06-03T20:00,26.4,65,0.0,0.0,0,4,8.7,13.0,939.9
2025-06-03T21:00,26.4,63,0.0,0.0,0,4,9.1,15.5,940.3
2025-06-03T22:00,25.9,64,0.0,0.0,0,2,8.0,14.8,940.5
2025-06-03T23:00,25.6,65,0.0,0.0,0,0,10.9,17.3,940.6
2025-06-04T00:00,25.3,67,0.0,0.0,0,0,12.7,20.5,940.4
2025-06-04T01:00,25.1,66,0.0,0.0,0,0,14.3,23.0,940.0
2025-06-04T02:00,25.1,66,0.0,0.0,0,0,15.9,26.3,940.0
2025-06-04T03:00,24.7,70,0.0,0.0,1,30,16.3,27.0,940.0
2025-06-04T04:00,24.2,73,0.0,0.0,2,69,16.7,28.1,940.3
2025-06-04T05:00,23.7,76,0.0,0.0,2,69,16.1,28.1,940.7
2025-06-04T06:00,25.0,73,0.0,0.0,3,88,15.7,26.3,942.0
2025-06-04T07:00,26.0,71,0.0,0.0,3,95,16.8,29.5,942.4
2025-06-04T08:00,27.5,64,0.0,0.0,3,85,17.0,32.4,942.8
2025-06-04T09:00,29.3,55,0.0,0.0,1,23,15.4,32.0,943.1
2025-06-04T10:00,30.7,49,0.0,0.0,0,15,14.9,30.6,943.0
2025-06-04T11:00,31.9,45,0.0,0.0,2,61,15.2,32.4,942.4
2025-06-04T12:00,32.5,43,0.0,0.0,2,79,16.0,33.1,941.9
2025-06-04T13:00,33.0,42,0.0,0.0,2,62,16.4,33.1,941.1
2025-06-04T14:00,32.8,41,0.0,0.0,1,23,16.5,32.8,940.4
2025-06-04T15:00,32.5,41,0.0,0.0,2,61,15.5,32.4,939.8
2025-06-04T16:00,32.0,43,0.0,0.0,1,29,13.5,29.5,939.2
2025-06-04T17:00,31.4,48,0.0,0.0,1,32,6.8,24.5,939.3
2025-06-04T18:00,29.4,52,0.0,0.0,1,29,9.2,18.0,939.9
2025-06-04T19:00,28.3,52,0.0,0.0,0,17,11.2,18.4,940.4
2025-06-04T20:00,27.6,53,0.0,0.0,0,19,8.9,18.4,941.1
2025-06-04T21:00,26.6,57,0.0,0.0,1,34,10.4,15.1,941.6
2025-06-04T22:00,25.8,64,0.0,0.0,3,100,16.3,26.6,942.3
2025-06-04T23:00,25.0,68,0.0,0.0,3,100,15.5,28.1,942.3
2025-06-05T00:00,25.0,70,0.0,0.0,3,100,13.7,25.9,941.7
2025-06-05T01:00,24.8,74,0.1,0.1,51,100,12.9,22.7,941.1
2025-06-05T02:00,24.2,82,0.3,0.3,51,100,11.6,20.9,940.8
2025-06-05T03:00,24.1,83,0.2,0.2,51,100,12.9,20.5,940.6
2025-06-05T04:00,24.1,82,0.0,0.0,3,100,11.9,20.9,941.0
2025-06-05T05:00,23.6,83,0.0,0.0,3,100,9.8,19.1,941.4
2025-06-05T06:00,24.1,76,0.0,0.0,3,100,10.3,18.0,942.6
2025-06-05T07:00,24.4,76,0.0,0.0,3,83,9.0,18.4,943.1
2025-06-05T08:00,25.9,71,0.0,0.0,3,99,7.6,19.1,943.7
2025-06-05T09:00,27.3,66,0.0,0.0,3,100,6.1,18.4,943.9
2025-06-05T10:00,28.6,61,0.0,0.0,3,100,5.8,18.4,943.4
2025-06-05T11:00,29.7,57,0.0,0.0,3,95,4.4,18.4,943.1
2025-06-05T12:00,30.5,52,0.0,0.0,3,97,3.1,16.9,942.8
2025-06-05T13:00,30.8,51,0.0,0.0,3,100,2.3,17.3,942.2
2025-06-05T14:00,31.1,50,0.0,0.0,3,98,4.8,16.9,941.3
2025-06-05T15:00,31.0,50,0.0,0.0,3,97,5.3,17.3,940.9
2025-06-05T16:00,30.8,49,0.0,0.0,3,96,3.8,15.5,940.3
2025-06-05T17:00,30.5,48,0.0,0.0,3,100,2.6,11.9,940.2
2025-06-05T18:00,29.0,62,0.0,0.0,3,91,1.8,9.0,941.2
2025-06-05T19:00,27.8,60,0.0,0.0,2,58,3.8,4.0,941.5
2025-06-05T20:00,27.1,59,0.0,0.0,1,34,9.4,15.1,942.6
2025-06-05T21:00,26.2,63,0.0,0.0,1,32,7.1,15.1,942.9
2025-06-05T22:00,25.4,69,0.0,0.0,2,50,5.0,11.2,943.2
2025-06-05T23:00,24.8,73,0.0,0.0,2,62,4.0,6.8,942.8
2025-06-06T00:00,24.5,73,0.0,0.0,3,91,6.6,9.7,942.7
2025-06-06T01:00,24.0,77,0.0,0.0,2,58,6.7,11.5,942.0
2025-06-06T02:00,23.4,82,0.0,0.0,0,13,5.8,11.5,941.5
2025-06-06T03:00,22.9,86,0.0,0.0,2,79,6.6,10.1,941.4
2025-06-06T04:00,22.8,87,0.0,0.0,1,37,7.9,13.7,941.9
2025-06-06T05:00,22.8,87,0.0,0.0,2,52,7.0,13.3,942.0
2025-06-06T06:00,24.6,81,0.0,0.0,2,62,9.6,16.2,943.2
2025-06-06T07:00,25.8,78,0.0,0.0,3,99,10.6,19.8,943.6
2025-06-06T08:00,27.5,71,0.0,0.0,1,32,11.4,23.4,944.1
2025-06-06T09:00,29.3,62,0.0,0.0,3,82,10.3,24.5,944.4
2025-06-06T10:00,30.4,57,0.0,0.0,3,86,8.0,23.4,944.1
2025-06-06T11:00,31.5,53,0.0,0.0,3,88,6.7,21.6,943.7
2025-06-06T12:00,32.2,51,0.0,0.0,3,82,6.0,20.2,943.0
2025-06-06T13:00,32.7,49,0.0,0.0,3,83,6.3,18.7,942.3
2025-06-06T14:00,32.8,48,0.0,0.0,3,80,6.6,18.4,941.5
2025-06-06T15:00,32.8,46,0.0,0.0,3,91,6.4,18.0,941.2
2025-06-06T16:00,32.3,47,0.1,0.1,51,95,4.5,16.9,940.8
2025-06-06T17:00,31.2,52,0.1,0.1,51,93,5.7,11.9,940.9
2025-06-06T18:00,28.4,61,0.0,0.0,3,100,7.8,15.1,941.1
2025-06-06T19:00,26.7,71,0.0,0.0,3,100,3.3,13.0,941.1
2025-06-06T20:00,26.8,71,0.0,0.0,3,83,0.7,4.3,941.8
2025-06-06T21:00,26.4,70,0.0,0.0,1,45,0.4,1.1,942.2
2025-06-06T22:00,25.5,72,0.0,0.0,2,70,4.4,7.2,942.4
2025-06-06T23:00,24.8,76,0.0,0.0,3,97,4.6,8.3,941.8
2025-06-07T00:00,24.7,76,0.0,0.0,3,88,5.3,7.6,941.2
2025-06-07T01:00,25.1,72,0.0,0.0,2,57,6.9,10.4,941.0
2025-06-07T02:00,25.4,69,0.0,0.0,1,31,7.7,12.2,940.6
2025-06-07T03:00,25.4,69,0.0,0.0,1,29,9.7,14.8,940.7
2025-06-07T04:00,25.1,70,0.0,0.0,3,93,9.6,16.9,941.2
2025-06-07T05:00,24.5,71,0.0,0.0,3,98,11.6,19.1,941.5
2025-06-07T06:00,26.2,70,0.0,0.0,3,84,13.9,23.4,942.9
2025-06-07T07:00,27.3,68,0.0,0.0,2,69,11.7,23.0,943.8
2025-06-07T08:00,28.5,65,0.0,0.0,1,36,16.3,31.0,944.5
2025-06-07T09:00,29.7,58,0.0,0.0,0,7,16.3,32.0,944.4
2025-06-07T10:00,31.1,53,0.0,0.0,3,83,14.6,32.0,943.9
2025-06-07T11:00,32.3,49,0.0,0.0,3,95,13.4,29.9,943.8
2025-06-07T12:00,32.7,47,0.0,0.0,3,86,12.9,28.8,942.9
2025-06-07T13:00,33.5,45,0.0,0.0,2,70,11.3,28.1,942.0
2025-06-07T14:00,33.8,43,0.0,0.0,2,71,9.2,25.2,941.0
2025-06-07T15:00,33.8,41,0.0,0.0,2,56,7.6,20.9,940.3
2025-06-07T16:00,32.6,43,0.0,0.0,2,69,9.7,21.2,940.0
2025-06-07T17:00,32.4,46,0.0,0.0,1,22,4.6,19.4,940.3
2025-06-07T18:00,30.0,55,0.0,0.0,1,30,9.0,13.3,941.2
2025-06-07T19:00,26.8,66,0.0,0.0,1,29,15.5,28.1,941.6
2025-06-07T20:00,26.0,68,0.0,0.0,1,32,14.7,26.3,942.6
2025-06-07T21:00,25.6,73,0.0,0.0,3,88,12.5,25.6,942.7
2025-06-07T22:00,25.3,76,0.0,0.0,3,100,9.7,20.9,942.5
2025-06-07T23:00,25.6,76,0.0,0.0,3,99,11.0,18.4,942.0
2025-06-08T00:00,25.4,77,0.0,0.0,2,79,10.1,18.4,941.3
2025-06-08T01:00,25.4,75,0.0,0.0,3,99,9.7,16.6,940.7
2025-06-08T02:00,25.4,73,0.0,0.0,0,10,12.0,19.8,940.5
2025-06-08T03:00,24.8,76,0.0,0.0,0,11,12.3,20.2,940.5
2025-06-08T04:00,24.5,79,0.0,0.0,0,1,12.1,20.5,940.7
2025-06-08T05:00,24.2,82,0.0,0.0,0,15,11.0,20.2,941.0
2025-06-08T06:00,25.2,78,0.0,0.0,1,29,12.5,20.5,942.1
2025-06-08T07:00,26.7,74,0.0,0.0,1,27,12.7,23.8,942.8
2025-06-08T08:00,28.4,67,0.0,0.0,2,64,13.1,25.6,943.3
2025-06-08T09:00,29.9,60,0.0,0.0,1,24,16.2,31.0,943.5
2025-06-08T10:00,31.0,55,0.0,0.0,0,9,18.0,34.9,943.1
2025-06-08T11:00,32.5,47,0.0,0.0,1,23,17.2,35.3,942.7
2025-06-08T12:00,33.0,44,0.0,0.0,1,26,16.1,33.8,942.0
2025-06-08T13:00,33.6,45,0.0,0.0,1,41,16.2,32.0,941.2
2025-06-08T14:00,33.0,44,0.0,0.0,3,80,16.1,32.4,940.2
2025-06-08T15:00,33.1,44,0.0,0.0,3,100,12.9,30.6,939.3
2025-06-08T16:00,32.4,45,0.0,0.0,3,100,12.7,24.5,939.0
2025-06-08T17:00,31.9,47,0.1,0.1,51,92,2.3,22.3,939.3
2025-06-08T18:00,27.3,72,0.3,0.3,51,57,14.5,28.8,940.1
2025-06-08T19:00,26.2,75,0.0,0.0,1,27,14.1,23.8,940.0
2025-06-08T20:00,25.8,75,0.0,0.0,1,44,11.2,23.4,940.6
2025-06-08T21:00,25.6,80,0.0,0.0,0,5,13.7,22.7,941.1
2025-06-08T22:00,25.3,82,0.0,0.0,0,6,13.8,24.1,941.3
2025-06-08T23:00,25.4,73,0.0,0.0,0,3,12.2,22.7,940.7
2025-06-09T00:00,25.6,69,0.0,0.0,1,21,12.4,20.2,940.1
2025-06-09T01:00,25.5,69,0.0,0.0,1,42,17.6,30.2,940.1
2025-06-09T02:00,24.3,76,2.0,2.0,61,90,14.0,29.2,940.4
2025-06-09T03:00,24.6,75,0.0,0.0,2,79,18.0,29.5,939.5
2025-06-09T04:00,24.4,76,0.0,0.0,1,22,16.2,30.2,939.0
2025-06-09T05:00,24.2,76,0.0,0.0,2,54,14.1,27.0,939.3
2025-06-09T06:00,24.5,79,0.0,0.0,1,25,14.4,27.4,940.9
2025-06-09T07:00,25.8,74,0.0,0.0,1,46,15.9,27.7,941.7
2025-06-09T08:00,26.5,71,0.0,0.0,2,71,20.5,37.4,942.0
2025-06-09T09:00,26.7,68,0.0,0.0,3,98,17.1,37.1,942.7
2025-06-09T10:00,26.0,78,0.3,0.3,51,100,15.6,32.4,942.7
2025-06-09T11:00,26.0,79,0.3,0.3,51,100,17.0,32.8,942.0
2025-06-09T12:00,25.4,84,0.6,0.6,53,100,13.5,32.0,940.8
2025-06-09T13:00,25.8,82,0.5,0.5,53,100,14.0,25.9,939.5
2025-06-09T14:00,27.1,73,0.0,0.0,3,100,15.5,28.8,938.4
2025-06-09T15:00,27.6,70,0.0,0.0,3,100,14.8,28.4,937.2
2025-06-09T16:00,27.8,73,0.0,0.0,3,95,12.1,26.6,936.7
2025-06-09T17:00,28.7,70,0.0,0.0,3,99,14.2,24.8,937.0
2025-06-09T18:00,27.8,72,0.0,0.0,3,100,14.7,24.5,937.6
2025-06-09T19:00,27.1,74,0.0,0.0,3,100,16.2,26.6,938.4
2025-06-09T20:00,27.0,75,0.0,0.0,3,100,17.0,30.6,939.0
2025-06-09T21:00,26.8,77,0.0,0.0,3,100,16.2,28.1,939.4
2025-06-09T22:00,26.6,78,0.0,0.0,1,33,18.2,30.2,939.4
2025-06-09T23:00,26.1,79,0.0,0.0,3,99,17.6,31.0,939.1
2025-06-10T00:00,25.2,75,0.0,0.0,3,99,18.0,29.9,938.1
2025-06-10T01:00,24.6,74,0.0,0.0,3,100,16.7,30.2,937.2
2025-06-10T02:00,24.5,75,0.0,0.0,3,86,17.1,27.7,937.0
2025-06-10T03:00,24.4,78,0.0,0.0,3,98,16.3,28.4,936.9
2025-06-10T04:00,24.4,80,0.0,0.0,3,98,17.1,28.8,936.8
2025-06-10T05:00,24.4,81,0.0,0.0,1,28,17.0,28.8,937.0
2025-06-10T06:00,24.4,80,0.0,0.0,3,94,17.4,29.2,937.5
2025-06-10T07:00,25.8,75,0.0,0.0,3,100,14.8,29.9,938.4
2025-06-10T08:00,27.0,70,0.0,0.0,3,95,14.8,29.2,939.1
2025-06-10T09:00,28.2,64,0.0,0.0,3,100,18.7,34.9,939.3
2025-06-10T10:00,29.4,60,0.0,0.0,3,100,19.9,37.1,939.3
2025-06-10T11:00,29.9,58,0.0,0.0,3,100,21.9,43.2,939.0
2025-06-10T12:00,29.0,62,0.1,0.1,51,100,19.1,40.7,938.3
2025-06-10T13:00,29.8,60,0.0,0.0,3,100,16.9,35.3,937.1
2025-06-10T14:00,30.9,55,0.0,0.0,3,100,20.2,36.0,936.0
2025-06-10T15:00,31.1,55,0.0,0.0,3,100,19.6,37.1,935.1
2025-06-10T16:00,31.6,52,0.0,0.0,3,100,17.2,35.6,934.5
2025-06-10T17:00,30.9,54,0.0,0.0,3,100,13.2,30.2,934.6
2025-06-10T18:00,28.3,65,0.0,0.0,3,100,10.8,22.7,936.0
2025-06-10T19:00,27.4,69,0.0,0.0,3,100,8.9,18.0,935.8
2025-06-10T20:00,26.9,71,0.0,0.0,3,100,8.3,14.8,936.6
2025-06-10T21:00,26.3,74,0.0,0.0,3,100,6.1,13.3,936.6
2025-06-10T22:00,26.1,75,0.0,0.0,3,100,9.0,13.7,936.8
2025-06-10T23:00,26.1,75,0.0,0.0,3,100,8.8,18.0,936.7
2025-06-11T00:00,25.6,78,0.4,0.4,51,100,17.2,25.6,936.2
2025-06-11T01:00,25.6,81,0.0,0.0,3,82,16.0,31.7,935.3
2025-06-11T02:00,25.6,82,0.0,0.0,3,98,13.5,26.3,935.1
2025-06-11T03:00,25.7,79,0.0,0.0,3,100,11.1,22.0,935.3
2025-06-11T04:00,25.3,79,0.0,0.0,3,100,10.8,18.4,935.8
2025-06-11T05:00,24.1,89,0.5,0.5,53,100,9.9,21.6,936.1
2025-06-11T06:00,23.5,90,0.5,0.5,53,100,12.8,22.3,936.7
2025-06-11T07:00,23.5,91,0.5,0.5,53,100,13.5,22.0,937.4
2025-06-11T08:00,24.1,92,0.7,0.7,53,100,16.1,27.7,937.8
2025-06-11T09:00,24.9,85,0.3,0.3,51,100,17.6,31.0,937.9
2025-06-11T10:00,26.3,75,0.1,0.1,51,82,20.8,38.5,938.0
2025-06-11T11:00,29.0,63,0.0,0.0,3,100,20.4,40.7,937.9
2025-06-11T12:00,29.8,58,0.0,0.0,3,100,20.1,39.6,937.5
2025-06-11T13:00,28.6,62,0.0,0.0,3,100,18.4,38.5,936.4
2025-06-11T14:00,29.8,58,0.0,0.0,3,100,16.7,34.9,935.6
2025-06-11T15:00,30.0,55,0.0,0.0,3,100,16.2,31.7,934.5
2025-06-11T16:00,29.9,56,0.0,0.0,3,100,13.8,30.6,934.1
2025-06-11T17:00,29.4,59,0.0,0.0,2,71,10.7,25.6,934.4
2025-06-11T18:00,27.5,67,0.0,0.0,3,100,7.3,17.3,935.2
2025-06-11T19:00,26.6,74,0.0,0.0,3,100,3.6,12.2,935.8
2025-06-11T20:00,26.5,75,0.0,0.0,3,100,3.1,4.7,936.5
2025-06-11T21:00,26.2,76,0.1,0.1,51,100,3.8,5.4,936.8
2025-06-11T22:00,25.9,76,0.0,0.0,3,100,8.0,13.0,936.8
2025-06-11T23:00,24.6,83,0.0,0.0,3,100,1.9,13.0,936.1
2025-06-12T00:00,24.1,85,0.0,0.0,3,100,3.3,5.4,935.6
2025-06-12T01:00,24.3,83,0.0,0.0,3,100,6.2,10.4,935.2
2025-06-12T02:00,24.3,82,0.0,0.0,3,100,6.3,10.1,934.8
2025-06-12T03:00,24.3,82,0.0,0.0,3,99,5.6,10.8,935.0
2025-06-12T04:00,23.6,87,0.3,0.3,51,100,10.8,16.9,935.7
2025-06-12T05:00,22.9,94,0.5,0.5,53,100,9.8,19.8,936.1
2025-06-12T06:00,23.2,93,1.3,1.3,61,100,6.2,11.5,936.4
2025-06-12T07:00,24.1,88,0.2,0.2,51,100,5.5,12.2,937.1
2025-06-12T08:00,25.1,84,0.4,0.4,51,97,6.5,15.8,937.3
2025-06-12T09:00,26.4,79,0.0,0.0,3,94,7.1,17.6,937.5
2025-06-12T10:00,28.6,68,0.0,0.0,3,98,9.0,24.8,937.4
2025-06-12T11:00,30.0,62,0.0,0.0,3,95,9.0,25.9,937.0
2025-06-12T12:00,30.8,60,0.0,0.0,3,95,8.4,25.6,936.6
2025-06-12T13:00,31.1,58,0.0,0.0,3,99,8.4,24.8,935.6
2025-06-12T14:00,30.4,58,0.0,0.0,2,61,7.1,22.7,934.2
2025-06-12T15:00,31.1,55,0.2,0.2,51,83,9.0,19.1,933.5
2025-06-12T16:00,29.0,67,0.1,0.1,51,100,12.8,28.4,933.6
2025-06-12T17:00,28.6,71,0.0,0.0,2,76,5.6,24.8,933.9
2025-06-12T18:00,27.7,73,0.0,0.0,2,67,2.3,5.0,934.8
2025-06-12T19:00,26.7,77,0.0,0.0,0,14,4.2,6.5,935.5
2025-06-12T20:00,26.1,79,0.0,0.0,1,30,4.1,6.5,936.0
2025-06-12T21:00,25.7,82,0.0,0.0,1,23,2.5,6.1,936.4
2025-06-12T22:00,25.2,83,0.0,0.0,3,91,2.2,3.6,936.6
2025-06-12T23:00,25.0,83,0.0,0.0,3,98,5.1,8.3,936.7
2025-06-13T00:00,25.1,81,0.0,0.0,2,78,6.7,10.1,936.5
2025-06-13T01:00,24.8,82,0.0,0.0,1,47,9.4,15.5,936.1
2025-06-13T02:00,24.3,87,0.0,0.0,3,88,6.6,15.5,935.6
2025-06-13T03:00,23.9,89,0.0,0.0,3,98,4.5,10.8,935.2
2025-06-13T04:00,23.5,92,0.0,0.0,3,90,2.8,7.2,935.1
2025-06-13T05:00,23.6,92,0.0,0.0,2,55,1.0,3.6,935.5
2025-06-13T06:00,24.4,94,0.0,0.0,3,99,3.4,6.8,936.8
2025-06-13T07:00,25.6,86,0.0,0.0,3,99,3.3,10.8,937.2
2025-06-13T08:00,27.0,77,0.1,0.1,51,99,3.5,12.6,937.8
2025-06-13T09:00,28.6,66,0.0,0.0,3,99,3.2,14.0,938.1
2025-06-13T10:00,29.9,60,0.0,0.0,3,100,2.7,14.0,938.0
2025-06-13T11:00,30.4,58,0.0,0.0,3,94,3.2,13.7,937.4
2025-06-13T12:00,31.2,55,0.2,0.2,51,100,4.5,15.8,937.1
2025-06-13T13:00,31.9,52,0.3,0.3,51,100,7.3,19.1,936.2
2025-06-13T14:00,32.0,52,0.2,0.2,51,100,8.4,20.2,935.3
2025-06-13T15:00,31.8,53,0.3,0.3,51,26,7.6,19.8,934.5
2025-06-13T16:00,31.4,54,0.0,0.0,0,16,6.7,18.4,934.0
2025-06-13T17:00,30.9,56,0.0,0.0,1,32,6.0,15.1,934.0
2025-06-13T18:00,28.5,71,0.0,0.0,1,30,3.2,14.0,935.6
2025-06-13T19:00,27.6,76,0.0,0.0,3,83,3.1,4.7,936.0
2025-06-13T20:00,26.9,77,0.0,0.0,3,93,3.7,5.0,936.5
2025-06-13T21:00,26.7,76,0.0,0.0,3,99,4.8,7.9,937.3
2025-06-13T22:00,26.2,78,0.0,0.0,3,100,4.3,7.6,937.5
2025-06-13T23:00,25.9,76,0.0,0.0,3,100,4.9,7.2,937.4
2025-06-14T00:00,25.4,81,0.8,0.8,53,100,3.7,7.6,937.0
2025-06-14T01:00,25.3,83,0.0,0.0,3,100,4.0,5.8,936.5
2025-06-14T02:00,25.2,79,0.0,0.0,3,100,5.8,9.4,936.1
2025-06-14T03:00,24.8,80,0.0,0.0,3,100,5.2,9.0,935.6
2025-06-14T04:00,24.4,82,0.0,0.0,3,100,9.0,14.4,935.7
2025-06-14T05:00,24.1,84,0.0,0.0,3,100,9.4,15.8,936.0
2025-06-14T06:00,24.7,86,0.0,0.0,3,100,10.4,17.3,936.3
2025-06-14T07:00,25.9,80,0.0,0.0,3,100,16.4,29.2,937.3
2025-06-14T08:00,27.4,72,0.0,0.0,3,100,15.8,31.0,938.0
2025-06-14T09:00,28.7,66,0.1,0.1,51,100,14.8,29.9,938.4
2025-06-14T10:00,29.4,63,0.1,0.1,51,96,13.5,29.2,938.4
2025-06-14T11:00,30.5,59,0.1,0.1,51,99,13.7,28.1,938.1
2025-06-14T12:00,31.2,56,0.1,0.1,51,100,15.0,30.6,937.3
2025-06-14T13:00,31.1,57,0.2,0.2,51,100,14.9,31.0,936.5
2025-06-14T14:00,31.6,55,0.1,0.1,51,99,14.8,29.5,935.3
2025-06-14T15:00,31.7,53,0.1,0.1,51,89,15.3,29.5,934.3
2025-06-14T16:00,31.6,53,0.0,0.0,2,54,15.2,29.2,933.7
2025-06-14T17:00,31.0,55,0.0,0.0,2,68,13.4,28.1,934.2
2025-06-14T18:00,29.2,61,0.0,0.0,3,100,13.8,24.5,935.5
2025-06-14T19:00,28.3,63,0.0,0.0,3,100,15.1,26.3,936.1
2025-06-14T20:00,27.1,70,0.0,0.0,3,100,13.9,25.6,936.7
2025-06-14T21:00,26.6,74,0.0,0.0,3,100,12.0,23.0,937.1
2025-06-14T22:00,26.1,78,0.1,0.1,51,100,9.8,19.8,937.3
2025-06-14T23:00,26.2,76,0.0,0.0,3,99,16.7,27.4,937.5
2025-06-15T00:00,25.3,79,0.0,0.0,3,100,16.7,28.1,936.8
2025-06-15T01:00,24.5,85,0.7,0.7,53,100,15.9,28.4,936.2
2025-06-15T02:00,24.2,87,0.1,0.1,51,99,17.2,28.4,935.4
2025-06-15T03:00,24.0,86,0.0,0.0,3,90,17.2,29.2,934.5
2025-06-15T04:00,23.8,85,0.0,0.0,3,98,18.3,30.6,934.6
2025-06-15T05:00,23.5,86,0.0,0.0,3,97,16.7,31.0,934.7
2025-06-15T06:00,24.3,82,0.0,0.0,3,100,14.9,28.4,935.8
2025-06-15T07:00,25.4,77,0.0,0.0,3,100,21.7,34.9,936.4
2025-06-15T08:00,26.4,73,0.0,0.0,3,96,22.4,41.4,936.8
2025-06-15T09:00,28.0,65,0.0,0.0,3,100,20.7,40.3,937.2
2025-06-15T10:00,29.6,58,0.0,0.0,3,98,20.4,38.2,936.8
2025-06-15T11:00,30.8,55,0.0,0.0,3,99,21.0,39.6,936.6
2025-06-15T12:00,29.9,59,0.0,0.0,3,96,22.2,41.8,935.9
2025-06-15T13:00,30.6,58,0.1,0.1,51,96,19.9,41.0,935.2
2025-06-15T14:00,31.2,58,0.0,0.0,3,100,19.3,38.5,934.3
2025-06-15T15:00,30.3,59,0.2,0.2,51,88,20.9,38.2,933.5
2025-06-15T16:00,30.0,61,0.1,0.1,51,62,16.0,38.2,933.3
2025-06-15T17:00,27.3,71,0.7,0.7,53,99,27.4,45.4,934.0
2025-06-15T18:00,27.1,74,0.4,0.4,51,91,15.3,33.1,934.8
2025-06-15T19:00,25.8,82,0.6,0.6,53,100,13.3,25.6,935.0
2025-06-15T20:00,25.0,87,0.2,0.2,51,100,17.2,27.7,935.9
2025-06-15T21:00,24.5,89,0.5,0.5,53,100,17.3,31.0,936.4
2025-06-15T22:00,24.4,86,0.1,0.1,51,100,18.5,30.6,936.9
2025-06-15T23:00,23.8,86,0.1,0.1,51,100,19.3,33.1,936.6
2025-06-16T00:00,23.6,88,0.0,0.0,3,99,22.4,38.2,936.0
2025-06-16T01:00,23.8,87,0.0,0.0,2,52,21.6,37.8,935.2
2025-06-16T02:00,23.7,85,0.0,0.0,3,100,20.9,36.7,934.3
2025-06-16T03:00,24.2,81,0.0,0.0,3,100,23.3,38.9,933.9
2025-06-16T04:00,24.1,81,0.0,0.0,3,100,23.3,41.0,934.1
2025-06-16T05:00,24.2,81,0.0,0.0,3,100,22.9,40.0,934.2
2025-06-16T06:00,24.2,82,0.0,0.0,3,86,17.3,34.2,935.4
2025-06-16T07:00,25.3,79,0.0,0.0,3,97,23.3,38.2,935.7
2025-06-16T08:00,26.8,71,0.0,0.0,3,93,31.8,55.4,936.0
2025-06-16T09:00,28.3,65,0.0,0.0,3,100,32.2,56.9,936.2
2025-06-16T10:00,29.2,61,0.0,0.0,3,100,33.3,58.3,936.4
2025-06-16T11:00,29.4,62,0.1,0.1,51,100,31.0,58.0,936.6
2025-06-16T12:00,30.8,53,0.0,0.0,3,98,30.0,55.4,936.3
2025-06-16T13:00,30.1,57,0.1,0.1,51,100,30.4,56.9,935.5
2025-06-16T14:00,30.7,57,0.3,0.3,51,91,28.2,57.6,934.7
2025-06-16T15:00,29.6,61,0.0,0.0,3,100,27.8,58.0,934.0
2025-06-16T16:00,28.4,66,0.1,0.1,51,99,30.2,57.2,934.2
2025-06-16T17:00,26.4,78,0.1,0.1,51,99,17.9,52.2,934.5
2025-06-16T18:00,28.1,61,0.0,0.0,3,100,29.0,47.9,935.9
2025-06-16T19:00,25.8,74,0.2,0.2,51,100,21.2,50.0,936.5
2025-06-16T20:00,25.7,76,0.1,0.1,51,99,18.3,40.7,937.2
2025-06-16T21:00,26.1,70,0.0,0.0,3,100,22.1,36.7,937.4
2025-06-16T22:00,25.7,68,0.0,0.0,3,100,20.4,40.3,938.2
2025-06-16T23:00,25.7,68,0.0,0.0,3,100,21.7,36.7,938.0
2025-06-17T00:00,25.5,69,0.0,0.0,3,100,20.8,37.1,937.6
2025-06-17T01:00,25.1,73,0.0,0.0,3,100,20.9,35.6,937.3
2025-06-17T02:00,24.8,75,0.0,0.0,3,100,20.6,35.3,936.9
2025-06-17T03:00,24.3,79,0.0,0.0,3,100,20.6,34.9,936.8
2025-06-17T04:00,24.2,80,0.0,0.0,3,100,19.5,35.3,936.7
2025-06-17T05:00,24.0,82,0.0,0.0,3,100,20.3,34.2,937.2
2025-06-17T06:00,24.2,80,0.0,0.0,3,100,19.5,34.2,937.4
2025-06-17T07:00,25.1,77,0.0,0.0,3,100,18.3,33.1,938.2
2025-06-17T08:00,26.5,70,0.0,0.0,3,100,26.0,44.6,939.1
2025-06-17T09:00,27.8,63,0.0,0.0,3,100,28.6,50.8,939.9
2025-06-17T10:00,28.7,61,0.0,0.0,3,100,27.5,50.4,939.9
2025-06-17T11:00,30.0,55,0.0,0.0,3,100,27.5,49.0,939.7
2025-06-17T12:00,31.5,48,0.0,0.0,3,100,26.5,49.7,939.5
2025-06-17T13:00,31.6,49,0.0,0.0,1,22,23.1,47.5,938.5
2025-06-17T14:00,31.1,53,0.3,0.3,51,75,22.6,43.2,937.9
2025-06-17T15:00,31.2,53,0.1,0.1,51,56,21.6,41.4,937.1
2025-06-17T16:00,31.4,51,0.0,0.0,2,57,23.4,44.3,936.6
2025-06-17T17:00,30.7,54,0.1,0.1,51,60,19.4,44.3,936.9
2025-06-17T18:00,29.5,54,0.0,0.0,2,64,16.2,32.0,937.4
2025-06-17T19:00,28.7,55,0.0,0.0,2,62,16.1,27.4,938.0
2025-06-17T20:00,27.9,58,0.0,0.0,3,100,15.0,27.0,938.9
2025-06-17T21:00,27.5,59,0.0,0.0,3,100,18.9,31.0,939.9
2025-06-17T22:00,27.0,62,0.0,0.0,3,99,20.3,34.2,940.2
2025-06-17T23:00,26.5,65,0.0,0.0,3,100,20.8,34.6,939.9
2025-06-18T00:00,25.9,67,0.0,0.0,3,100,21.7,36.7,939.4
2025-06-18T01:00,25.3,71,0.0,0.0,3,100,21.9,37.1,939.0
2025-06-18T02:00,24.7,74,0.0,0.0,3,100,20.7,37.1,938.5
2025-06-18T03:00,24.2,77,0.0,0.0,3,100,22.0,37.4,938.0
2025-06-18T04:00,23.8,79,0.0,0.0,3,100,20.5,37.4,938.0
2025-06-18T05:00,23.5,82,0.0,0.0,3,99,20.7,35.3,938.3
2025-06-18T06:00,24.1,80,0.0,0.0,3,100,19.9,35.6,939.0
2025-06-18T07:00,25.0,77,0.0,0.0,3,100,18.7,33.8,939.4
2025-06-18T08:00,26.5,70,0.0,0.0,3,100,26.5,43.9,939.9
2025-06-18T09:00,28.2,62,0.0,0.0,3,100,28.4,51.5,940.1
2025-06-18T10:00,28.9,59,0.0,0.0,3,100,26.7,50.0,940.2
2025-06-18T11:00,29.4,58,0.0,0.0,3,100,26.6,47.2,940.0
2025-06-18T12:00,30.5,54,0.1,0.1,51,100,25.7,48.2,939.6
2025-06-18T13:00,31.0,54,0.1,0.1,51,100,24.7,46.8,938.7
2025-06-18T14:00,31.5,52,0.0,0.0,3,99,25.7,46.1,937.9
2025-06-18T15:00,30.7,55,0.2,0.2,51,90,24.4,50.0,937.2
2025-06-18T16:00,31.4,53,0.0,0.0,3,100,22.4,42.8,936.4
2025-06-18T17:00,30.6,54,0.0,0.0,2,66,22.0,42.5,936.6
2025-06-18T18:00,28.8,60,0.0,0.0,3,98,12.2,25.9,937.4
2025-06-18T19:00,28.6,57,0.0,0.0,3,95,16.7,27.0,937.6
2025-06-18T20:00,28.1,57,0.0,0.0,3,100,15.7,28.8,938.1
2025-06-18T21:00,27.8,58,0.0,0.0,3,100,17.3,29.9,938.8
2025-06-18T22:00,27.4,59,0.0,0.0,3,100,20.2,33.5,939.3
2025-06-18T23:00,26.8,63,0.0,0.0,3,100,21.8,36.4,938.9
2025-06-19T00:00,25.9,68,0.0,0.0,3,100,22.4,38.2,938.7
2025-06-19T01:00,25.4,71,0.0,0.0,3,100,22.2,38.2,938.1
2025-06-19T02:00,24.9,74,0.0,0.0,3,100,22.3,37.8,937.6
2025-06-19T03:00,24.4,77,0.0,0.0,3,100,22.4,38.2,937.5
2025-06-19T04:00,24.0,79,0.0,0.0,3,100,22.7,38.9,937.5
2025-06-19T05:00,23.9,80,0.0,0.0,3,100,23.7,40.0,937.6
2025-06-19T06:00,24.7,79,0.0,0.0,3,100,24.2,44.3,938.0
2025-06-19T07:00,25.5,77,0.0,0.0,3,100,21.7,41.0,938.8
2025-06-19T08:00,27.1,68,0.0,0.0,3,100,33.9,57.2,939.1
2025-06-19T09:00,28.4,63,0.0,0.0,3,99,31.7,59.8,939.7
2025-06-19T10:00,28.9,60,0.0,0.0,3,100,29.0,55.4,940.2
2025-06-19T11:00,30.1,58,0.0,0.0,3,100,27.9,53.6,939.5
2025-06-19T12:00,31.3,55,0.0,0.0,3,100,29.0,55.4,939.3
2025-06-19T13:00,31.0,54,0.1,0.1,51,100,29.0,54.7,938.4
2025-06-19T14:00,31.0,54,0.0,0.0,3,100,28.6,52.2,937.4
2025-06-19T15:00,31.2,54,0.0,0.0,3,100,26.0,52.9,937.0
2025-06-19T16:00,26.7,75,0.9,0.9,53,100,23.7,60.5,937.5
2025-06-19T17:00,26.8,74,0.0,0.0,3,96,18.0,40.3,937.4
2025-06-19T18:00,29.0,57,0.0,0.0,3,100,21.3,43.9,938.0
2025-06-19T19:00,28.4,59,0.0,0.0,3,100,22.9,37.1,938.7
2025-06-19T20:00,26.4,69,0.0,0.0,3,100,22.3,42.8,939.2
2025-06-19T21:00,26.4,67,0.0,0.0,3,100,22.7,40.0,939.8
2025-06-19T22:00,26.3,68,0.0,0.0,3,100,20.5,38.2,940.3
2025-06-19T23:00,25.9,70,0.0,0.0,3,100,18.7,34.6,939.8
2025-06-20T00:00,25.5,72,0.0,0.0,3,100,19.6,32.8,939.8
2025-06-20T01:00,25.4,71,0.0,0.0,3,100,22.0,37.4,939.5
2025-06-20T02:00,24.8,74,0.0,0.0,3,100,21.0,37.4,938.9
2025-06-20T03:00,24.4,77,0.0,0.0,3,100,19.4,35.3,939.0
2025-06-20T04:00,24.1,80,0.0,0.0,3,100,18.3,32.8,939.1
2025-06-20T05:00,23.9,81,0.0,0.0,3,100,18.3,31.0,939.5
2025-06-20T06:00,24.4,78,0.0,0.0,3,100,20.5,37.1,940.3
2025-06-20T07:00,24.6,82,0.2,0.2,51,100,17.0,34.2,940.9
2025-06-20T08:00,26.3,74,0.0,0.0,3,99,25.4,44.3,941.4
2025-06-20T09:00,27.9,65,0.0,0.0,3,100,26.3,47.5,941.6
2025-06-20T10:00,29.3,58,0.0,0.0,3,100,26.6,50.8,941.4
2025-06-20T11:00,30.1,58,0.0,0.0,3,100,25.3,49.7,941.0
2025-06-20T12:00,30.7,56,0.0,0.0,3,100,25.9,51.1,940.1
2025-06-20T13:00,31.2,53,0.0,0.0,3,100,25.7,50.8,939.4
2025-06-20T14:00,31.0,54,0.0,0.0,3,100,23.4,49.7,938.6
2025-06-20T15:00,30.5,53,0.0,0.0,3,100,25.7,46.1,938.1
2025-06-20T16:00,30.3,57,0.0,0.0,3,100,21.1,45.4,937.8
2025-06-20T17:00,30.1,57,0.0,0.0,3,100,16.4,36.4,937.9
2025-06-20T18:00,29.2,57,0.0,0.0,3,99,11.9,27.4,938.2
2025-06-20T19:00,28.5,57,0.0,0.0,3,100,14.9,25.2,939.2
2025-06-20T20:00,27.9,59,0.0,0.0,3,100,17.2,28.1,940.0
2025-06-20T21:00,26.8,65,0.0,0.0,3,100,20.7,38.9,940.9
2025-06-20T22:00,25.9,71,0.0,0.0,3,100,19.9,34.6,941.0
2025-06-20T23:00,25.4,75,0.0,0.0,3,100,20.7,36.0,940.6
2025-06-21T00:00,25.0,77,0.0,0.0,3,100,21.2,36.0,939.9
2025-06-21T01:00,25.0,77,0.0,0.0,3,100,19.9,36.0,939.7
2025-06-21T02:00,24.7,77,0.0,0.0,3,100,20.5,34.6,939.3
2025-06-21T03:00,24.3,78,0.0,0.0,3,98,21.0,35.6,939.2
2025-06-21T04:00,23.8,81,0.0,0.0,3,100,20.5,35.3,939.3
2025-06-21T05:00,23.5,84,0.0,0.0,3,99,20.1,34.6,939.5
2025-06-21T06:00,24.3,80,0.0,0.0,3,81,22.4,38.9,940.6
2025-06-21T07:00,25.2,77,0.0,0.0,3,99,23.0,40.0,941.1
2025-06-21T08:00,26.6,71,0.0,0.0,3,94,23.2,42.5,941.6
2025-06-21T09:00,28.2,64,0.0,0.0,3,97,23.3,42.1,942.0
2025-06-21T10:00,29.6,57,0.0,0.0,3,100,27.3,49.0,941.5
2025-06-21T11:00,30.2,55,0.1,0.1,51,98,26.0,50.0,940.9
2025-06-21T12:00,31.3,51,0.1,0.1,51,99,25.8,47.5,939.8
2025-06-21T13:00,31.6,49,0.1,0.1,51,42,25.9,49.7,939.2
2025-06-21T14:00,31.6,50,0.1,0.1,51,33,23.9,49.0,938.5
2025-06-21T15:00,31.6,53,0.0,0.0,1,20,21.5,44.6,937.8
2025-06-21T16:00,31.2,55,0.0,0.0,1,44,20.3,42.1,937.6
2025-06-21T17:00,30.8,57,0.6,0.6,53,10,13.7,37.1,937.5
2025-06-21T18:00,29.3,56,0.0,0.0,1,46,16.8,28.1,938.0
2025-06-21T19:00,28.9,55,0.0,0.0,2,52,19.8,33.1,938.8
2025-06-21T20:00,28.0,58,0.0,0.0,3,96,20.5,34.6,940.0
2025-06-21T21:00,27.4,61,0.0,0.0,3,96,19.3,34.2,940.7
2025-06-21T22:00,26.9,64,0.0,0.0,3,98,18.4,33.1,941.0
2025-06-21T23:00,26.7,66,0.0,0.0,2,79,17.2,31.0,940.8
2025-06-22T00:00,26.3,68,0.0,0.0,2,59,19.2,32.0,940.3
2025-06-22T01:00,25.6,69,0.0,0.0,0,13,21.1,35.3,939.6
2025-06-22T02:00,24.7,73,0.0,0.0,3,99,21.1,36.7,939.1
2025-06-22T03:00,24.1,77,0.0,0.0,3,86,18.2,35.6,939.0
2025-06-22T04:00,23.6,81,0.0,0.0,3,99,17.8,31.0,939.2
2025-06-22T05:00,23.2,84,0.0,0.0,3,100,17.1,30.2,939.4
2025-06-22T06:00,23.9,80,0.0,0.0,3,100,17.7,33.8,940.0
2025-06-22T07:00,24.9,76,0.0,0.0,3,86,23.4,38.9,940.4
2025-06-22T08:00,26.5,68,0.0,0.0,3,100,26.1,45.7,940.8
2025-06-22T09:00,28.3,59,0.0,0.0,3,100,28.2,50.0,941.4
2025-06-22T10:00,29.1,57,0.0,0.0,3,98,26.8,50.4,940.9
2025-06-22T11:00,30.0,55,0.2,0.2,51,73,28.7,50.4,940.1
2025-06-22T12:00,30.8,52,0.4,0.4,51,78,28.2,52.2,939.5
2025-06-22T13:00,31.7,48,0.0,0.0,3,100,26.6,50.4,938.7
2025-06-22T14:00,32.0,46,0.0,0.0,3,99,24.7,47.9,937.8
2025-06-22T15:00,32.5,45,0.0,0.0,0,15,22.8,44.6,937.1
2025-06-22T16:00,31.6,47,0.0,0.0,0,14,21.2,40.7,936.7
2025-06-22T17:00,30.8,52,0.0,0.0,1,22,15.5,37.1,936.5
2025-06-22T18:00,29.2,56,0.0,0.0,3,93,11.9,27.0,937.2
2025-06-22T19:00,28.7,55,0.0,0.0,3,87,20.6,33.8,938.2
2025-06-22T20:00,27.2,61,0.0,0.0,3,91,17.7,34.6,939.1
2025-06-22T21:00,26.8,64,0.0,0.0,3,100,17.1,29.5,939.6
2025-06-22T22:00,27.0,63,0.0,0.0,3,100,17.8,31.0,940.0
2025-06-22T23:00,26.1,67,0.0,0.0,3,99,16.6,29.9,939.7
2025-06-23T00:00,25.6,69,0.0,0.0,3,99,19.8,33.1,938.9
2025-06-23T01:00,25.2,71,0.0,0.0,0,5,20.3,34.2,938.0
2025-06-23T02:00,24.7,74,0.0,0.0,1,32,20.7,34.9,937.7
2025-06-23T03:00,24.1,78,0.0,0.0,3,100,22.3,38.2,937.6
2025-06-23T04:00,23.7,81,0.0,0.0,3,100,21.9,37.8,937.7
2025-06-23T05:00,23.6,82,0.0,0.0,3,100,22.1,37.8,937.8
2025-06-23T06:00,23.9,79,0.0,0.0,3,93,20.7,38.2,938.7
2025-06-23T07:00,24.9,75,0.0,0.0,3,100,28.5,43.6,939.1
2025-06-23T08:00,25.7,71,0.0,0.0,3,100,29.1,50.8,939.7
2025-06-23T09:00,26.8,66,0.0,0.0,3,100,28.4,50.4,939.8
2025-06-23T10:00,28.0,60,0.0,0.0,3,100,31.6,54.7,939.3
2025-06-23T11:00,28.5,61,0.0,0.0,3,100,28.7,56.5,939.0
2025-06-23T12:00,29.2,60,0.0,0.0,3,100,27.1,56.9,938.2
2025-06-23T13:00,29.0,59,0.0,0.0,3,98,25.9,55.8,937.1
2025-06-23T14:00,30.5,54,0.0,0.0,3,95,26.8,52.2,936.0
2025-06-23T15:00,28.7,61,0.1,0.1,51,95,27.9,52.9,935.7
2025-06-23T16:00,28.9,60,0.0,0.0,3,100,22.3,49.0,935.1
2025-06-23T17:00,26.5,72,0.2,0.2,51,100,20.6,43.9,935.5
2025-06-23T18:00,26.4,70,0.0,0.0,3,100,24.1,44.3,936.7
2025-06-23T19:00,25.6,70,0.0,0.0,3,100,22.6,41.0,937.0
2025-06-23T20:00,26.0,66,0.0,0.0,3,100,24.4,40.7,937.8
2025-06-23T21:00,26.2,65,0.0,0.0,3,100,27.0,47.5,938.2
2025-06-23T22:00,25.6,67,0.0,0.0,3,100,27.1,46.1,938.5
2025-06-23T23:00,25.0,69,0.0,0.0,3,100,26.6,46.4,938.1
2025-06-24T00:00,25.0,69,0.0,0.0,3,100,25.4,45.4,937.2
2025-06-24T01:00,24.7,72,0.0,0.0,3,100,23.7,43.2,936.8
2025-06-24T02:00,24.5,74,0.0,0.0,3,100,24.6,41.4,936.2
2025-06-24T03:00,24.3,75,0.0,0.0,3,100,24.4,42.1,935.9
2025-06-24T04:00,24.1,75,0.0,0.0,3,100,23.9,41.8,936.0
2025-06-24T05:00,23.7,76,0.0,0.0,3,100,23.1,40.7,936.2
2025-06-24T06:00,22.8,88,1.8,1.8,61,100,20.8,44.6,936.5
2025-06-24T07:00,22.8,89,1.0,1.0,55,100,22.8,38.5,936.7
2025-06-24T08:00,23.2,89,0.9,0.9,53,100,21.6,38.5,937.2
2025-06-24T09:00,23.5,89,0.8,0.8,53,100,22.2,37.4,937.3
2025-06-24T10:00,26.7,71,0.4,0.4,51,100,27.9,47.5,937.8
2025-06-24T11:00,27.9,65,0.2,0.2,51,100,30.9,56.5,937.3
2025-06-24T12:00,29.2,59,0.2,0.2,51,100,33.3,59.4,936.6
2025-06-24T13:00,29.4,59,0.0,0.0,3,100,27.6,58.0,936.0
2025-06-24T14:00,29.9,56,0.0,0.0,3,100,26.6,49.0,935.1
2025-06-24T15:00,29.3,60,0.1,0.1,51,100,23.3,49.7,934.5
2025-06-24T16:00,28.9,63,0.0,0.0,3,100,25.5,43.9,934.3
2025-06-24T17:00,24.7,86,7.3,7.3,63,100,21.9,51.5,935.4
2025-06-24T18:00,25.2,77,0.1,0.1,51,100,25.5,42.8,935.5
2025-06-24T19:00,25.6,78,0.0,0.0,3,100,25.4,43.2,936.4
2025-06-24T20:00,24.9,79,0.1,0.1,51,100,25.4,43.9,937.0
2025-06-24T21:00,24.6,82,0.1,0.1,51,100,22.7,42.8,937.7
2025-06-24T22:00,24.7,80,0.0,0.0,3,100,25.0,41.4,938.2
2025-06-24T23:00,24.7,74,0.0,0.0,3,100,25.1,44.3,937.9
2025-06-25T00:00,24.7,73,0.0,0.0,3,100,23.9,42.5,937.2
2025-06-25T01:00,24.5,74,0.0,0.0,3,100,23.4,40.7,936.4
2025-06-25T02:00,23.8,80,0.0,0.0,3,100,20.5,39.6,936.2
2025-06-25T03:00,23.5,83,0.0,0.0,3,100,19.8,34.6,935.9
2025-06-25T04:00,23.3,83,0.0,0.0,3,100,19.6,33.5,936.1
2025-06-25T05:00,23.3,82,0.0,0.0,3,100,20.2,35.3,936.3
2025-06-25T06:00,24.2,79,0.0,0.0,3,100,20.0,37.8,936.8
2025-06-25T07:00,25.1,76,0.0,0.0,3,100,19.1,34.6,937.5
2025-06-25T08:00,26.2,72,0.0,0.0,3,100,25.7,44.3,938.3
2025-06-25T09:00,26.6,71,0.1,0.1,51,100,25.9,50.4,938.8
2025-06-25T10:00,27.5,68,0.2,0.2,51,100,23.7,49.0,938.8
2025-06-25T11:00,28.6,64,0.0,0.0,3,100,23.1,48.6,938.3
2025-06-25T12:00,29.4,63,0.0,0.0,3,100,23.1,49.0,937.8
2025-06-25T13:00,29.7,57,0.0,0.0,3,100,26.0,46.4,936.6
2025-06-25T14:00,28.8,64,0.6,0.6,53,100,20.1,46.4,935.7
2025-06-25T15:00,29.4,59,0.0,0.0,3,100,24.7,45.7,935.1
2025-06-25T16:00,28.4,61,0.3,0.3,51,100,25.1,45.0,934.9
2025-06-25T17:00,27.2,69,0.0,0.0,3,100,20.4,43.9,935.1
2025-06-25T18:00,26.9,70,0.0,0.0,3,100,22.3,42.5,935.4
2025-06-25T19:00,26.4,70,0.0,0.0,3,100,21.7,38.5,936.2
2025-06-25T20:00,26.0,71,0.0,0.0,3,100,20.6,37.1,936.9
2025-06-25T21:00,25.0,77,0.0,0.0,3,100,20.7,35.3,937.5
2025-06-25T22:00,24.4,81,0.1,0.1,51,100,20.0,34.9,938.0
2025-06-25T23:00,23.6,87,1.6,1.6,61,100,21.2,34.9,937.5
2025-06-26T00:00,23.1,92,0.7,0.7,53,100,21.1,36.0,936.7
2025-06-26T01:00,23.0,92,0.8,0.8,53,100,22.0,37.1,936.1
2025-06-26T02:00,22.9,93,1.0,1.0,55,100,21.6,37.4,935.7
2025-06-26T03:00,22.9,93,0.9,0.9,53,100,20.8,36.4,935.7
2025-06-26T04:00,22.8,93,1.2,1.2,55,100,20.3,34.9,936.0
2025-06-26T05:00,22.7,93,1.8,1.8,61,100,20.2,34.2,936.3
2025-06-26T06:00,23.2,90,0.1,0.1,51,99,20.7,35.6,936.7
2025-06-26T07:00,23.9,86,0.1,0.1,51,100,19.8,35.6,937.6
2025-06-26T08:00,25.0,81,0.0,0.0,3,100,21.3,38.5,938.5
2025-06-26T09:00,26.8,72,0.0,0.0,3,100,25.0,46.4,938.7
2025-06-26T10:00,28.2,63,0.0,0.0,3,100,24.5,46.1,939.0
2025-06-26T11:00,28.4,60,0.0,0.0,3,100,24.3,45.0,938.9
2025-06-26T12:00,28.6,60,0.1,0.1,51,100,23.4,43.9,938.3
2025-06-26T13:00,29.3,60,0.0,0.0,3,100,21.5,45.4,937.7
2025-06-26T14:00,29.6,56,0.0,0.0,3,100,21.6,43.2,937.0
2025-06-26T15:00,30.0,54,0.0,0.0,3,100,21.8,43.2,936.2
2025-06-26T16:00,29.8,53,0.0,0.0,3,100,20.3,39.2,935.8
2025-06-26T17:00,28.8,57,0.0,0.0,3,100,21.8,36.7,936.0
2025-06-26T18:00,27.8,64,0.0,0.0,3,100,14.5,29.9,936.4
2025-06-26T19:00,26.9,66,0.0,0.0,3,100,14.9,25.9,936.9
2025-06-26T20:00,26.2,69,0.0,0.0,3,100,17.2,29.9,937.7
2025-06-26T21:00,25.7,72,0.0,0.0,3,100,14.6,28.4,938.4
2025-06-26T22:00,25.6,72,0.0,0.0,3,100,15.5,25.6,938.7
2025-06-26T23:00,25.5,72,0.0,0.0,3,97,17.8,29.5,938.8
2025-06-27T00:00,25.0,73,0.0,0.0,3,100,19.4,33.1,938.3
2025-06-27T01:00,24.4,76,0.0,0.0,3,100,18.8,32.8,937.8
2025-06-27T02:00,23.9,79,0.0,0.0,3,94,19.5,32.8,937.3
2025-06-27T03:00,23.6,80,0.0,0.0,3,91,19.9,33.8,937.4
2025-06-27T04:00,23.2,82,0.0,0.0,3,99,19.1,33.8,937.6
2025-06-27T05:00,23.0,82,0.0,0.0,3,100,19.9,33.5,938.0
2025-06-27T06:00,23.2,83,0.0,0.0,3,100,22.2,37.8,938.2
2025-06-27T07:00,24.1,80,0.0,0.0,3,100,23.0,39.6,938.9
2025-06-27T08:00,25.0,75,0.0,0.0,3,100,25.4,44.6,939.4
2025-06-27T09:00,26.3,68,0.0,0.0,3,99,26.1,47.5,939.8
2025-06-27T10:00,28.6,58,0.0,0.0,3,92,28.8,51.5,940.0
2025-06-27T11:00,29.1,57,0.0,0.0,3,84,25.4,51.1,939.9
2025-06-27T12:00,29.8,57,0.2,0.2,51,97,23.1,45.7,939.6
2025-06-27T13:00,30.3,57,0.0,0.0,2,61,21.7,43.6,939.0
2025-06-27T14:00,28.8,65,0.4,0.4,51,72,21.8,45.4,938.7
2025-06-27T15:00,29.5,61,0.0,0.0,3,100,20.9,43.2,937.7
2025-06-27T16:00,28.0,70,0.5,0.5,53,80,17.0,41.0,937.1
2025-06-27T17:00,28.9,63,0.0,0.0,3,81,17.1,31.7,936.9
2025-06-27T18:00,28.5,62,0.0,0.0,3,99,13.4,30.6,937.5
2025-06-27T19:00,28.0,61,0.0,0.0,3,88,15.0,24.5,938.1
2025-06-27T20:00,27.4,62,0.0,0.0,2,75,15.3,26.3,939.1
2025-06-27T21:00,27.0,62,0.0,0.0,1,38,16.5,27.4,940.0
2025-06-27T22:00,26.6,63,0.0,0.0,0,10,16.8,29.2,940.4
2025-06-27T23:00,26.2,65,0.0,0.0,1,22,19.5,32.4,940.4
2025-06-28T00:00,25.7,69,0.0,0.0,1,31,21.4,36.4,940.3
2025-06-28T01:00,25.1,74,0.0,0.0,3,96,20.4,36.4,939.6
2025-06-28T02:00,24.4,77,0.0,0.0,3,87,20.3,34.6,939.1
2025-06-28T03:00,23.8,80,0.0,0.0,2,74,18.9,34.2,938.6
2025-06-28T04:00,23.4,82,0.0,0.0,2,53,19.1,32.4,938.8
2025-06-28T05:00,23.0,84,0.0,0.0,3,98,19.8,33.5,938.9
2025-06-28T06:00,24.0,81,0.0,0.0,3,100,18.9,33.5,939.7
2025-06-28T07:00,24.6,77,0.0,0.0,3,100,22.9,39.6,940.0
2025-06-28T08:00,25.7,72,0.0,0.0,3,100,26.8,46.4,940.3
2025-06-28T09:00,27.6,63,0.0,0.0,3,100,28.6,50.8,940.5
2025-06-28T10:00,28.3,61,0.0,0.0,3,100,26.5,50.4,940.2
2025-06-28T11:00,29.7,56,0.0,0.0,3,100,27.4,49.0,940.0
2025-06-28T12:00,30.5,53,0.0,0.0,3,100,26.1,49.0,939.7
2025-06-28T13:00,31.1,52,0.0,0.0,3,100,23.8,46.8,939.2
2025-06-28T14:00,31.7,49,0.0,0.0,3,97,23.8,43.9,938.4
2025-06-28T15:00,31.3,50,0.0,0.0,3,100,23.2,43.6,937.5
2025-06-28T16:00,31.2,51,0.0,0.0,3,87,21.2,42.8,937.0
2025-06-28T17:00,30.0,57,0.1,0.1,51,94,14.5,38.5,936.9
2025-06-28T18:00,28.9,56,0.0,0.0,2,70,10.8,28.8,937.5
2025-06-28T19:00,27.9,57,0.0,0.0,3,100,12.8,19.8,938.2
2025-06-28T20:00,28.2,53,0.0,0.0,3,97,15.8,27.4,938.8
2025-06-28T21:00,27.4,57,0.0,0.0,3,99,13.7,26.3,939.6
2025-06-28T22:00,26.8,59,0.0,0.0,3,98,16.1,26.3,940.0
2025-06-28T23:00,26.4,59,0.0,0.0,3,96,18.4,30.2,940.0
2025-06-29T00:00,25.9,62,0.0,0.0,3,95,22.5,37.8,939.5
2025-06-29T01:00,25.1,67,0.0,0.0,3,90,22.2,38.2,938.9
2025-06-29T02:00,24.4,72,0.0,0.0,3,99,21.7,37.4,938.5
2025-06-29T03:00,23.9,75,0.0,0.0,3,100,21.2,36.7,938.3
2025-06-29T04:00,23.6,78,0.0,0.0,3,91,21.6,36.7,938.3
2025-06-29T05:00,23.5,79,0.0,0.0,3,100,23.1,38.9,938.6
2025-06-29T06:00,24.1,78,0.0,0.0,3,100,23.2,41.0,938.9
2025-06-29T07:00,24.8,76,0.0,0.0,3,100,20.7,39.2,939.4
2025-06-29T08:00,25.8,71,0.0,0.0,3,100,25.4,43.9,939.9
2025-06-29T09:00,27.0,65,0.0,0.0,3,100,30.3,53.3,940.2
2025-06-29T10:00,28.1,60,0.0,0.0,3,100,30.6,55.1,940.0
2025-06-29T11:00,28.8,58,0.0,0.0,3,100,29.4,53.6,939.7
2025-06-29T12:00,29.7,53,0.0,0.0,3,100,27.9,51.8,939.0
2025-06-29T13:00,29.6,54,0.1,0.1,51,100,26.7,49.3,938.3
2025-06-29T14:00,30.1,52,0.0,0.0,2,71,24.3,49.3,937.3
2025-06-29T15:00,30.8,51,0.0,0.0,1,28,23.9,47.9,936.5
2025-06-29T16:00,29.9,53,0.0,0.0,2,74,24.0,45.0,936.3
2025-06-29T17:00,26.7,69,1.0,1.0,55,98,19.6,43.6,936.6
2025-06-29T18:00,25.4,68,0.0,0.0,3,100,26.5,50.0,938.0
2025-06-29T19:00,24.4,77,0.1,0.1,51,100,19.8,45.0,938.7
2025-06-29T20:00,24.4,76,0.1,0.1,51,100,23.4,38.9,939.1
2025-06-29T21:00,23.8,79,0.2,0.2,51,100,24.5,41.0,939.6
2025-06-29T22:00,23.5,83,0.3,0.3,51,100,21.3,41.4,940.0
2025-06-29T23:00,23.1,90,0.5,0.5,53,100,17.5,35.3,939.4
2025-06-30T00:00,23.5,87,0.1,0.1,51,100,18.3,29.9,938.7
2025-06-30T01:00,24.1,79,0.0,0.0,3,100,21.3,35.3,938.4
2025-06-30T02:00,24.0,76,0.0,0.0,3,100,20.7,36.4,937.8
2025-06-30T03:00,23.8,77,0.0,0.0,2,51,21.1,35.6,937.5
2025-06-30T04:00,23.3,80,0.0,0.0,3,99,21.0,36.0,937.5
2025-06-30T05:00,23.0,82,0.0,0.0,3,100,19.4,35.6,937.7
2025-06-30T06:00,23.8,76,0.0,0.0,3,100,21.0,36.4,938.5
2025-06-30T07:00,24.4,75,0.0,0.0,3,100,18.9,36.4,939.0
2025-06-30T08:00,24.9,74,0.0,0.0,3,100,22.7,36.4,939.4
2025-06-30T09:00,26.5,67,0.0,0.0,3,100,30.6,52.9,939.8
2025-06-30T10:00,27.4,64,0.0,0.0,3,100,31.3,56.2,939.8
2025-06-30T11:00,27.9,63,0.0,0.0,3,100,29.4,54.7,939.5
2025-06-30T12:00,29.1,60,0.0,0.0,3,100,27.2,55.1,939.3
2025-06-30T13:00,29.4,57,0.0,0.0,3,100,28.5,54.0,938.5
2025-06-30T14:00,27.9,68,0.0,0.0,3,100,22.2,55.1,937.3
2025-06-30T15:00,28.0,66,0.0,0.0,3,99,19.4,39.6,936.5
2025-06-30T16:00,25.7,77,1.4,1.4,61,100,16.1,36.4,936.9
2025-06-30T17:00,23.9,90,1.6,1.6,61,100,17.3,35.6,936.7
2025-06-30T18:00,24.7,82,1.6,1.6,61,100,19.3,33.8,937.8
2025-06-30T19:00,23.1,92,1.4,1.4,61,100,16.6,35.3,938.1
2025-06-30T20:00,23.1,91,2.9,2.9,63,100,16.2,29.5,938.7
2025-06-30T21:00,22.9,91,0.5,0.5,53,100,20.0,32.8,938.9
2025-06-30T22:00,22.9,90,1.6,1.6,61,100,21.6,37.8,939.3
2025-06-30T23:00,22.8,91,2.8,2.8,63,100,20.9,36.4,938.9
2025-07-01T00:00,22.8,92,1.1,1.1,55,100,22.4,38.2,938.4
2025-07-01T01:00,22.6,92,1.3,1.3,61,100,21.8,37.8,937.9
2025-07-01T02:00,22.5,93,0.8,0.8,53,100,24.2,40.7,937.3
2025-07-01T03:00,22.4,93,0.7,0.7,53,100,22.4,41.0,937.2
2025-07-01T04:00,22.4,94,0.6,0.6,53,100,18.6,37.4,937.7
2025-07-01T05:00,22.3,94,0.8,0.8,53,100,21.3,35.3,937.6
2025-07-01T06:00,23.1,90,0.0,0.0,3,100,24.7,41.0,937.5
2025-07-01T07:00,23.9,87,0.0,0.0,3,100,23.7,43.2,937.9
2025-07-01T08:00,24.3,85,0.0,0.0,3,100,20.6,39.2,938.7
2025-07-01T09:00,24.4,84,0.1,0.1,51,100,21.3,36.4,939.1
2025-07-01T10:00,25.7,76,0.1,0.1,51,100,26.7,47.5,939.4
2025-07-01T11:00,26.4,72,0.0,0.0,3,100,24.3,48.2,939.2
2025-07-01T12:00,26.7,70,0.0,0.0,3,100,27.0,51.8,938.9
2025-07-01T13:00,27.7,69,0.0,0.0,3,99,25.1,53.6,938.2
2025-07-01T14:00,27.8,68,0.0,0.0,3,99,24.5,51.5,937.1
2025-07-01T15:00,28.1,65,0.0,0.0,3,100,26.7,53.3,936.4
2025-07-01T16:00,27.8,67,0.0,0.0,3,100,21.5,52.9,936.3
2025-07-01T17:00,24.8,85,2.7,2.7,63,100,22.3,42.8,936.6
2025-07-01T18:00,25.4,76,0.0,0.0,3,100,18.0,29.5,937.3
2025-07-01T19:00,23.7,89,1.1,1.1,55,100,20.2,34.2,938.0
2025-07-01T20:00,23.2,89,0.9,0.9,53,100,21.6,37.4,938.3
2025-07-01T21:00,23.1,89,0.4,0.4,51,100,20.6,36.4,938.8
2025-07-01T22:00,23.3,89,0.7,0.7,53,100,20.2,34.2,939.0
2025-07-01T23:00,23.0,94,0.2,0.2,51,100,18.6,33.8,938.5
2025-07-02T00:00,22.9,95,0.6,0.6,53,100,18.7,31.3,938.1
2025-07-02T01:00,22.7,95,0.5,0.5,53,100,17.8,32.0,937.8
2025-07-02T02:00,22.6,95,0.3,0.3,51,100,18.3,30.6,937.4
2025-07-02T03:00,22.4,95,0.3,0.3,51,100,19.0,32.4,937.0
2025-07-02T04:00,22.4,94,0.2,0.2,51,100,18.8,32.4,937.1
2025-07-02T05:00,22.3,95,0.1,0.1,51,100,17.3,31.7,937.5
2025-07-02T06:00,22.8,91,0.0,0.0,3,95,20.5,35.3,937.2
2025-07-02T07:00,23.6,88,0.0,0.0,3,100,22.5,37.8,937.9
2025-07-02T08:00,23.9,86,0.0,0.0,3,100,20.2,38.2,938.3
2025-07-02T09:00,24.6,84,0.2,0.2,51,100,15.5,34.6,938.7
2025-07-02T10:00,24.8,85,0.4,0.4,51,100,14.3,27.4,938.9
2025-07-02T11:00,25.8,79,0.3,0.3,51,100,17.5,34.9,938.9
2025-07-02T12:00,26.4,74,0.3,0.3,51,100,19.3,38.5,938.5
2025-07-02T13:00,26.2,77,0.1,0.1,51,100,17.7,32.8,937.6
2025-07-02T14:00,27.1,72,0.2,0.2,51,100,19.5,38.5,936.8
2025-07-02T15:00,27.3,70,0.0,0.0,3,89,20.8,36.0,935.9
2025-07-02T16:00,27.8,68,0.0,0.0,3,100,20.5,36.0,935.8
2025-07-02T17:00,27.2,73,0.7,0.7,53,100,18.2,41.0,936.0
2025-07-02T18:00,24.8,83,0.0,0.0,3,100,14.9,27.0,936.7
2025-07-02T19:00,24.6,83,0.0,0.0,3,100,19.7,32.4,937.6
2025-07-02T20:00,24.2,85,0.0,0.0,3,100,18.6,33.5,938.2
2025-07-02T21:00,24.0,88,0.0,0.0,3,100,20.1,33.8,938.4
2025-07-02T22:00,24.2,85,0.0,0.0,3,100,21.2,35.6,938.7
2025-07-02T23:00,24.1,84,0.0,0.0,3,100,20.2,36.4,938.5
2025-07-03T00:00,23.9,83,0.0,0.0,3,100,20.1,33.8,937.9
2025-07-03T01:00,23.7,83,0.0,0.0,3,100,19.5,33.8,937.5
2025-07-03T02:00,23.7,82,0.0,0.0,3,100,19.9,33.1,937.2
2025-07-03T03:00,23.7,81,0.0,0.0,3,100,20.7,34.9,937.1
2025-07-03T04:00,23.4,83,0.0,0.0,3,100,20.3,34.9,937.4
2025-07-03T05:00,23.0,86,0.2,0.2,51,100,20.6,35.3,937.6
2025-07-03T06:00,23.3,84,0.0,0.0,3,100,19.6,33.1,938.0
2025-07-03T07:00,24.3,81,0.0,0.0,3,100,17.5,33.5,938.5
2025-07-03T08:00,25.5,75,0.1,0.1,51,100,27.2,46.8,939.6
2025-07-03T09:00,26.4,70,0.0,0.0,3,100,29.0,51.1,939.7
2025-07-03T10:00,26.6,70,0.2,0.2,51,100,23.2,50.8,939.5
2025-07-03T11:00,26.9,68,0.0,0.0,3,100,24.5,43.2,939.2
2025-07-03T12:00,27.7,66,0.0,0.0,3,100,22.0,44.3,938.9
2025-07-03T13:00,27.1,69,0.1,0.1,51,100,20.0,39.6,938.5
2025-07-03T14:00,27.0,71,0.3,0.3,51,100,15.9,35.3,937.7
2025-07-03T15:00,28.3,64,0.1,0.1,51,100,18.4,35.3,937.2
2025-07-03T16:00,24.1,87,0.6,0.6,53,100,12.8,41.0,936.7
2025-07-03T17:00,25.2,81,0.0,0.0,3,100,21.2,33.5,937.1
2025-07-03T18:00,25.9,74,0.5,0.5,53,100,18.2,37.8,937.6
2025-07-03T19:00,25.8,70,0.0,0.0,3,100,20.8,34.6,938.3
2025-07-03T20:00,25.8,71,0.0,0.0,3,100,19.1,34.9,939.1
2025-07-03T21:00,26.0,69,0.0,0.0,3,100,19.2,32.8,939.7
2025-07-03T22:00,25.6,70,0.0,0.0,3,100,19.5,32.8,940.1
2025-07-03T23:00,25.1,73,0.0,0.0,3,100,20.5,34.6,939.9
2025-07-04T00:00,24.9,74,0.0,0.0,3,100,23.4,39.6,939.2
2025-07-04T01:00,24.4,77,0.0,0.0,3,100,23.0,39.6,938.9
2025-07-04T02:00,23.9,80,0.0,0.0,3,100,23.7,40.7,938.3
2025-07-04T03:00,23.6,81,0.0,0.0,3,100,22.9,40.7,938.6
2025-07-04T04:00,23.6,81,0.0,0.0,3,100,22.7,38.9,938.9
2025-07-04T05:00,23.3,82,0.0,0.0,3,100,23.1,39.2,939.3
2025-07-04T06:00,23.7,81,0.0,0.0,3,100,22.9,40.7,939.8
2025-07-04T07:00,24.3,80,0.0,0.0,3,100,20.3,40.0,940.2
2025-07-04T08:00,25.3,75,0.0,0.0,3,100,29.0,49.7,940.5
2025-07-04T09:00,26.4,70,0.0,0.0,3,100,30.1,52.9,941.1
2025-07-04T10:00,27.8,62,0.0,0.0,3,99,30.6,53.3,940.9
2025-07-04T11:00,28.7,61,0.0,0.0,3,99,27.5,54.4,940.5
2025-07-04T12:00,29.4,60,0.2,0.2,51,46,25.0,50.0,940.3
2025-07-04T13:00,30.4,57,0.1,0.1,51,100,25.6,46.8,939.6
2025-07-04T14:00,27.3,74,7.6,7.6,65,95,17.8,47.9,938.8
2025-07-04T15:00,27.8,69,0.1,0.1,51,100,18.5,39.6,938.1
2025-07-04T16:00,28.4,63,0.1,0.1,51,100,25.1,46.1,937.8
2025-07-04T17:00,28.1,64,0.0,0.0,3,100,22.6,43.9,937.8
2025-07-04T18:00,27.2,68,0.0,0.0,3,100,19.0,31.0,939.2
2025-07-04T19:00,25.8,74,0.0,0.0,3,99,17.5,33.8,939.7
2025-07-04T20:00,25.1,77,0.0,0.0,3,100,17.8,29.9,939.8
2025-07-04T21:00,25.0,79,0.0,0.0,3,98,17.5,29.9,940.5
2025-07-04T22:00,25.2,75,0.0,0.0,3,100,20.2,33.8,940.6
2025-07-04T23:00,25.2,75,0.0,0.0,3,100,22.7,38.2,940.5
2025-07-05T00:00,25.0,76,0.0,0.0,3,100,22.9,40.0,939.9
2025-07-05T01:00,24.6,78,0.0,0.0,3,100,22.3,38.9,939.3
2025-07-05T02:00,24.4,79,0.0,0.0,3,100,22.9,39.2,938.9
2025-07-05T03:00,24.2,80,0.0,0.0,3,100,22.4,38.9,938.8
2025-07-05T04:00,24.1,80,0.0,0.0,3,100,22.8,38.9,939.0
2025-07-05T05:00,23.9,81,0.0,0.0,3,100,21.6,38.9,939.1
2025-07-05T06:00,23.9,81,0.0,0.0,3,100,22.7,38.2,939.3
2025-07-05T07:00,24.3,78,0.0,0.0,3,100,22.8,40.0,939.7
2025-07-05T08:00,25.1,75,0.0,0.0,3,100,29.1,51.8,940.4
2025-07-05T09:00,25.5,73,0.0,0.0,3,90,26.3,50.0,940.6
2025-07-05T10:00,27.9,64,0.1,0.1,51,86,30.5,54.0,940.6
2025-07-05T11:00,28.7,61,0.1,0.1,51,81,28.4,53.6,940.3
2025-07-05T12:00,30.0,56,0.1,0.1,51,98,28.4,54.0,939.8
2025-07-05T13:00,29.8,59,0.0,0.0,3,88,26.2,52.2,938.6
2025-07-05T14:00,29.1,62,0.1,0.1,51,100,26.0,50.0,937.5
2025-07-05T15:00,30.5,57,0.0,0.0,3,100,28.2,51.8,936.7
2025-07-05T16:00,26.8,78,0.8,0.8,53,98,17.1,54.4,937.2
2025-07-05T17:00,26.4,75,0.0,0.0,3,99,20.3,38.2,936.6
2025-07-05T18:00,26.0,78,0.0,0.0,3,100,21.2,34.2,938.2
2025-07-05T19:00,25.0,79,0.0,0.0,3,100,21.9,37.4,938.6
2025-07-05T20:00,24.9,78,0.0,0.0,3,100,21.1,37.1,938.9
2025-07-05T21:00,25.0,76,0.0,0.0,3,100,20.8,35.6,939.4
2025-07-05T22:00,25.1,74,0.0,0.0,3,100,24.3,40.3,939.6
2025-07-05T23:00,24.8,72,0.0,0.0,3,100,24.5,42.8,939.4
2025-07-06T00:00,24.5,73,0.0,0.0,3,100,23.8,41.4,938.9
2025-07-06T01:00,24.2,75,0.0,0.0,3,100,23.8,40.7,938.2
2025-07-06T02:00,23.9,77,0.0,0.0,3,100,23.8,40.7,938.0
2025-07-06T03:00,23.6,80,0.0,0.0,3,100,23.8,40.7,937.6
2025-07-06T04:00,23.4,81,0.0,0.0,3,100,23.9,41.0,937.7
2025-07-06T05:00,23.3,81,0.0,0.0,3,100,23.7,40.7,937.9
2025-07-06T06:00,23.9,78,0.0,0.0,3,100,24.2,43.2,937.9
2025-07-06T07:00,24.3,78,0.0,0.0,3,100,21.9,42.1,938.6
2025-07-06T08:00,25.0,76,0.0,0.0,3,100,24.5,41.4,938.7
2025-07-06T09:00,26.2,69,0.0,0.0,3,100,31.3,54.7,939.2
2025-07-06T10:00,27.7,62,0.0,0.0,3,100,30.8,55.8,939.1
2025-07-06T11:00,28.4,60,0.0,0.0,3,100,29.2,53.3,939.0
2025-07-06T12:00,30.1,54,0.0,0.0,2,52,30.8,55.1,938.1
2025-07-06T13:00,30.5,55,0.0,0.0,1,39,28.8,56.5,937.6
2025-07-06T14:00,30.9,54,0.0,0.0,3,88,27.4,54.7,936.8
2025-07-06T15:00,30.1,57,0.4,0.4,51,100,24.7,54.4,936.3
2025-07-06T16:00,30.1,56,0.0,0.0,3,100,21.5,49.3,935.7
2025-07-06T17:00,26.9,68,0.4,0.4,51,100,20.3,46.1,936.1
2025-07-06T18:00,27.3,66,0.0,0.0,3,100,16.4,31.0,936.5
2025-07-06T19:00,26.7,67,0.0,0.0,3,100,17.7,30.2,937.3
2025-07-06T20:00,26.7,67,0.0,0.0,3,100,19.1,32.4,937.7
2025-07-06T21:00,26.8,64,0.0,0.0,3,100,22.8,37.4,938.3
2025-07-06T22:00,26.6,63,0.0,0.0,3,100,25.1,42.1,938.8
2025-07-06T23:00,26.0,67,0.0,0.0,3,100,26.5,45.0,938.5
2025-07-07T00:00,25.3,70,0.0,0.0,3,100,27.5,47.2,938.0
2025-07-07T01:00,24.5,74,0.0,0.0,3,100,26.8,46.8,937.3
2025-07-07T02:00,23.9,77,0.0,0.0,3,100,25.6,45.7,936.7
2025-07-07T03:00,23.5,81,0.2,0.2,51,100,25.5,44.6,936.6
2025-07-07T04:00,23.1,85,0.3,0.3,51,100,26.0,44.3,936.5
2025-07-07T05:00,22.9,87,0.2,0.2,51,100,25.3,43.9,936.9
2025-07-07T06:00,22.8,93,0.4,0.4,51,100,24.5,41.0,937.4
2025-07-07T07:00,23.3,91,0.3,0.3,51,100,24.8,42.5,937.9
2025-07-07T08:00,23.7,90,0.2,0.2,51,100,23.0,42.5,938.7
2025-07-07T09:00,24.1,88,0.4,0.4,51,100,22.5,41.4,939.2
2025-07-07T10:00,26.6,73,0.1,0.1,51,100,26.5,47.2,939.4
2025-07-07T11:00,25.9,77,0.2,0.2,51,100,25.6,49.3,939.1
2025-07-07T12:00,27.8,68,0.0,0.0,3,100,26.7,48.2,938.8
2025-07-07T13:00,29.0,62,0.0,0.0,3,100,25.3,56.5,938.3
2025-07-07T14:00,29.3,59,0.1,0.1,51,100,27.6,54.7,937.5
2025-07-07T15:00,29.3,56,0.2,0.2,51,100,28.5,56.2,937.1
2025-07-07T16:00,27.2,70,0.4,0.4,51,100,21.2,52.6,937.0
2025-07-07T17:00,26.6,71,0.4,0.4,51,100,21.9,41.4,937.2
2025-07-07T18:00,26.6,71,0.0,0.0,3,100,17.1,32.8,937.3
2025-07-07T19:00,26.4,71,0.0,0.0,3,100,18.2,31.3,938.0
2025-07-07T20:00,25.5,74,0.0,0.0,3,100,16.8,30.6,938.5
2025-07-07T21:00,25.2,75,0.0,0.0,3,100,17.7,29.9,939.2
2025-07-07T22:00,24.6,77,0.0,0.0,3,100,17.3,29.5,939.5
2025-07-07T23:00,24.5,76,0.0,0.0,3,100,19.3,32.0,939.3
2025-07-08T00:00,24.2,76,0.0,0.0,3,100,19.3,33.8,938.7
2025-07-08T01:00,24.0,77,0.0,0.0,3,100,19.8,33.1,937.9
2025-07-08T02:00,23.7,79,0.0,0.0,3,100,22.9,38.5,937.4
2025-07-08T03:00,23.3,81,0.0,0.0,3,100,22.4,39.2,937.5
2025-07-08T04:00,23.1,83,0.0,0.0,3,100,21.5,37.8,937.6
2025-07-08T05:00,23.0,83,0.0,0.0,3,100,20.7,36.4,938.2
2025-07-08T06:00,23.6,81,0.0,0.0,3,100,22.5,39.2,938.8
2025-07-08T07:00,24.4,80,0.0,0.0,3,100,20.3,38.5,939.1
2025-07-08T08:00,25.9,73,0.0,0.0,3,100,29.2,52.6,939.7
2025-07-08T09:00,27.2,66,0.0,0.0,3,100,31.5,55.4,940.3
2025-07-08T10:00,28.3,64,0.0,0.0,3,100,26.8,60.8,940.3
2025-07-08T11:00,29.1,60,0.1,0.1,51,100,30.2,55.8,939.9
2025-07-08T12:00,29.5,61,0.2,0.2,51,100,28.9,58.7,939.5
2025-07-08T13:00,29.6,60,0.1,0.1,51,100,28.2,52.2,938.8
2025-07-08T14:00,29.4,60,0.1,0.1,51,100,27.1,58.0,938.0
2025-07-08T15:00,29.2,59,0.0,0.0,3,100,25.4,49.7,937.2
2025-07-08T16:00,24.8,87,2.5,2.5,63,100,15.5,53.3,937.3
2025-07-08T17:00,25.6,82,0.0,0.0,3,100,12.8,27.4,937.1
2025-07-08T18:00,25.5,75,0.0,0.0,3,100,18.6,30.6,938.4
2025-07-08T19:00,25.3,73,0.0,0.0,3,100,18.8,32.8,939.0
2025-07-08T20:00,25.1,75,0.0,0.0,3,100,18.6,31.7,939.2
2025-07-08T21:00,24.5,77,0.0,0.0,3,100,20.2,34.2,939.9
2025-07-08T22:00,23.9,80,0.0,0.0,3,100,19.9,34.6,940.2
2025-07-08T23:00,23.6,82,0.0,0.0,3,100,17.8,33.8,940.0
2025-07-09T00:00,23.5,84,0.0,0.0,3,100,16.7,29.9,939.6
2025-07-09T01:00,23.7,83,0.0,0.0,3,100,17.2,29.2,939.2
2025-07-09T02:00,23.8,83,0.0,0.0,3,100,17.4,29.2,938.7
2025-07-09T03:00,23.9,81,0.0,0.0,3,100,19.2,32.0,938.7
2025-07-09T04:00,23.7,81,0.0,0.0,3,100,19.6,33.5,938.7
2025-07-09T05:00,23.5,82,0.0,0.0,3,100,19.7,33.5,938.9
2025-07-09T06:00,23.6,83,0.0,0.0,3,100,20.4,35.6,939.1
2025-07-09T07:00,23.9,84,0.0,0.0,3,100,17.1,34.9,939.3
2025-07-09T08:00,25.4,77,0.0,0.0,3,100,28.1,47.9,940.0
2025-07-09T09:00,26.5,72,0.1,0.1,51,100,28.4,51.5,940.4
2025-07-09T10:00,27.7,67,0.1,0.1,51,90,26.9,49.7,940.7
2025-07-09T11:00,28.5,64,0.1,0.1,51,97,26.2,48.2,940.6
2025-07-09T12:00,29.0,61,0.0,0.0,3,100,25.7,47.9,940.1
2025-07-09T13:00,29.4,56,0.0,0.0,3,100,26.0,46.8,939.1
2025-07-09T14:00,29.3,57,0.0,0.0,3,99,24.9,48.6,938.3
2025-07-09T15:00,29.2,59,0.0,0.0,3,100,22.1,47.9,937.4
2025-07-09T16:00,29.5,60,0.0,0.0,3,99,21.5,44.6,937.3
2025-07-09T17:00,28.8,60,0.0,0.0,3,100,17.4,41.8,937.1
2025-07-09T18:00,27.0,68,0.0,0.0,3,99,12.7,30.2,938.2
2025-07-09T19:00,25.7,73,0.1,0.1,51,100,12.8,21.2,938.7
2025-07-09T20:00,23.9,85,0.1,0.1,51,100,11.5,24.8,939.4
2025-07-09T21:00,23.6,88,0.0,0.0,3,99,9.0,18.7,940.0
2025-07-09T22:00,23.9,85,0.0,0.0,3,100,12.1,19.4,940.1
2025-07-09T23:00,23.9,81,0.0,0.0,3,100,15.5,25.6,939.7
2025-07-10T00:00,23.7,82,0.0,0.0,3,100,17.3,29.2,939.3
2025-07-10T01:00,23.3,84,0.0,0.0,3,100,15.6,29.2,938.9
2025-07-10T02:00,23.1,86,0.0,0.0,3,100,14.4,25.9,938.6
2025-07-10T03:00,22.9,87,0.0,0.0,3,100,15.2,25.2,938.6
2025-07-10T04:00,22.7,88,0.0,0.0,3,100,15.6,26.3,938.7
2025-07-10T05:00,22.7,90,0.0,0.0,3,100,16.9,28.4,938.9
2025-07-10T06:00,23.3,87,0.0,0.0,3,100,18.0,31.0,939.3
2025-07-10T07:00,24.1,84,0.0,0.0,3,100,19.6,33.5,939.7
2025-07-10T08:00,25.8,75,0.0,0.0,3,100,23.6,42.1,940.4
2025-07-10T09:00,26.9,70,0.1,0.1,51,100,22.5,41.8,940.8
2025-07-10T10:00,28.4,62,0.0,0.0,3,100,20.5,40.7,940.7
2025-07-10T11:00,29.4,58,0.0,0.0,3,100,20.4,38.5,940.6
2025-07-10T12:00,30.2,54,0.0,0.0,3,99,21.0,40.0,939.9
2025-07-10T13:00,30.3,53,0.1,0.1,51,100,19.5,39.2,939.2
2025-07-10T14:00,31.0,50,0.3,0.3,51,100,20.6,37.8,938.1
2025-07-10T15:00,30.6,51,0.1,0.1,51,99,19.0,37.4,937.3
2025-07-10T16:00,29.9,53,0.1,0.1,51,99,18.0,34.6,936.7
2025-07-10T17:00,29.3,57,0.0,0.0,3,99,14.9,31.0,936.7
2025-07-10T18:00,27.5,64,0.0,0.0,3,100,8.3,18.7,937.6
2025-07-10T19:00,26.0,70,0.0,0.0,3,100,6.0,13.7,938.0
2025-07-10T20:00,25.5,74,0.0,0.0,3,83,3.2,8.6,938.6
2025-07-10T21:00,24.9,77,0.0,0.0,3,99,2.9,4.3,939.4
2025-07-10T22:00,24.4,79,0.0,0.0,3,95,7.9,11.9,940.1
2025-07-10T23:00,24.4,80,0.0,0.0,3,97,7.7,14.4,940.1
2025-07-11T00:00,23.7,84,0.0,0.0,3,93,5.9,12.2,939.2
2025-07-11T01:00,23.2,87,0.0,0.0,3,96,6.1,9.7,938.2
2025-07-11T02:00,22.8,88,0.0,0.0,3,98,5.8,9.7,937.4
2025-07-11T03:00,22.8,87,0.0,0.0,3,100,8.3,13.0,937.1
2025-07-11T04:00,23.0,83,0.0,0.0,3,100,11.3,18.0,937.5
2025-07-11T05:00,23.0,84,0.0,0.0,3,100,14.3,23.0,938.1
2025-07-11T06:00,24.1,81,0.0,0.0,3,99,15.7,25.6,938.7
2025-07-11T07:00,25.2,78,0.0,0.0,3,93,15.5,27.4,939.5
2025-07-11T08:00,26.6,73,0.0,0.0,2,60,17.1,31.7,940.1
2025-07-11T09:00,28.0,67,0.0,0.0,3,98,17.3,33.1,940.6
2025-07-11T10:00,29.1,64,0.0,0.0,3,100,17.2,33.8,940.9
2025-07-11T11:00,29.8,61,0.0,0.0,3,100,17.0,33.8,940.7
2025-07-11T12:00,30.4,58,0.0,0.0,3,99,16.5,34.2,940.0
2025-07-11T13:00,30.9,56,0.0,0.0,3,98,15.7,33.5,939.2
2025-07-11T14:00,30.9,54,0.0,0.0,3,100,15.7,32.4,938.0
2025-07-11T15:00,30.6,56,0.1,0.1,51,100,15.0,32.4,936.9
2025-07-11T16:00,30.4,55,0.0,0.0,3,99,15.2,31.0,936.5
2025-07-11T17:00,29.5,60,0.0,0.0,3,98,12.3,29.2,936.6
2025-07-11T18:00,28.0,65,0.0,0.0,3,97,8.9,21.2,937.6
2025-07-11T19:00,26.5,71,0.0,0.0,2,68,6.1,14.8,938.3
2025-07-11T20:00,26.0,74,0.0,0.0,1,36,6.0,9.7,938.7
2025-07-11T21:00,25.6,75,0.0,0.0,0,15,9.9,15.8,939.3
2025-07-11T22:00,25.3,75,0.0,0.0,0,18,12.2,19.8,940.4
2025-07-11T23:00,24.8,78,0.0,0.0,1,29,15.8,25.9,940.4
2025-07-12T00:00,24.1,81,0.0,0.0,0,6,14.1,26.3,939.7
2025-07-12T01:00,23.9,82,0.0,0.0,2,57,14.9,24.5,939.3
2025-07-12T02:00,23.6,84,0.0,0.0,2,79,14.3,24.8,938.7
2025-07-12T03:00,23.4,87,0.0,0.0,3,93,16.1,26.6,938.4
2025-07-12T04:00,23.4,86,0.0,0.0,3,89,15.7,27.4,938.5
2025-07-12T05:00,23.3,86,0.0,0.0,3,100,16.1,27.0,938.8
2025-07-12T06:00,24.4,83,0.0,0.0,3,80,15.5,25.6,939.5
2025-07-12T07:00,25.3,80,0.0,0.0,3,95,16.3,28.4,940.1
2025-07-12T08:00,26.4,73,0.0,0.0,3,98,18.4,33.8,940.4
2025-07-12T09:00,27.8,67,0.0,0.0,3,94,18.2,34.6,940.8
2025-07-12T10:00,29.0,61,0.0,0.0,2,67,19.2,39.2,940.7
2025-07-12T11:00,29.9,56,0.1,0.1,51,75,20.4,39.6,940.7
2025-07-12T12:00,30.9,52,0.1,0.1,51,66,20.3,38.5,939.9
2025-07-12T13:00,30.9,51,0.1,0.1,51,97,20.4,38.5,939.3
2025-07-12T14:00,30.8,54,0.1,0.1,51,67,18.5,38.2,938.6
2025-07-12T15:00,30.7,56,0.0,0.0,3,99,17.4,36.7,937.6
2025-07-12T16:00,28.0,69,0.8,0.8,53,99,14.1,37.8,937.1
2025-07-12T17:00,28.9,65,0.0,0.0,3,98,14.3,25.6,937.0
2025-07-12T18:00,27.4,75,0.0,0.0,3,100,6.1,16.6,938.1
2025-07-12T19:00,26.4,76,0.0,0.0,3,100,7.2,11.5,938.6
2025-07-12T20:00,26.0,76,0.0,0.0,3,100,10.5,16.6,939.3
2025-07-12T21:00,25.6,76,0.0,0.0,3,100,11.0,17.6,940.0
2025-07-12T22:00,25.6,76,0.0,0.0,3,100,14.3,23.4,940.1
2025-07-12T23:00,25.2,77,0.0,0.0,3,99,13.5,23.8,940.3
2025-07-13T00:00,25.1,77,0.0,0.0,3,100,15.5,25.6,939.6
2025-07-13T01:00,25.0,76,0.0,0.0,3,100,16.8,28.1,939.1
2025-07-13T02:00,24.6,77,0.0,0.0,3,100,16.6,28.4,938.5
2025-07-13T03:00,24.3,79,0.0,0.0,3,100,16.6,28.1,938.4
2025-07-13T04:00,24.0,80,0.0,0.0,3,99,16.2,27.7,938.6
2025-07-13T05:00,23.6,82,0.0,0.0,3,96,15.3,27.0,938.7
2025-07-13T06:00,24.2,80,0.0,0.0,3,100,17.2,29.2,939.7
2025-07-13T07:00,24.9,77,0.0,0.0,3,100,18.0,31.3,940.5
2025-07-13T08:00,25.9,73,0.0,0.0,3,100,19.4,35.3,940.9
2025-07-13T09:00,27.4,67,0.0,0.0,3,100,21.9,38.9,941.4
2025-07-13T10:00,28.8,60,0.0,0.0,3,100,22.0,40.7,941.2
2025-07-13T11:00,29.3,58,0.0,0.0,3,100,22.2,41.4,940.9
2025-07-13T12:00,29.7,56,0.1,0.1,51,100,20.7,40.7,940.4
2025-07-13T13:00,30.1,54,0.1,0.1,51,100,19.9,38.2,939.5
2025-07-13T14:00,30.0,55,0.1,0.1,51,100,19.8,36.7,938.3
2025-07-13T15:00,30.3,55,0.0,0.0,3,100,19.3,36.7,937.2
2025-07-13T16:00,30.0,57,0.1,0.1,51,100,18.2,34.9,936.9
2025-07-13T17:00,29.3,61,0.0,0.0,3,100,14.2,32.0,937.0
2025-07-13T18:00,27.4,63,0.0,0.0,3,100,12.7,26.6,937.2
2025-07-13T19:00,27.0,65,0.0,0.0,3,100,10.4,21.2,938.1
2025-07-13T20:00,26.5,69,0.0,0.0,3,100,10.3,16.9,938.8
2025-07-13T21:00,26.1,70,0.0,0.0,3,100,12.8,19.8,939.5
2025-07-13T22:00,26.5,66,0.0,0.0,3,100,17.6,29.2,940.2
2025-07-13T23:00,26.1,68,0.0,0.0,3,97,19.4,32.4,939.9
2025-07-14T00:00,25.5,71,0.0,0.0,3,100,19.1,32.8,939.2
2025-07-14T01:00,25.1,74,0.0,0.0,3,99,18.7,32.0,938.7
2025-07-14T02:00,24.7,77,0.0,0.0,3,100,17.4,31.7,938.4
2025-07-14T03:00,24.3,79,0.0,0.0,3,100,17.7,29.9,938.4
2025-07-14T04:00,23.8,80,0.0,0.0,2,78,18.8,31.7,938.4
2025-07-14T05:00,23.4,82,0.0,0.0,0,14,17.7,31.7,938.6
2025-07-14T06:00,23.7,82,0.0,0.0,0,7,16.2,29.2,939.4
2025-07-14T07:00,24.6,80,0.0,0.0,0,7,17.2,29.9,940.0
2025-07-14T08:00,26.1,72,0.0,0.0,2,69,23.9,42.1,940.6
2025-07-14T09:00,27.5,65,0.0,0.0,3,97,24.3,43.9,940.6
2025-07-14T10:00,28.5,62,0.0,0.0,2,59,22.2,43.9,940.5
2025-07-14T11:00,29.6,57,0.2,0.2,51,72,21.6,41.0,940.0
2025-07-14T12:00,30.4,54,0.4,0.4,51,100,23.4,42.5,939.2
2025-07-14T13:00,30.9,53,0.4,0.4,51,96,23.4,42.8,938.3
2025-07-14T14:00,31.1,53,0.3,0.3,51,89,22.0,42.5,937.4
2025-07-14T15:00,31.1,53,0.1,0.1,51,99,20.6,40.0,936.5
2025-07-14T16:00,30.7,55,0.0,0.0,3,100,19.0,37.8,936.4
2025-07-14T17:00,29.5,60,0.0,0.0,3,100,17.1,34.9,936.6
2025-07-14T18:00,28.3,62,0.0,0.0,3,100,12.8,26.6,937.4
2025-07-14T19:00,27.2,65,0.0,0.0,3,100,9.8,21.2,938.4
2025-07-14T20:00,26.7,66,0.1,0.1,51,100,20.1,32.8,939.5
2025-07-14T21:00,25.8,71,0.0,0.0,3,98,17.0,33.8,939.6
2025-07-14T22:00,25.4,73,0.0,0.0,3,100,18.7,31.3,940.1
2025-07-14T23:00,24.8,75,0.0,0.0,3,100,18.7,32.0,939.8
2025-07-15T00:00,24.8,77,0.0,0.0,3,100,18.3,31.3,939.2
2025-07-15T01:00,24.5,79,0.0,0.0,3,100,18.5,31.0,938.8
2025-07-15T02:00,24.2,80,0.0,0.0,3,100,19.5,33.1,938.5
2025-07-15T03:00,23.7,82,0.0,0.0,3,100,18.7,33.1,938.2
2025-07-15T04:00,23.5,83,0.0,0.0,3,100,18.9,31.7,938.2
2025-07-15T05:00,23.3,84,0.0,0.0,3,99,19.0,32.0,938.4
2025-07-15T06:00,23.9,82,0.0,0.0,3,100,17.7,29.9,938.7
2025-07-15T07:00,24.7,80,0.0,0.0,3,100,17.5,30.6,938.8
2025-07-15T08:00,26.2,72,0.0,0.0,3,100,25.5,45.4,939.3
2025-07-15T09:00,27.5,68,0.0,0.0,3,99,23.7,44.6,939.4
2025-07-15T10:00,27.9,67,0.1,0.1,51,66,22.1,42.5,939.4
2025-07-15T11:00,29.6,59,0.2,0.2,51,100,21.3,40.7,939.2
2025-07-15T12:00,29.2,64,0.5,0.5,53,100,21.5,40.3,938.5
2025-07-15T13:00,29.8,64,1.0,1.0,55,100,15.4,39.6,937.6
2025-07-15T14:00,27.7,72,1.7,1.7,61,100,21.0,35.6,936.8
2025-07-15T15:00,28.0,71,1.8,1.8,61,100,16.3,38.2,936.0
2025-07-15T16:00,27.7,73,0.4,0.4,51,100,21.0,41.4,935.6
2025-07-15T17:00,27.4,74,0.0,0.0,3,100,17.1,36.4,935.5
2025-07-15T18:00,27.4,73,0.0,0.0,3,100,11.6,23.4,937.1
2025-07-15T19:00,26.4,76,0.0,0.0,3,100,10.1,19.4,937.8
2025-07-15T20:00,25.7,77,0.0,0.0,3,100,12.3,19.8,938.4
2025-07-15T21:00,25.3,78,0.0,0.0,3,100,14.7,24.1,938.9
2025-07-15T22:00,25.2,79,0.0,0.0,3,100,15.8,26.6,939.2
2025-07-15T23:00,24.9,82,0.0,0.0,3,100,15.1,26.3,939.1
2025-07-16T00:00,24.6,80,0.0,0.0,3,100,16.9,28.1,938.7
2025-07-16T01:00,24.2,82,0.0,0.0,3,100,15.3,28.1,938.1
2025-07-16T02:00,23.9,84,0.0,0.0,3,100,15.1,25.9,937.5
2025-07-16T03:00,23.5,86,0.0,0.0,3,100,14.4,25.2,937.4
2025-07-16T04:00,23.4,87,0.0,0.0,3,100,16.0,26.6,937.4
2025-07-16T05:00,23.1,88,0.0,0.0,3,100,16.2,27.7,937.8
2025-07-16T06:00,24.1,87,0.0,0.0,3,100,14.7,24.1,938.3
2025-07-16T07:00,25.0,82,0.0,0.0,3,100,17.6,29.5,938.8
2025-07-16T08:00,26.4,75,0.0,0.0,3,100,18.7,34.6,939.4
2025-07-16T09:00,27.8,68,0.0,0.0,3,100,17.4,34.2,939.6
2025-07-16T10:00,28.9,63,0.1,0.1,51,100,16.3,32.8,939.3
2025-07-16T11:00,29.7,60,0.1,0.1,51,100,16.0,32.0,938.8
2025-07-16T12:00,30.3,58,0.1,0.1,51,100,16.2,32.0,938.1
2025-07-16T13:00,30.7,57,0.2,0.2,51,100,14.8,32.0,937.4
2025-07-16T14:00,29.7,60,0.4,0.4,51,100,16.3,31.0,936.7
2025-07-16T15:00,29.1,65,0.1,0.1,51,100,7.9,31.3,936.0
2025-07-16T16:00,29.0,65,0.1,0.1,51,100,9.4,18.0,935.7
2025-07-16T17:00,28.1,69,0.1,0.1,51,100,11.6,20.2,936.1
2025-07-16T18:00,26.6,77,0.0,0.0,3,100,3.0,15.5,937.0
2025-07-16T19:00,25.6,83,0.0,0.0,3,100,4.0,5.8,937.2
2025-07-16T20:00,25.2,85,0.0,0.0,3,100,4.6,7.9,937.6
2025-07-16T21:00,24.8,87,0.0,0.0,3,100,4.2,6.5,938.3
2025-07-16T22:00,24.4,89,0.0,0.0,3,100,4.2,6.5,938.3
2025-07-16T23:00,24.0,91,0.0,0.0,3,100,3.2,6.1,938.2
2025-07-17T00:00,24.0,89,0.0,0.0,3,100,13.5,18.7,938.2
2025-07-17T01:00,23.4,92,0.5,0.5,53,100,7.6,25.9,937.8
2025-07-17T02:00,23.1,94,1.1,1.1,55,100,8.6,15.5,937.6
2025-07-17T03:00,22.8,96,3.3,3.3,63,100,8.6,23.4,937.7
2025-07-17T04:00,22.6,95,0.3,0.3,51,100,13.3,21.2,937.7
2025-07-17T05:00,22.6,96,0.5,0.5,53,100,11.8,22.3,938.2
2025-07-17T06:00,24.2,87,0.0,0.0,3,100,11.0,19.8,938.7
2025-07-17T07:00,25.0,84,0.0,0.0,3,100,12.4,22.0,939.3
2025-07-17T08:00,26.4,78,0.0,0.0,3,100,15.7,29.5,939.8
2025-07-17T09:00,28.0,69,0.0,0.0,3,100,13.4,29.9,940.1
2025-07-17T10:00,29.0,65,0.0,0.0,3,100,11.0,27.0,940.1
2025-07-17T11:00,30.0,62,0.0,0.0,3,100,9.6,24.1,939.9
2025-07-17T12:00,30.5,62,0.0,0.0,3,100,7.9,22.7,939.2
2025-07-17T13:00,31.0,60,0.0,0.0,3,100,5.7,20.2,938.6
2025-07-17T14:00,31.0,58,0.0,0.0,3,100,6.1,18.0,937.6
2025-07-17T15:00,29.3,65,0.4,0.4,51,100,2.8,17.3,936.6
2025-07-17T16:00,28.5,69,2.2,2.2,61,100,11.6,20.9,936.9
2025-07-17T17:00,26.5,79,1.3,1.3,61,100,5.3,24.5,937.0
2025-07-17T18:00,27.4,77,0.0,0.0,3,100,5.6,15.8,937.8
2025-07-17T19:00,26.1,84,0.0,0.0,3,100,3.0,9.4,938.7
2025-07-17T20:00,25.8,86,0.0,0.0,3,100,4.0,6.1,939.1
2025-07-17T21:00,25.6,88,0.0,0.0,3,100,3.1,5.8,939.7
2025-07-17T22:00,25.4,88,0.0,0.0,3,100,1.5,4.0,939.3
2025-07-17T23:00,25.2,89,0.0,0.0,3,100,0.2,2.2,939.4
2025-07-18T00:00,24.7,92,0.0,0.0,3,100,2.4,4.0,939.4
2025-07-18T01:00,24.4,94,0.1,0.1,51,100,2.3,4.3,938.7
2025-07-18T02:00,23.3,97,2.1,2.1,61,100,14.5,24.1,939.2
2025-07-18T03:00,22.6,95,2.2,2.2,61,100,10.3,27.4,938.6
2025-07-18T04:00,22.4,96,0.5,0.5,53,100,10.4,18.4,938.1
2025-07-18T05:00,22.4,96,0.3,0.3,51,100,5.8,17.6,938.3
2025-07-18T06:00,23.1,94,0.4,0.4,51,100,7.5,15.5,939.2
2025-07-18T07:00,23.8,91,0.0,0.0,3,100,7.6,15.5,939.8
2025-07-18T08:00,24.8,86,0.0,0.0,3,100,8.9,18.7,940.2
2025-07-18T09:00,26.6,77,0.0,0.0,3,100,11.2,23.4,940.6
2025-07-18T10:00,28.1,68,0.0,0.0,3,100,10.9,24.1,940.8
2025-07-18T11:00,29.1,64,0.1,0.1,51,100,9.4,23.8,940.3
2025-07-18T12:00,29.8,64,0.0,0.0,3,100,9.3,22.3,939.8
2025-07-18T13:00,30.5,62,0.0,0.0,3,100,9.8,23.0,938.9
2025-07-18T14:00,30.9,59,0.0,0.0,3,100,9.2,22.7,938.1
2025-07-18T15:00,27.9,72,0.4,0.4,51,100,9.1,21.6,937.3
2025-07-18T16:00,28.1,72,0.1,0.1,51,100,6.4,19.4,936.5
2025-07-18T17:00,25.6,83,5.6,5.6,63,100,12.1,21.2,936.8
2025-07-18T18:00,24.3,92,0.7,0.7,53,100,7.4,11.9,938.0
2025-07-18T19:00,23.9,93,0.3,0.3,51,100,8.0,13.7,938.3
2025-07-18T20:00,23.4,94,0.0,0.0,2,77,10.7,17.6,938.6
2025-07-18T21:00,23.1,95,0.0,0.0,2,79,8.4,17.6,938.8
2025-07-18T22:00,23.1,96,0.0,0.0,3,100,8.9,14.8,938.9
2025-07-18T23:00,23.1,94,0.0,0.0,3,100,6.5,15.1,938.6
2025-07-19T00:00,22.8,93,0.0,0.0,3,100,12.8,20.9,938.2
2025-07-19T01:00,22.7,94,0.0,0.0,2,52,10.8,21.2,937.4
2025-07-19T02:00,22.6,94,0.0,0.0,3,86,13.9,22.7,937.2
2025-07-19T03:00,22.1,96,0.0,0.0,2,71,9.2,23.4,936.6
2025-07-19T04:00,22.0,96,0.0,0.0,3,99,9.9,16.6,936.4
2025-07-19T05:00,21.9,96,0.0,0.0,2,61,9.4,16.6,936.3
2025-07-19T06:00,23.2,94,0.0,0.0,2,56,10.9,18.4,937.0
2025-07-19T07:00,24.3,90,0.0,0.0,1,37,8.9,18.7,937.8
2025-07-19T08:00,25.7,83,0.0,0.0,1,21,12.3,24.1,938.4
2025-07-19T09:00,27.5,73,0.0,0.0,0,17,14.0,28.1,938.7
2025-07-19T10:00,28.6,67,0.0,0.0,0,16,12.5,28.1,938.5
2025-07-19T11:00,29.4,63,0.0,0.0,1,27,10.7,26.3,938.2
2025-07-19T12:00,29.9,64,0.1,0.1,51,40,9.5,24.1,937.7
2025-07-19T13:00,30.2,62,0.1,0.1,51,100,7.7,22.7,936.5
2025-07-19T14:00,28.8,66,0.7,0.7,53,89,1.8,19.8,935.2
2025-07-19T15:00,25.6,83,1.0,1.0,55,92,8.6,31.7,935.1
2025-07-19T16:00,26.7,78,0.1,0.1,51,98,2.7,18.4,934.8
2025-07-19T17:00,25.6,81,0.7,0.7,53,100,11.0,22.0,935.2
2025-07-19T18:00,26.6,77,0.0,0.0,1,46,10.5,21.6,935.4
2025-07-19T19:00,25.5,80,0.0,0.0,3,91,7.8,17.3,936.0
2025-07-19T20:00,24.7,85,0.0,0.0,3,100,5.1,12.2,936.1
2025-07-19T21:00,24.4,86,0.0,0.0,3,100,6.0,9.4,936.7
2025-07-19T22:00,24.1,87,0.0,0.0,3,100,6.0,9.7,937.4
2025-07-19T23:00,24.1,85,0.0,0.0,3,100,7.3,11.9,937.0
2025-07-20T00:00,24.0,83,0.0,0.0,3,100,8.2,12.6,936.6
2025-07-20T01:00,24.1,82,0.0,0.0,3,100,15.9,26.3,936.3
2025-07-20T02:00,23.7,84,0.0,0.0,3,100,16.0,27.0,935.5
2025-07-20T03:00,23.4,85,0.0,0.0,3,100,15.1,26.6,935.4
2025-07-20T04:00,23.3,86,0.0,0.0,3,100,14.3,24.8,935.6
2025-07-20T05:00,23.3,86,0.0,0.0,3,100,13.3,23.8,935.9
2025-07-20T06:00,24.3,82,0.0,0.0,3,100,14.8,25.2,936.2
2025-07-20T07:00,25.1,80,0.0,0.0,3,100,12.8,24.5,937.1
2025-07-20T08:00,26.0,76,0.0,0.0,3,100,15.1,27.7,937.5
2025-07-20T09:00,26.7,73,0.0,0.0,3,100,15.2,28.8,937.8
2025-07-20T10:00,27.6,70,0.0,0.0,3,100,15.3,29.9,938.2
2025-07-20T11:00,28.1,67,0.0,0.0,3,100,14.1,29.2,938.0
2025-07-20T12:00,29.0,64,0.0,0.0,3,97,14.4,29.5,937.2
2025-07-20T13:00,29.7,62,0.0,0.0,3,99,13.4,29.2,936.2
2025-07-20T14:00,29.7,63,0.0,0.0,3,100,12.3,28.1,935.1
2025-07-20T15:00,29.5,64,0.0,0.0,3,100,12.5,25.9,934.5
2025-07-20T16:00,29.3,63,0.0,0.0,3,100,8.5,25.2,934.2
2025-07-20T17:00,27.8,68,0.0,0.0,3,100,10.4,20.2,934.5
2025-07-20T18:00,26.2,76,0.5,0.5,53,100,4.4,14.0,935.6
2025-07-20T19:00,25.0,83,0.7,0.7,53,100,8.9,15.5,936.2
2025-07-20T20:00,24.4,87,0.2,0.2,51,100,4.8,14.0,936.5
2025-07-20T21:00,24.4,86,0.7,0.7,53,100,6.4,13.7,937.5
2025-07-20T22:00,23.9,91,2.8,2.8,63,100,3.9,15.1,938.0
2025-07-20T23:00,23.5,93,1.3,1.3,61,100,11.1,18.0,938.0
2025-07-21T00:00,23.6,93,0.9,0.9,53,100,11.7,18.7,937.5
2025-07-21T01:00,23.5,91,0.1,0.1,51,100,12.2,20.2,936.7
2025-07-21T02:00,23.3,92,0.0,0.0,3,100,13.6,22.0,936.3
2025-07-21T03:00,23.2,92,0.0,0.0,3,100,14.8,24.8,935.8
2025-07-21T04:00,23.1,93,0.0,0.0,3,100,13.6,24.5,936.1
2025-07-21T05:00,23.2,92,0.0,0.0,3,100,14.1,23.0,936.6
2025-07-21T06:00,24.2,88,0.0,0.0,3,100,16.4,27.7,937.2
2025-07-21T07:00,24.6,87,0.0,0.0,3,100,14.0,27.7,937.8
2025-07-21T08:00,26.0,80,0.0,0.0,3,100,18.2,33.1,938.2
2025-07-21T09:00,26.9,75,0.0,0.0,3,100,17.0,33.1,938.6
2025-07-21T10:00,28.0,71,0.0,0.0,1,42,16.6,32.4,938.4
2025-07-21T11:00,29.3,66,0.0,0.0,3,99,16.4,32.8,937.9
2025-07-21T12:00,30.0,64,0.0,0.0,3,100,15.4,32.8,937.2
2025-07-21T13:00,30.2,63,0.1,0.1,51,100,15.3,31.3,936.3
2025-07-21T14:00,30.1,63,0.1,0.1,51,100,14.8,31.3,935.5
2025-07-21T15:00,29.0,69,2.7,2.7,63,99,12.6,30.2,934.6
2025-07-21T16:00,27.4,76,0.5,0.5,53,100,15.0,28.1,934.9
2025-07-21T17:00,26.3,83,1.0,1.0,55,100,7.8,27.0,935.1
2025-07-21T18:00,26.7,74,0.0,0.0,3,100,8.8,16.2,936.4
2025-07-21T19:00,25.7,78,0.0,0.0,3,100,4.8,14.4,937.1
2025-07-21T20:00,25.5,80,0.0,0.0,3,100,8.1,13.3,937.6
2025-07-21T21:00,25.3,81,0.2,0.2,51,100,9.0,14.0,938.6
2025-07-21T22:00,24.1,91,0.7,0.7,53,100,14.3,22.7,938.8
2025-07-21T23:00,23.0,92,0.5,0.5,53,100,16.7,28.4,938.3
2025-07-22T00:00,22.9,93,0.1,0.1,51,100,17.4,28.8,937.4
2025-07-22T01:00,22.6,94,0.0,0.0,3,94,18.4,31.7,936.8
2025-07-22T02:00,22.5,94,0.0,0.0,3,100,16.7,30.6,936.2
2025-07-22T03:00,22.7,93,0.0,0.0,3,95,17.3,32.4,936.2
2025-07-22T04:00,22.8,93,0.0,0.0,3,98,13.3,28.8,936.4
2025-07-22T05:00,22.5,94,0.0,0.0,3,100,16.1,27.4,936.9
2025-07-22T06:00,23.1,94,0.0,0.0,3,100,18.5,31.0,937.1
2025-07-22T07:00,24.1,89,0.0,0.0,3,100,20.5,31.7,937.7
2025-07-22T08:00,25.1,83,0.1,0.1,51,100,22.3,37.8,938.3
2025-07-22T09:00,25.7,80,0.4,0.4,51,100,18.4,38.5,938.8
2025-07-22T10:00,26.3,77,0.2,0.2,51,94,19.2,33.1,938.5
2025-07-22T11:00,28.1,71,0.2,0.2,51,100,20.1,38.2,938.3
2025-07-22T12:00,29.0,67,0.2,0.2,51,100,17.3,38.5,937.0
2025-07-22T13:00,25.7,82,1.7,1.7,61,87,23.0,40.0,936.0
2025-07-22T14:00,26.4,79,0.2,0.2,51,97,16.9,41.0,935.3
2025-07-22T15:00,27.8,75,0.1,0.1,51,100,18.4,36.4,935.2
2025-07-22T16:00,27.4,74,0.1,0.1,51,100,19.1,37.1,934.7
2025-07-22T17:00,26.8,76,0.0,0.0,3,100,15.5,37.1,935.3
2025-07-22T18:00,25.6,85,0.1,0.1,51,100,9.9,18.4,936.1
2025-07-22T19:00,25.1,87,0.0,0.0,3,100,11.3,18.0,936.8
2025-07-22T20:00,24.7,88,0.0,0.0,3,100,10.9,20.2,937.3
2025-07-22T21:00,24.4,90,0.0,0.0,3,100,10.1,18.0,937.7
2025-07-22T22:00,23.1,94,0.3,0.3,51,100,12.4,28.4,938.3
2025-07-22T23:00,23.5,93,0.2,0.2,51,100,15.4,24.8,938.0
2025-07-23T00:00,23.3,92,0.1,0.1,51,100,19.7,32.8,937.3
2025-07-23T01:00,22.8,94,0.1,0.1,51,98,19.8,33.5,936.3
2025-07-23T02:00,22.7,94,0.1,0.1,51,100,21.2,35.3,935.8
2025-07-23T03:00,22.5,93,0.1,0.1,51,100,22.6,38.2,935.2
2025-07-23T04:00,22.5,95,0.3,0.3,51,100,21.3,38.2,935.3
2025-07-23T05:00,22.5,95,0.2,0.2,51,100,19.5,36.0,935.7
2025-07-23T06:00,22.9,95,0.5,0.5,53,100,19.1,32.8,936.0
2025-07-23T07:00,23.0,95,0.9,0.9,53,100,20.2,33.8,936.4
2025-07-23T08:00,23.4,94,0.8,0.8,53,100,20.4,34.9,936.9
2025-07-23T09:00,23.6,93,0.9,0.9,53,100,19.2,34.6,937.4
2025-07-23T10:00,24.0,91,0.8,0.8,53,100,18.6,32.4,937.6
2025-07-23T11:00,24.7,87,0.5,0.5,53,100,18.0,32.0,937.2
2025-07-23T12:00,25.3,83,0.3,0.3,51,100,22.0,38.2,936.2
2025-07-23T13:00,27.2,73,0.2,0.2,51,100,25.7,46.4,935.2
2025-07-23T14:00,26.7,79,0.2,0.2,51,100,22.7,45.7,934.5
2025-07-23T15:00,27.0,73,0.1,0.1,51,100,22.6,43.9,933.9
2025-07-23T16:00,27.2,71,0.0,0.0,3,100,22.3,43.6,933.8
2025-07-23T17:00,24.3,88,2.4,2.4,61,100,17.5,40.7,934.4
2025-07-23T18:00,23.8,90,0.4,0.4,51,100,17.7,33.1,935.1
2025-07-23T19:00,23.4,92,0.2,0.2,51,100,16.1,29.2,935.5
2025-07-23T20:00,23.1,95,0.3,0.3,51,100,15.7,26.6,936.0
2025-07-23T21:00,23.0,95,0.1,0.1,51,100,15.9,27.4,936.7
2025-07-23T22:00,23.1,95,0.1,0.1,51,100,17.5,29.2,937.1
2025-07-23T23:00,23.1,95,0.1,0.1,51,100,19.1,32.0,936.9
2025-07-24T00:00,23.0,94,0.2,0.2,51,100,21.4,35.6,936.2
2025-07-24T01:00,22.9,94,0.2,0.2,51,100,21.8,37.1,935.4
2025-07-24T02:00,22.7,94,0.2,0.2,51,100,22.4,37.8,935.0
2025-07-24T03:00,22.5,95,0.2,0.2,51,100,21.0,37.8,934.5
2025-07-24T04:00,22.3,95,0.2,0.2,51,100,22.2,37.4,934.6
2025-07-24T05:00,22.1,94,0.2,0.2,51,100,22.9,38.9,934.9
2025-07-24T06:00,22.3,92,0.0,0.0,3,100,21.6,36.4,934.9
2025-07-24T07:00,22.9,90,0.0,0.0,3,100,20.3,37.1,935.4
2025-07-24T08:00,24.0,84,0.0,0.0,3,100,25.3,42.8,936.2
2025-07-24T09:00,23.8,85,0.3,0.3,51,100,20.9,43.9,936.7
2025-07-24T10:00,24.2,84,0.1,0.1,51,100,20.0,40.3,936.9
2025-07-24T11:00,25.1,78,0.3,0.3,51,100,23.6,44.6,937.0
2025-07-24T12:00,25.9,78,0.2,0.2,51,100,23.5,46.8,936.4
2025-07-24T13:00,25.0,86,1.9,1.9,61,100,20.2,45.4,935.1
2025-07-24T14:00,24.7,85,0.8,0.8,53,100,17.4,38.5,934.5
2025-07-24T15:00,23.6,93,1.8,1.8,61,100,19.8,34.9,934.0
2025-07-24T16:00,23.7,94,0.9,0.9,53,100,21.6,36.7,933.7
2025-07-24T17:00,23.2,92,0.8,0.8,53,100,21.5,38.5,934.1
2025-07-24T18:00,23.4,94,0.3,0.3,51,100,17.3,31.0,934.7
2025-07-24T19:00,23.3,94,0.3,0.3,51,100,16.1,29.2,935.2
2025-07-24T20:00,23.1,93,0.2,0.2,51,100,16.6,27.7,935.6
2025-07-24T21:00,23.0,93,0.2,0.2,51,100,17.2,28.8,936.1
2025-07-24T22:00,22.9,93,0.3,0.3,51,100,18.7,31.0,936.6
2025-07-24T23:00,22.7,92,0.2,0.2,51,100,19.5,32.8,936.3
2025-07-25T00:00,22.7,91,0.1,0.1,51,100,20.8,34.6,935.7
2025-07-25T01:00,22.7,91,0.0,0.0,3,100,21.2,35.3,934.9
2025-07-25T02:00,22.6,91,0.1,0.1,51,100,23.0,38.5,934.4
2025-07-25T03:00,22.5,92,0.1,0.1,51,100,24.6,41.4,934.0
2025-07-25T04:00,22.5,91,0.1,0.1,51,100,24.6,41.8,934.0
2025-07-25T05:00,22.5,91,0.0,0.0,3,100,23.8,41.8,934.3
2025-07-25T06:00,22.9,89,0.0,0.0,3,100,19.6,32.8,934.8
2025-07-25T07:00,23.6,87,0.0,0.0,3,100,16.7,34.6,935.3
2025-07-25T08:00,24.4,82,0.0,0.0,3,100,26.1,46.4,935.9
2025-07-25T09:00,25.5,77,0.0,0.0,3,100,28.3,48.2,936.5
2025-07-25T10:00,26.1,75,0.0,0.0,3,100,28.1,51.1,936.4
2025-07-25T11:00,25.8,77,0.0,0.0,3,100,27.5,48.6,936.4
2025-07-25T12:00,27.0,76,0.1,0.1,51,100,26.3,50.0,935.8
2025-07-25T13:00,25.7,81,1.5,1.5,61,100,24.5,54.7,935.4
2025-07-25T14:00,24.3,91,3.8,3.8,63,100,21.4,41.8,934.5
2025-07-25T15:00,24.6,92,0.7,0.7,53,100,20.9,37.8,934.0
2025-07-25T16:00,24.0,92,0.5,0.5,53,100,22.9,38.5,933.8
2025-07-25T17:00,23.7,92,0.8,0.8,53,100,20.9,38.9,934.0
2025-07-25T18:00,23.8,94,1.7,1.7,61,100,16.0,29.5,934.5
2025-07-25T19:00,23.5,94,0.6,0.6,53,100,18.6,31.3,935.2
2025-07-25T20:00,23.3,93,1.9,1.9,61,100,20.8,34.2,935.5
2025-07-25T21:00,23.1,94,2.3,2.3,61,100,21.9,36.7,936.0
2025-07-25T22:00,23.1,93,0.7,0.7,53,100,22.5,38.2,936.5
2025-07-25T23:00,23.0,93,1.4,1.4,61,100,21.2,37.8,936.5
2025-07-26T00:00,22.8,93,1.2,1.2,55,100,24.1,40.3,935.8
2025-07-26T01:00,22.5,94,1.3,1.3,61,100,23.9,41.0,935.4
2025-07-26T02:00,22.5,94,1.8,1.8,61,100,24.4,41.0,934.9
2025-07-26T03:00,22.4,94,1.8,1.8,61,100,24.0,41.8,934.7
2025-07-26T04:00,22.4,94,4.0,4.0,63,100,26.2,43.9,934.7
2025-07-26T05:00,22.4,94,0.8,0.8,53,100,28.1,47.9,934.5
2025-07-26T06:00,22.8,94,0.4,0.4,51,100,24.4,41.4,934.9
2025-07-26T07:00,23.2,92,0.3,0.3,51,100,25.8,42.8,935.9
2025-07-26T08:00,23.4,93,0.5,0.5,53,100,26.8,45.4,936.5
2025-07-26T09:00,23.3,93,1.1,1.1,55,100,28.3,47.9,936.8
2025-07-26T10:00,23.4,93,2.1,2.1,61,100,26.3,48.2,937.1
2025-07-26T11:00,23.6,92,3.0,3.0,63,100,26.9,46.4,937.0
2025-07-26T12:00,23.7,93,1.8,1.8,61,100,26.2,45.4,936.6
2025-07-26T13:00,23.8,91,1.3,1.3,61,100,28.2,45.7,935.9
2025-07-26T14:00,23.9,92,0.9,0.9,53,100,25.5,48.6,935.5
2025-07-26T15:00,24.4,89,0.6,0.6,53,100,25.8,45.4,934.9
2025-07-26T16:00,24.4,89,0.4,0.4,51,100,26.0,43.6,934.9
2025-07-26T17:00,24.2,87,0.2,0.2,51,100,25.6,44.6,935.3
2025-07-26T18:00,23.7,90,0.1,0.1,51,100,20.6,35.6,935.8
2025-07-26T19:00,23.6,90,0.1,0.1,51,100,20.9,34.9,936.3
2025-07-26T20:00,23.4,89,0.0,0.0,3,100,21.4,36.0,936.9
2025-07-26T21:00,23.3,89,0.1,0.1,51,100,22.8,38.2,937.5
2025-07-26T22:00,23.0,90,0.2,0.2,51,100,22.4,39.2,938.0
2025-07-26T23:00,22.8,92,0.2,0.2,51,100,20.3,37.4,938.0
2025-07-27T00:00,22.8,92,0.3,0.3,51,100,21.9,36.7,937.9
2025-07-27T01:00,22.8,91,0.2,0.2,51,100,23.0,38.5,937.3
2025-07-27T02:00,22.7,90,0.0,0.0,3,94,23.4,39.2,936.4
2025-07-27T03:00,22.5,89,0.0,0.0,3,100,23.4,39.2,936.4
2025-07-27T04:00,22.6,87,0.0,0.0,3,99,25.1,42.5,936.5
2025-07-27T05:00,22.4,87,0.0,0.0,3,95,25.8,43.9,936.9
2025-07-27T06:00,22.8,84,0.0,0.0,3,89,27.3,46.1,937.4
2025-07-27T07:00,23.7,81,0.0,0.0,3,100,24.5,46.4,938.2
2025-07-27T08:00,25.0,74,0.0,0.0,3,100,34.7,59.8,938.8
2025-07-27T09:00,26.1,69,0.0,0.0,3,100,33.6,62.3,939.1
2025-07-27T10:00,27.0,67,0.0,0.0,3,94,32.3,58.0,939.0
2025-07-27T11:00,28.1,63,0.0,0.0,3,96,33.4,61.9,939.1
2025-07-27T12:00,29.3,58,0.0,0.0,3,97,33.9,65.9,938.5
2025-07-27T13:00,29.3,58,0.1,0.1,51,54,31.4,60.5,938.0
2025-07-27T14:00,29.6,58,0.2,0.2,51,79,30.1,55.4,937.1
2025-07-27T15:00,29.5,58,0.0,0.0,3,80,28.5,54.0,936.8
2025-07-27T16:00,29.2,58,0.0,0.0,3,82,28.1,52.6,936.4
2025-07-27T17:00,27.9,66,0.0,0.0,1,49,19.8,48.6,936.1
2025-07-27T18:00,26.9,63,0.0,0.0,2,71,19.6,42.5,937.1
2025-07-27T19:00,26.4,64,0.0,0.0,3,92,19.6,33.1,938.0
2025-07-27T20:00,25.8,67,0.0,0.0,3,98,20.3,34.6,938.6
2025-07-27T21:00,25.5,68,0.0,0.0,3,100,21.7,36.4,939.1
2025-07-27T22:00,25.2,70,0.0,0.0,3,83,24.8,41.4,939.6
2025-07-27T23:00,24.6,71,0.0,0.0,2,62,26.6,45.0,939.3
2025-07-28T00:00,23.9,75,0.0,0.0,3,100,27.0,46.1,938.8
2025-07-28T01:00,23.2,78,0.0,0.0,3,100,26.6,46.4,938.2
2025-07-28T02:00,22.9,80,0.0,0.0,3,100,26.5,45.4,938.1
2025-07-28T03:00,22.9,80,0.0,0.0,3,98,25.3,45.4,937.9
2025-07-28T04:00,22.6,82,0.0,0.0,3,96,24.3,43.2,938.0
2025-07-28T05:00,22.4,82,0.0,0.0,3,88,23.9,41.4,938.1
2025-07-28T06:00,23.1,81,0.0,0.0,3,98,25.6,43.6,938.7
2025-07-28T07:00,23.8,81,0.0,0.0,3,99,23.3,43.9,939.2
2025-07-28T08:00,25.1,74,0.0,0.0,3,100,34.9,60.1,939.7
2025-07-28T09:00,26.3,68,0.0,0.0,3,99,34.7,61.2,939.9
2025-07-28T10:00,27.3,64,0.0,0.0,3,100,35.2,60.5,939.9
2025-07-28T11:00,28.4,60,0.0,0.0,3,100,34.2,61.9,939.6
2025-07-28T12:00,28.4,60,0.0,0.0,3,100,31.7,60.1,939.1
2025-07-28T13:00,29.2,56,0.0,0.0,3,100,31.7,55.8,938.4
2025-07-28T14:00,29.8,54,0.0,0.0,3,100,31.6,55.4,937.8
2025-07-28T15:00,29.6,55,0.0,0.0,3,99,30.4,55.8,936.9
2025-07-28T16:00,29.4,57,0.0,0.0,3,100,26.7,52.9,936.3
2025-07-28T17:00,28.8,60,0.0,0.0,3,100,21.5,46.1,936.2
2025-07-28T18:00,27.1,65,0.0,0.0,3,100,20.6,40.0,937.8
2025-07-28T19:00,26.1,68,0.0,0.0,3,100,22.8,38.9,938.2
2025-07-28T20:00,26.0,67,0.0,0.0,3,100,19.1,38.5,938.8
2025-07-28T21:00,25.8,67,0.0,0.0,3,100,15.4,32.0,939.2
2025-07-28T22:00,25.3,69,0.0,0.0,3,100,14.9,25.6,939.9
2025-07-28T23:00,25.2,67,0.0,0.0,3,100,18.3,30.2,940.0
2025-07-29T00:00,24.4,70,0.0,0.0,3,100,21.3,36.0,940.0
2025-07-29T01:00,23.8,73,0.0,0.0,3,100,21.3,36.4,939.4
2025-07-29T02:00,23.2,77,0.0,0.0,3,100,21.4,36.4,938.8
2025-07-29T03:00,23.0,80,0.0,0.0,3,100,22.5,38.2,938.5
2025-07-29T04:00,23.2,80,0.0,0.0,3,100,24.1,41.0,938.5
2025-07-29T05:00,23.2,79,0.0,0.0,3,100,25.2,43.2,938.6
2025-07-29T06:00,23.3,81,0.0,0.0,3,98,25.4,43.6,938.7
2025-07-29T07:00,24.1,78,0.0,0.0,3,96,22.6,43.6,939.2
2025-07-29T08:00,25.4,72,0.0,0.0,3,100,34.4,61.9,939.5
2025-07-29T09:00,26.7,66,0.0,0.0,3,100,36.9,64.8,939.6
2025-07-29T10:00,27.5,64,0.0,0.0,3,99,32.4,63.7,939.7
2025-07-29T11:00,27.9,62,0.0,0.0,3,96,31.8,59.8,939.4
2025-07-29T12:00,28.8,60,0.0,0.0,3,100,35.1,60.8,939.0
2025-07-29T13:00,29.4,57,0.1,0.1,51,100,33.7,61.2,938.1
2025-07-29T14:00,29.7,56,0.1,0.1,51,100,32.4,59.4,937.6
2025-07-29T15:00,29.4,57,0.1,0.1,51,100,30.3,56.5,937.1
2025-07-29T16:00,28.6,61,0.0,0.0,3,100,26.9,52.6,936.8
2025-07-29T17:00,27.3,68,0.0,0.0,3,100,20.9,49.0,936.9
2025-07-29T18:00,26.1,74,0.2,0.2,51,100,18.3,33.5,938.2
2025-07-29T19:00,25.2,75,0.0,0.0,3,100,17.5,30.6,938.4
2025-07-29T20:00,25.3,74,0.0,0.0,3,100,16.6,29.2,939.0
2025-07-29T21:00,25.5,72,0.0,0.0,3,100,16.8,28.1,939.5
2025-07-29T22:00,25.4,70,0.0,0.0,3,100,19.5,32.4,940.0
2025-07-29T23:00,25.1,71,0.0,0.0,3,100,19.0,32.8,939.6
2025-07-30T00:00,24.5,73,0.0,0.0,3,100,20.8,34.9,939.2
2025-07-30T01:00,24.0,75,0.0,0.0,3,100,21.0,35.6,938.8
2025-07-30T02:00,23.5,79,0.0,0.0,3,99,21.0,36.4,938.2
2025-07-30T03:00,23.2,82,0.0,0.0,3,100,19.0,35.3,937.9
2025-07-30T04:00,23.5,82,0.0,0.0,3,95,19.7,33.1,938.0
2025-07-30T05:00,23.0,85,0.0,0.0,3,97,20.2,34.2,938.4
2025-07-30T06:00,23.3,83,0.0,0.0,3,100,20.9,35.3,938.5
2025-07-30T07:00,23.9,82,0.0,0.0,3,100,19.2,36.0,938.9
2025-07-30T08:00,25.1,77,0.0,0.0,3,98,27.9,49.0,939.6
2025-07-30T09:00,26.3,72,0.0,0.0,3,98,25.0,52.2,940.0
2025-07-30T10:00,27.5,70,0.0,0.0,3,98,24.6,51.5,940.1
2025-07-30T11:00,28.6,65,0.0,0.0,3,97,27.4,51.1,939.7
2025-07-30T12:00,29.0,65,0.0,0.0,3,99,28.2,54.4,939.2
2025-07-30T13:00,27.6,65,0.2,0.2,51,100,29.6,53.3,938.3
2025-07-30T14:00,28.2,65,0.7,0.7,53,100,25.0,51.5,938.1
2025-07-30T15:00,27.2,72,0.4,0.4,51,100,21.0,50.8,937.7
2025-07-30T16:00,26.9,72,0.0,0.0,3,95,20.3,38.9,937.1
2025-07-30T17:00,26.4,74,0.0,0.0,3,80,20.7,36.0,937.1
2025-07-30T18:00,25.4,75,0.0,0.0,3,100,17.5,33.8,938.6
2025-07-30T19:00,24.2,84,0.4,0.4,51,100,16.6,29.5,938.7
2025-07-30T20:00,24.0,88,0.3,0.3,51,100,17.2,28.4,939.3
2025-07-30T21:00,24.0,87,0.1,0.1,51,100,16.0,28.4,939.9
2025-07-30T22:00,24.1,85,0.0,0.0,3,100,16.1,26.6,940.2
2025-07-30T23:00,24.1,84,0.0,0.0,3,100,15.4,26.6,940.0
2025-07-31T00:00,24.1,83,0.0,0.0,3,98,15.6,25.9,939.5
2025-07-31T01:00,24.0,83,0.0,0.0,3,90,17.1,28.1,938.9
2025-07-31T02:00,23.6,81,0.0,0.0,2,51,18.1,30.6,938.1
2025-07-31T03:00,23.3,81,0.0,0.0,1,27,17.6,30.6,938.0
2025-07-31T04:00,23.0,82,0.0,0.0,3,100,18.5,31.0,938.4
2025-07-31T05:00,22.7,84,0.0,0.0,3,100,18.0,31.3,938.9
2025-07-31T06:00,23.7,81,0.0,0.0,3,100,19.3,33.1,939.7
2025-07-31T07:00,24.1,81,0.0,0.0,3,100,17.2,33.1,940.1
2025-07-31T08:00,25.2,76,0.0,0.0,3,100,26.8,45.7,940.6
2025-07-31T09:00,26.4,71,0.0,0.0,3,100,27.8,49.3,941.1
2025-07-31T10:00,27.4,66,0.0,0.0,3,100,25.4,49.0,941.0
2025-07-31T11:00,28.0,65,0.1,0.1,51,99,25.2,46.8,940.7
2025-07-31T12:00,27.8,67,0.3,0.3,51,98,22.6,45.0,940.2
2025-07-31T13:00,29.0,62,0.2,0.2,51,100,22.7,41.0,939.6
2025-07-31T14:00,29.2,60,0.1,0.1,51,100,22.8,41.0,938.8
2025-07-31T15:00,29.5,59,0.2,0.2,51,83,22.7,40.7,938.2
2025-07-31T16:00,29.3,60,0.0,0.0,1,44,21.5,40.0,937.7
2025-07-31T17:00,28.4,67,0.0,0.0,0,11,17.1,37.4,937.6
2025-07-31T18:00,26.8,70,0.0,0.0,1,38,13.9,31.0,939.2
2025-07-31T19:00,25.9,72,0.0,0.0,2,76,10.3,23.0,939.5
2025-07-31T20:00,25.2,76,0.0,0.0,2,52,9.9,16.9,939.9
2025-07-31T21:00,24.9,78,0.0,0.0,2,68,11.2,18.0,940.5
2025-07-31T22:00,24.6,80,0.0,0.0,3,100,11.5,19.1,940.8
2025-07-31T23:00,24.2,82,0.0,0.0,3,92,11.3,19.1,940.6
2025-08-01T00:00,24.0,83,0.0,0.0,3,99,11.9,19.4,940.2
2025-08-01T01:00,24.1,82,0.0,0.0,3,98,14.9,24.5,939.7
2025-08-01T02:00,23.9,82,0.0,0.0,3,100,16.0,26.6,939.5
2025-08-01T03:00,23.6,83,0.0,0.0,3,100,17.1,28.8,939.1
2025-08-01T04:00,23.3,83,0.0,0.0,3,100,17.1,29.2,939.3
2025-08-01T05:00,22.9,85,0.0,0.0,3,100,16.4,28.8,939.6
2025-08-01T06:00,23.2,86,0.0,0.0,3,100,15.9,26.3,939.9
2025-08-01T07:00,24.1,84,0.0,0.0,3,100,16.5,30.2,940.7
2025-08-01T08:00,25.5,77,0.0,0.0,3,100,22.9,41.0,941.2
2025-08-01T09:00,26.6,72,0.0,0.0,3,100,22.3,40.7,941.6
2025-08-01T10:00,27.8,67,0.0,0.0,3,100,21.0,40.0,941.3
2025-08-01T11:00,28.8,63,0.0,0.0,3,100,19.8,38.2,940.9
2025-08-01T12:00,29.0,63,0.1,0.1,51,100,18.2,36.7,940.3
2025-08-01T13:00,29.6,61,0.1,0.1,51,100,18.5,35.6,939.5
2025-08-01T14:00,29.7,59,0.0,0.0,3,100,17.8,34.6,939.2
2025-08-01T15:00,29.8,58,0.0,0.0,3,100,17.7,33.8,938.6
2025-08-01T16:00,29.4,59,0.0,0.0,3,100,17.1,32.8,938.1
2025-08-01T17:00,28.8,64,0.0,0.0,3,98,12.5,29.9,938.0
2025-08-01T18:00,27.1,69,0.0,0.0,3,99,10.1,23.0,939.2
2025-08-01T19:00,26.0,73,0.0,0.0,3,100,8.5,16.9,939.6
2025-08-01T20:00,25.4,75,0.0,0.0,3,99,8.7,14.0,940.2
2025-08-01T21:00,24.8,77,0.0,0.0,3,95,8.1,14.0,940.5
2025-08-01T22:00,24.2,81,0.0,0.0,1,20,6.7,13.0,940.7
2025-08-01T23:00,23.9,82,0.0,0.0,3,93,7.3,11.2,940.3
2025-08-02T00:00,23.8,83,0.0,0.0,1,42,9.3,14.8,939.7
2025-08-02T01:00,23.9,81,0.0,0.0,3,96,11.5,18.4,939.4
2025-08-02T02:00,23.9,80,0.0,0.0,3,96,15.0,24.5,939.2
2025-08-02T03:00,23.7,82,0.0,0.0,2,62,16.0,26.6,939.1
2025-08-02T04:00,23.4,84,0.0,0.0,3,99,15.1,26.6,939.0
2025-08-02T05:00,23.1,85,0.0,0.0,3,100,14.9,25.2,939.5
2025-08-02T06:00,23.7,85,0.0,0.0,3,100,13.8,23.4,939.9
2025-08-02T07:00,24.8,83,0.0,0.0,3,96,12.9,23.4,940.7
2025-08-02T08:00,26.0,77,0.0,0.0,3,100,14.4,27.4,941.5
2025-08-02T09:00,27.3,69,0.0,0.0,3,100,15.5,30.2,941.8
2025-08-02T10:00,28.3,64,0.0,0.0,3,100,15.8,31.0,941.8
2025-08-02T11:00,29.1,60,0.0,0.0,3,100,15.9,32.0,941.5
2025-08-02T12:00,29.7,57,0.1,0.1,51,100,14.7,31.7,940.7
2025-08-02T13:00,30.5,55,0.1,0.1,51,100,13.0,29.5,939.7
2025-08-02T14:00,30.5,54,0.1,0.1,51,100,12.2,26.6,938.9
2025-08-02T15:00,30.4,54,0.1,0.1,51,100,11.4,24.8,938.2
2025-08-02T16:00,30.1,56,0.0,0.0,3,100,10.4,22.3,937.5
2025-08-02T17:00,29.6,61,0.0,0.0,3,100,6.5,19.1,937.3
2025-08-02T18:00,27.6,72,0.0,0.0,0,19,4.3,13.3,938.7
2025-08-02T19:00,26.9,71,0.0,0.0,0,15,1.8,5.8,939.1
2025-08-02T20:00,26.3,74,0.0,0.0,1,42,1.8,2.5,939.8
2025-08-02T21:00,25.1,80,0.0,0.0,0,7,3.6,4.7,940.3
2025-08-02T22:00,24.1,85,0.0,0.0,2,65,3.9,5.8,940.6
2025-08-02T23:00,23.6,88,0.0,0.0,1,24,3.9,5.8,940.5
2025-08-03T00:00,23.1,89,0.0,0.0,2,51,4.0,6.5,940.1
2025-08-03T01:00,23.0,88,0.0,0.0,2,76,4.8,7.6,939.8
2025-08-03T02:00,23.0,86,0.0,0.0,3,92,8.7,12.2,939.3
2025-08-03T03:00,23.6,82,0.0,0.0,3,92,11.4,18.7,939.5
2025-08-03T04:00,23.2,85,0.0,0.0,3,99,11.8,19.4,939.7
2025-08-03T05:00,22.9,89,0.0,0.0,3,100,12.1,19.8,940.1
2025-08-03T06:00,23.8,85,0.0,0.0,3,98,12.6,20.5,940.4
2025-08-03T07:00,24.9,84,0.0,0.0,3,100,11.8,21.2,941.1
2025-08-03T08:00,26.5,79,0.0,0.0,3,99,13.1,25.6,941.9
2025-08-03T09:00,27.5,75,0.1,0.1,51,99,13.3,27.0,942.5
2025-08-03T10:00,28.3,72,0.1,0.1,51,100,13.0,27.0,942.6
2025-08-03T11:00,29.2,68,0.0,0.0,3,100,10.3,27.0,942.3
2025-08-03T12:00,29.9,65,0.1,0.1,51,77,9.0,23.0,941.7
2025-08-03T13:00,30.4,64,0.0,0.0,3,100,9.5,22.7,941.0
2025-08-03T14:00,30.1,63,0.1,0.1,51,100,9.9,22.7,940.2
2025-08-03T15:00,30.3,63,0.0,0.0,3,89,9.0,22.3,939.5
2025-08-03T16:00,29.5,64,0.2,0.2,51,40,9.8,20.5,938.8
2025-08-03T17:00,28.3,70,0.3,0.3,51,58,6.7,19.8,939.2
2025-08-03T18:00,26.9,79,0.1,0.1,51,24,5.8,20.9,939.8
2025-08-03T19:00,26.1,81,0.0,0.0,3,93,7.5,11.9,940.4
2025-08-03T20:00,25.2,86,0.0,0.0,3,93,5.4,11.9,941.3
2025-08-03T21:00,24.7,89,0.0,0.0,3,100,4.0,7.9,941.9
2025-08-03T22:00,24.3,91,0.0,0.0,3,100,3.0,5.4,942.3
2025-08-03T23:00,23.9,92,0.0,0.0,3,100,3.0,4.0,942.0
2025-08-04T00:00,23.4,94,0.0,0.0,3,100,2.9,4.3,941.4
2025-08-04T01:00,23.2,95,0.0,0.0,3,96,2.9,4.7,940.8
2025-08-04T02:00,22.8,96,0.0,0.0,3,96,2.4,4.0,940.5
2025-08-04T03:00,22.6,97,0.0,0.0,3,98,2.2,4.7,940.3
2025-08-04T04:00,22.5,97,0.0,0.0,3,99,0.9,3.2,940.3
2025-08-04T05:00,22.2,97,0.0,0.0,3,100,2.4,4.7,940.6
2025-08-04T06:00,23.8,94,0.0,0.0,3,99,2.3,4.7,941.4
2025-08-04T07:00,25.6,87,0.0,0.0,3,100,4.4,10.4,942.4
2025-08-04T08:00,27.0,80,0.0,0.0,3,100,7.1,18.0,942.9
2025-08-04T09:00,28.1,72,0.0,0.0,3,100,6.8,19.1,943.0
2025-08-04T10:00,28.7,69,0.2,0.2,51,100,8.1,20.2,943.1
2025-08-04T11:00,29.5,67,0.1,0.1,51,100,7.0,20.5,942.9
2025-08-04T12:00,30.1,64,0.0,0.0,3,100,4.8,19.4,942.5
2025-08-04T13:00,30.5,61,0.0,0.0,3,100,4.9,16.2,941.8
2025-08-04T14:00,30.2,62,0.1,0.1,51,99,6.0,16.2,941.1
2025-08-04T15:00,29.3,66,0.5,0.5,53,100,7.9,17.6,940.0
2025-08-04T16:00,27.4,74,0.7,0.7,53,100,3.5,17.6,940.1
2025-08-04T17:00,26.5,78,1.4,1.4,61,100,2.7,10.8,940.4
2025-08-04T18:00,24.5,88,2.4,2.4,61,100,6.9,14.0,941.4
2025-08-04T19:00,24.2,91,0.2,0.2,51,100,3.9,12.2,941.5
2025-08-04T20:00,23.8,94,0.0,0.0,3,100,3.3,8.6,941.5
2025-08-04T21:00,23.5,96,0.0,0.0,3,100,4.0,6.8,941.9
2025-08-04T22:00,23.4,95,0.0,0.0,3,100,1.5,7.2,942.2
2025-08-04T23:00,23.4,95,0.0,0.0,3,100,1.2,2.2,941.7
2025-08-05T00:00,23.1,96,0.0,0.0,3,100,3.2,5.0,940.9
2025-08-05T01:00,23.1,96,0.0,0.0,3,100,1.9,5.0,940.3
2025-08-05T02:00,23.1,96,0.0,0.0,3,100,1.8,2.5,940.2
2025-08-05T03:00,23.0,96,0.0,0.0,3,100,2.2,2.9,939.9
2025-08-05T04:00,22.8,96,0.0,0.0,3,100,1.7,2.9,940.3
2025-08-05T05:00,22.8,96,0.0,0.0,3,100,1.1,2.5,940.4
2025-08-05T06:00,24.0,92,0.0,0.0,3,98,4.8,7.2,941.0
2025-08-05T07:00,25.2,89,0.0,0.0,3,100,3.2,9.0,941.9
2025-08-05T08:00,26.5,81,0.5,0.5,53,100,6.7,14.8,942.7
2025-08-05T09:00,26.0,80,0.6,0.6,53,100,9.9,22.7,943.1
2025-08-05T10:00,27.0,79,0.3,0.3,51,100,2.8,22.7,943.2
2025-08-05T11:00,28.2,73,0.1,0.1,51,100,5.1,17.3,943.0
2025-08-05T12:00,28.1,75,0.1,0.1,51,98,6.7,20.5,942.2
2025-08-05T13:00,28.5,75,0.1,0.1,51,97,4.6,20.5,941.0
2025-08-05T14:00,28.9,74,0.1,0.1,51,100,4.4,19.4,940.5
2025-08-05T15:00,29.5,67,0.1,0.1,51,100,6.8,17.6,939.7
2025-08-05T16:00,29.2,68,0.1,0.1,51,86,8.3,18.0,939.2
2025-08-05T17:00,28.7,69,0.1,0.1,51,100,6.4,16.9,939.4
2025-08-05T18:00,27.9,79,0.0,0.0,3,97,0.4,6.1,940.1
2025-08-05T19:00,26.3,83,0.0,0.0,3,99,2.2,2.9,940.2
2025-08-05T20:00,25.7,86,0.0,0.0,1,37,3.1,4.0,940.6
2025-08-05T21:00,25.4,87,0.0,0.0,2,75,5.8,8.6,941.4
2025-08-05T22:00,25.2,87,0.0,0.0,2,74,5.7,10.1,941.5
2025-08-05T23:00,24.8,86,0.0,0.0,3,94,6.2,9.7,941.3
2025-08-06T00:00,24.8,87,0.0,0.0,3,99,6.2,11.5,941.1
2025-08-06T01:00,24.3,90,0.0,0.0,2,52,9.2,15.5,940.6
2025-08-06T02:00,23.3,94,7.4,7.4,63,96,3.4,15.1,940.9
2025-08-06T03:00,23.2,94,4.0,4.0,63,100,6.5,12.6,940.6
2025-08-06T04:00,22.9,95,0.3,0.3,51,100,6.2,11.9,941.5
2025-08-06T05:00,23.0,94,0.2,0.2,51,99,1.7,11.2,940.9
2025-08-06T06:00,23.4,95,0.1,0.1,51,95,4.9,8.6,941.2
2025-08-06T07:00,24.4,91,0.0,0.0,0,8,4.9,11.2,941.8
2025-08-06T08:00,25.9,84,0.0,0.0,1,24,5.9,15.5,942.5
2025-08-06T09:00,27.3,76,0.0,0.0,2,64,5.3,16.2,942.5
2025-08-06T10:00,28.7,69,0.0,0.0,3,100,2.8,19.1,942.8
2025-08-06T11:00,29.5,68,0.0,0.0,3,100,0.4,16.9,942.5
2025-08-06T12:00,30.0,65,0.1,0.1,51,100,1.5,15.5,941.8
2025-08-06T13:00,30.0,65,0.1,0.1,51,100,2.1,14.8,940.5
2025-08-06T14:00,29.8,65,0.0,0.0,3,98,3.1,13.3,939.6
2025-08-06T15:00,30.3,63,0.1,0.1,51,84,3.5,13.0,939.3
2025-08-06T16:00,28.4,70,2.5,2.5,63,100,9.5,16.9,939.2
2025-08-06T17:00,25.5,84,2.9,2.9,63,76,4.0,22.0,939.1
2025-08-06T18:00,27.3,78,0.0,0.0,1,32,4.7,14.0,939.4
2025-08-06T19:00,25.9,85,0.0,0.0,2,55,4.6,7.9,940.0
2025-08-06T20:00,25.4,87,0.0,0.0,0,7,3.5,6.8,940.5
2025-08-06T21:00,25.0,89,0.0,0.0,0,13,3.1,4.7,940.8
2025-08-06T22:00,24.6,92,0.0,0.0,1,23,2.8,4.7,941.1
2025-08-06T23:00,24.5,92,0.0,0.0,3,92,1.2,3.6,940.8
2025-08-07T00:00,24.1,93,0.0,0.0,3,83,1.3,1.8,940.0
2025-08-07T01:00,23.6,95,0.0,0.0,3,94,1.7,2.9,939.3
2025-08-07T02:00,23.5,96,0.0,0.0,2,74,0.8,2.2,939.1
2025-08-07T03:00,23.4,95,0.0,0.0,3,100,0.2,1.4,939.2
2025-08-07T04:00,23.3,95,0.0,0.0,3,100,1.6,2.9,939.5
2025-08-07T05:00,23.5,94,0.0,0.0,3,100,0.7,2.9,940.1
2025-08-07T06:00,24.9,92,0.0,0.0,3,100,3.5,5.0,940.3
2025-08-07T07:00,25.7,89,0.0,0.0,3,100,1.8,6.1,941.5
2025-08-07T08:00,26.0,87,0.1,0.1,51,100,6.9,13.0,942.1
2025-08-07T09:00,25.9,82,0.7,0.7,53,100,9.0,18.7,942.4
2025-08-07T10:00,27.3,79,0.1,0.1,51,100,4.2,19.1,942.4
2025-08-07T11:00,28.3,75,0.0,0.0,3,100,1.4,14.4,941.9
2025-08-07T12:00,28.9,72,0.0,0.0,3,100,2.8,14.4,941.1
2025-08-07T13:00,28.7,72,0.1,0.1,51,100,5.0,15.1,940.3
2025-08-07T14:00,29.5,67,0.0,0.0,3,99,3.6,15.8,939.6
2025-08-07T15:00,29.6,65,0.0,0.0,3,100,4.5,14.0,938.8
2025-08-07T16:00,29.7,63,0.0,0.0,3,100,4.3,14.4,938.3
2025-08-07T17:00,26.2,81,3.0,3.0,63,100,10.0,19.1,938.9
2025-08-07T18:00,25.4,89,1.0,1.0,55,100,4.7,14.0,939.7
2025-08-07T19:00,24.8,94,2.1,2.1,61,100,6.0,10.1,941.1
2025-08-07T20:00,24.7,94,2.1,2.1,61,100,3.4,9.7,941.1
2025-08-07T21:00,24.6,95,2.5,2.5,63,100,2.9,6.1,941.3
2025-08-07T22:00,24.5,96,1.8,1.8,61,100,1.8,4.7,942.0
2025-08-07T23:00,24.2,96,1.7,1.7,61,100,5.1,8.3,941.4
2025-08-08T00:00,23.9,96,1.2,1.2,55,100,5.2,9.7,940.7
2025-08-08T01:00,23.7,95,0.5,0.5,53,100,2.2,8.3,939.9
2025-08-08T02:00,23.5,91,0.1,0.1,51,100,1.7,3.2,939.3
2025-08-08T03:00,22.8,94,0.0,0.0,3,100,1.9,4.0,939.0
2025-08-08T04:00,22.7,95,0.0,0.0,3,100,4.3,6.8,939.3
2025-08-08T05:00,22.8,93,0.0,0.0,3,100,5.7,9.0,939.9
2025-08-08T06:00,22.1,92,0.1,0.1,51,100,4.9,7.6,940.2
2025-08-08T07:00,23.1,92,0.0,0.0,3,100,7.7,14.4,940.9
2025-08-08T08:00,24.8,85,0.0,0.0,3,100,8.0,18.0,941.9
2025-08-08T09:00,26.6,75,0.0,0.0,3,100,8.9,19.8,942.6
2025-08-08T10:00,27.6,70,0.0,0.0,3,100,11.8,25.2,943.1
2025-08-08T11:00,28.4,69,0.0,0.0,3,100,11.5,25.2,943.1
2025-08-08T12:00,28.9,68,0.0,0.0,3,100,11.0,25.2,942.6
2025-08-08T13:00,29.2,67,0.0,0.0,3,100,8.9,24.5,941.9
2025-08-08T14:00,29.4,66,0.0,0.0,3,100,9.1,21.2,941.1
2025-08-08T15:00,28.9,66,0.0,0.0,3,100,8.7,21.2,940.1
2025-08-08T16:00,28.5,67,0.0,0.0,3,100,7.7,18.7,939.8
2025-08-08T17:00,27.7,72,0.0,0.0,3,100,7.4,14.8,939.7
2025-08-08T18:00,26.9,79,0.0,0.0,3,100,2.8,11.2,941.1
2025-08-08T19:00,25.8,81,0.0,0.0,3,100,2.9,4.3,941.7
2025-08-08T20:00,25.5,82,0.0,0.0,3,100,1.3,4.0,942.5
2025-08-08T21:00,24.5,86,0.0,0.0,3,100,4.5,6.5,943.2
2025-08-08T22:00,24.3,86,0.0,0.0,3,99,6.4,10.1,943.8
2025-08-08T23:00,23.9,89,0.0,0.0,3,100,7.2,11.2,943.5
2025-08-09T00:00,23.7,89,0.0,0.0,3,100,6.1,12.2,942.9
2025-08-09T01:00,23.6,90,0.0,0.0,3,100,5.9,9.7,942.3
2025-08-09T02:00,23.1,94,0.0,0.0,3,100,4.9,9.7,941.7
2025-08-09T03:00,23.3,93,0.0,0.0,3,100,4.6,7.6,941.5
2025-08-09T04:00,23.0,90,0.3,0.3,51,100,4.2,7.6,942.1
2025-08-09T05:00,22.3,95,0.7,0.7,53,100,4.7,14.4,942.6
2025-08-09T06:00,22.6,95,1.2,1.2,55,100,7.1,11.9,942.7
2025-08-09T07:00,22.6,94,0.4,0.4,51,100,5.9,14.4,943.5
2025-08-09T08:00,22.4,94,5.2,5.2,63,100,11.7,23.0,944.1
2025-08-09T09:00,23.3,90,0.5,0.5,53,100,10.7,22.7,944.3
2025-08-09T10:00,24.5,86,0.1,0.1,51,100,9.2,23.0,944.6
2025-08-09T11:00,25.4,82,0.0,0.0,3,100,9.4,22.7,944.2
2025-08-09T12:00,26.9,76,0.0,0.0,3,99,7.4,22.0,944.0
2025-08-09T13:00,27.7,71,0.0,0.0,2,76,8.4,21.6,943.2
2025-08-09T14:00,28.0,68,0.0,0.0,2,78,6.6,20.9,942.0
2025-08-09T15:00,28.4,67,0.1,0.1,51,69,8.9,19.4,940.6
2025-08-09T16:00,27.8,67,0.4,0.4,51,55,9.0,21.2,940.2
2025-08-09T17:00,27.3,69,0.0,0.0,1,34,8.6,18.4,940.4
2025-08-09T18:00,25.7,80,0.0,0.0,3,100,7.9,14.0,941.6
2025-08-09T19:00,25.0,82,0.0,0.0,3,100,7.8,13.7,942.2
2025-08-09T20:00,24.4,85,0.3,0.3,51,100,7.4,13.3,943.0
2025-08-09T21:00,24.2,87,0.0,0.0,3,100,8.3,13.7,943.4
2025-08-09T22:00,23.7,91,0.0,0.0,3,100,4.9,13.7,943.5
2025-08-09T23:00,23.4,92,0.0,0.0,3,100,6.5,10.8,943.3
2025-08-10T00:00,23.1,93,0.0,0.0,3,100,6.3,11.2,942.7
2025-08-10T01:00,23.0,94,0.0,0.0,3,100,9.1,15.1,942.3
2025-08-10T02:00,22.7,94,0.0,0.0,3,100,10.0,16.9,941.6
2025-08-10T03:00,22.5,95,0.0,0.0,3,100,9.5,16.6,941.5
2025-08-10T04:00,22.4,96,0.0,0.0,3,100,11.2,18.7,941.8
2025-08-10T05:00,22.5,96,0.0,0.0,3,99,10.7,20.9,941.5
2025-08-10T06:00,22.5,96,0.1,0.1,51,100,11.8,19.4,941.9
2025-08-10T07:00,23.1,91,0.0,0.0,3,100,12.7,23.4,942.4
2025-08-10T08:00,23.9,86,0.0,0.0,3,100,13.5,24.5,943.0
2025-08-10T09:00,25.8,78,0.0,0.0,3,100,14.4,28.1,943.2
2025-08-10T10:00,26.8,74,0.1,0.1,51,99,13.0,28.1,943.1
2025-08-10T11:00,27.9,71,0.2,0.2,51,100,11.5,26.6,943.1
2025-08-10T12:00,28.3,69,0.4,0.4,51,100,10.3,25.2,942.8
2025-08-10T13:00,25.5,81,14.3,14.3,65,100,4.6,23.8,942.1
2025-08-10T14:00,25.6,82,0.3,0.3,51,99,10.3,21.2,940.3
2025-08-10T15:00,25.9,79,0.1,0.1,51,99,14.4,26.6,939.8
2025-08-10T16:00,25.9,79,0.0,0.0,3,97,11.5,28.1,939.5
2025-08-10T17:00,25.3,82,0.0,0.0,3,99,9.1,22.3,939.5
2025-08-10T18:00,24.5,88,0.0,0.0,3,100,2.9,14.0,940.6
2025-08-10T19:00,24.0,91,0.0,0.0,3,100,3.1,5.4,941.3
2025-08-10T20:00,23.7,92,0.2,0.2,51,100,4.7,9.0,941.5
2025-08-10T21:00,23.4,94,0.3,0.3,51,49,3.3,7.9,942.3
2025-08-10T22:00,23.4,94,0.1,0.1,51,68,5.4,8.3,942.6
2025-08-10T23:00,23.1,96,0.0,0.0,2,64,13.0,19.1,942.6
2025-08-11T00:00,22.2,95,0.1,0.1,51,98,12.7,29.2,942.3
2025-08-11T01:00,22.0,96,0.0,0.0,3,97,12.3,20.5,941.2
2025-08-11T02:00,22.0,96,0.0,0.0,1,37,10.8,20.5,940.6
2025-08-11T03:00,21.8,96,0.0,0.0,2,50,10.3,18.0,940.6
2025-08-11T04:00,21.8,96,0.0,0.0,2,59,11.5,19.1,940.5
2025-08-11T05:00,21.7,96,0.0,0.0,2,70,12.7,20.9,941.0
2025-08-11T06:00,22.3,95,0.3,0.3,51,100,15.4,25.2,941.4
2025-08-11T07:00,22.8,93,0.1,0.1,51,100,16.0,29.2,941.7
2025-08-11T08:00,24.6,84,0.1,0.1,51,100,17.5,32.4,942.7
2025-08-11T09:00,25.6,80,0.1,0.1,51,99,16.4,32.0,943.1
2025-08-11T10:00,27.4,73,0.1,0.1,51,100,16.0,31.7,943.1
2025-08-11T11:00,28.3,70,0.1,0.1,51,100,15.2,31.7,942.9
2025-08-11T12:00,28.7,69,0.3,0.3,51,100,14.9,30.6,942.3
2025-08-11T13:00,28.4,68,0.2,0.2,51,91,14.3,30.6,940.8
2025-08-11T14:00,28.2,68,0.1,0.1,51,97,11.4,30.2,939.6
2025-08-11T15:00,26.0,81,1.3,1.3,61,99,15.9,30.2,938.8
2025-08-11T16:00,26.0,81,0.1,0.1,51,90,6.7,29.5,938.9
2025-08-11T17:00,24.1,86,2.4,2.4,61,96,9.2,22.7,939.0
2025-08-11T18:00,24.4,90,2.0,2.0,61,99,12.9,23.4,940.1
2025-08-11T19:00,24.0,90,0.2,0.2,51,100,11.3,21.2,940.5
2025-08-11T20:00,23.5,91,0.0,0.0,3,100,11.3,18.0,941.3
2025-08-11T21:00,23.4,90,0.0,0.0,3,100,13.4,21.6,941.6
2025-08-11T22:00,23.2,90,0.1,0.1,51,100,14.6,24.5,942.0
2025-08-11T23:00,22.8,92,0.0,0.0,3,85,14.0,23.8,941.8
2025-08-12T00:00,21.9,96,8.6,8.6,65,99,16.6,29.5,941.6
2025-08-12T01:00,21.9,95,1.7,1.7,61,93,16.4,27.7,940.1
2025-08-12T02:00,21.9,94,0.1,0.1,51,100,13.5,27.7,940.0
2025-08-12T03:00,21.9,94,0.0,0.0,3,100,14.5,24.1,939.3
2025-08-12T04:00,21.8,95,0.0,0.0,3,99,12.9,24.1,939.3
2025-08-12T05:00,21.7,96,0.0,0.0,3,95,13.6,22.7,939.3
2025-08-12T06:00,22.3,95,0.4,0.4,51,100,15.9,27.4,940.2
2025-08-12T07:00,22.8,92,1.0,1.0,55,100,15.7,27.0,940.6
2025-08-12T08:00,23.7,90,0.6,0.6,53,100,16.3,28.1,940.9
2025-08-12T09:00,24.9,84,0.3,0.3,51,100,19.5,35.3,941.1
2025-08-12T10:00,26.6,73,0.1,0.1,51,100,21.7,40.0,941.4
2025-08-12T11:00,27.6,69,0.0,0.0,3,90,20.3,40.3,941.1
2025-08-12T12:00,28.3,68,0.1,0.1,51,100,19.8,38.5,940.5
2025-08-12T13:00,28.9,67,0.1,0.1,51,82,20.5,38.9,939.3
2025-08-12T14:00,28.0,71,2.9,2.9,63,100,16.7,41.4,938.1
2025-08-12T15:00,26.3,77,2.0,2.0,61,100,12.8,32.4,937.8
2025-08-12T16:00,25.6,83,0.1,0.1,51,100,11.0,25.2,937.2
2025-08-12T17:00,25.5,83,0.1,0.1,51,100,11.0,19.8,937.6
2025-08-12T18:00,25.9,77,0.0,0.0,3,92,11.1,24.5,938.1
2025-08-12T19:00,25.0,80,0.0,0.0,3,100,10.5,18.4,938.5
2025-08-12T20:00,24.4,82,0.0,0.0,3,99,11.1,17.6,939.0
2025-08-12T21:00,24.3,83,0.0,0.0,3,100,12.2,19.8,939.3
2025-08-12T22:00,24.2,84,0.0,0.0,3,100,14.4,23.8,939.8
2025-08-12T23:00,23.4,87,0.1,0.1,51,100,23.1,37.8,939.9
2025-08-13T00:00,22.5,90,0.1,0.1,51,100,19.4,39.6,939.5
2025-08-13T01:00,22.0,91,0.1,0.1,51,100,15.9,32.0,938.1
2025-08-13T02:00,22.1,91,0.2,0.2,51,100,16.6,26.6,937.6
2025-08-13T03:00,21.9,93,0.2,0.2,51,100,17.6,30.2,937.4
2025-08-13T04:00,21.9,94,0.1,0.1,51,100,14.3,29.2,936.9
2025-08-13T05:00,21.8,94,0.1,0.1,51,100,15.2,25.9,937.4
2025-08-13T06:00,22.4,96,0.4,0.4,51,100,13.3,23.4,937.8
2025-08-13T07:00,22.9,94,0.1,0.1,51,100,15.5,25.2,938.3
2025-08-13T08:00,23.9,87,0.1,0.1,51,100,18.3,34.2,938.7
2025-08-13T09:00,25.8,82,0.1,0.1,51,100,20.7,37.4,939.4
2025-08-13T10:00,25.8,78,0.1,0.1,51,100,20.9,39.2,939.4
2025-08-13T11:00,25.4,79,1.8,1.8,61,100,22.9,42.1,939.1
2025-08-13T12:00,25.2,83,1.1,1.1,55,100,20.9,41.0,938.1
2025-08-13T13:00,26.5,78,0.2,0.2,51,100,18.8,42.1,937.2
2025-08-13T14:00,24.3,83,5.3,5.3,63,100,22.1,44.6,936.5
2025-08-13T15:00,25.6,79,0.2,0.2,51,100,19.0,38.9,935.8
2025-08-13T16:00,25.8,77,0.4,0.4,51,100,18.6,34.2,935.4
2025-08-13T17:00,25.2,81,0.1,0.1,51,100,11.7,32.0,935.8
2025-08-13T18:00,23.3,90,0.6,0.6,53,100,12.2,23.4,937.1
2025-08-13T19:00,22.7,95,2.0,2.0,61,100,7.0,22.0,937.8
2025-08-13T20:00,22.8,94,0.6,0.6,53,100,7.6,16.6,938.2
2025-08-13T21:00,22.6,95,0.7,0.7,53,100,11.5,23.0,938.7
2025-08-13T22:00,22.3,96,1.9,1.9,61,100,11.7,23.8,938.9
2025-08-13T23:00,22.1,96,1.8,1.8,61,100,13.1,21.6,938.4
2025-08-14T00:00,22.0,97,1.3,1.3,61,100,10.6,22.0,938.0
2025-08-14T01:00,22.0,96,1.5,1.5,61,100,13.4,22.7,937.2
2025-08-14T02:00,21.8,96,1.3,1.3,61,100,12.2,22.3,937.0
2025-08-14T03:00,21.8,96,1.6,1.6,61,100,14.0,23.0,936.7
2025-08-14T04:00,21.7,96,0.9,0.9,53,100,14.2,25.2,937.1
2025-08-14T05:00,21.6,96,1.2,1.2,55,100,15.1,24.8,937.5
2025-08-14T06:00,22.1,94,0.0,0.0,3,100,16.1,26.3,938.1
2025-08-14T07:00,22.3,93,0.0,0.0,3,100,16.2,28.1,938.4
2025-08-14T08:00,22.9,91,0.0,0.0,3,100,15.5,30.6,939.3
2025-08-14T09:00,23.2,89,0.0,0.0,3,100,16.2,28.1,939.5
2025-08-14T10:00,23.8,86,0.0,0.0,3,100,18.4,33.1,939.7
2025-08-14T11:00,24.4,82,0.0,0.0,3,100,18.2,32.4,939.4
2025-08-14T12:00,25.5,78,0.0,0.0,3,100,19.2,35.3,938.6
2025-08-14T13:00,26.5,73,0.1,0.1,51,100,19.0,36.0,937.6
2025-08-14T14:00,27.0,70,0.0,0.0,3,100,18.2,36.4,936.8
2025-08-14T15:00,27.3,67,0.0,0.0,3,100,18.8,34.6,936.0
2025-08-14T16:00,26.8,69,0.1,0.1,51,100,18.2,34.6,935.9
2025-08-14T17:00,26.2,74,0.2,0.2,51,100,15.7,32.4,936.1
2025-08-14T18:00,24.8,80,0.0,0.0,3,100,13.8,27.0,937.0
2025-08-14T19:00,24.3,82,0.0,0.0,3,100,11.5,23.4,937.5
2025-08-14T20:00,24.4,81,0.0,0.0,3,100,12.9,21.2,938.3
2025-08-14T21:00,23.7,85,0.1,0.1,51,100,15.6,25.9,938.9
2025-08-14T22:00,23.0,89,0.3,0.3,51,100,17.0,28.4,938.7
2025-08-14T23:00,22.8,90,0.0,0.0,3,100,17.0,28.4,938.4
2025-08-15T00:00,22.5,90,0.0,0.0,3,100,18.9,32.0,938.1
2025-08-15T01:00,22.5,90,0.0,0.0,3,100,20.3,34.2,937.1
2025-08-15T02:00,22.3,92,0.0,0.0,3,100,20.1,34.6,936.6
2025-08-15T03:00,22.4,90,0.0,0.0,3,100,20.8,35.3,936.3
2025-08-15T04:00,22.6,89,0.0,0.0,3,100,20.9,35.3,936.5
2025-08-15T05:00,22.5,90,0.0,0.0,3,100,20.4,35.6,936.7
2025-08-15T06:00,22.1,94,0.0,0.0,3,100,17.3,31.0,936.8
2025-08-15T07:00,23.1,90,0.0,0.0,3,100,20.6,33.1,937.5
2025-08-15T08:00,24.2,84,0.0,0.0,3,100,24.8,43.6,938.1
2025-08-15T09:00,25.5,77,0.1,0.1,51,100,23.6,43.2,938.7
2025-08-15T10:00,26.4,73,0.1,0.1,51,99,22.3,42.1,938.7
2025-08-15T11:00,27.5,71,0.1,0.1,51,100,21.5,40.7,938.4
2025-08-15T12:00,28.2,71,0.1,0.1,51,99,20.4,39.6,937.8
2025-08-15T13:00,27.6,73,2.3,2.3,61,98,20.0,39.6,936.1
2025-08-15T14:00,27.5,72,0.1,0.1,51,100,18.6,41.4,935.1
2025-08-15T15:00,26.2,76,0.7,0.7,53,100,18.4,35.6,934.6
2025-08-15T16:00,25.7,81,0.9,0.9,53,100,17.1,32.8,934.3
2025-08-15T17:00,25.8,81,0.1,0.1,51,100,15.1,28.4,934.8
2025-08-15T18:00,25.9,78,0.0,0.0,3,100,10.8,22.7,935.5
2025-08-15T19:00,24.4,86,0.0,0.0,3,100,5.4,17.6,935.9
2025-08-15T20:00,24.3,87,0.0,0.0,3,100,8.5,11.9,936.4
2025-08-15T21:00,23.5,86,0.6,0.6,53,100,19.8,32.8,937.6
2025-08-15T22:00,22.7,91,0.1,0.1,51,100,19.3,32.4,937.4
2025-08-15T23:00,22.4,93,0.0,0.0,3,100,17.9,32.8,936.9
2025-08-16T00:00,22.2,94,0.0,0.0,3,100,17.7,30.2,936.8
2025-08-16T01:00,22.5,92,0.0,0.0,3,100,18.8,31.7,935.9
2025-08-16T02:00,22.2,93,0.0,0.0,3,100,21.1,35.3,935.2
2025-08-16T03:00,22.4,92,0.0,0.0,3,100,21.3,37.4,934.9
2025-08-16T04:00,22.6,90,0.0,0.0,3,100,21.4,36.7,935.2
2025-08-16T05:00,22.5,90,0.1,0.1,51,100,19.9,36.4,935.5
2025-08-16T06:00,22.6,94,0.1,0.1,51,100,19.4,33.1,935.7
2025-08-16T07:00,23.0,92,0.1,0.1,51,100,19.3,33.1,936.1
2025-08-16T08:00,23.8,89,0.1,0.1,51,100,19.9,33.5,936.4
2025-08-16T09:00,24.3,86,0.1,0.1,51,100,21.2,37.1,936.6
2025-08-16T10:00,25.0,81,0.2,0.2,51,100,25.7,43.9,936.8
2025-08-16T11:00,26.2,76,0.3,0.3,51,100,27.7,49.3,936.2
2025-08-16T12:00,26.9,72,0.1,0.1,51,100,27.1,49.0,935.7
2025-08-16T13:00,26.9,73,0.2,0.2,51,100,24.8,48.2,934.8
2025-08-16T14:00,26.7,75,0.1,0.1,51,100,24.0,44.3,933.7
2025-08-16T15:00,26.8,74,0.4,0.4,51,99,24.5,43.2,932.9
2025-08-16T16:00,26.8,74,0.2,0.2,51,100,23.2,43.6,933.1
2025-08-16T17:00,25.9,77,0.0,0.0,3,100,19.8,40.7,933.4
2025-08-16T18:00,23.8,87,0.0,0.0,3,100,17.0,32.8,934.6
2025-08-16T19:00,23.5,89,0.0,0.0,3,100,16.0,28.8,935.6
2025-08-16T20:00,23.3,90,0.0,0.0,3,100,15.5,27.0,936.0
2025-08-16T21:00,23.3,91,0.0,0.0,3,100,15.1,25.9,936.4
2025-08-16T22:00,23.0,93,0.0,0.0,3,100,14.2,25.2,937.1
2025-08-16T23:00,23.0,92,0.0,0.0,3,100,16.7,27.7,936.6
2025-08-17T00:00,22.9,92,0.0,0.0,3,100,20.3,34.2,936.4
2025-08-17T01:00,22.4,91,0.0,0.0,3,100,20.1,34.2,935.4
2025-08-17T02:00,22.3,90,0.0,0.0,3,100,19.3,34.2,934.7
2025-08-17T03:00,22.3,92,0.0,0.0,3,100,18.2,32.4,934.6
2025-08-17T04:00,22.3,92,0.0,0.0,3,100,17.1,30.6,935.1
2025-08-17T05:00,22.2,92,0.0,0.0,3,100,17.6,29.9,935.4
2025-08-17T06:00,22.6,89,0.0,0.0,3,100,18.3,33.1,935.5
2025-08-17T07:00,23.5,85,0.0,0.0,3,100,17.5,31.0,936.2
2025-08-17T08:00,23.6,86,0.0,0.0,3,100,15.5,30.2,936.5
2025-08-17T09:00,23.9,85,0.2,0.2,51,100,19.9,36.0,937.1
2025-08-17T10:00,24.3,85,0.2,0.2,51,100,20.7,35.3,937.1
2025-08-17T11:00,25.3,83,0.3,0.3,51,100,19.6,38.9,937.1
2025-08-17T12:00,24.2,85,2.6,2.6,63,100,18.9,36.7,936.3
2025-08-17T13:00,24.9,84,0.1,0.1,51,100,20.1,36.4,935.2
2025-08-17T14:00,26.5,75,0.0,0.0,3,100,21.9,38.9,934.3
2025-08-17T15:00,24.8,84,2.1,2.1,61,100,23.6,44.3,933.8
2025-08-17T16:00,25.2,84,0.1,0.1,51,100,19.3,41.0,933.6
2025-08-17T17:00,24.9,82,0.0,0.0,3,100,21.2,36.4,934.1
2025-08-17T18:00,24.2,86,0.9,0.9,53,100,14.9,32.4,935.0
2025-08-17T19:00,23.7,89,0.0,0.0,3,100,14.0,24.1,935.5
2025-08-17T20:00,23.5,90,0.1,0.1,51,100,17.5,28.8,936.3
2025-08-17T21:00,23.0,91,0.4,0.4,51,100,16.7,30.2,937.2
2025-08-17T22:00,22.7,94,1.8,1.8,61,100,18.9,31.7,937.8
2025-08-17T23:00,22.6,94,1.9,1.9,61,100,20.9,34.2,937.2
2025-08-18T00:00,22.4,94,1.6,1.6,61,100,23.6,40.0,936.8
2025-08-18T01:00,22.4,95,1.0,1.0,55,100,19.3,40.0,936.3
2025-08-18T02:00,22.2,95,0.7,0.7,53,100,18.4,32.4,935.8
2025-08-18T03:00,22.2,94,0.4,0.4,51,100,21.6,40.3,935.3
2025-08-18T04:00,22.0,96,0.5,0.5,53,100,20.3,40.7,935.6
2025-08-18T05:00,22.1,95,1.1,1.1,55,100,21.1,35.3,936.3
2025-08-18T06:00,22.1,93,0.0,0.0,3,100,21.6,36.7,936.8
2025-08-18T07:00,22.5,92,0.0,0.0,3,100,22.0,37.1,937.1
2025-08-18T08:00,23.1,90,0.0,0.0,3,100,20.0,37.4,938.0
2025-08-18T09:00,23.9,86,0.1,0.1,51,100,23.8,41.0,938.5
2025-08-18T10:00,23.9,86,0.1,0.1,51,100,20.6,41.0,938.6
2025-08-18T11:00,24.3,84,0.1,0.1,51,100,22.2,41.4,938.4
2025-08-18T12:00,24.8,84,0.1,0.1,51,100,22.3,42.1,937.7
2025-08-18T13:00,25.4,80,0.2,0.2,51,100,25.2,47.9,936.9
2025-08-18T14:00,25.9,76,0.1,0.1,51,100,31.1,55.4,936.2
2025-08-18T15:00,25.0,81,0.6,0.6,53,100,28.3,55.1,935.5
2025-08-18T16:00,25.2,79,0.1,0.1,51,100,29.4,50.8,935.6
2025-08-18T17:00,24.0,86,0.3,0.3,51,100,27.2,50.4,935.8
2025-08-18T18:00,23.4,88,0.1,0.1,51,100,28.0,47.2,936.0
2025-08-18T19:00,23.1,89,0.2,0.2,51,100,26.6,47.5,936.8
2025-08-18T20:00,22.9,90,0.3,0.3,51,100,28.1,47.5,936.9
2025-08-18T21:00,22.7,93,0.5,0.5,53,100,26.5,47.5,937.6
2025-08-18T22:00,22.6,93,0.7,0.7,53,100,27.6,46.8,938.2
2025-08-18T23:00,22.4,94,1.8,1.8,61,100,29.4,50.4,937.8
2025-08-19T00:00,22.2,94,1.6,1.6,61,100,29.6,52.2,937.2
2025-08-19T01:00,22.1,94,1.7,1.7,61,100,29.0,50.8,936.8
2025-08-19T02:00,21.9,94,0.9,0.9,53,100,29.1,50.4,936.1
2025-08-19T03:00,21.8,93,0.5,0.5,53,100,29.3,50.4,936.0
2025-08-19T04:00,21.8,94,0.2,0.2,51,100,26.3,49.7,936.2
2025-08-19T05:00,21.8,93,0.1,0.1,51,100,25.9,44.6,936.4
2025-08-19T06:00,21.8,94,0.5,0.5,53,100,24.6,41.8,936.8
2025-08-19T07:00,21.9,93,0.3,0.3,51,100,25.3,42.8,937.0
2025-08-19T08:00,22.8,91,0.2,0.2,51,100,24.5,43.6,937.5
2025-08-19T09:00,24.7,80,0.1,0.1,51,100,32.0,52.9,938.5
2025-08-19T10:00,25.6,75,0.2,0.2,51,100,33.6,58.7,938.8
2025-08-19T11:00,26.8,71,0.2,0.2,51,100,31.8,58.3,938.5
2025-08-19T12:00,26.2,73,0.1,0.1,51,100,31.5,57.2,938.0
2025-08-19T13:00,25.3,75,0.4,0.4,51,100,32.7,59.4,937.2
2025-08-19T14:00,24.4,85,1.1,1.1,55,100,27.4,55.8,936.4
2025-08-19T15:00,24.6,82,0.1,0.1,51,100,30.3,52.2,935.5
2025-08-19T16:00,24.3,84,0.2,0.2,51,100,26.5,52.9,935.4
2025-08-19T17:00,23.7,87,0.1,0.1,51,100,22.7,45.7,935.7
2025-08-19T18:00,23.7,85,0.2,0.2,51,81,25.7,45.0,936.7
2025-08-19T19:00,23.5,85,0.0,0.0,3,100,25.3,43.9,937.4
2025-08-19T20:00,23.7,84,0.0,0.0,3,100,26.3,44.6,937.8
2025-08-19T21:00,23.4,84,0.0,0.0,3,100,26.3,44.6,938.4
2025-08-19T22:00,23.3,82,0.0,0.0,3,96,28.5,48.6,938.4
2025-08-19T23:00,23.0,83,0.0,0.0,3,100,27.3,49.0,938.3
2025-08-20T00:00,22.9,85,0.0,0.0,3,100,25.1,46.1,938.2
2025-08-20T01:00,23.0,85,0.0,0.0,3,100,24.5,42.5,937.7
2025-08-20T02:00,22.7,87,0.0,0.0,3,100,23.5,41.8,937.3
2025-08-20T03:00,22.7,87,0.0,0.0,3,100,23.3,40.0,937.2
2025-08-20T04:00,22.7,87,0.0,0.0,3,100,22.2,39.6,937.6
2025-08-20T05:00,22.6,87,0.0,0.0,3,100,20.6,37.4,938.1
2025-08-20T06:00,22.7,88,0.0,0.0,3,81,21.5,37.8,937.6
2025-08-20T07:00,23.4,87,0.9,0.9,53,97,23.6,40.3,938.8
2025-08-20T08:00,23.8,88,0.9,0.9,53,99,20.7,39.2,939.3
2025-08-20T09:00,24.4,84,0.0,0.0,3,100,24.0,39.6,939.7
2025-08-20T10:00,24.7,83,0.2,0.2,51,100,29.0,51.8,939.9
2025-08-20T11:00,25.0,82,0.7,0.7,53,100,26.9,52.6,940.0
2025-08-20T12:00,25.5,82,0.4,0.4,51,100,28.3,49.0,939.5
2025-08-20T13:00,25.5,82,0.6,0.6,53,85,26.6,49.7,938.4
2025-08-20T14:00,27.3,74,0.3,0.3,51,91,27.6,51.1,937.5
2025-08-20T15:00,27.3,73,0.1,0.1,51,100,24.6,50.8,936.9
2025-08-20T16:00,27.0,73,0.0,0.0,3,99,21.1,43.6,937.0
2025-08-20T17:00,26.8,75,0.0,0.0,3,100,19.1,36.7,937.6
2025-08-20T18:00,25.3,81,0.0,0.0,3,100,17.8,31.3,938.2
2025-08-20T19:00,24.9,82,0.0,0.0,3,100,17.9,31.3,939.6
2025-08-20T20:00,24.4,84,0.0,0.0,3,99,17.3,29.9,940.7
2025-08-20T21:00,23.9,86,0.1,0.1,51,100,17.8,29.2,941.5
2025-08-20T22:00,23.7,86,0.1,0.1,51,91,19.3,32.0,941.8
2025-08-20T23:00,23.5,85,0.0,0.0,2,67,20.2,33.5,941.6
2025-08-21T00:00,23.3,85,0.0,0.0,3,91,20.5,34.6,941.3
2025-08-21T01:00,23.0,86,0.0,0.0,0,15,20.0,34.6,940.9
2025-08-21T02:00,22.7,87,0.0,0.0,3,98,19.6,33.8,940.5
2025-08-21T03:00,22.4,87,0.0,0.0,3,99,19.6,33.5,940.1
2025-08-21T04:00,22.2,88,0.0,0.0,3,98,19.2,33.1,940.4
2025-08-21T05:00,21.9,90,0.0,0.0,3,100,18.9,32.4,940.6
2025-08-21T06:00,22.6,87,0.0,0.0,3,83,19.4,32.8,941.4
2025-08-21T07:00,23.6,84,0.0,0.0,3,100,19.6,34.2,942.4
2025-08-21T08:00,25.1,77,0.0,0.0,3,100,27.5,47.9,942.9
2025-08-21T09:00,26.3,71,0.0,0.0,3,100,28.3,50.0,943.2
2025-08-21T10:00,27.5,67,0.0,0.0,3,100,26.0,50.0,943.1
2025-08-21T11:00,27.8,67,0.0,0.0,3,100,23.1,46.1,943.1
2025-08-21T12:00,28.5,64,0.0,0.0,3,100,22.7,41.4,942.6
2025-08-21T13:00,29.0,63,0.0,0.0,3,100,22.2,41.0,941.8
2025-08-21T14:00,29.5,60,0.0,0.0,3,100,22.7,41.0,940.5
2025-08-21T15:00,29.2,61,0.1,0.1,51,98,20.6,40.7,939.6
2025-08-21T16:00,29.1,63,0.1,0.1,51,47,19.0,38.2,938.9
2025-08-21T17:00,28.5,66,0.0,0.0,3,99,14.7,34.6,939.4
2025-08-21T18:00,26.6,72,0.0,0.0,3,100,12.2,23.8,940.4
2025-08-21T19:00,25.7,75,0.0,0.0,3,100,12.2,20.9,941.0
2025-08-21T20:00,25.2,78,0.0,0.0,3,100,11.0,20.2,941.7
2025-08-21T21:00,24.8,79,0.0,0.0,3,100,11.5,18.4,942.3
2025-08-21T22:00,24.7,79,0.0,0.0,3,100,11.2,19.4,942.8
2025-08-21T23:00,24.6,78,0.0,0.0,3,100,12.1,19.4,942.9
2025-08-22T00:00,24.4,78,0.0,0.0,3,100,15.3,24.8,942.5
2025-08-22T01:00,24.2,78,0.0,0.0,3,100,18.1,29.9,942.0
2025-08-22T02:00,23.7,80,0.0,0.0,3,100,18.6,31.3,941.4
2025-08-22T03:00,23.3,81,0.0,0.0,3,100,18.9,31.7,941.2
2025-08-22T04:00,22.7,84,0.0,0.0,3,100,18.9,32.4,941.3
2025-08-22T05:00,22.4,86,0.0,0.0,3,100,18.2,31.7,941.4
2025-08-22T06:00,22.8,87,0.0,0.0,3,100,18.0,29.9,941.4
2025-08-22T07:00,23.4,85,0.0,0.0,3,100,18.0,31.7,942.1
2025-08-22T08:00,24.6,78,0.0,0.0,3,100,25.8,44.6,942.7
2025-08-22T09:00,25.6,73,0.0,0.0,3,100,25.8,46.1,943.1
2025-08-22T10:00,27.0,66,0.0,0.0,3,100,24.9,45.0,943.5
2025-08-22T11:00,28.0,64,0.0,0.0,3,100,24.0,45.7,943.3
2025-08-22T12:00,28.3,63,0.0,0.0,3,100,22.4,43.2,942.7
2025-08-22T13:00,28.4,63,0.0,0.0,3,100,20.2,42.8,941.7
2025-08-22T14:00,28.3,64,0.1,0.1,51,100,19.5,38.5,940.8
2025-08-22T15:00,28.6,65,0.1,0.1,51,100,19.7,41.0,939.7
2025-08-22T16:00,28.2,67,0.0,0.0,3,100,17.0,41.0,939.3
2025-08-22T17:00,27.3,72,0.0,0.0,3,100,12.1,29.5,939.6
2025-08-22T18:00,25.6,78,0.0,0.0,3,100,12.5,25.9,940.0
2025-08-22T19:00,25.1,79,0.0,0.0,3,100,11.1,20.5,940.4
2025-08-22T20:00,24.6,80,0.0,0.0,3,100,10.7,18.4,940.8
2025-08-22T21:00,24.3,81,0.0,0.0,3,100,11.3,18.7,941.6
2025-08-22T22:00,24.1,81,0.0,0.0,3,100,10.8,18.4,942.1
2025-08-22T23:00,24.3,77,0.0,0.0,3,100,14.4,23.0,941.8
2025-08-23T00:00,24.1,77,0.0,0.0,3,100,14.5,24.5,941.3
2025-08-23T01:00,23.7,79,0.0,0.0,3,100,17.1,28.4,940.5
2025-08-23T02:00,23.4,81,0.0,0.0,3,100,17.5,29.9,939.8
2025-08-23T03:00,22.8,83,0.0,0.0,3,100,17.8,29.9,939.7
2025-08-23T04:00,22.4,84,0.0,0.0,3,100,17.9,30.6,939.9
2025-08-23T05:00,22.0,86,0.0,0.0,3,100,17.4,29.9,940.5
2025-08-23T06:00,22.1,86,0.0,0.0,3,100,19.9,33.5,940.7
2025-08-23T07:00,22.9,84,0.0,0.0,3,100,20.1,34.9,941.6
2025-08-23T08:00,24.3,76,0.0,0.0,3,100,27.6,48.2,942.6
2025-08-23T09:00,25.5,71,0.0,0.0,3,100,26.6,48.2,942.8
2025-08-23T10:00,26.9,65,0.0,0.0,3,100,26.9,48.2,942.9
2025-08-23T11:00,28.0,61,0.0,0.0,3,100,25.6,48.2,942.2
2025-08-23T12:00,28.3,62,0.1,0.1,51,100,22.9,47.2,941.5
2025-08-23T13:00,28.8,63,0.0,0.0,3,100,20.7,45.7,940.5
2025-08-23T14:00,29.2,61,0.0,0.0,3,100,21.1,45.7,939.5
2025-08-23T15:00,27.9,64,0.2,0.2,51,100,21.2,45.4,938.9
2025-08-23T16:00,28.0,65,0.0,0.0,3,100,20.2,37.4,938.2
2025-08-23T17:00,26.6,72,0.0,0.0,3,100,18.5,35.6,938.2
2025-08-23T18:00,25.8,74,0.0,0.0,3,100,16.9,25.2,939.7
2025-08-23T19:00,24.2,76,0.0,0.0,3,100,19.3,41.0,940.5
2025-08-23T20:00,24.1,77,0.0,0.0,3,100,16.5,32.0,940.9
2025-08-23T21:00,24.0,78,0.0,0.0,3,100,15.7,27.4,941.8
2025-08-23T22:00,24.2,77,0.0,0.0,3,100,17.6,29.5,942.0
2025-08-23T23:00,24.2,80,0.0,0.0,3,100,16.5,29.5,941.9
2025-08-24T00:00,24.0,80,0.0,0.0,3,100,18.1,30.2,941.5
2025-08-24T01:00,23.8,79,0.0,0.0,3,100,18.5,32.0,941.0
2025-08-24T02:00,23.5,79,0.0,0.0,3,100,19.4,32.4,940.7
2025-08-24T03:00,23.0,78,0.0,0.0,3,97,20.1,34.2,940.1
2025-08-24T04:00,22.3,82,0.0,0.0,3,85,18.8,34.2,940.6
2025-08-24T05:00,21.9,84,0.0,0.0,0,17,17.5,31.7,941.1
2025-08-24T06:00,22.3,81,0.0,0.0,3,96,19.9,33.5,941.6
2025-08-24T07:00,22.9,82,0.0,0.0,3,100,17.7,33.8,942.3
2025-08-24T08:00,24.0,79,0.0,0.0,3,100,20.4,36.7,942.7
2025-08-24T09:00,25.3,74,0.0,0.0,3,100,23.1,41.0,942.7
2025-08-24T10:00,26.7,66,0.0,0.0,3,99,26.3,46.1,943.2
2025-08-24T11:00,28.1,60,0.0,0.0,3,100,27.8,49.7,943.1
2025-08-24T12:00,27.8,63,0.0,0.0,3,89,26.9,50.0,942.7
2025-08-24T13:00,28.6,59,0.0,0.0,3,98,24.8,47.9,941.8
2025-08-24T14:00,28.8,58,0.0,0.0,3,100,23.7,45.4,940.9
2025-08-24T15:00,28.6,60,0.0,0.0,3,100,21.4,44.6,940.1
2025-08-24T16:00,28.3,62,0.0,0.0,3,100,19.9,38.5,939.5
2025-08-24T17:00,27.4,67,0.2,0.2,51,100,15.5,38.2,939.3
2025-08-24T18:00,25.9,70,0.0,0.0,3,100,13.5,27.4,940.7
2025-08-24T19:00,25.2,73,0.0,0.0,3,100,12.7,22.7,941.1
2025-08-24T20:00,24.9,74,0.0,0.0,3,100,13.8,23.0,941.5
2025-08-24T21:00,24.5,75,0.0,0.0,3,100,12.3,22.7,942.2
2025-08-24T22:00,24.6,74,0.0,0.0,3,100,14.5,23.4,942.4
2025-08-24T23:00,24.9,69,0.0,0.0,3,100,19.3,31.7,942.5
2025-08-25T00:00,24.4,69,0.0,0.0,3,100,19.7,32.8,941.9
2025-08-25T01:00,23.7,72,0.0,0.0,3,100,20.3,34.2,941.3
2025-08-25T02:00,23.1,75,0.0,0.0,3,99,20.2,34.2,940.7
2025-08-25T03:00,22.4,79,0.0,0.0,2,69,19.7,34.2,940.6
2025-08-25T04:00,22.0,82,0.0,0.0,2,65,19.7,33.1,940.7
2025-08-25T05:00,21.5,85,0.0,0.0,1,40,19.6,33.1,940.8
2025-08-25T06:00,22.0,84,0.0,0.0,3,80,20.9,36.7,940.9
2025-08-25T07:00,22.7,83,0.0,0.0,3,100,17.7,35.3,941.9
2025-08-25T08:00,24.1,77,0.0,0.0,3,100,25.8,45.0,942.3
2025-08-25T09:00,25.7,69,0.0,0.0,3,94,26.5,47.2,942.6
2025-08-25T10:00,27.2,63,0.0,0.0,3,97,26.6,48.2,942.8
2025-08-25T11:00,27.4,65,0.0,0.0,3,98,24.6,47.5,942.5
2025-08-25T12:00,28.1,61,0.0,0.0,3,98,23.4,44.6,941.7
2025-08-25T13:00,28.9,58,0.1,0.1,51,99,23.7,44.3,940.9
2025-08-25T14:00,28.7,61,0.3,0.3,51,100,22.2,43.6,939.6
2025-08-25T15:00,28.9,60,0.1,0.1,51,100,20.2,40.0,938.7
2025-08-25T16:00,28.4,62,0.0,0.0,2,54,19.6,36.4,938.0
2025-08-25T17:00,27.4,69,0.0,0.0,3,87,14.8,34.2,938.2
2025-08-25T18:00,26.0,71,0.0,0.0,3,100,9.1,23.0,939.3
2025-08-25T19:00,24.9,76,0.0,0.0,2,67,8.5,14.8,939.8
2025-08-25T20:00,24.1,80,0.0,0.0,2,59,7.1,13.7,940.2
2025-08-25T21:00,23.9,82,0.0,0.0,3,88,9.2,15.1,940.7
2025-08-25T22:00,23.5,85,0.0,0.0,2,78,9.2,15.1,941.2
2025-08-25T23:00,23.3,86,0.0,0.0,1,49,11.0,17.6,941.1
2025-08-26T00:00,23.3,84,0.0,0.0,1,45,13.5,22.0,940.7
2025-08-26T01:00,23.1,83,0.0,0.0,3,100,14.8,24.5,940.0
2025-08-26T02:00,23.3,82,0.0,0.0,3,100,16.0,26.6,939.8
2025-08-26T03:00,23.1,84,0.0,0.0,3,95,14.8,27.0,939.9
2025-08-26T04:00,22.7,85,0.0,0.0,1,48,16.1,27.0,940.2
2025-08-26T05:00,22.3,85,0.0,0.0,2,51,17.1,28.8,940.5
2025-08-26T06:00,22.9,83,0.0,0.0,1,42,18.2,30.6,940.4
2025-08-26T07:00,23.5,82,0.0,0.0,2,71,18.7,31.7,941.0
2025-08-26T08:00,24.6,78,0.0,0.0,3,92,25.4,47.2,941.8
2025-08-26T09:00,25.5,77,0.0,0.0,3,99,22.4,44.6,942.4
2025-08-26T10:00,24.4,83,2.3,2.3,61,100,16.1,40.3,942.6
2025-08-26T11:00,23.3,93,0.9,0.9,53,100,12.9,29.5,941.9
2025-08-26T12:00,24.9,83,0.7,0.7,53,100,16.2,29.5,940.8
2025-08-26T13:00,26.6,75,0.5,0.5,53,100,15.5,32.0,939.8
2025-08-26T14:00,27.6,75,0.3,0.3,51,100,14.8,31.7,939.0
2025-08-26T15:00,26.5,76,2.1,2.1,61,100,18.9,32.8,938.5
2025-08-26T16:00,24.0,91,3.8,3.8,63,100,15.2,35.3,938.3
2025-08-26T17:00,23.3,94,1.2,1.2,55,100,13.5,26.6,938.5
2025-08-26T18:00,24.0,89,0.6,0.6,53,100,12.1,24.1,939.4
2025-08-26T19:00,23.5,92,0.3,0.3,51,100,9.7,19.4,939.8
2025-08-26T20:00,23.2,92,0.0,0.0,3,100,11.9,19.1,940.1
2025-08-26T21:00,22.9,93,0.0,0.0,3,100,12.3,19.8,940.9
2025-08-26T22:00,22.7,94,0.2,0.2,51,100,13.8,23.0,940.9
2025-08-26T23:00,22.4,95,0.3,0.3,51,100,16.4,27.4,940.5
2025-08-27T00:00,22.2,95,1.2,1.2,55,100,17.9,30.2,939.4
2025-08-27T01:00,22.1,95,2.6,2.6,63,100,18.4,31.0,938.9
2025-08-27T02:00,22.0,96,1.3,1.3,61,100,17.5,31.7,938.2
2025-08-27T03:00,22.0,96,0.8,0.8,53,100,19.7,33.1,938.2
2025-08-27T04:00,22.0,96,0.2,0.2,51,100,17.8,33.1,938.3
2025-08-27T05:00,22.1,94,0.1,0.1,51,100,17.3,30.2,938.3
2025-08-27T06:00,22.3,95,1.3,1.3,61,100,19.7,33.8,938.1
2025-08-27T07:00,22.3,95,1.8,1.8,61,100,18.0,33.1,939.0
2025-08-27T08:00,22.5,94,1.9,1.9,61,100,18.2,30.6,939.7
2025-08-27T09:00,22.8,94,1.4,1.4,61,100,19.3,32.8,939.8
2025-08-27T10:00,23.2,94,1.2,1.2,55,100,16.6,33.1,939.8
2025-08-27T11:00,22.9,94,2.6,2.6,63,100,17.8,29.9,939.2
2025-08-27T12:00,23.3,94,2.7,2.7,63,100,18.4,30.6,938.4
2025-08-27T13:00,24.0,91,2.2,2.2,61,100,16.9,33.5,937.4
2025-08-27T14:00,24.4,90,1.5,1.5,61,100,17.2,30.2,935.9
2025-08-27T15:00,26.2,82,0.5,0.5,53,100,17.4,34.9,935.6
2025-08-27T16:00,26.0,82,0.2,0.2,51,100,14.6,32.8,935.5
2025-08-27T17:00,23.8,94,1.3,1.3,61,100,8.6,29.2,935.8
2025-08-27T18:00,23.4,88,0.0,0.0,3,100,14.3,30.2,937.5
2025-08-27T19:00,23.0,90,0.0,0.0,3,100,15.5,25.9,938.0
2025-08-27T20:00,22.8,92,0.0,0.0,3,100,14.4,26.3,938.2
2025-08-27T21:00,22.8,92,0.2,0.2,51,100,15.9,25.9,939.1
2025-08-27T22:00,22.2,95,0.4,0.4,51,100,17.6,29.5,939.3
2025-08-27T23:00,22.0,96,0.7,0.7,53,100,18.0,29.9,938.8
2025-08-28T00:00,21.9,96,0.8,0.8,53,100,18.0,31.0,938.0
2025-08-28T01:00,21.8,96,0.4,0.4,51,100,17.6,29.9,937.3
2025-08-28T02:00,21.8,96,0.5,0.5,53,100,17.7,29.9,936.8
2025-08-28T03:00,21.7,96,1.0,1.0,55,100,16.1,30.2,936.6
2025-08-28T04:00,21.7,96,1.7,1.7,61,100,15.8,27.0,936.6
2025-08-28T05:00,21.7,96,2.7,2.7,63,100,16.5,27.4,936.9
2025-08-28T06:00,22.2,95,1.3,1.3,61,100,18.6,34.9,937.2
2025-08-28T07:00,22.4,96,0.8,0.8,53,100,16.4,31.0,937.6
2025-08-28T08:00,23.5,92,0.1,0.1,51,100,18.7,33.1,938.6
2025-08-28T09:00,24.2,88,0.3,0.3,51,100,22.0,38.5,939.0
2025-08-28T10:00,23.8,90,0.7,0.7,53,100,18.0,38.9,938.7
2025-08-28T11:00,24.3,87,0.8,0.8,53,100,22.0,38.2,938.4
2025-08-28T12:00,24.5,88,0.5,0.5,53,100,18.8,39.2,937.9
2025-08-28T13:00,25.7,81,0.3,0.3,51,100,19.6,38.9,936.9
2025-08-28T14:00,26.2,76,0.2,0.2,51,66,22.9,42.1,935.3
2025-08-28T15:00,26.6,77,0.1,0.1,51,40,20.3,42.5,934.8
2025-08-28T16:00,26.2,78,0.0,0.0,2,75,20.8,39.2,935.0
2025-08-28T17:00,25.5,80,0.1,0.1,51,81,16.4,40.0,935.3
2025-08-28T18:00,23.9,86,0.0,0.0,3,99,15.6,28.4,936.8
2025-08-28T19:00,23.2,90,0.0,0.0,3,100,15.1,27.0,937.2
2025-08-28T20:00,23.0,91,0.4,0.4,51,100,14.7,24.8,937.7
2025-08-28T21:00,22.9,93,1.3,1.3,61,100,15.9,28.8,938.6
2025-08-28T22:00,22.7,94,0.6,0.6,53,100,17.6,29.2,938.5
2025-08-28T23:00,22.4,95,0.4,0.4,51,100,15.6,29.5,938.4
2025-08-29T00:00,22.3,96,0.2,0.2,51,100,17.0,28.8,938.1
2025-08-29T01:00,22.0,95,0.1,0.1,51,79,17.5,28.4,937.4
2025-08-29T02:00,21.5,95,0.0,0.0,3,95,18.9,31.7,937.1
2025-08-29T03:00,21.3,96,0.0,0.0,3,100,16.4,31.7,937.1
2025-08-29T04:00,21.4,95,0.0,0.0,3,100,17.5,29.2,937.3
2025-08-29T05:00,21.7,94,0.0,0.0,3,100,18.4,31.0,938.0
2025-08-29T06:00,22.6,92,0.0,0.0,3,100,17.8,29.5,938.4
2025-08-29T07:00,22.7,91,0.0,0.0,3,100,16.8,30.2,939.0
2025-08-29T08:00,23.5,87,0.0,0.0,3,99,21.0,36.4,939.5
2025-08-29T09:00,25.4,77,0.0,0.0,3,98,24.6,43.9,939.7
2025-08-29T10:00,26.7,70,0.0,0.0,3,100,23.4,44.3,939.7
2025-08-29T11:00,27.2,67,0.0,0.0,3,100,21.5,42.5,939.4
2025-08-29T12:00,28.0,65,0.0,0.0,3,98,21.8,40.3,938.8
2025-08-29T13:00,28.6,62,0.1,0.1,51,90,20.0,40.3,937.8
2025-08-29T14:00,28.7,63,0.3,0.3,51,52,19.5,37.1,936.9
2025-08-29T15:00,28.4,64,0.1,0.1,51,28,18.4,36.0,936.4
2025-08-29T16:00,28.1,65,0.0,0.0,1,36,18.7,33.1,936.5
2025-08-29T17:00,27.1,71,0.0,0.0,2,71,15.1,32.8,937.0
2025-08-29T18:00,25.5,79,0.0,0.0,2,73,12.6,25.2,938.1
2025-08-29T19:00,24.9,82,0.0,0.0,3,97,10.3,21.2,939.0
2025-08-29T20:00,24.6,83,0.0,0.0,3,99,13.2,22.0,939.9
2025-08-29T21:00,23.9,85,0.1,0.1,51,83,11.9,22.0,940.6
2025-08-29T22:00,23.6,86,0.1,0.1,51,79,15.3,25.2,940.5
2025-08-29T23:00,23.5,88,0.1,0.1,51,100,15.1,25.6,940.2
2025-08-30T00:00,23.6,87,0.0,0.0,2,66,17.0,28.1,940.2
2025-08-30T01:00,23.1,88,0.0,0.0,3,100,17.0,29.2,939.8
2025-08-30T02:00,22.9,88,0.0,0.0,3,100,15.9,28.4,939.6
2025-08-30T03:00,22.6,89,0.0,0.0,3,100,15.9,27.0,939.2
2025-08-30T04:00,22.1,91,0.0,0.0,3,100,15.0,27.0,939.3
2025-08-30T05:00,22.2,91,0.0,0.0,3,100,14.8,25.2,939.7
2025-08-30T06:00,22.6,88,0.0,0.0,3,92,16.7,27.7,940.2
2025-08-30T07:00,23.7,84,0.0,0.0,3,90,18.1,31.7,940.7
2025-08-30T08:00,25.1,77,0.0,0.0,3,91,24.6,42.8,941.4
2025-08-30T09:00,26.2,73,0.1,0.1,51,100,21.9,43.2,941.8
2025-08-30T10:00,27.3,69,0.0,0.0,3,100,18.4,38.9,941.9
2025-08-30T11:00,28.0,68,0.1,0.1,51,99,16.9,33.1,941.4
2025-08-30T12:00,29.4,61,0.1,0.1,51,100,18.2,34.2,940.9
2025-08-30T13:00,29.4,61,0.2,0.2,51,100,17.3,34.2,940.1
2025-08-30T14:00,29.3,62,0.1,0.1,51,99,16.8,32.4,939.4
2025-08-30T15:00,29.0,66,0.2,0.2,51,46,15.6,31.3,938.8
2025-08-30T16:00,29.1,64,0.0,0.0,3,99,14.6,28.8,938.4
2025-08-30T17:00,28.3,70,0.0,0.0,3,99,12.2,25.9,938.5
2025-08-30T18:00,26.2,77,0.0,0.0,1,29,5.2,17.6,939.6
2025-08-30T19:00,25.4,78,0.0,0.0,1,40,8.4,12.6,940.5
2025-08-30T20:00,25.1,79,0.0,0.0,2,56,11.7,18.7,941.2
2025-08-30T21:00,24.8,82,0.0,0.0,3,99,15.6,25.9,942.0
2025-08-30T22:00,23.9,84,0.0,0.0,3,96,14.9,25.9,942.1
2025-08-30T23:00,23.7,85,0.0,0.0,3,100,15.5,25.6,941.8
2025-08-31T00:00,23.6,86,0.0,0.0,3,99,16.0,28.1,941.1
2025-08-31T01:00,23.4,88,0.0,0.0,3,99,15.6,26.6,940.6
2025-08-31T02:00,23.2,89,0.0,0.0,3,100,17.2,28.8,939.8
2025-08-31T03:00,23.1,90,0.0,0.0,3,83,16.4,28.8,939.7
2025-08-31T04:00,22.8,91,0.0,0.0,1,43,16.5,27.7,939.9
2025-08-31T05:00,22.6,91,0.0,0.0,1,45,16.4,27.7,940.2
2025-08-31T06:00,23.1,88,0.0,0.0,1,45,17.0,28.8,940.6
2025-08-31T07:00,23.9,86,0.0,0.0,2,53,16.9,30.2,941.5
2025-08-31T08:00,25.2,79,0.0,0.0,3,100,22.3,40.3,942.1
2025-08-31T09:00,25.5,78,0.1,0.1,51,99,20.5,39.6,942.3
2025-08-31T10:00,25.7,77,0.3,0.3,51,100,23.3,40.7,942.3
2025-08-31T11:00,25.7,80,0.3,0.3,51,100,20.4,40.7,942.0
2025-08-31T12:00,27.2,77,0.4,0.4,51,98,19.2,37.1,941.0
2025-08-31T13:00,27.5,76,0.4,0.4,51,100,20.7,41.0,940.1
2025-08-31T14:00,27.7,75,1.9,1.9,61,100,17.5,41.8,938.9
2025-08-31T15:00,26.6,79,0.5,0.5,53,100,13.9,36.4,937.6
2025-08-31T16:00,27.2,74,0.1,0.1,51,100,16.0,29.5,937.2
2025-08-31T17:00,26.7,77,0.0,0.0,3,100,14.0,28.8,937.6
2025-08-31T18:00,26.0,82,0.0,0.0,3,100,10.8,20.5,938.5
2025-08-31T19:00,25.4,83,0.0,0.0,3,100,11.9,20.2,939.0
2025-08-31T20:00,24.9,85,0.0,0.0,3,100,11.1,19.8,939.7
2025-08-31T21:00,24.3,87,0.0,0.0,3,100,16.9,29.2,940.1
2025-08-31T22:00,23.2,89,0.0,0.0,3,100,15.2,28.1,940.6
2025-08-31T23:00,23.2,89,0.0,0.0,3,100,15.5,26.3,940.2
2025-09-01T00:00,23.0,92,0.0,0.0,3,100,15.3,25.9,939.2
2025-09-01T01:00,22.8,92,0.0,0.0,3,100,16.2,28.1,939.0
2025-09-01T02:00,22.6,93,0.1,0.1,51,100,17.3,28.8,938.6
2025-09-01T03:00,22.7,93,0.1,0.1,51,100,17.7,30.6,937.6
2025-09-01T04:00,22.7,93,0.2,0.2,51,100,19.1,32.0,937.6
2025-09-01T05:00,22.6,93,0.2,0.2,51,100,18.9,32.4,938.2
2025-09-01T06:00,22.8,93,0.0,0.0,3,100,17.2,29.2,938.7
2025-09-01T07:00,23.4,91,0.2,0.2,51,100,16.4,28.4,939.5
2025-09-01T08:00,23.9,89,0.0,0.0,3,100,17.1,28.4,940.0
2025-09-01T09:00,25.1,81,0.1,0.1,51,100,23.4,42.5,940.1
2025-09-01T10:00,26.1,76,0.1,0.1,51,100,22.4,42.8,940.0
2025-09-01T11:00,27.2,69,0.0,0.0,3,100,22.3,40.3,939.5
2025-09-01T12:00,27.8,66,0.0,0.0,3,100,21.8,40.3,938.7
2025-09-01T13:00,28.2,64,0.1,0.1,51,100,21.8,40.3,937.4
2025-09-01T14:00,26.4,76,1.6,1.6,61,100,16.7,40.0,936.4
2025-09-01T15:00,26.4,76,0.8,0.8,53,100,17.9,35.3,935.8
2025-09-01T16:00,26.8,76,0.0,0.0,3,100,16.7,31.0,935.9
2025-09-01T17:00,23.6,89,2.4,2.4,61,100,13.9,38.9,936.3
2025-09-01T18:00,25.8,75,0.0,0.0,3,100,13.7,25.9,937.2
2025-09-01T19:00,25.4,75,0.0,0.0,3,100,13.0,23.8,938.2
2025-09-01T20:00,25.1,77,0.0,0.0,3,100,11.7,21.6,939.2
2025-09-01T21:00,24.7,80,0.0,0.0,3,100,11.7,19.4,939.6
2025-09-01T22:00,24.5,81,0.0,0.0,3,100,14.4,23.4,939.9
2025-09-01T23:00,24.1,83,0.0,0.0,3,100,15.1,24.8,939.3
2025-09-02T00:00,23.6,83,0.0,0.0,3,100,18.4,31.0,938.9
2025-09-02T01:00,23.2,84,0.0,0.0,3,100,18.0,31.3,937.9
2025-09-02T02:00,22.9,86,0.0,0.0,3,100,18.8,31.3,937.3
2025-09-02T03:00,22.6,88,0.0,0.0,3,100,20.4,34.2,936.8
2025-09-02T04:00,22.5,88,0.0,0.0,3,100,20.9,35.6,936.6
2025-09-02T05:00,22.3,89,0.0,0.0,3,100,20.2,35.3,937.0
2025-09-02T06:00,22.4,92,0.1,0.1,51,100,22.0,37.8,937.3
2025-09-02T07:00,23.0,90,0.1,0.1,51,100,21.5,38.2,938.1
2025-09-02T08:00,24.1,85,0.1,0.1,51,100,25.3,41.8,939.0
2025-09-02T09:00,24.8,81,0.1,0.1,51,100,23.6,44.3,938.9
2025-09-02T10:00,26.3,75,0.1,0.1,51,100,25.9,47.9,939.2
2025-09-02T11:00,26.4,73,0.1,0.1,51,100,23.7,46.4,939.1
2025-09-02T12:00,27.2,72,0.1,0.1,51,100,20.1,44.3,938.1
2025-09-02T13:00,27.8,67,0.1,0.1,51,100,20.1,42.8,936.8
2025-09-02T14:00,26.2,78,1.2,1.2,55,100,15.3,40.3,936.2
2025-09-02T15:00,25.3,80,1.3,1.3,61,100,13.6,32.0,936.1
2025-09-02T16:00,24.2,86,1.8,1.8,61,100,14.4,31.3,936.4
2025-09-02T17:00,23.4,91,0.1,0.1,51,100,12.6,25.6,936.4
2025-09-02T18:00,24.0,87,0.0,0.0,3,100,9.0,20.9,937.1
2025-09-02T19:00,23.7,89,0.0,0.0,3,100,8.6,15.1,937.7
2025-09-02T20:00,23.9,89,0.0,0.0,3,100,11.9,19.4,938.8
2025-09-02T21:00,23.4,90,0.1,0.1,51,100,11.4,24.5,939.3
2025-09-02T22:00,22.9,92,0.4,0.4,51,100,13.2,23.0,939.3
2025-09-02T23:00,22.7,91,0.0,0.0,3,100,18.6,30.6,938.8
2025-09-03T00:00,22.3,93,0.0,0.0,3,100,18.4,31.0,938.0
2025-09-03T01:00,22.0,93,0.0,0.0,3,100,17.8,30.6,937.3
2025-09-03T02:00,21.9,93,0.0,0.0,3,100,18.4,31.0,936.7
2025-09-03T03:00,21.8,93,0.0,0.0,3,100,19.1,32.0,936.6
2025-09-03T04:00,21.6,94,0.0,0.0,3,97,18.5,32.4,936.8
2025-09-03T05:00,21.7,93,0.0,0.0,3,100,18.4,31.0,937.1
2025-09-03T06:00,22.6,92,0.0,0.0,3,100,17.3,28.4,937.5
2025-09-03T07:00,23.5,87,0.0,0.0,3,100,19.4,34.9,938.5
2025-09-03T08:00,24.1,84,0.2,0.2,51,100,21.4,37.1,939.4
2025-09-03T09:00,25.4,77,0.1,0.1,51,100,22.7,40.7,939.5
2025-09-03T10:00,26.8,68,0.0,0.0,3,100,21.7,41.0,939.6
2025-09-03T11:00,27.6,63,0.0,0.0,3,100,20.5,40.3,939.3
2025-09-03T12:00,28.0,60,0.0,0.0,3,98,20.0,40.3,938.4
2025-09-03T13:00,28.7,56,0.0,0.0,3,100,21.5,38.9,937.5
2025-09-03T14:00,29.4,54,0.0,0.0,3,100,23.6,42.1,936.5
2025-09-03T15:00,29.1,55,0.0,0.0,3,100,23.2,42.5,935.8
2025-09-03T16:00,27.9,61,0.0,0.0,3,100,19.3,40.7,935.6
2025-09-03T17:00,26.7,69,0.0,0.0,3,100,15.0,32.8,935.7
2025-09-03T18:00,25.8,72,0.0,0.0,3,100,9.0,22.7,936.4
2025-09-03T19:00,24.6,78,0.0,0.0,3,100,6.7,14.8,937.2
2025-09-03T20:00,23.9,82,0.0,0.0,3,100,6.1,10.4,938.3
2025-09-03T21:00,23.6,86,0.1,0.1,51,100,5.5,10.1,939.0
2025-09-03T22:00,23.4,87,0.1,0.1,51,100,11.1,18.4,939.6
2025-09-03T23:00,23.1,89,0.0,0.0,3,100,7.2,18.0,939.1
2025-09-04T00:00,22.7,91,0.0,0.0,3,100,9.4,15.1,938.7
2025-09-04T01:00,22.5,92,0.0,0.0,3,87,8.3,15.8,938.1
2025-09-04T02:00,22.3,93,0.0,0.0,3,100,10.2,16.2,937.5
2025-09-04T03:00,22.0,93,0.0,0.0,3,100,12.5,20.9,937.4
2025-09-04T04:00,22.0,92,0.0,0.0,3,100,14.5,24.5,938.1
2025-09-04T05:00,22.0,92,0.0,0.0,3,100,14.2,24.1,938.4
2025-09-04T06:00,22.3,93,0.0,0.0,3,93,18.3,30.2,938.9
2025-09-04T07:00,23.0,89,0.0,0.0,3,100,17.6,31.7,939.7
2025-09-04T08:00,24.1,83,0.0,0.0,3,100,21.1,37.4,940.3
2025-09-04T09:00,25.5,75,0.0,0.0,3,100,20.6,37.8,940.6
2025-09-04T10:00,26.8,68,0.0,0.0,3,100,20.2,38.2,940.7
2025-09-04T11:00,27.9,64,0.0,0.0,3,100,23.1,42.8,940.4
2025-09-04T12:00,28.7,59,0.0,0.0,3,100,23.3,42.8,939.6
2025-09-04T13:00,28.7,58,0.0,0.0,3,99,22.6,43.9,938.6
2025-09-04T14:00,28.8,60,0.0,0.0,3,99,21.1,41.0,937.6
2025-09-04T15:00,28.6,61,0.0,0.0,3,89,19.8,38.5,936.7
2025-09-04T16:00,28.4,61,0.0,0.0,3,88,18.7,35.3,936.3
2025-09-04T17:00,27.6,66,0.0,0.0,3,85,14.3,32.4,936.5
2025-09-04T18:00,25.5,74,0.0,0.0,3,100,7.1,19.8,937.4
2025-09-04T19:00,24.3,79,0.0,0.0,3,100,6.6,11.2,938.1
2025-09-04T20:00,24.0,80,0.0,0.0,3,100,7.2,11.2,939.0
2025-09-04T21:00,23.9,79,0.0,0.0,3,100,8.6,13.3,940.0
2025-09-04T22:00,23.8,79,0.0,0.0,3,100,11.6,18.7,940.6
2025-09-04T23:00,23.6,80,0.0,0.0,2,70,14.1,22.7,940.3
2025-09-05T00:00,23.2,81,0.0,0.0,3,98,15.5,25.6,939.5
2025-09-05T01:00,22.9,83,0.0,0.0,3,99,15.0,25.6,939.1
2025-09-05T02:00,22.6,84,0.0,0.0,3,100,15.3,25.2,938.8
2025-09-05T03:00,22.3,86,0.0,0.0,3,100,15.0,25.2,938.8
2025-09-05T04:00,22.0,89,0.0,0.0,3,99,14.1,24.8,938.9
2025-09-05T05:00,21.6,92,0.0,0.0,3,99,13.1,23.4,939.6
2025-09-05T06:00,22.2,90,0.0,0.0,1,37,14.7,24.5,940.2
2025-09-05T07:00,23.3,86,0.0,0.0,2,57,15.6,28.1,941.2
2025-09-05T08:00,24.8,78,0.0,0.0,3,98,20.7,37.1,942.4
2025-09-05T09:00,26.2,71,0.0,0.0,3,86,20.0,37.4,942.7
2025-09-05T10:00,27.1,67,0.0,0.0,1,32,19.5,36.7,942.5
2025-09-05T11:00,28.2,61,0.1,0.1,51,83,19.3,36.4,941.9
2025-09-05T12:00,28.8,59,0.1,0.1,51,46,19.9,37.4,940.9
2025-09-05T13:00,29.1,59,0.2,0.2,51,81,19.8,37.1,939.7
2025-09-05T14:00,28.9,61,0.1,0.1,51,90,18.5,36.7,938.8
2025-09-05T15:00,28.8,61,0.1,0.1,51,43,17.5,33.8,938.2
2025-09-05T16:00,28.6,62,0.0,0.0,2,77,16.6,31.7,937.6
2025-09-05T17:00,27.7,68,0.0,0.0,0,10,12.6,29.2,937.6
2025-09-05T18:00,26.0,72,0.0,0.0,0,8,10.6,19.8,939.2
2025-09-05T19:00,25.0,76,0.0,0.0,0,8,9.4,17.6,940.2
2025-09-05T20:00,24.4,80,0.0,0.0,1,43,9.7,15.5,941.1
2025-09-05T21:00,24.1,82,0.0,0.0,3,88,10.2,16.9,941.5
2025-09-05T22:00,23.7,82,0.0,0.0,0,12,10.0,16.9,941.6
2025-09-05T23:00,23.4,83,0.0,0.0,0,9,10.6,16.9,941.4
2025-09-06T00:00,23.3,84,0.0,0.0,0,18,12.6,20.9,941.1
2025-09-06T01:00,23.1,85,0.0,0.0,0,16,13.9,23.0,940.6
2025-09-06T02:00,22.6,87,0.0,0.0,0,11,14.8,24.5,940.3
2025-09-06T03:00,22.4,88,0.0,0.0,0,12,12.9,24.8,939.9
2025-09-06T04:00,22.4,88,0.0,0.0,0,13,12.9,21.6,940.4
2025-09-06T05:00,22.4,88,0.0,0.0,0,3,12.4,21.6,940.8
2025-09-06T06:00,22.9,85,0.0,0.0,3,95,15.0,25.2,941.5
2025-09-06T07:00,23.7,83,0.0,0.0,3,100,15.1,25.9,942.3
2025-09-06T08:00,24.6,80,0.0,0.0,1,47,15.9,28.8,943.3
2025-09-06T09:00,25.8,77,0.0,0.0,0,15,15.7,30.2,943.5
2025-09-06T10:00,27.7,68,0.0,0.0,1,42,18.5,35.6,943.8
2025-09-06T11:00,28.2,66,0.0,0.0,3,84,16.7,35.3,943.4
2025-09-06T12:00,28.0,67,0.0,0.0,2,73,15.7,32.8,942.6
2025-09-06T13:00,28.1,68,0.1,0.1,51,35,13.5,31.3,941.4
2025-09-06T14:00,28.6,67,0.0,0.0,3,88,12.8,28.4,940.2
2025-09-06T15:00,28.6,67,0.0,0.0,1,21,13.1,27.7,939.5
2025-09-06T16:00,28.1,69,0.0,0.0,1,23,13.7,27.7,938.8
2025-09-06T17:00,27.2,74,0.0,0.0,0,16,11.2,25.2,939.1
2025-09-06T18:00,26.0,78,0.0,0.0,2,72,7.5,15.8,940.4
2025-09-06T19:00,25.1,80,0.0,0.0,1,35,8.1,13.7,941.0
2025-09-06T20:00,24.3,83,0.0,0.0,1,29,6.5,13.3,941.7
2025-09-06T21:00,23.9,84,0.0,0.0,0,3,7.0,11.2,942.5
2025-09-06T22:00,23.4,87,0.0,0.0,0,7,5.9,11.2,942.6
2025-09-06T23:00,22.9,90,0.0,0.0,2,58,5.1,9.0,942.3
2025-09-07T00:00,22.8,90,0.0,0.0,1,20,6.5,10.1,941.7
2025-09-07T01:00,22.9,89,0.0,0.0,2,74,9.1,14.0,941.3
2025-09-07T02:00,23.1,84,0.0,0.0,3,95,13.8,22.0,940.7
2025-09-07T03:00,22.9,83,0.0,0.0,3,95,15.3,25.6,940.8
2025-09-07T04:00,22.3,84,0.0,0.0,3,99,14.2,25.6,941.0
2025-09-07T05:00,21.7,85,0.0,0.0,3,98,13.0,23.8,941.4
2025-09-07T06:00,22.1,83,0.0,0.0,3,100,13.7,24.1,942.1
2025-09-07T07:00,22.9,82,0.0,0.0,3,100,13.2,23.0,942.9
2025-09-07T08:00,24.2,77,0.0,0.0,3,81,14.2,27.4,943.5
2025-09-07T09:00,25.6,72,0.0,0.0,0,6,15.0,29.5,943.7
2025-09-07T10:00,26.9,65,0.0,0.0,2,62,15.3,30.6,943.6
2025-09-07T11:00,27.7,64,0.0,0.0,1,22,14.5,30.6,943.3
2025-09-07T12:00,28.4,62,0.0,0.0,3,83,15.8,31.7,942.5
2025-09-07T13:00,28.8,59,0.0,0.0,2,70,17.1,33.5,941.4
2025-09-07T14:00,28.4,57,0.0,0.0,1,39,18.4,35.6,940.3
2025-09-07T15:00,28.2,57,0.0,0.0,3,96,16.2,35.6,939.9
2025-09-07T16:00,28.0,57,0.0,0.0,3,100,14.5,30.2,939.5
2025-09-07T17:00,27.0,63,0.0,0.0,3,100,12.1,25.6,939.4
2025-09-07T18:00,24.7,71,0.0,0.0,3,100,6.1,15.8,940.1
2025-09-07T19:00,23.8,75,0.0,0.0,3,100,6.3,10.1,940.4
2025-09-07T20:00,23.1,79,0.0,0.0,3,100,4.8,9.0,941.1
2025-09-07T21:00,22.5,82,0.0,0.0,3,99,5.6,7.9,941.7
2025-09-07T22:00,22.3,83,0.0,0.0,3,100,6.0,9.4,941.8
2025-09-07T23:00,22.1,82,0.0,0.0,3,100,6.8,10.4,941.9
2025-09-08T00:00,22.2,82,0.0,0.0,3,99,8.0,12.6,941.3
2025-09-08T01:00,22.3,83,0.0,0.0,3,98,8.8,14.0,940.9
2025-09-08T02:00,22.2,86,0.1,0.1,51,99,9.2,14.8,940.6
2025-09-08T03:00,22.2,88,0.0,0.0,3,87,9.7,15.8,940.5
2025-09-08T04:00,22.0,90,0.0,0.0,3,97,9.1,15.8,940.7
2025-09-08T05:00,21.8,91,0.0,0.0,3,100,9.6,15.8,940.9
2025-09-08T06:00,22.9,88,0.0,0.0,3,100,9.6,16.2,941.9
2025-09-08T07:00,23.9,86,0.0,0.0,3,99,9.9,18.0,942.6
2025-09-08T08:00,25.2,82,0.0,0.0,3,100,12.0,23.8,942.8
2025-09-08T09:00,26.4,77,0.0,0.0,3,82,11.3,24.5,942.9
2025-09-08T10:00,27.6,70,0.1,0.1,51,100,10.9,24.1,942.8
2025-09-08T11:00,28.4,66,0.1,0.1,51,92,10.5,24.1,942.4
2025-09-08T12:00,29.1,62,0.1,0.1,51,38,9.6,23.8,941.8
2025-09-08T13:00,29.5,60,0.0,0.0,1,21,9.5,22.3,940.8
2025-09-08T14:00,29.6,59,0.0,0.0,1,20,10.5,22.3,939.9
2025-09-08T15:00,29.4,58,0.0,0.0,0,16,12.1,23.8,939.2
2025-09-08T16:00,29.2,57,0.0,0.0,0,11,12.8,23.8,939.1
2025-09-08T17:00,28.0,65,0.0,0.0,0,10,10.7,23.0,939.3
2025-09-08T18:00,26.1,71,0.0,0.0,0,5,8.3,18.0,940.3
2025-09-08T19:00,24.8,77,0.0,0.0,1,21,6.0,13.3,941.0
2025-09-08T20:00,23.8,82,0.0,0.0,3,94,5.2,9.0,941.3
2025-09-08T21:00,23.2,85,0.0,0.0,1,45,5.9,8.6,941.8
2025-09-08T22:00,22.7,86,0.0,0.0,3,81,6.4,10.4,942.1
2025-09-08T23:00,22.1,88,0.0,0.0,3,95,5.7,9.7,942.3
2025-09-09T00:00,21.7,90,0.0,0.0,3,100,5.4,8.6,942.0
2025-09-09T01:00,21.4,90,0.0,0.0,3,99,3.7,7.6,941.7
2025-09-09T02:00,21.2,91,0.0,0.0,3,100,3.8,5.0,941.0
2025-09-09T03:00,20.9,91,0.0,0.0,3,99,6.3,9.4,940.8
2025-09-09T04:00,20.8,90,0.0,0.0,3,82,6.5,10.8,941.2
2025-09-09T05:00,20.6,92,0.0,0.0,3,85,6.3,10.4,941.3
2025-09-09T06:00,21.9,89,0.0,0.0,3,91,6.1,9.0,941.9
2025-09-09T07:00,23.5,85,0.0,0.0,0,16,5.0,11.9,942.9
2025-09-09T08:00,25.5,80,0.0,0.0,0,19,5.2,14.0,943.7
2025-09-09T09:00,27.2,73,0.0,0.0,1,46,6.3,16.9,943.8
2025-09-09T10:00,28.5,64,0.0,0.0,3,88,6.7,18.4,943.7
2025-09-09T11:00,29.5,59,0.0,0.0,3,92,5.4,18.0,943.7
2025-09-09T12:00,30.0,56,0.0,0.0,3,100,4.6,16.9,942.7
2025-09-09T13:00,30.0,56,0.0,0.0,3,100,6.6,17.3,941.4
2025-09-09T14:00,30.2,55,0.0,0.0,3,100,6.9,18.0,940.8
2025-09-09T15:00,30.1,55,0.0,0.0,3,100,7.4,17.6,940.2
2025-09-09T16:00,29.6,56,0.0,0.0,3,100,7.6,16.9,939.9
2025-09-09T17:00,28.6,66,0.0,0.0,3,100,5.1,14.8,940.2
2025-09-09T18:00,27.2,66,0.0,0.0,3,100,4.4,5.8,940.8
2025-09-09T19:00,26.2,67,0.0,0.0,3,99,6.3,9.0,941.3
2025-09-09T20:00,25.2,72,0.0,0.0,3,83,5.3,8.6,941.9
2025-09-09T21:00,24.5,79,0.0,0.0,2,67,7.7,12.6,942.6
2025-09-09T22:00,23.9,84,0.0,0.0,3,100,5.1,12.2,943.2
2025-09-09T23:00,23.7,86,0.0,0.0,3,100,4.9,7.9,942.9
2025-09-10T00:00,23.5,89,0.0,0.0,2,61,4.0,7.2,942.6
2025-09-10T01:00,23.3,89,0.0,0.0,1,31,1.6,5.0,942.0
2025-09-10T02:00,23.1,90,0.0,0.0,1,24,2.1,2.9,941.4
2025-09-10T03:00,22.6,92,0.0,0.0,1,37,4.3,7.2,940.9
2025-09-10T04:00,22.6,92,0.0,0.0,2,69,13.4,18.4,941.8
2025-09-10T05:00,22.1,92,0.0,0.0,2,59,10.3,26.3,942.1
2025-09-10T06:00,22.0,94,2.6,2.6,63,99,9.0,19.8,942.7
2025-09-10T07:00,22.9,92,0.2,0.2,51,100,8.6,21.2,943.6
2025-09-10T08:00,24.5,87,0.0,0.0,3,100,5.8,15.8,944.3
2025-09-10T09:00,26.0,83,0.0,0.0,3,100,8.1,19.4,944.6
2025-09-10T10:00,27.8,75,0.0,0.0,3,100,9.5,22.0,944.6
2025-09-10T11:00,28.7,70,0.1,0.1,51,100,11.4,25.2,943.9
2025-09-10T12:00,29.2,69,0.1,0.1,51,100,10.2,24.8,943.4
2025-09-10T13:00,29.4,67,0.1,0.1,51,100,10.4,25.2,941.9
2025-09-10T14:00,28.5,69,0.4,0.4,51,100,12.2,24.5,940.5
2025-09-10T15:00,27.8,74,0.8,0.8,53,100,9.7,25.9,939.8
2025-09-10T16:00,26.9,76,0.2,0.2,51,100,5.9,25.2,939.6
2025-09-10T17:00,26.7,79,0.0,0.0,3,100,8.8,15.5,940.0
2025-09-10T18:00,25.4,83,0.0,0.0,3,100,8.8,20.2,940.6
2025-09-10T19:00,24.6,87,0.0,0.0,3,100,8.3,14.4,941.4
2025-09-10T20:00,24.6,88,0.0,0.0,3,100,8.3,14.4,942.2
2025-09-10T21:00,24.3,90,0.0,0.0,3,100,7.0,13.7,942.8
2025-09-10T22:00,23.9,92,0.0,0.0,3,97,8.7,13.7,942.9
2025-09-10T23:00,23.8,92,0.0,0.0,1,38,9.8,16.2,942.5
2025-09-11T00:00,23.4,93,0.0,0.0,3,88,9.4,16.2,941.8
2025-09-11T01:00,23.1,94,0.0,0.0,3,99,8.6,15.5,940.9
2025-09-11T02:00,22.8,94,0.0,0.0,3,100,8.5,14.0,940.5
2025-09-11T03:00,22.7,94,0.0,0.0,3,100,10.5,17.3,940.0
2025-09-11T04:00,22.7,93,0.0,0.0,3,100,11.1,18.4,940.6
2025-09-11T05:00,22.9,92,0.0,0.0,3,100,12.5,20.2,940.8
2025-09-11T06:00,23.3,95,0.0,0.0,3,100,9.9,15.5,941.8
2025-09-11T07:00,23.8,87,3.0,3.0,63,100,15.2,25.2,942.7
2025-09-11T08:00,24.0,88,0.3,0.3,51,100,14.8,27.4,943.2
2025-09-11T09:00,24.9,83,3.3,3.3,63,99,18.3,33.5,943.4
2025-09-11T10:00,24.3,88,4.3,4.3,63,100,16.3,33.5,943.6
2025-09-11T11:00,24.1,90,0.7,0.7,53,100,13.4,30.2,943.1
2025-09-11T12:00,25.8,83,0.2,0.2,51,100,14.2,28.1,942.1
2025-09-11T13:00,25.4,79,2.4,2.4,61,100,19.3,34.6,941.2
2025-09-11T14:00,24.3,88,2.3,2.3,61,100,11.5,36.4,940.4
2025-09-11T15:00,24.9,85,0.2,0.2,51,100,10.8,25.2,939.3
2025-09-11T16:00,25.0,82,0.1,0.1,51,100,17.1,29.5,939.9
2025-09-11T17:00,24.0,89,0.3,0.3,51,100,14.1,30.2,939.9
2025-09-11T18:00,23.4,94,2.5,2.5,63,100,14.1,23.0,941.1
2025-09-11T19:00,23.3,94,2.1,2.1,61,100,15.1,25.6,941.6
2025-09-11T20:00,23.3,93,1.3,1.3,61,100,12.8,25.2,942.2
2025-09-11T21:00,23.0,94,0.4,0.4,51,100,12.5,21.2,942.8
2025-09-11T22:00,22.6,94,0.1,0.1,51,100,12.1,21.2,942.8
2025-09-11T23:00,22.2,95,0.0,0.0,3,100,9.9,19.8,942.3
2025-09-12T00:00,22.0,96,0.0,0.0,3,100,11.6,19.1,941.4
2025-09-12T01:00,21.9,96,0.0,0.0,3,100,11.8,20.5,940.6
2025-09-12T02:00,21.9,96,0.0,0.0,3,100,11.1,19.8,940.4
2025-09-12T03:00,21.9,96,0.0,0.0,3,100,12.8,21.2,939.9
2025-09-12T04:00,21.8,97,0.1,0.1,51,100,7.1,21.6,940.4
2025-09-12T05:00,21.9,96,0.7,0.7,53,100,10.8,17.6,940.9
2025-09-12T06:00,22.4,95,0.0,0.0,3,100,12.2,20.2,941.4
2025-09-12T07:00,23.2,90,0.0,0.0,3,100,14.8,26.3,942.3
2025-09-12T08:00,23.9,86,0.0,0.0,3,100,17.3,30.2,942.8
2025-09-12T09:00,24.6,82,0.1,0.1,51,100,19.3,34.6,943.0
2025-09-12T10:00,25.5,81,0.1,0.1,51,100,16.5,34.6,943.5
2025-09-12T11:00,25.3,78,0.1,0.1,51,100,17.0,31.3,942.8
2025-09-12T12:00,24.0,85,1.3,1.3,61,100,9.0,32.0,941.8
2025-09-12T13:00,25.3,83,0.3,0.3,51,100,13.5,26.6,940.8
2025-09-12T14:00,25.8,80,0.1,0.1,51,100,13.1,26.6,940.0
2025-09-12T15:00,25.5,80,0.1,0.1,51,100,11.4,25.6,939.6
2025-09-12T16:00,25.3,82,0.3,0.3,51,100,10.3,20.9,939.2
2025-09-12T17:00,24.6,87,0.1,0.1,51,100,11.4,20.2,939.6
2025-09-12T18:00,24.0,94,0.0,0.0,3,100,4.3,9.0,940.7
2025-09-12T19:00,23.6,96,0.0,0.0,3,100,4.7,7.2,941.4
2025-09-12T20:00,23.3,90,2.9,2.9,63,100,11.5,19.1,942.1
2025-09-12T21:00,22.7,94,1.5,1.5,61,100,11.7,20.2,942.0
2025-09-12T22:00,22.4,96,0.0,0.0,3,100,4.6,19.1,942.2
2025-09-12T23:00,22.3,96,0.0,0.0,3,100,7.0,11.5,942.0
2025-09-13T00:00,22.3,96,0.0,0.0,3,100,8.4,13.7,941.4
2025-09-13T01:00,22.2,97,0.1,0.1,51,100,9.2,14.8,940.8
2025-09-13T02:00,22.2,98,0.0,0.0,3,100,8.8,15.8,940.3
2025-09-13T03:00,22.4,97,0.0,0.0,3,100,9.6,15.5,940.2
2025-09-13T04:00,22.5,97,0.0,0.0,3,100,10.1,16.9,940.3
2025-09-13T05:00,22.5,97,0.0,0.0,3,100,10.6,17.3,940.6
2025-09-13T06:00,22.3,96,0.1,0.1,51,100,9.3,21.2,941.1
2025-09-13T07:00,22.9,93,0.0,0.0,3,100,9.9,18.7,941.6
2025-09-13T08:00,24.3,86,0.0,0.0,3,100,11.4,23.8,942.6
2025-09-13T09:00,25.3,81,0.1,0.1,51,100,9.9,22.7,942.8
2025-09-13T10:00,26.3,80,0.2,0.2,51,100,6.9,20.9,942.9
2025-09-13T11:00,26.9,75,0.1,0.1,51,100,5.6,18.0,942.0
2025-09-13T12:00,27.0,74,0.1,0.1,51,100,4.0,16.2,941.0
2025-09-13T13:00,26.1,79,2.7,2.7,63,100,11.7,22.3,940.0
2025-09-13T14:00,24.4,87,1.1,1.1,55,100,11.0,27.4,939.5
2025-09-13T15:00,24.4,88,0.7,0.7,53,100,3.1,23.0,938.9
2025-09-13T16:00,24.8,87,0.0,0.0,3,100,2.9,10.8,939.0
2025-09-13T17:00,24.7,87,0.0,0.0,3,100,5.0,11.2,939.0
2025-09-13T18:00,24.1,90,0.3,0.3,51,100,4.9,9.0,940.5
2025-09-13T19:00,23.7,94,0.8,0.8,53,100,8.8,13.7,940.6
2025-09-13T20:00,23.3,95,1.1,1.1,55,100,10.4,17.3,940.7
2025-09-13T21:00,23.3,96,0.4,0.4,51,99,10.7,17.3,940.9
2025-09-13T22:00,23.0,96,0.0,0.0,3,100,8.8,19.1,941.7
2025-09-13T23:00,22.6,96,0.0,0.0,3,100,8.9,14.4,941.5
2025-09-14T00:00,21.8,96,0.0,0.0,3,99,12.9,22.0,941.1
2025-09-14T01:00,21.6,95,0.0,0.0,3,100,6.8,21.2,940.9
2025-09-14T02:00,21.8,96,0.8,0.8,53,100,7.6,10.8,940.1
2025-09-14T03:00,21.8,96,1.0,1.0,55,98,8.1,15.8,940.2
2025-09-14T04:00,21.9,97,0.0,0.0,3,100,9.6,15.8,940.2
2025-09-14T05:00,22.0,97,0.0,0.0,3,100,10.1,17.6,940.5
2025-09-14T06:00,22.5,96,0.0,0.0,1,27,10.1,16.2,941.5
2025-09-14T07:00,23.1,92,0.0,0.0,3,81,13.5,25.2,942.0
2025-09-14T08:00,24.6,84,0.0,0.0,3,98,12.7,25.2,942.5
2025-09-14T09:00,26.1,78,0.1,0.1,51,65,12.2,24.8,942.9
2025-09-14T10:00,27.3,72,0.1,0.1,51,43,11.3,25.2,942.9
2025-09-14T11:00,28.4,67,0.1,0.1,51,53,9.3,24.1,942.4
2025-09-14T12:00,29.1,65,0.1,0.1,51,68,8.4,21.6,941.6
2025-09-14T13:00,29.3,63,0.1,0.1,51,70,7.8,20.5,940.6
2025-09-14T14:00,29.2,65,0.2,0.2,51,43,5.6,19.4,939.6
2025-09-14T15:00,28.9,68,0.0,0.0,2,75,4.1,16.9,939.0
2025-09-14T16:00,27.8,69,0.0,0.0,2,56,5.4,15.5,938.6
2025-09-14T17:00,27.6,71,0.0,0.0,2,77,2.2,12.2,939.0
2025-09-14T18:00,25.8,85,0.0,0.0,3,97,6.1,10.4,940.6
2025-09-14T19:00,25.3,85,0.0,0.0,3,99,7.7,12.6,941.1
2025-09-14T20:00,24.9,85,0.0,0.0,3,99,10.2,17.3,941.5
2025-09-14T21:00,24.1,91,0.0,0.0,3,100,5.9,16.6,941.9
2025-09-14T22:00,23.1,96,0.0,0.0,3,100,2.9,9.4,942.1
2025-09-14T23:00,22.8,98,0.0,0.0,3,100,3.2,5.4,942.1
2025-09-15T00:00,22.9,96,0.1,0.1,51,100,7.3,13.7,941.3
2025-09-15T01:00,22.7,95,0.0,0.0,3,100,9.8,14.8,940.9
2025-09-15T02:00,22.5,94,0.0,0.0,3,100,13.6,23.8,940.7
2025-09-15T03:00,22.3,95,0.0,0.0,3,100,11.2,22.7,940.2
2025-09-15T04:00,22.6,93,0.0,0.0,3,100,10.7,18.7,940.0
2025-09-15T05:00,22.5,94,0.0,0.0,3,100,11.3,18.7,940.5
2025-09-15T06:00,22.9,94,0.0,0.0,3,100,12.0,19.4,941.1
2025-09-15T07:00,23.7,90,0.0,0.0,3,100,15.7,26.6,941.6
2025-09-15T08:00,24.8,84,0.0,0.0,3,100,17.4,31.0,942.4
2025-09-15T09:00,26.2,77,0.1,0.1,51,100,16.6,32.8,942.7
2025-09-15T10:00,27.1,74,0.0,0.0,3,100,15.4,34.2,942.8
2025-09-15T11:00,27.9,70,0.0,0.0,3,100,15.9,33.8,941.9
2025-09-15T12:00,28.7,69,0.0,0.0,3,100,14.8,33.8,941.1
2025-09-15T13:00,28.8,66,0.0,0.0,3,100,15.8,31.7,939.6
2025-09-15T14:00,28.2,69,0.0,0.0,3,100,15.8,32.8,938.4
2025-09-15T15:00,27.8,72,0.3,0.3,51,100,18.2,32.8,938.1
2025-09-15T16:00,26.7,78,1.5,1.5,61,100,16.0,33.1,938.5
2025-09-15T17:00,25.4,84,0.1,0.1,51,100,11.2,28.4,938.9
2025-09-15T18:00,25.5,83,0.0,0.0,3,100,8.0,18.7,939.9
2025-09-15T19:00,24.8,86,0.0,0.0,3,100,7.2,13.3,940.6
2025-09-15T20:00,24.3,88,0.0,0.0,3,100,6.1,11.9,941.3
2025-09-15T21:00,23.8,91,0.0,0.0,3,100,5.1,9.7,942.1
2025-09-15T22:00,23.6,93,0.0,0.0,3,100,3.4,7.6,941.7
2025-09-15T23:00,23.3,94,0.0,0.0,3,100,5.2,8.3,941.6
2025-09-16T00:00,23.2,95,0.0,0.0,3,100,7.4,12.6,941.1
2025-09-16T01:00,22.7,96,0.0,0.0,3,100,2.3,12.2,939.7
2025-09-16T02:00,22.7,96,0.0,0.0,3,100,8.2,12.6,939.4
2025-09-16T03:00,22.5,96,0.0,0.0,3,100,7.6,14.4,939.4
2025-09-16T04:00,22.4,96,0.0,0.0,3,100,7.2,12.6,939.8
2025-09-16T05:00,22.5,95,0.0,0.0,3,100,7.1,11.9,940.2
2025-09-16T06:00,22.7,96,0.0,0.0,3,100,9.8,15.5,940.5
2025-09-16T07:00,23.9,91,0.0,0.0,3,100,12.7,23.0,941.7
2025-09-16T08:00,24.8,87,0.2,0.2,51,100,13.4,25.2,942.7
2025-09-16T09:00,26.3,78,0.2,0.2,51,100,12.2,25.6,943.0
2025-09-16T10:00,27.6,72,0.1,0.1,51,100,12.1,25.2,942.7
2025-09-16T11:00,28.3,69,0.1,0.1,51,100,11.7,25.2,942.1
2025-09-16T12:00,28.5,69,0.0,0.0,3,100,10.6,24.5,941.0
2025-09-16T13:00,28.9,69,0.1,0.1,51,100,8.9,23.0,939.9
2025-09-16T14:00,29.1,68,0.0,0.0,3,100,8.7,22.0,938.4
2025-09-16T15:00,25.7,81,6.8,6.8,63,100,8.3,22.7,938.9
2025-09-16T16:00,26.1,82,0.1,0.1,51,100,1.8,18.4,938.3
2025-09-16T17:00,25.3,85,0.2,0.2,51,100,6.3,14.8,939.0
2025-09-16T18:00,25.1,85,0.0,0.0,3,100,5.0,15.8,940.5
2025-09-16T19:00,24.5,88,0.0,0.0,3,100,7.9,12.2,940.8
2025-09-16T20:00,24.1,90,0.0,0.0,3,100,7.9,14.8,941.6
2025-09-16T21:00,23.5,93,0.0,0.0,3,99,6.8,13.0,942.1
2025-09-16T22:00,23.2,94,0.0,0.0,2,79,5.6,11.2,941.9
2025-09-16T23:00,22.6,96,0.0,0.0,3,100,5.0,9.0,941.5
2025-09-17T00:00,22.3,96,0.0,0.0,3,100,5.2,8.6,941.1
2025-09-17T01:00,22.2,96,0.0,0.0,3,100,6.3,10.1,940.5
2025-09-17T02:00,22.1,96,0.0,0.0,3,100,6.7,11.5,940.4
2025-09-17T03:00,22.0,97,0.0,0.0,3,100,8.2,13.3,940.1
2025-09-17T04:00,22.0,98,0.0,0.0,3,100,7.9,14.4,940.2
2025-09-17T05:00,22.3,97,0.0,0.0,3,100,7.4,13.7,940.9
2025-09-17T06:00,22.7,95,0.0,0.0,3,100,6.3,9.7,941.1
2025-09-17T07:00,23.7,92,0.0,0.0,3,100,5.2,11.9,942.1
2025-09-17T08:00,25.2,84,0.1,0.1,51,98,5.3,14.8,943.3
2025-09-17T09:00,26.3,81,0.1,0.1,51,89,6.1,16.6,943.6
2025-09-17T10:00,27.2,76,0.1,0.1,51,62,4.8,16.6,943.6
2025-09-17T11:00,28.0,73,0.1,0.1,51,71,3.9,15.5,943.0
2025-09-17T12:00,28.4,70,0.1,0.1,51,96,3.2,15.5,941.9
2025-09-17T13:00,28.5,69,0.1,0.1,51,92,3.1,15.8,940.6
2025-09-17T14:00,27.9,72,0.1,0.1,51,100,2.3,15.8,938.9
2025-09-17T15:00,24.8,86,1.3,1.3,61,96,13.5,25.2,938.7
2025-09-17T16:00,25.5,83,0.9,0.9,53,97,4.0,25.2,938.6
2025-09-17T17:00,25.3,85,0.1,0.1,51,66,4.9,11.9,939.0
2025-09-17T18:00,25.0,87,0.0,0.0,3,100,3.9,13.0,939.7
2025-09-17T19:00,24.5,88,0.0,0.0,3,100,4.4,6.5,940.8
2025-09-17T20:00,24.2,90,0.0,0.0,3,100,4.7,6.8,941.5
2025-09-17T21:00,24.0,91,0.0,0.0,1,42,6.5,10.1,942.2
2025-09-17T22:00,23.6,92,0.0,0.0,1,37,5.4,10.8,942.1
2025-09-17T23:00,23.3,92,0.0,0.0,3,100,6.7,10.8,941.8
2025-09-18T00:00,23.2,92,0.0,0.0,3,99,8.8,13.7,941.3
2025-09-18T01:00,22.3,93,0.3,0.3,51,100,18.0,29.2,941.6
2025-09-18T02:00,22.3,94,0.5,0.5,53,99,12.4,31.7,940.8
2025-09-18T03:00,21.8,96,0.0,0.0,3,96,11.4,20.5,940.6
2025-09-18T04:00,21.6,96,0.0,0.0,3,98,6.7,19.1,940.9
2025-09-18T05:00,21.5,97,0.0,0.0,3,98,9.1,14.0,940.7
2025-09-18T06:00,22.8,96,0.0,0.0,2,69,4.5,8.6,941.5
2025-09-18T07:00,24.0,93,0.0,0.0,3,94,4.7,11.2,942.2
2025-09-18T08:00,25.3,85,0.0,0.0,3,96,10.0,20.5,943.0
2025-09-18T09:00,26.8,76,0.0,0.0,2,76,6.6,20.9,942.8
2025-09-18T10:00,27.9,70,0.1,0.1,51,80,6.0,17.3,942.9
2025-09-18T11:00,28.8,66,0.1,0.1,51,79,7.2,18.7,942.2
2025-09-18T12:00,29.4,66,0.0,0.0,1,34,6.1,18.7,941.5
2025-09-18T13:00,29.6,66,0.0,0.0,1,22,5.2,17.6,940.4
2025-09-18T14:00,29.6,68,0.1,0.1,51,86,2.8,16.9,939.1
2025-09-18T15:00,29.6,67,0.0,0.0,3,100,0.9,14.0,938.3
2025-09-18T16:00,27.1,77,0.8,0.8,53,64,8.1,15.5,938.0
2025-09-18T17:00,26.5,81,0.1,0.1,51,58,9.6,18.0,939.0
2025-09-18T18:00,25.7,86,0.0,0.0,3,87,2.6,7.9,940.1
2025-09-18T19:00,25.0,88,0.0,0.0,2,79,4.3,6.1,940.7
2025-09-18T20:00,24.3,91,0.0,0.0,3,95,4.5,6.8,941.5
2025-09-18T21:00,24.1,91,0.0,0.0,3,86,4.7,7.9,942.3
2025-09-18T22:00,24.0,89,0.0,0.0,3,80,7.0,11.2,942.5
2025-09-18T23:00,22.7,92,4.1,4.1,63,100,11.8,18.7,943.2
2025-09-19T00:00,22.8,94,0.6,0.6,53,99,10.7,20.9,942.8
2025-09-19T01:00,22.3,96,0.0,0.0,3,100,10.3,17.3,941.6
2025-09-19T02:00,22.1,97,0.0,0.0,3,100,8.7,18.0,941.3
2025-09-19T03:00,22.0,97,0.0,0.0,3,100,8.1,14.4,940.9
2025-09-19T04:00,21.7,97,0.0,0.0,3,100,8.6,14.8,941.0
2025-09-19T05:00,21.5,97,0.0,0.0,3,100,6.7,14.8,941.1
2025-09-19T06:00,22.8,96,0.0,0.0,3,100,11.9,19.4,941.9
2025-09-19T07:00,23.8,91,0.0,0.0,3,100,15.4,26.6,942.8
2025-09-19T08:00,25.2,83,0.0,0.0,3,99,12.9,27.7,943.5
2025-09-19T09:00,26.7,75,0.0,0.0,3,100,10.4,24.8,943.8
2025-09-19T10:00,27.8,71,0.1,0.1,51,99,8.6,22.3,943.8
2025-09-19T11:00,28.8,66,0.1,0.1,51,88,7.3,20.2,943.3
2025-09-19T12:00,29.6,62,0.0,0.0,1,43,6.1,19.1,942.2
2025-09-19T13:00,30.0,60,0.0,0.0,1,22,5.3,17.3,941.2
2025-09-19T14:00,29.4,63,0.2,0.2,51,32,9.4,19.4,940.1
2025-09-19T15:00,28.2,69,0.2,0.2,51,30,7.3,24.1,938.9
2025-09-19T16:00,28.4,67,0.0,0.0,0,10,5.5,16.6,938.2
2025-09-19T17:00,28.5,67,0.0,0.0,0,15,1.3,12.6,939.2
2025-09-19T18:00,26.0,82,0.0,0.0,1,39,5.0,11.9,940.7
2025-09-19T19:00,25.3,86,0.0,0.0,2,53,5.2,7.9,941.2
2025-09-19T20:00,24.2,83,1.7,1.7,61,89,3.1,7.9,942.5
2025-09-19T21:00,22.4,95,0.1,0.1,51,93,8.4,22.0,942.9
2025-09-19T22:00,22.0,97,4.2,4.2,63,100,9.0,15.8,943.4
2025-09-19T23:00,22.3,95,0.3,0.3,51,96,9.5,18.7,943.1
2025-09-20T00:00,21.9,96,0.1,0.1,51,52,6.9,15.5,942.3
2025-09-20T01:00,21.9,96,0.0,0.0,2,76,12.1,19.1,941.9
2025-09-20T02:00,21.7,97,0.0,0.0,2,62,10.5,22.3,941.3
2025-09-20T03:00,21.5,97,0.0,0.0,2,54,10.8,17.6,940.4
2025-09-20T04:00,21.6,97,0.0,0.0,1,48,11.4,20.2,940.2
2025-09-20T05:00,21.4,96,0.0,0.0,1,31,10.4,19.1,940.5
2025-09-20T06:00,23.0,96,0.0,0.0,3,86,10.6,17.6,941.2
2025-09-20T07:00,24.1,90,0.0,0.0,3,98,15.4,26.3,942.1
2025-09-20T08:00,25.2,84,0.0,0.0,3,100,15.6,28.4,942.9
2025-09-20T09:00,26.7,76,0.0,0.0,3,100,13.5,28.1,943.2
2025-09-20T10:00,27.9,71,0.0,0.0,3,99,12.7,26.6,943.4
2025-09-20T11:00,28.7,69,0.0,0.0,3,92,10.4,25.6,943.0
2025-09-20T12:00,29.4,65,0.1,0.1,51,94,9.4,23.4,942.0
2025-09-20T13:00,29.7,66,0.0,0.0,3,96,9.5,22.0,940.9
2025-09-20T14:00,29.9,65,0.0,0.0,2,61,9.6,22.7,939.8
2025-09-20T15:00,29.7,66,0.0,0.0,1,38,11.2,23.0,938.3
2025-09-20T16:00,27.6,74,0.4,0.4,51,76,7.6,24.1,938.2
2025-09-20T17:00,26.6,79,0.0,0.0,3,94,8.0,17.6,938.9
2025-09-20T18:00,25.5,86,0.0,0.0,3,83,5.2,11.2,940.2
2025-09-20T19:00,24.9,90,0.0,0.0,2,56,5.6,8.3,941.4
2025-09-20T20:00,24.4,91,0.0,0.0,3,100,5.6,10.8,941.9
2025-09-20T21:00,24.1,91,0.0,0.0,3,100,3.6,9.4,942.8
2025-09-20T22:00,24.0,92,0.0,0.0,3,100,1.0,4.3,942.7
2025-09-20T23:00,23.4,96,0.5,0.5,53,100,3.1,5.0,942.1
2025-09-21T00:00,23.5,96,0.2,0.2,51,100,7.1,8.6,941.5
2025-09-21T01:00,22.8,93,0.0,0.0,3,100,12.8,30.6,941.3
2025-09-21T02:00,22.4,94,0.0,0.0,3,100,11.5,19.8,940.3
2025-09-21T03:00,22.2,95,0.1,0.1,51,98,10.6,19.8,939.4
2025-09-21T04:00,21.9,96,0.0,0.0,2,68,10.4,17.6,939.7
2025-09-21T05:00,21.8,96,0.0,0.0,3,98,10.2,17.6,940.1
2025-09-21T06:00,22.6,94,0.0,0.0,3,100,8.0,14.4,940.5
2025-09-21T07:00,23.3,93,0.0,0.0,3,96,8.4,15.5,941.0
2025-09-21T08:00,24.8,85,0.0,0.0,3,100,13.2,23.4,942.1
2025-09-21T09:00,26.2,80,0.0,0.0,3,100,14.8,28.1,942.3
2025-09-21T10:00,27.5,73,0.0,0.0,3,95,15.2,29.9,942.1
2025-09-21T11:00,28.2,70,0.0,0.0,3,100,13.6,29.9,941.6
2025-09-21T12:00,28.9,67,0.2,0.2,51,100,12.1,27.7,940.7
2025-09-21T13:00,29.6,67,0.0,0.0,3,100,10.2,25.6,940.0
2025-09-21T14:00,29.6,68,0.1,0.1,51,39,9.7,23.0,938.6
2025-09-21T15:00,28.8,71,0.6,0.6,53,78,10.6,22.0,937.4
2025-09-21T16:00,26.9,75,0.9,0.9,53,100,6.1,23.8,937.9
2025-09-21T17:00,26.2,81,0.0,0.0,3,99,5.7,14.8,938.7
2025-09-21T18:00,25.2,86,0.9,0.9,53,100,5.3,13.0,939.9
2025-09-21T19:00,25.0,89,3.4,3.4,63,100,6.2,10.1,940.9
2025-09-21T20:00,24.7,93,0.5,0.5,53,100,3.3,10.1,941.8
2025-09-21T21:00,23.3,94,3.7,3.7,63,100,8.3,13.7,942.6
2025-09-21T22:00,23.2,95,1.3,1.3,61,100,9.7,14.4,942.2
2025-09-21T23:00,23.0,94,0.9,0.9,53,100,8.7,19.8,941.8
2025-09-22T00:00,22.9,95,0.7,0.7,53,100,8.5,15.5,941.3
2025-09-22T01:00,22.6,96,0.2,0.2,51,100,13.1,21.2,940.3
2025-09-22T02:00,22.2,96,0.1,0.1,51,100,13.0,22.7,939.8
2025-09-22T03:00,22.0,96,0.0,0.0,3,100,13.3,22.0,939.5
2025-09-22T04:00,21.9,97,0.0,0.0,3,100,11.9,22.3,939.6
2025-09-22T05:00,22.1,96,0.0,0.0,3,94,10.5,20.2,940.0
2025-09-22T06:00,22.4,96,0.0,0.0,3,94,12.8,25.6,940.4
2025-09-22T07:00,23.6,91,0.0,0.0,3,100,15.7,25.6,941.5
2025-09-22T08:00,24.6,87,0.1,0.1,51,100,15.2,31.7,942.3
2025-09-22T09:00,25.8,81,0.1,0.1,51,100,15.8,31.0,942.8
2025-09-22T10:00,27.0,75,0.0,0.0,3,100,13.6,29.5,942.8
2025-09-22T11:00,28.0,69,0.1,0.1,51,100,14.0,28.4,942.4
2025-09-22T12:00,28.4,67,0.0,0.0,3,100,13.6,28.1,941.5
2025-09-22T13:00,28.3,68,0.1,0.1,51,100,13.4,27.7,940.4
2025-09-22T14:00,27.8,70,0.0,0.0,3,100,11.8,26.6,939.6
2025-09-22T15:00,27.5,69,0.0,0.0,3,100,12.3,24.1,939.2
2025-09-22T16:00,26.3,78,0.1,0.1,51,100,5.6,22.7,939.4
2025-09-22T17:00,26.2,81,0.0,0.0,3,100,4.7,11.5,939.8
2025-09-22T18:00,24.8,88,0.4,0.4,51,100,3.6,7.9,940.7
2025-09-22T19:00,24.4,93,0.5,0.5,53,100,4.4,6.8,941.6
2025-09-22T20:00,24.1,94,0.5,0.5,53,100,7.8,12.2,942.4
2025-09-22T21:00,23.4,94,0.3,0.3,51,100,9.9,16.2,942.8
2025-09-22T22:00,23.1,95,0.3,0.3,51,100,10.2,16.9,942.6
2025-09-22T23:00,23.2,96,0.5,0.5,53,100,9.3,16.6,942.4
2025-09-23T00:00,23.1,96,0.7,0.7,53,100,9.9,16.6,941.8
2025-09-23T01:00,22.9,97,0.6,0.6,53,100,9.4,16.2,941.2
2025-09-23T02:00,22.8,97,0.9,0.9,53,100,10.1,16.9,940.7
2025-09-23T03:00,22.7,97,1.2,1.2,55,100,10.4,17.3,940.4
2025-09-23T04:00,22.6,97,1.4,1.4,61,100,12.2,20.2,940.6
2025-09-23T05:00,22.5,96,1.6,1.6,61,100,12.4,21.2,940.6
2025-09-23T06:00,22.7,95,0.0,0.0,3,100,14.4,23.8,941.3
2025-09-23T07:00,23.1,94,0.0,0.0,3,100,15.8,25.9,942.2
2025-09-23T08:00,24.6,85,0.0,0.0,3,100,20.8,37.1,942.9
2025-09-23T09:00,25.7,79,0.0,0.0,3,100,18.3,36.4,943.2
2025-09-23T10:00,27.0,76,0.0,0.0,3,100,15.9,33.1,943.3
2025-09-23T11:00,28.0,73,0.0,0.0,3,98,16.1,32.4,942.9
2025-09-23T12:00,28.5,70,0.1,0.1,51,89,14.2,32.0,941.6
2025-09-23T13:00,29.1,66,0.0,0.0,3,99,12.6,28.4,940.4
2025-09-23T14:00,24.8,85,2.8,2.8,63,100,19.9,37.4,940.2
2025-09-23T15:00,23.4,90,0.1,0.1,51,100,16.6,38.2,939.5
2025-09-23T16:00,24.9,84,0.0,0.0,3,100,13.2,29.9,939.7
2025-09-23T17:00,24.4,85,0.3,0.3,51,100,14.6,26.3,940.3
2025-09-23T18:00,23.4,94,1.0,1.0,55,87,12.2,19.4,940.2
2025-09-23T19:00,23.1,93,0.1,0.1,51,100,14.2,24.1,940.6
2025-09-23T20:00,22.8,93,0.0,0.0,3,100,14.2,23.4,941.6
2025-09-23T21:00,22.9,92,0.0,0.0,3,100,14.8,24.1,942.2
2025-09-23T22:00,23.0,93,0.0,0.0,3,100,15.3,25.2,942.0
2025-09-23T23:00,23.0,92,0.0,0.0,3,100,15.0,25.2,941.5
2025-09-24T00:00,22.8,93,0.0,0.0,3,82,14.6,24.8,940.8
2025-09-24T01:00,22.5,94,0.0,0.0,3,92,14.4,24.5,939.9
2025-09-24T02:00,22.2,94,0.0,0.0,2,50,14.9,25.2,939.5
2025-09-24T03:00,21.9,94,0.0,0.0,3,84,14.6,24.8,939.4
2025-09-24T04:00,21.8,94,0.0,0.0,2,58,14.9,25.2,939.5
2025-09-24T05:00,21.8,93,0.0,0.0,3,100,15.8,26.3,940.0
2025-09-24T06:00,22.2,92,0.0,0.0,3,100,17.2,29.2,940.4
2025-09-24T07:00,23.0,89,0.0,0.0,3,100,17.5,30.2,941.2
2025-09-24T08:00,23.8,83,0.0,0.0,3,100,22.8,39.6,941.9
2025-09-24T09:00,25.3,75,0.0,0.0,3,100,24.5,43.6,942.4
2025-09-24T10:00,26.8,68,0.0,0.0,3,100,23.7,44.6,942.4
2025-09-24T11:00,27.2,66,0.0,0.0,3,100,21.3,42.5,942.0
2025-09-24T12:00,27.9,63,0.2,0.2,51,100,19.7,38.9,940.9
2025-09-24T13:00,28.1,65,0.2,0.2,51,100,19.0,36.7,939.5
2025-09-24T14:00,28.3,65,0.0,0.0,3,100,18.9,35.6,938.4
2025-09-24T15:00,28.1,64,0.0,0.0,3,100,18.2,34.9,937.6
2025-09-24T16:00,27.5,66,0.0,0.0,3,100,16.2,32.8,937.3
2025-09-24T17:00,26.6,71,0.0,0.0,3,100,11.9,27.7,937.5
2025-09-24T18:00,24.6,81,0.0,0.0,2,69,13.3,22.7,938.5
2025-09-24T19:00,23.8,82,0.0,0.0,2,59,13.0,22.0,939.4
2025-09-24T20:00,23.3,84,0.0,0.0,2,74,13.2,21.6,939.9
2025-09-24T21:00,23.1,85,0.0,0.0,2,59,12.8,21.6,940.2
2025-09-24T22:00,22.9,86,0.0,0.0,2,77,13.0,21.2,939.8
2025-09-24T23:00,23.0,86,0.0,0.0,3,95,13.5,22.3,939.9
2025-09-25T00:00,22.8,88,0.0,0.0,3,97,13.9,23.0,939.3
2025-09-25T01:00,22.7,88,0.0,0.0,3,100,14.5,24.1,938.8
2025-09-25T02:00,22.7,88,0.0,0.0,3,100,14.5,24.1,938.3
2025-09-25T03:00,22.9,86,0.0,0.0,3,100,18.0,29.5,938.2
2025-09-25T04:00,22.7,84,0.0,0.0,3,96,18.1,32.0,938.2
2025-09-25T05:00,22.4,86,0.0,0.0,3,100,17.7,30.2,938.4
2025-09-25T06:00,23.3,84,0.0,0.0,3,100,18.3,30.6,938.9
2025-09-25T07:00,23.6,83,0.0,0.0,3,100,18.3,31.0,940.1
2025-09-25T08:00,24.0,82,0.0,0.0,3,100,16.0,30.6,941.0
2025-09-25T09:00,24.2,82,0.0,0.0,3,100,18.4,31.0,941.2
2025-09-25T10:00,24.3,81,0.0,0.0,3,100,20.3,34.9,941.1
2025-09-25T11:00,25.0,75,0.0,0.0,3,100,23.2,40.3,940.6
2025-09-25T12:00,25.7,72,0.0,0.0,3,100,22.3,42.1,939.8
2025-09-25T13:00,25.9,71,0.0,0.0,3,100,23.6,41.0,938.9
2025-09-25T14:00,25.3,75,0.2,0.2,51,100,21.6,41.4,938.1
2025-09-25T15:00,25.2,76,0.2,0.2,51,100,22.7,40.0,937.1
2025-09-25T16:00,24.4,82,0.3,0.3,51,100,19.6,39.2,937.0
2025-09-25T17:00,23.6,87,0.3,0.3,51,100,17.7,33.1,937.1
2025-09-25T18:00,22.8,90,0.2,0.2,51,100,18.5,30.6,938.2
2025-09-25T19:00,22.4,92,0.5,0.5,53,100,17.8,31.0,938.8
2025-09-25T20:00,22.2,91,0.6,0.6,53,100,16.1,29.5,939.5
2025-09-25T21:00,22.1,90,0.7,0.7,53,100,15.1,27.0,939.8
2025-09-25T22:00,22.0,90,0.7,0.7,53,100,16.1,27.0,939.8
2025-09-25T23:00,21.8,90,0.6,0.6,53,100,16.4,28.1,939.4
2025-09-26T00:00,21.7,91,0.6,0.6,53,100,17.2,28.8,938.7
2025-09-26T01:00,21.6,94,0.9,0.9,53,100,16.5,29.9,937.9
2025-09-26T02:00,21.6,94,3.9,3.9,63,99,15.3,27.7,937.4
2025-09-26T03:00,21.5,92,2.0,2.0,61,100,17.7,29.5,937.3
2025-09-26T04:00,21.5,91,0.0,0.0,3,100,18.2,32.0,937.5
2025-09-26T05:00,21.5,93,0.4,0.4,51,100,18.8,31.0,937.7
2025-09-26T06:00,21.0,93,1.7,1.7,61,100,17.0,30.2,937.8
2025-09-26T07:00,21.4,95,1.7,1.7,61,100,12.1,28.1,938.5
2025-09-26T08:00,22.5,91,0.1,0.1,51,100,13.9,24.1,939.5
2025-09-26T09:00,23.3,87,0.0,0.0,3,100,13.9,29.5,939.7
2025-09-26T10:00,25.4,82,0.1,0.1,51,100,12.1,27.4,939.5
2025-09-26T11:00,27.4,72,0.1,0.1,51,100,13.7,29.5,938.8
2025-09-26T12:00,25.2,85,7.2,7.2,63,100,8.2,30.2,937.7
2025-09-26T13:00,25.9,85,0.2,0.2,51,100,11.7,25.6,936.6
2025-09-26T14:00,23.9,89,2.7,2.7,63,97,8.7,26.3,935.6
2025-09-26T15:00,25.6,82,0.0,0.0,3,100,8.4,22.0,935.6
2025-09-26T16:00,25.4,83,0.1,0.1,51,100,8.4,18.4,935.7
2025-09-26T17:00,25.0,87,0.1,0.1,51,100,9.7,16.2,936.2
2025-09-26T18:00,23.7,91,0.3,0.3,51,100,9.9,16.2,937.1
2025-09-26T19:00,23.0,94,0.3,0.3,51,100,13.4,22.3,938.2
2025-09-26T20:00,22.7,96,0.0,0.0,3,100,10.1,22.3,939.1
2025-09-26T21:00,22.3,96,0.4,0.4,51,100,13.1,21.6,939.4
2025-09-26T22:00,22.2,96,0.0,0.0,3,100,12.1,22.3,939.0
2025-09-26T23:00,22.0,97,0.0,0.0,3,100,11.8,21.6,939.0
2025-09-27T00:00,22.1,97,0.1,0.1,51,100,11.7,19.8,938.4
2025-09-27T01:00,22.0,97,0.9,0.9,53,100,11.5,19.1,937.7
2025-09-27T02:00,21.9,98,0.2,0.2,51,100,13.5,22.3,937.1
2025-09-27T03:00,21.9,97,0.6,0.6,53,100,13.3,23.4,937.0
2025-09-27T04:00,21.9,96,0.7,0.7,53,100,14.3,24.1,937.4
2025-09-27T05:00,21.8,96,0.4,0.4,51,100,13.6,24.1,937.4
2025-09-27T06:00,22.0,97,0.8,0.8,53,100,12.1,19.4,937.9
2025-09-27T07:00,22.3,97,0.4,0.4,51,100,13.2,23.8,938.8
2025-09-27T08:00,22.5,96,0.7,0.7,53,100,16.2,27.0,939.5
2025-09-27T09:00,23.7,90,0.5,0.5,53,100,18.0,31.3,939.8
2025-09-27T10:00,23.3,94,0.6,0.6,53,100,18.4,33.1,939.5
2025-09-27T11:00,24.0,90,0.7,0.7,53,100,18.7,33.5,939.3
2025-09-27T12:00,25.0,87,0.5,0.5,53,100,17.9,35.3,938.5
2025-09-27T13:00,24.7,87,0.3,0.3,51,100,17.5,34.2,937.1
2025-09-27T14:00,25.3,82,0.2,0.2,51,100,16.3,32.4,936.5
2025-09-27T15:00,25.5,81,0.3,0.3,51,100,16.6,31.0,936.2
2025-09-27T16:00,24.9,84,0.2,0.2,51,100,17.8,31.0,936.1
2025-09-27T17:00,24.3,86,0.0,0.0,3,100,17.3,31.3,936.4
2025-09-27T18:00,23.3,87,0.0,0.0,3,100,20.3,35.3,937.4
2025-09-27T19:00,23.1,88,0.0,0.0,3,100,19.3,34.6,938.3
2025-09-27T20:00,23.0,89,0.0,0.0,3,100,19.4,33.5,939.1
2025-09-27T21:00,22.8,90,0.1,0.1,51,100,19.5,33.1,939.4
2025-09-27T22:00,22.5,92,0.0,0.0,3,99,19.3,32.8,939.3
2025-09-27T23:00,22.4,91,0.0,0.0,3,100,19.4,32.4,939.2
2025-09-28T00:00,22.1,90,0.0,0.0,3,100,20.2,33.8,938.6
2025-09-28T01:00,21.6,88,0.0,0.0,3,100,19.8,34.2,937.8
2025-09-28T02:00,21.4,88,0.0,0.0,3,100,19.6,33.1,937.3
2025-09-28T03:00,21.6,87,0.0,0.0,3,100,19.1,33.5,937.2
2025-09-28T04:00,21.4,88,0.0,0.0,3,99,19.1,32.4,937.5
2025-09-28T05:00,21.1,89,0.0,0.0,2,75,19.4,32.8,937.7
2025-09-28T06:00,21.3,88,0.0,0.0,3,99,17.9,31.0,938.6
2025-09-28T07:00,22.3,85,0.0,0.0,3,91,18.2,32.4,939.4
2025-09-28T08:00,24.1,76,0.0,0.0,3,96,27.1,45.4,940.1
2025-09-28T09:00,24.9,74,0.0,0.0,3,100,24.0,47.2,940.6
2025-09-28T10:00,25.1,73,0.0,0.0,3,100,20.4,42.8,941.2
2025-09-28T11:00,25.3,71,0.0,0.0,3,100,21.7,37.8,940.4
2025-09-28T12:00,25.1,75,0.0,0.0,3,91,16.7,38.5,939.4
2025-09-28T13:00,27.2,68,0.3,0.3,51,100,19.6,38.2,938.4
2025-09-28T14:00,26.6,73,0.2,0.2,51,92,21.0,37.1,937.4
2025-09-28T15:00,26.8,74,0.1,0.1,51,8,16.2,38.2,936.7
2025-09-28T16:00,27.4,70,0.0,0.0,1,27,17.4,30.2,936.8
2025-09-28T17:00,24.9,81,0.3,0.3,51,99,20.4,41.8,937.5
2025-09-28T18:00,24.6,78,0.0,0.0,3,100,6.4,16.9,938.5
2025-09-28T19:00,23.0,91,0.8,0.8,53,100,8.1,17.6,939.8
2025-09-28T20:00,23.1,89,0.4,0.4,51,92,11.2,18.0,940.2
2025-09-28T21:00,23.0,90,0.0,0.0,3,96,10.3,18.0,940.6
2025-09-28T22:00,22.4,92,0.0,0.0,3,100,9.9,16.6,940.4
2025-09-28T23:00,22.2,93,0.0,0.0,3,94,11.8,19.1,939.9
2025-09-29T00:00,22.2,94,0.0,0.0,3,87,14.3,23.4,939.2
2025-09-29T01:00,22.2,95,0.0,0.0,0,11,14.8,24.5,938.9
2025-09-29T02:00,22.0,93,0.0,0.0,2,50,14.1,24.5,938.5
2025-09-29T03:00,21.6,90,0.0,0.0,0,0,12.8,23.4,938.3
2025-09-29T04:00,21.2,89,0.0,0.0,0,2,13.8,22.7,938.4
2025-09-29T05:00,20.8,91,0.0,0.0,0,8,12.5,22.7,939.0
2025-09-29T06:00,21.5,88,0.0,0.0,0,16,12.9,24.5,940.1
2025-09-29T07:00,22.9,85,0.0,0.0,0,19,14.1,26.6,941.1
2025-09-29T08:00,24.4,78,0.0,0.0,1,40,19.7,34.6,941.8
2025-09-29T09:00,25.8,73,0.0,0.0,0,17,16.5,35.3,942.4
2025-09-29T10:00,26.9,68,0.0,0.0,1,25,15.9,32.4,942.5
2025-09-29T11:00,28.2,62,0.0,0.0,1,26,17.9,33.8,941.5
2025-09-29T12:00,28.7,59,0.0,0.0,2,79,18.4,35.6,940.5
2025-09-29T13:00,29.2,57,0.0,0.0,2,67,18.7,35.3,939.3
2025-09-29T14:00,29.2,56,0.0,0.0,3,99,19.8,37.1,938.5
2025-09-29T15:00,28.8,57,0.0,0.0,3,96,17.5,36.0,937.6
2025-09-29T16:00,28.4,61,0.0,0.0,3,85,14.6,30.6,937.6
2025-09-29T17:00,26.7,71,0.0,0.0,3,93,11.6,24.8,938.3
2025-09-29T18:00,25.3,73,0.0,0.0,3,100,9.1,14.0,939.4
2025-09-29T19:00,24.9,75,0.0,0.0,3,98,12.4,18.4,940.0
2025-09-29T20:00,23.3,88,0.0,0.0,3,97,15.0,27.4,940.8
2025-09-29T21:00,22.8,92,0.0,0.0,3,98,14.5,24.5,941.1
2025-09-29T22:00,22.6,92,0.0,0.0,3,100,15.0,24.8,941.2
2025-09-29T23:00,22.6,91,0.0,0.0,3,100,15.1,25.6,940.8
2025-09-30T00:00,22.5,92,0.0,0.0,3,100,15.6,25.9,940.0
2025-09-30T01:00,22.4,94,0.0,0.0,3,100,15.9,26.6,939.4
2025-09-30T02:00,22.2,94,0.0,0.0,3,100,16.7,28.1,938.6
2025-09-30T03:00,22.0,93,0.0,0.0,3,100,16.6,28.1,938.3
2025-09-30T04:00,21.7,93,0.0,0.0,3,83,16.4,27.7,938.4
2025-09-30T05:00,21.4,94,0.0,0.0,3,94,15.7,27.4,938.7
2025-09-30T06:00,22.2,89,0.0,0.0,0,12,16.7,28.8,939.7
2025-09-30T07:00,23.2,87,0.0,0.0,1,39,14.2,27.7,940.6
2025-09-30T08:00,24.6,80,0.0,0.0,1,41,16.2,31.7,941.6
2025-09-30T09:00,26.0,74,0.0,0.0,3,95,16.7,32.0,942.2
2025-09-30T10:00,26.7,71,0.0,0.0,2,75,14.3,32.0,941.8
2025-09-30T11:00,27.2,68,0.0,0.0,1,49,16.2,31.0,940.8
2025-09-30T12:00,27.9,68,0.0,0.0,3,86,19.0,37.1,940.1
2025-09-30T13:00,27.7,68,0.0,0.0,3,100,19.3,37.1,939.2
2025-09-30T14:00,28.1,64,0.0,0.0,3,95,18.6,37.8,938.3
2025-09-30T15:00,28.2,61,0.1,0.1,51,34,19.9,37.8,937.5
2025-09-30T16:00,27.2,70,0.4,0.4,51,80,18.4,35.6,937.6
2025-09-30T17:00,26.4,75,0.1,0.1,51,99,11.7,31.0,938.2
2025-09-30T18:00,25.1,79,0.0,0.0,3,97,6.1,19.1,939.0
2025-09-30T19:00,24.1,84,0.0,0.0,3,100,5.4,9.4,939.9
2025-09-30T20:00,23.9,83,0.0,0.0,3,100,8.1,12.2,940.3
2025-09-30T21:00,23.6,83,0.0,0.0,3,100,8.6,15.1,940.7
2025-09-30T22:00,23.5,82,0.0,0.0,3,100,11.3,17.6,940.5
2025-09-30T23:00,23.5,82,0.0,0.0,3,99,17.0,26.6,940.2
2025-10-01T00:00,23.2,81,0.0,0.0,2,77,20.4,34.9,939.5
2025-10-01T01:00,22.8,83,0.0,0.0,2,63,17.7,34.2,939.0
2025-10-01T02:00,22.4,85,0.0,0.0,3,100,15.5,29.5,938.6
2025-10-01T03:00,22.1,88,0.0,0.0,3,100,15.0,25.9,938.3
2025-10-01T04:00,21.7,90,0.0,0.0,3,100,14.8,25.2,938.3
2025-10-01T05:00,21.9,89,0.0,0.0,3,100,14.8,25.2,938.8
2025-10-01T06:00,21.9,90,0.0,0.0,3,100,14.3,24.8,939.4
2025-10-01T07:00,23.0,87,0.0,0.0,1,38,13.9,24.5,940.1
2025-10-01T08:00,24.6,81,0.0,0.0,3,99,14.2,27.4,941.0
2025-10-01T09:00,26.2,74,0.0,0.0,3,97,16.1,30.6,941.2
2025-10-01T10:00,27.5,67,0.0,0.0,3,100,18.5,35.3,940.9
2025-10-01T11:00,28.1,64,0.0,0.0,3,99,22.0,37.8,939.9
2025-10-01T12:00,28.3,62,0.1,0.1,51,90,19.5,40.3,939.8
2025-10-01T13:00,28.7,61,0.1,0.1,51,100,19.0,37.1,939.2
2025-10-01T14:00,28.7,59,0.0,0.0,3,100,17.3,36.7,938.4
2025-10-01T15:00,28.6,59,0.0,0.0,3,100,15.8,32.0,937.9
2025-10-01T16:00,27.9,63,0.0,0.0,3,100,14.0,28.4,938.1
2025-10-01T17:00,26.4,70,0.0,0.0,3,100,10.4,24.1,938.6
2025-10-01T18:00,25.2,75,0.0,0.0,3,100,8.4,17.3,939.3
2025-10-01T19:00,24.5,80,0.0,0.0,3,100,7.4,13.3,940.0
2025-10-01T20:00,24.2,82,0.0,0.0,3,100,8.5,13.7,940.7
2025-10-01T21:00,23.9,83,0.0,0.0,3,100,8.8,14.4,940.9
2025-10-01T22:00,23.7,83,0.0,0.0,3,100,12.1,19.4,940.5
2025-10-01T23:00,23.9,84,0.0,0.0,3,100,13.2,21.6,940.0
2025-10-02T00:00,23.6,84,0.0,0.0,3,100,14.4,23.8,939.7
2025-10-02T01:00,23.1,82,0.0,0.0,3,100,15.2,25.2,939.4
2025-10-02T02:00,22.8,83,0.0,0.0,3,100,15.1,25.2,939.1
2025-10-02T03:00,22.7,84,0.0,0.0,3,100,16.6,27.4,938.8
2025-10-02T04:00,22.5,86,0.0,0.0,3,100,18.0,31.0,938.7
2025-10-02T05:00,22.9,87,0.0,0.0,3,100,17.9,29.9,939.6
2025-10-02T06:00,22.8,87,0.0,0.0,3,100,17.6,30.6,940.6
2025-10-02T07:00,23.2,86,0.0,0.0,3,100,14.2,29.5,941.7
2025-10-02T08:00,23.8,85,0.0,0.0,3,100,14.8,26.3,942.4
2025-10-02T09:00,24.7,81,0.0,0.0,3,100,15.7,28.4,943.0
2025-10-02T10:00,25.7,76,0.0,0.0,3,100,13.0,29.2,943.6
2025-10-02T11:00,27.2,67,0.0,0.0,3,100,17.8,29.9,942.7
2025-10-02T12:00,27.5,64,0.0,0.0,3,100,16.3,33.1,942.1
2025-10-02T13:00,27.7,64,0.0,0.0,3,100,16.3,31.0,941.4
2025-10-02T14:00,27.4,65,0.0,0.0,3,100,15.7,30.2,940.7
2025-10-02T15:00,27.0,68,0.0,0.0,3,100,14.1,28.1,940.2
2025-10-02T16:00,26.7,71,0.0,0.0,3,100,12.2,24.8,939.5
2025-10-02T17:00,26.3,76,0.0,0.0,3,100,10.2,20.5,940.0
2025-10-02T18:00,25.2,80,0.0,0.0,3,100,7.8,17.3,940.6
2025-10-02T19:00,24.3,85,0.0,0.0,3,100,7.0,12.6,941.7
2025-10-02T20:00,23.8,87,0.0,0.0,3,100,7.8,12.6,942.2
2025-10-02T21:00,23.5,89,0.0,0.0,3,100,9.4,14.8,942.3
2025-10-02T22:00,23.3,88,0.0,0.0,3,100,10.9,18.4,942.0
2025-10-02T23:00,23.0,90,0.0,0.0,3,100,10.2,19.1,942.0
2025-10-03T00:00,23.0,90,0.0,0.0,3,100,12.3,19.8,941.9
2025-10-03T01:00,23.1,88,0.0,0.0,3,100,13.1,22.0,941.6
2025-10-03T02:00,22.7,88,0.0,0.0,3,100,13.6,22.3,941.4
2025-10-03T03:00,22.3,88,0.0,0.0,3,100,14.0,23.0,941.2
2025-10-03T04:00,22.3,88,0.0,0.0,3,100,15.5,25.6,941.3
2025-10-03T05:00,22.4,90,0.0,0.0,3,100,15.8,25.9,941.8
2025-10-03T06:00,22.5,89,0.0,0.0,3,100,17.1,28.1,942.6
2025-10-03T07:00,23.5,86,0.0,0.0,3,100,16.1,29.5,943.8
2025-10-03T08:00,24.9,82,0.0,0.0,3,100,18.2,32.8,944.9
2025-10-03T09:00,26.4,74,0.0,0.0,3,100,20.4,37.4,945.4
2025-10-03T10:00,27.6,66,0.0,0.0,3,100,20.8,38.9,945.2
2025-10-03T11:00,28.3,63,0.0,0.0,3,100,18.5,38.9,944.9
2025-10-03T12:00,29.0,59,0.0,0.0,3,100,17.7,34.9,944.1
2025-10-03T13:00,29.5,56,0.0,0.0,3,99,17.4,33.8,943.4
2025-10-03T14:00,29.4,56,0.0,0.0,3,100,17.4,33.1,942.5
2025-10-03T15:00,29.1,57,0.0,0.0,3,99,15.7,32.4,942.0
2025-10-03T16:00,28.2,62,0.0,0.0,3,100,14.5,28.4,941.9
2025-10-03T17:00,26.7,75,0.0,0.0,3,99,6.7,24.1,942.2
2025-10-03T18:00,25.3,80,0.0,0.0,3,99,6.5,11.2,942.4
2025-10-03T19:00,24.9,81,0.0,0.0,3,98,8.3,13.0,943.2
2025-10-03T20:00,24.4,81,0.0,0.0,3,100,9.6,15.5,943.8
2025-10-03T21:00,24.1,82,0.0,0.0,3,100,9.9,16.2,944.2
2025-10-03T22:00,23.8,83,0.0,0.0,3,100,11.0,18.0,944.0
2025-10-03T23:00,23.7,83,0.0,0.0,3,100,10.8,18.0,943.8
2025-10-04T00:00,23.4,83,0.0,0.0,3,100,11.0,18.0,943.3
2025-10-04T01:00,23.3,84,0.0,0.0,3,99,11.5,18.7,943.1
2025-10-04T02:00,23.2,86,0.0,0.0,3,100,12.3,19.8,943.1
2025-10-04T03:00,23.1,87,0.0,0.0,3,100,12.6,20.9,943.1
2025-10-04T04:00,23.0,88,0.0,0.0,3,99,13.5,22.3,943.2
2025-10-04T05:00,22.9,89,0.0,0.0,3,96,15.7,23.4,943.5
2025-10-04T06:00,23.0,89,0.0,0.0,3,96,15.3,26.6,944.3
2025-10-04T07:00,24.1,87,0.0,0.0,3,99,13.0,25.6,945.2
2025-10-04T08:00,25.6,82,0.0,0.0,3,99,14.1,27.0,946.4
2025-10-04T09:00,26.9,76,0.0,0.0,3,98,15.7,30.6,946.8
2025-10-04T10:00,28.1,73,0.0,0.0,3,100,14.7,30.6,946.6
2025-10-04T11:00,28.7,69,0.1,0.1,51,98,14.8,29.9,946.0
2025-10-04T12:00,29.2,65,0.0,0.0,3,84,14.7,30.6,945.3
2025-10-04T13:00,29.2,63,0.0,0.0,3,100,16.2,31.7,944.0
2025-10-04T14:00,27.7,70,0.6,0.6,53,91,14.8,32.0,942.4
2025-10-04T15:00,28.1,67,0.0,0.0,3,100,14.1,28.1,941.9
2025-10-04T16:00,27.9,66,0.0,0.0,3,100,12.2,25.9,941.8
2025-10-04T17:00,27.1,72,0.0,0.0,3,99,8.6,21.6,941.8
2025-10-04T18:00,25.9,78,0.0,0.0,3,100,7.1,14.4,942.4
2025-10-04T19:00,25.1,83,0.0,0.0,3,100,6.4,11.5,943.3
2025-10-04T20:00,24.4,86,0.0,0.0,3,100,4.8,10.1,944.1
2025-10-04T21:00,24.0,88,0.0,0.0,3,100,6.1,9.7,944.6
2025-10-04T22:00,23.6,89,0.0,0.0,3,100,5.4,10.1,944.6
2025-10-04T23:00,23.3,90,0.0,0.0,3,100,4.9,8.6,944.6
2025-10-05T00:00,23.0,92,0.0,0.0,3,100,4.9,7.2,943.8
2025-10-05T01:00,22.7,93,0.0,0.0,3,91,4.9,7.6,943.0
2025-10-05T02:00,22.5,94,0.0,0.0,3,83,5.2,8.3,942.8
2025-10-05T03:00,22.4,94,0.0,0.0,3,95,5.9,9.0,942.7
2025-10-05T04:00,22.2,94,0.0,0.0,3,88,7.0,11.2,942.8
2025-10-05T05:00,22.3,94,0.0,0.0,3,100,9.6,14.8,943.5
2025-10-05T06:00,22.6,93,0.1,0.1,51,100,11.0,17.6,944.7
2025-10-05T07:00,23.3,89,0.0,0.0,3,100,14.5,23.8,945.7
2025-10-05T08:00,24.1,85,0.0,0.0,2,76,15.1,30.6,946.2
2025-10-05T09:00,25.6,79,0.0,0.0,3,100,13.5,28.8,946.8
2025-10-05T10:00,26.7,76,0.0,0.0,3,98,9.9,27.4,946.3
2025-10-05T11:00,27.6,72,0.0,0.0,3,98,12.5,23.0,945.8
2025-10-05T12:00,28.4,70,0.1,0.1,51,98,12.1,27.0,944.7
2025-10-05T13:00,29.1,64,0.0,0.0,3,100,11.8,27.0,943.8
2025-10-05T14:00,29.0,63,0.0,0.0,3,99,9.9,25.6,942.6
2025-10-05T15:00,28.1,68,0.4,0.4,51,88,10.0,23.8,941.6
2025-10-05T16:00,26.7,75,0.5,0.5,53,53,10.4,24.5,941.9
2025-10-05T17:00,25.3,80,0.0,0.0,3,100,5.4,19.4,942.3
2025-10-05T18:00,23.9,88,0.0,0.0,3,100,4.1,9.0,942.7
2025-10-05T19:00,23.6,89,0.0,0.0,3,100,1.3,5.8,943.6
2025-10-05T20:00,23.1,91,0.0,0.0,3,95,2.7,3.6,944.4
2025-10-05T21:00,22.9,92,0.0,0.0,3,100,1.5,4.0,945.1
2025-10-05T22:00,22.5,94,0.0,0.0,3,98,2.2,2.9,944.9
2025-10-05T23:00,22.9,96,0.0,0.0,3,100,4.8,4.0,944.5
2025-10-06T00:00,23.1,95,0.0,0.0,3,100,5.3,8.6,944.0
2025-10-06T01:00,22.5,96,0.0,0.0,3,100,5.0,8.6,943.6
2025-10-06T02:00,22.3,96,0.0,0.0,3,98,6.0,10.1,943.3
2025-10-06T03:00,22.1,96,0.0,0.0,3,94,9.0,13.3,943.2
2025-10-06T04:00,21.5,97,0.4,0.4,51,100,10.2,20.2,943.9
2025-10-06T05:00,21.2,96,0.0,0.0,3,100,11.7,16.9,944.6
2025-10-06T06:00,21.5,92,0.0,0.0,3,100,8.3,21.6,945.6
2025-10-06T07:00,21.8,91,0.0,0.0,3,95,12.3,22.7,946.7
2025-10-06T08:00,23.0,85,0.1,0.1,51,63,12.6,23.8,947.2
2025-10-06T09:00,25.0,78,0.1,0.1,51,43,15.5,29.5,947.1
2025-10-06T10:00,26.2,75,0.0,0.0,0,18,15.2,32.8,946.4
2025-10-06T11:00,27.5,67,0.0,0.0,1,36,14.2,30.2,946.1
2025-10-06T12:00,28.5,61,0.0,0.0,3,99,11.6,28.4,944.8
2025-10-06T13:00,28.6,61,0.0,0.0,3,100,11.9,25.2,943.7
2025-10-06T14:00,28.5,60,0.0,0.0,3,100,9.8,24.5,943.1
2025-10-06T15:00,28.7,59,0.0,0.0,3,96,8.1,20.5,942.7
2025-10-06T16:00,26.9,68,0.1,0.1,51,100,13.4,24.5,942.6
2025-10-06T17:00,25.9,76,0.2,0.2,51,98,9.7,23.8,943.0
2025-10-06T18:00,23.0,92,2.6,2.6,63,98,6.5,20.2,943.7
2025-10-06T19:00,22.2,95,4.6,4.6,63,83,3.6,11.5,944.8
2025-10-06T20:00,22.1,96,0.1,0.1,51,77,8.9,13.0,945.5
2025-10-06T21:00,22.0,95,0.1,0.1,51,39,6.7,16.2,946.0
2025-10-06T22:00,21.3,95,4.7,4.7,63,94,8.9,15.1,946.1
2025-10-06T23:00,21.6,91,0.0,0.0,3,100,4.4,16.2,945.4
2025-10-07T00:00,22.0,90,0.1,0.1,51,100,4.8,10.4,945.2
2025-10-07T01:00,21.5,93,0.1,0.1,51,99,4.4,8.6,944.2
2025-10-07T02:00,21.4,95,0.0,0.0,3,100,10.2,18.7,943.8
2025-10-07T03:00,21.1,96,0.0,0.0,3,100,6.1,16.9,943.1
2025-10-07T04:00,20.9,97,0.0,0.0,3,90,4.8,10.4,943.0
2025-10-07T05:00,20.6,97,0.0,0.0,1,24,3.3,8.3,943.3
2025-10-07T06:00,20.9,96,0.0,0.0,1,24,1.8,5.0,944.0
2025-10-07T07:00,22.5,91,0.0,0.0,1,35,5.2,11.9,945.3
2025-10-07T08:00,24.2,86,0.0,0.0,0,5,7.1,16.6,946.2
2025-10-07T09:00,26.2,78,0.0,0.0,0,7,8.9,20.5,946.9
2025-10-07T10:00,27.5,73,0.1,0.1,51,35,9.7,23.0,946.7
2025-10-07T11:00,28.1,68,0.2,0.2,51,22,10.7,24.1,946.4
2025-10-07T12:00,28.2,66,0.1,0.1,51,100,10.7,24.1,945.3
2025-10-07T13:00,24.0,83,5.8,5.8,63,55,6.8,29.9,944.6
2025-10-07T14:00,25.9,77,0.1,0.1,51,36,2.0,16.9,943.4
2025-10-07T15:00,27.3,71,0.1,0.1,51,43,5.4,17.6,943.4
2025-10-07T16:00,26.4,74,0.6,0.6,53,77,9.1,17.3,943.0
2025-10-07T17:00,25.3,81,0.0,0.0,3,100,7.7,18.4,943.2
2025-10-07T18:00,24.1,88,0.0,0.0,3,100,3.9,12.6,943.7
2025-10-07T19:00,23.8,90,0.0,0.0,3,96,2.6,6.1,944.7
2025-10-07T20:00,23.2,92,0.0,0.0,1,28,4.6,6.5,945.4
2025-10-07T21:00,22.8,94,0.0,0.0,0,4,2.8,6.8,945.7
2025-10-07T22:00,22.4,95,0.0,0.0,0,2,3.0,4.0,945.8
2025-10-07T23:00,22.7,98,0.0,0.0,2,54,3.5,6.1,944.7
2025-10-08T00:00,22.6,98,0.0,0.0,3,83,2.4,4.7,944.7
2025-10-08T01:00,22.5,98,0.0,0.0,2,70,2.2,3.2,944.3
2025-10-08T02:00,22.0,100,0.0,0.0,2,73,3.1,4.3,943.5
2025-10-08T03:00,21.6,100,0.0,0.0,3,98,2.9,4.3,943.2
2025-10-08T04:00,21.4,100,0.0,0.0,3,96,2.2,4.0,943.2
2025-10-08T05:00,21.6,97,0.0,0.0,2,52,2.3,3.6,943.8
2025-10-08T06:00,22.0,96,0.0,0.0,1,37,4.0,6.1,944.4
2025-10-08T07:00,23.7,91,0.0,0.0,3,87,3.6,9.7,945.7
2025-10-08T08:00,25.7,82,0.0,0.0,2,51,4.9,13.3,946.5
2025-10-08T09:00,27.3,67,0.0,0.0,1,21,7.9,18.7,946.7
2025-10-08T10:00,28.3,60,0.0,0.0,0,10,6.2,19.1,946.6
2025-10-08T11:00,29.1,57,0.0,0.0,1,23,4.8,17.3,945.9
2025-10-08T12:00,29.5,54,0.0,0.0,1,20,5.1,16.2,944.8
2025-10-08T13:00,29.8,53,0.0,0.0,1,30,3.6,16.2,943.9
2025-10-08T14:00,29.9,52,0.0,0.0,0,16,4.2,14.0,942.7
2025-10-08T15:00,29.7,52,0.0,0.0,1,23,5.6,13.7,941.9
2025-10-08T16:00,29.3,54,0.0,0.0,1,28,6.6,14.0,942.1
2025-10-08T17:00,26.5,73,0.0,0.0,3,92,4.6,12.2,943.2
2025-10-08T18:00,24.1,80,0.2,0.2,51,100,9.3,16.2,943.8
2025-10-08T19:00,23.6,83,0.0,0.0,3,99,6.6,15.1,944.5
2025-10-08T20:00,23.1,88,0.0,0.0,3,100,3.7,10.4,945.3
2025-10-08T21:00,23.1,87,0.0,0.0,3,100,0.7,5.0,945.7
2025-10-08T22:00,22.9,87,0.0,0.0,3,100,1.9,3.2,945.8
2025-10-08T23:00,22.5,88,0.0,0.0,3,100,7.0,9.4,946.2
2025-10-09T00:00,22.5,87,0.0,0.0,3,100,7.9,13.3,945.6
2025-10-09T01:00,22.0,91,0.0,0.0,3,100,2.2,13.0,945.2
2025-10-09T02:00,22.0,91,0.0,0.0,3,100,0.0,3.2,944.6
2025-10-09T03:00,21.5,94,0.0,0.0,3,100,2.1,3.2,944.2
2025-10-09T04:00,21.2,96,0.0,0.0,3,99,3.7,6.5,944.3
2025-10-09T05:00,22.0,97,0.0,0.0,1,34,11.7,6.5,945.0
2025-10-09T06:00,22.6,89,0.0,0.0,1,45,5.9,19.4,945.5
2025-10-09T07:00,23.9,86,0.0,0.0,0,12,4.4,10.4,946.4
2025-10-09T08:00,25.6,79,0.0,0.0,1,21,4.9,13.7,947.3
2025-10-09T09:00,26.9,72,0.0,0.0,0,19,5.9,16.6,947.3
2025-10-09T10:00,27.6,69,0.1,0.1,51,46,7.6,19.4,947.2
2025-10-09T11:00,28.1,67,0.0,0.0,1,41,8.0,21.6,946.5
2025-10-09T12:00,28.6,65,0.0,0.0,1,24,9.2,22.0,945.4
2025-10-09T13:00,28.7,62,0.1,0.1,51,89,9.6,22.3,944.7
2025-10-09T14:00,28.5,64,0.0,0.0,3,96,9.0,22.0,943.7
2025-10-09T15:00,28.0,66,0.0,0.0,1,26,8.5,22.0,943.1
2025-10-09T16:00,27.6,66,0.1,0.1,51,45,9.4,19.1,942.9
2025-10-09T17:00,27.1,72,0.3,0.3,51,65,4.8,18.7,943.2
2025-10-09T18:00,26.1,72,0.0,0.0,3,94,5.4,7.6,943.5
2025-10-09T19:00,25.6,73,0.0,0.0,3,95,7.1,10.4,944.5
2025-10-09T20:00,25.1,75,0.0,0.0,2,61,9.1,14.8,945.4
2025-10-09T21:00,24.3,79,0.0,0.0,3,84,6.2,14.4,945.4
2025-10-09T22:00,23.6,82,0.0,0.0,1,32,5.7,9.0,944.9
2025-10-09T23:00,23.5,82,0.0,0.0,2,52,6.9,9.0,944.9
2025-10-10T00:00,23.3,81,0.0,0.0,3,80,6.4,10.8,944.4
2025-10-10T01:00,23.1,81,0.0,0.0,3,96,5.9,9.0,943.9
2025-10-10T02:00,23.3,80,0.0,0.0,3,91,5.5,7.9,943.8
2025-10-10T03:00,22.8,81,0.0,0.0,3,100,6.3,10.1,943.5
2025-10-10T04:00,21.4,87,0.0,0.0,3,96,5.8,10.1,943.3
2025-10-10T05:00,21.2,86,0.0,0.0,3,98,5.8,9.7,943.6
2025-10-10T06:00,21.9,84,0.0,0.0,3,100,5.1,8.6,944.5
2025-10-10T07:00,23.4,80,0.0,0.0,3,100,5.9,11.5,945.6
2025-10-10T08:00,25.0,73,0.0,0.0,3,85,6.6,15.1,946.3
2025-10-10T09:00,26.7,62,0.0,0.0,3,98,7.2,18.0,946.7
2025-10-10T10:00,28.1,53,0.0,0.0,0,9,6.5,18.4,946.2
2025-10-10T11:00,28.8,50,0.0,0.0,1,30,7.3,19.1,945.8
2025-10-10T12:00,29.4,49,0.0,0.0,3,97,7.6,19.4,944.9
2025-10-10T13:00,29.7,46,0.0,0.0,3,98,8.9,20.9,943.9
2025-10-10T14:00,29.7,46,0.0,0.0,3,100,10.2,22.0,942.8
2025-10-10T15:00,29.4,46,0.0,0.0,3,100,11.5,22.0,942.2
2025-10-10T16:00,28.4,52,0.0,0.0,3,98,11.1,22.0,942.0
2025-10-10T17:00,26.9,63,0.0,0.0,3,95,8.1,19.1,942.0
2025-10-10T18:00,25.3,68,0.0,0.0,3,100,7.7,13.3,942.4
2025-10-10T19:00,24.2,72,0.0,0.0,3,100,6.9,12.2,942.6
2025-10-10T20:00,23.2,78,0.0,0.0,3,97,6.9,10.4,943.4
2025-10-10T21:00,22.1,84,0.0,0.0,3,90,6.4,10.4,943.5
2025-10-10T22:00,21.6,84,0.0,0.0,3,96,4.8,9.4,943.6
2025-10-10T23:00,21.1,85,0.0,0.0,2,67,5.2,6.1,943.5
2025-10-11T00:00,20.9,87,0.0,0.0,3,100,5.0,7.2,942.9
2025-10-11T01:00,20.4,89,0.0,0.0,3,97,5.3,6.8,942.7
2025-10-11T02:00,20.1,89,0.0,0.0,3,91,4.4,7.6,942.7
2025-10-11T03:00,19.8,88,0.0,0.0,2,74,4.0,5.8,942.5
2025-10-11T04:00,19.5,87,0.0,0.0,2,61,4.8,6.1,942.4
2025-10-11T05:00,19.8,83,0.0,0.0,0,1,7.5,6.1,943.1
2025-10-11T06:00,20.3,81,0.0,0.0,2,62,7.4,11.9,943.8
2025-10-11T07:00,22.2,77,0.0,0.0,3,100,8.1,14.8,945.1
2025-10-11T08:00,23.9,72,0.0,0.0,3,100,7.6,16.6,945.6
2025-10-11T09:00,25.9,66,0.0,0.0,3,100,8.8,19.4,946.4
2025-10-11T10:00,27.3,55,0.0,0.0,3,100,10.6,22.3,946.1
2025-10-11T11:00,28.6,54,0.0,0.0,2,77,12.3,24.1,945.7
2025-10-11T12:00,29.3,52,0.0,0.0,1,48,13.2,27.4,944.7
2025-10-11T13:00,29.5,49,0.0,0.0,2,77,14.5,28.8,943.7
2025-10-11T14:00,29.6,48,0.0,0.0,3,95,14.9,29.2,942.8
2025-10-11T15:00,29.1,48,0.0,0.0,3,99,14.9,28.8,942.6
2025-10-11T16:00,28.3,53,0.0,0.0,3,100,13.1,27.4,942.4
2025-10-11T17:00,26.1,62,0.0,0.0,1,49,7.3,22.3,942.5
2025-10-11T18:00,24.4,68,0.0,0.0,3,100,6.6,11.9,942.9
2025-10-11T19:00,23.8,72,0.0,0.0,3,100,6.7,10.1,943.4
2025-10-11T20:00,23.0,76,0.0,0.0,3,100,6.5,9.7,943.8
2025-10-11T21:00,22.6,76,0.0,0.0,3,100,5.8,9.0,944.3
2025-10-11T22:00,22.4,74,0.0,0.0,3,96,4.7,7.6,944.4
2025-10-11T23:00,22.0,76,0.0,0.0,3,95,6.3,6.5,944.1
2025-10-12T00:00,21.5,78,0.0,0.0,2,71,6.4,8.6,943.5
2025-10-12T01:00,21.2,78,0.0,0.0,1,32,6.3,8.3,943.1
2025-10-12T02:00,20.7,78,0.0,0.0,0,4,6.6,8.6,942.6
2025-10-12T03:00,20.4,78,0.0,0.0,0,0,6.1,8.6,942.5
2025-10-12T04:00,20.2,79,0.0,0.0,0,0,5.4,7.9,942.4
2025-10-12T05:00,20.4,85,0.0,0.0,2,66,7.3,6.8,943.0
2025-10-12T06:00,20.8,85,0.0,0.0,0,0,6.7,10.1,943.8
2025-10-12T07:00,23.0,80,0.0,0.0,0,0,7.6,14.0,945.0
2025-10-12T08:00,24.7,75,0.0,0.0,0,0,9.2,19.1,945.4
2025-10-12T09:00,26.3,65,0.0,0.0,0,0,11.4,23.8,945.8
2025-10-12T10:00,27.6,56,0.0,0.0,0,2,11.4,24.8,945.1
2025-10-12T11:00,28.7,52,0.0,0.0,3,92,9.9,24.8,944.5
2025-10-12T12:00,29.4,51,0.0,0.0,3,100,8.7,22.7,943.7
2025-10-12T13:00,29.9,50,0.0,0.0,3,100,7.5,20.9,942.8
2025-10-12T14:00,30.1,48,0.0,0.0,3,100,7.5,19.1,941.8
2025-10-12T15:00,30.0,48,0.0,0.0,3,100,8.0,17.6,941.5
2025-10-12T16:00,29.2,52,0.0,0.0,3,90,7.5,16.9,941.4
2025-10-12T17:00,27.2,71,0.0,0.0,3,97,3.1,12.6,941.8
2025-10-12T18:00,25.6,71,0.0,0.0,1,30,1.0,4.3,942.0
2025-10-12T19:00,24.8,73,0.0,0.0,2,65,0.8,1.4,942.9
2025-10-12T20:00,24.3,75,0.0,0.0,0,5,3.6,4.0,943.8
2025-10-12T21:00,23.8,75,0.0,0.0,0,6,6.0,7.6,944.0
2025-10-12T22:00,23.3,76,0.0,0.0,1,39,4.9,7.6,943.9
2025-10-12T23:00,22.7,80,0.0,0.0,2,65,3.6,6.5,944.0
2025-10-13T00:00,22.7,81,0.0,0.0,0,19,1.0,4.7,943.7
2025-10-13T01:00,21.9,84,0.0,0.0,0,13,0.9,1.4,943.2
2025-10-13T02:00,21.3,88,0.0,0.0,1,32,2.0,2.9,942.7
2025-10-13T03:00,21.1,90,0.0,0.0,3,86,3.2,4.7,942.8
2025-10-13T04:00,21.0,91,0.0,0.0,3,94,5.8,9.4,942.7
2025-10-13T05:00,21.8,86,0.0,0.0,3,100,5.3,9.7,943.2
2025-10-13T06:00,22.5,84,0.0,0.0,3,100,4.2,9.7,944.3
2025-10-13T07:00,23.0,83,0.0,0.0,3,100,5.3,10.1,945.3
2025-10-13T08:00,23.6,81,0.0,0.0,3,100,6.9,14.0,946.1
2025-10-13T09:00,24.2,78,0.0,0.0,3,100,8.6,16.6,946.4
2025-10-13T10:00,25.1,74,0.0,0.0,3,100,11.3,22.0,946.2
2025-10-13T11:00,26.0,70,0.0,0.0,3,100,10.5,24.5,945.5
2025-10-13T12:00,26.5,69,0.0,0.0,3,100,12.2,23.8,944.7
2025-10-13T13:00,27.0,65,0.0,0.0,3,100,13.0,25.2,944.0
2025-10-13T14:00,26.7,65,0.0,0.0,3,100,11.8,24.8,943.1
2025-10-13T15:00,27.5,61,0.0,0.0,3,100,12.1,23.0,942.8
2025-10-13T16:00,26.8,65,0.3,0.3,51,100,8.1,22.3,942.7
2025-10-13T17:00,25.8,76,0.1,0.1,51,100,5.5,14.0,942.8
2025-10-13T18:00,25.0,75,0.0,0.0,3,100,6.9,11.2,943.1
2025-10-13T19:00,24.3,79,0.0,0.0,3,100,7.2,11.2,943.6
2025-10-13T20:00,23.9,84,0.0,0.0,3,100,6.7,12.2,944.0
2025-10-13T21:00,23.3,87,0.0,0.0,3,96,6.0,10.4,943.9
2025-10-13T22:00,23.1,89,0.0,0.0,3,100,5.5,10.1,943.9
2025-10-13T23:00,22.4,93,0.0,0.0,0,13,5.2,8.6,943.6
2025-10-14T00:00,22.2,94,0.0,0.0,1,38,5.5,8.6,943.1
2025-10-14T01:00,22.0,95,0.0,0.0,2,76,5.6,9.4,942.7
2025-10-14T02:00,21.7,96,0.0,0.0,2,70,5.5,8.6,942.1
2025-10-14T03:00,21.8,97,0.0,0.0,2,67,5.0,9.4,942.0
2025-10-14T04:00,21.9,99,0.0,0.0,3,99,6.7,11.2,942.0
2025-10-14T05:00,21.8,100,0.0,0.0,3,100,6.4,12.6,942.3
2025-10-14T06:00,22.3,98,0.1,0.1,51,99,8.1,13.3,943.2
2025-10-14T07:00,23.0,94,0.1,0.1,51,84,11.6,20.5,943.9
2025-10-14T08:00,24.2,86,0.3,0.3,51,39,14.1,26.3,944.3
2025-10-14T09:00,25.5,78,0.3,0.3,51,32,14.5,28.4,944.7
2025-10-14T10:00,26.8,72,0.3,0.3,51,27,14.8,29.9,944.4
2025-10-14T11:00,27.6,68,0.2,0.2,51,22,16.4,30.6,944.0
2025-10-14T12:00,28.0,68,0.1,0.1,51,23,16.6,34.6,943.2
2025-10-14T13:00,28.3,69,0.0,0.0,3,100,14.5,33.5,942.2
2025-10-14T14:00,26.2,74,0.6,0.6,53,94,18.7,34.2,941.5
2025-10-14T15:00,25.7,81,0.9,0.9,53,81,14.4,35.3,941.3
2025-10-14T16:00,25.9,80,0.1,0.1,51,80,14.8,27.7,941.2
2025-10-14T17:00,25.2,80,0.3,0.3,51,77,8.5,27.4,941.9
2025-10-14T18:00,24.0,88,0.0,0.0,2,52,8.6,14.4,941.7
2025-10-14T19:00,23.4,91,0.0,0.0,1,46,8.6,15.1,942.5
2025-10-14T20:00,22.9,94,0.0,0.0,1,30,8.7,14.4,943.0
2025-10-14T21:00,22.5,96,0.0,0.0,0,4,8.0,14.4,943.0
2025-10-14T22:00,21.9,98,0.0,0.0,3,95,5.2,13.0,942.8
2025-10-14T23:00,22.3,97,0.0,0.0,2,51,7.3,9.7,942.8
2025-10-15T00:00,22.4,98,0.0,0.0,3,93,9.1,15.5,942.3
2025-10-15T01:00,22.2,98,0.0,0.0,3,100,7.8,15.1,941.7
2025-10-15T02:00,22.2,98,0.0,0.0,3,100,8.3,14.4,941.5
2025-10-15T03:00,22.1,97,0.0,0.0,3,84,9.5,16.9,941.3
2025-10-15T04:00,21.8,98,0.0,0.0,3,100,8.0,16.2,941.4
2025-10-15T05:00,21.9,98,0.0,0.0,3,98,10.2,13.7,942.0
2025-10-15T06:00,22.3,97,0.0,0.0,3,86,13.7,24.8,943.1
2025-10-15T07:00,23.0,92,0.0,0.0,1,41,16.8,29.2,943.8
2025-10-15T08:00,24.5,82,0.0,0.0,1,45,17.5,32.4,944.6
2025-10-15T09:00,25.9,74,0.0,0.0,0,7,15.6,32.4,945.0
2025-10-15T10:00,27.3,67,0.0,0.0,0,3,17.3,33.8,944.9
2025-10-15T11:00,28.4,60,0.0,0.0,0,16,16.3,36.0,944.5
2025-10-15T12:00,28.9,56,0.0,0.0,0,12,14.8,32.0,943.7
2025-10-15T13:00,28.9,56,0.0,0.0,0,16,14.7,31.3,942.9
2025-10-15T14:00,28.7,58,0.0,0.0,0,18,14.7,31.3,941.6
2025-10-15T15:00,28.5,58,0.0,0.0,0,12,14.6,28.8,941.6
2025-10-15T16:00,27.9,59,0.0,0.0,0,5,14.9,27.7,941.4
2025-10-15T17:00,26.9,65,0.0,0.0,0,7,12.1,26.3,941.6
2025-10-15T18:00,25.7,70,0.0,0.0,0,16,10.3,20.5,942.1
2025-10-15T19:00,25.0,75,0.0,0.0,0,15,10.8,18.4,943.0
2025-10-15T20:00,24.2,81,0.0,0.0,0,18,9.4,17.6,943.3
2025-10-15T21:00,23.4,85,0.0,0.0,0,13,7.0,15.5,943.5
2025-10-15T22:00,22.8,89,0.0,0.0,0,6,5.9,11.2,943.5
2025-10-15T23:00,22.6,92,0.0,0.0,0,0,6.8,10.4,943.5
2025-10-16T00:00,22.4,92,0.0,0.0,0,0,6.1,11.2,943.0
2025-10-16T01:00,22.0,94,0.0,0.0,2,77,5.3,9.7,942.2
2025-10-16T02:00,21.8,95,0.0,0.0,0,13,5.4,8.3,942.0
2025-10-16T03:00,21.5,96,0.0,0.0,0,1,5.4,7.9,941.8
2025-10-16T04:00,21.4,95,0.0,0.0,0,5,5.7,9.0,941.7
2025-10-16T05:00,21.2,96,0.0,0.0,0,0,6.0,8.6,942.4
2025-10-16T06:00,21.7,95,0.0,0.0,0,0,6.5,10.8,943.4
2025-10-16T07:00,23.2,89,0.0,0.0,0,0,7.9,15.5,944.2
2025-10-16T08:00,25.0,79,0.0,0.0,1,34,12.0,23.8,944.9
2025-10-16T09:00,26.5,70,0.0,0.0,0,9,15.3,29.2,945.5
2025-10-16T10:00,27.8,63,0.0,0.0,1,23,18.0,34.6,945.2
2025-10-16T11:00,28.4,60,0.0,0.0,0,12,19.4,36.4,944.6
2025-10-16T12:00,29.0,57,0.0,0.0,0,10,18.9,37.4,943.7
2025-10-16T13:00,29.3,54,0.0,0.0,0,8,18.4,36.4,942.6
2025-10-16T14:00,29.3,52,0.0,0.0,0,9,17.2,34.9,941.7
2025-10-16T15:00,29.1,51,0.0,0.0,0,16,17.4,32.8,941.3
2025-10-16T16:00,28.3,55,0.0,0.0,0,7,16.0,31.7,941.8
2025-10-16T17:00,27.1,60,0.0,0.0,0,5,9.6,27.4,942.0
2025-10-16T18:00,25.9,64,0.0,0.0,0,5,10.0,16.9,943.0
2025-10-16T19:00,25.3,68,0.0,0.0,3,92,9.6,16.2,943.8
2025-10-16T20:00,24.8,70,0.0,0.0,3,98,9.6,16.2,944.6
2025-10-16T21:00,23.6,79,0.0,0.0,3,100,8.0,16.6,945.0
2025-10-16T22:00,22.9,85,0.0,0.0,3,100,6.7,13.0,944.8
2025-10-16T23:00,22.7,86,0.0,0.0,2,70,8.5,12.6,944.6
2025-10-17T00:00,22.3,88,0.0,0.0,2,61,9.1,14.8,944.3
2025-10-17T01:00,21.7,94,0.0,0.0,3,100,8.0,15.1,943.8
2025-10-17T02:00,21.4,95,0.0,0.0,3,99,5.9,13.0,943.2
2025-10-17T03:00,21.0,96,0.0,0.0,3,97,4.8,9.4,943.1
2025-10-17T04:00,20.8,96,0.0,0.0,3,100,4.5,6.8,943.0
2025-10-17T05:00,21.4,94,0.0,0.0,0,16,7.0,7.6,944.0
2025-10-17T06:00,21.9,95,0.0,0.0,0,5,8.3,13.3,944.9
2025-10-17T07:00,23.7,87,0.0,0.0,1,42,15.6,25.2,946.0
2025-10-17T08:00,25.2,78,0.0,0.0,1,41,16.3,30.2,946.9
2025-10-17T09:00,26.6,70,0.0,0.0,0,11,14.8,30.2,947.4
2025-10-17T10:00,27.8,64,0.0,0.0,0,9,16.2,34.6,947.1
2025-10-17T11:00,28.9,59,0.0,0.0,0,8,16.2,35.3,946.4
2025-10-17T12:00,29.5,55,0.0,0.0,0,15,17.3,33.8,945.3
2025-10-17T13:00,29.5,56,0.0,0.0,1,31,17.4,34.2,944.3
2025-10-17T14:00,29.4,56,0.1,0.1,51,22,17.7,33.8,943.2
2025-10-17T15:00,29.1,56,0.1,0.1,51,53,16.9,34.2,942.7
2025-10-17T16:00,28.2,59,0.1,0.1,51,98,15.2,31.0,942.7
2025-10-17T17:00,26.9,61,0.0,0.0,2,69,11.9,25.6,943.4
2025-10-17T18:00,26.0,65,0.0,0.0,3,99,7.0,20.2,944.2
2025-10-17T19:00,25.6,68,0.0,0.0,3,89,7.0,11.2,944.9
2025-10-17T20:00,24.7,73,0.0,0.0,1,48,7.3,11.5,944.9
2025-10-17T21:00,23.8,78,0.0,0.0,2,73,6.7,11.9,945.0
2025-10-17T22:00,22.9,83,0.0,0.0,1,29,5.4,10.4,945.1
2025-10-17T23:00,22.4,88,0.0,0.0,0,3,5.2,7.9,944.3
2025-10-18T00:00,22.1,90,0.0,0.0,0,15,4.8,7.2,943.9
2025-10-18T01:00,21.6,92,0.0,0.0,3,100,4.8,7.2,943.5
2025-10-18T02:00,21.4,93,0.0,0.0,3,98,5.2,8.3,943.3
2025-10-18T03:00,20.9,95,0.0,0.0,3,100,4.5,7.9,943.2
2025-10-18T04:00,20.6,96,0.0,0.0,3,97,4.8,6.8,943.3
2025-10-18T05:00,20.8,97,0.0,0.0,0,4,5.9,7.6,943.9
2025-10-18T06:00,21.2,94,0.0,0.0,0,0,5.0,10.1,944.5
2025-10-18T07:00,22.9,84,0.0,0.0,0,0,6.2,13.0,945.3
2025-10-18T08:00,24.6,76,0.0,0.0,0,0,7.8,17.6,946.1
2025-10-18T09:00,26.1,70,0.0,0.0,0,2,9.6,21.6,946.4
2025-10-18T10:00,27.5,63,0.0,0.0,2,51,11.5,25.2,946.5
2025-10-18T11:00,28.7,57,0.0,0.0,0,14,12.3,26.3,945.7
2025-10-18T12:00,29.5,53,0.0,0.0,0,13,11.6,26.6,944.5
2025-10-18T13:00,30.0,50,0.0,0.0,1,41,11.7,25.6,943.6
2025-10-18T14:00,30.0,49,0.0,0.0,2,56,11.3,25.2,942.4
2025-10-18T15:00,29.7,49,0.0,0.0,1,38,10.8,24.1,941.8
2025-10-18T16:00,29.1,51,0.0,0.0,0,16,11.4,21.6,941.6
2025-10-18T17:00,27.0,58,0.0,0.0,0,5,8.5,20.2,942.0
2025-10-18T18:00,25.6,63,0.0,0.0,0,3,7.6,14.0,942.1
2025-10-18T19:00,25.1,65,0.0,0.0,0,7,7.2,11.9,942.6
2025-10-18T20:00,24.5,69,0.0,0.0,0,9,7.0,10.8,943.4
2025-10-18T21:00,24.1,72,0.0,0.0,0,2,7.8,13.3,943.7
2025-10-18T22:00,23.0,78,0.0,0.0,0,1,5.9,12.6,943.6
2025-10-18T23:00,22.8,79,0.0,0.0,0,0,6.3,8.3,943.4
2025-10-19T00:00,22.5,79,0.0,0.0,0,0,5.9,9.0,943.1
2025-10-19T01:00,22.2,78,0.0,0.0,0,0,6.2,8.6,942.4
2025-10-19T02:00,21.5,81,0.0,0.0,0,0,5.8,10.1,941.8
2025-10-19T03:00,21.0,84,0.0,0.0,0,1,3.8,8.3,941.7
2025-10-19T04:00,20.8,85,0.0,0.0,0,0,3.5,5.0,941.8
2025-10-19T05:00,21.3,87,0.0,0.0,3,100,5.4,5.8,942.7
2025-10-19T06:00,22.0,89,0.0,0.0,3,99,7.6,12.2,943.6
2025-10-19T07:00,22.7,90,0.0,0.0,3,100,10.7,20.5,944.6
2025-10-19T08:00,24.2,81,0.0,0.0,2,59,9.4,20.5,945.1
2025-10-19T09:00,26.0,71,0.0,0.0,0,17,9.0,21.2,945.6
2025-10-19T10:00,27.6,62,0.0,0.0,0,11,11.1,24.5,945.2
2025-10-19T11:00,28.8,59,0.0,0.0,2,73,13.5,27.7,944.5
2025-10-19T12:00,29.5,55,0.0,0.0,1,21,14.6,30.2,943.3
2025-10-19T13:00,29.7,55,0.1,0.1,51,25,13.7,30.2,942.3
2025-10-19T14:00,29.6,54,0.1,0.1,51,22,11.6,28.1,941.3
2025-10-19T15:00,29.2,54,0.1,0.1,51,30,13.0,24.8,941.0
2025-10-19T16:00,26.8,68,0.2,0.2,51,38,17.1,31.0,941.1
2025-10-19T17:00,26.4,67,0.0,0.0,1,43,14.1,30.6,941.2
2025-10-19T18:00,24.6,80,0.0,0.0,1,23,9.8,23.8,941.6
2025-10-19T19:00,23.7,85,0.0,0.0,0,6,6.2,15.8,942.0
2025-10-19T20:00,23.4,88,0.0,0.0,1,39,7.6,12.2,942.9
2025-10-19T21:00,23.1,90,0.0,0.0,0,16,8.1,13.3,943.3
2025-10-19T22:00,22.7,93,0.0,0.0,0,17,7.7,13.7,943.7
2025-10-19T23:00,22.2,98,0.0,0.0,2,75,12.2,12.6,943.1
2025-10-20T00:00,22.3,96,0.1,0.1,51,33,8.1,20.9,942.8
2025-10-20T01:00,21.8,98,0.0,0.0,1,27,4.2,13.3,942.1
2025-10-20T02:00,21.6,98,0.0,0.0,1,32,4.0,7.9,941.8
2025-10-20T03:00,21.4,98,0.0,0.0,2,54,4.1,7.6,941.6
2025-10-20T04:00,21.1,99,0.0,0.0,3,89,3.7,7.2,941.4
2025-10-20T05:00,21.3,100,0.0,0.0,3,100,4.1,6.5,941.8
2025-10-20T06:00,21.7,99,0.0,0.0,3,100,8.0,13.7,942.9
2025-10-20T07:00,22.4,94,0.0,0.0,1,32,8.9,17.3,943.6
2025-10-20T08:00,24.5,80,0.0,0.0,1,33,10.4,21.6,944.4
2025-10-20T09:00,26.4,70,0.0,0.0,1,28,11.9,25.9,944.8
2025-10-20T10:00,27.5,67,0.0,0.0,0,16,10.8,25.9,944.6
2025-10-20T11:00,28.1,66,0.0,0.0,3,100,9.0,25.9,944.0
2025-10-20T12:00,28.4,65,0.2,0.2,51,98,9.6,22.7,943.2
2025-10-20T13:00,27.3,67,0.1,0.1,51,33,11.3,23.8,941.5
2025-10-20T14:00,27.0,69,1.8,1.8,61,78,12.5,26.3,941.0
2025-10-20T15:00,26.3,75,4.3,4.3,63,87,7.7,25.6,940.7
2025-10-20T16:00,24.9,81,0.5,0.5,53,99,9.2,18.4,941.0
2025-10-20T17:00,24.9,83,0.1,0.1,51,94,5.9,17.6,941.1
2025-10-20T18:00,23.9,85,0.0,0.0,3,100,7.0,10.8,941.8
2025-10-20T19:00,24.0,85,0.0,0.0,3,100,7.6,12.2,943.0
2025-10-20T20:00,24.1,83,0.0,0.0,3,100,7.4,13.0,943.7
2025-10-20T21:00,23.7,84,0.0,0.0,3,100,9.1,14.0,944.1
2025-10-20T22:00,23.3,87,0.0,0.0,3,100,11.3,18.7,944.0
2025-10-20T23:00,23.0,91,0.0,0.0,3,100,11.1,18.7,943.5
2025-10-21T00:00,22.6,92,0.0,0.0,3,100,10.1,18.4,943.2
2025-10-21T01:00,22.2,95,0.0,0.0,3,97,8.8,16.9,942.5
2025-10-21T02:00,21.8,97,0.0,0.0,3,80,7.2,14.4,942.0
2025-10-21T03:00,21.5,97,0.0,0.0,3,100,5.4,11.9,941.7
2025-10-21T04:00,21.2,98,0.0,0.0,1,46,5.1,9.0,941.6
2025-10-21T05:00,22.5,96,0.0,0.0,3,100,8.2,7.9,942.7
2025-10-21T06:00,22.3,96,0.0,0.0,3,100,9.6,15.1,943.3
2025-10-21T07:00,23.2,90,0.0,0.0,3,88,14.1,24.5,944.2
2025-10-21T08:00,24.9,79,0.0,0.0,2,53,15.5,28.8,945.2
2025-10-21T09:00,26.1,72,0.1,0.1,51,30,17.5,32.8,945.8
2025-10-21T10:00,27.3,66,0.1,0.1,51,52,19.1,36.0,945.6
2025-10-21T11:00,27.4,66,0.3,0.3,51,56,18.7,38.2,945.1
2025-10-21T12:00,28.4,66,0.0,0.0,3,100,15.7,36.7,944.0
2025-10-21T13:00,27.7,64,0.1,0.1,51,98,16.8,33.8,942.7
2025-10-21T14:00,26.6,73,0.5,0.5,53,98,15.7,32.0,942.0
2025-10-21T15:00,26.2,74,1.5,1.5,61,67,14.7,34.9,941.8
2025-10-21T16:00,26.2,74,0.0,0.0,1,41,13.2,28.1,942.1
2025-10-21T17:00,25.0,81,0.0,0.0,3,97,10.4,24.5,942.6
2025-10-21T18:00,24.3,86,0.8,0.8,53,100,10.8,17.6,943.0
2025-10-21T19:00,23.8,90,0.0,0.0,3,100,9.6,17.6,943.8
2025-10-21T20:00,23.3,93,0.0,0.0,3,100,9.1,15.8,944.1
2025-10-21T21:00,22.6,96,0.0,0.0,2,55,8.4,15.1,944.5
2025-10-21T22:00,22.2,96,0.0,0.0,3,100,7.2,14.0,944.4
2025-10-21T23:00,22.0,93,0.0,0.0,3,92,9.8,12.2,944.3
2025-10-22T00:00,21.9,93,0.0,0.0,3,100,10.1,16.9,944.2
2025-10-22T01:00,21.8,94,0.0,0.0,3,100,9.4,16.9,943.4
2025-10-22T02:00,21.7,96,0.0,0.0,3,100,9.5,15.8,943.0
2025-10-22T03:00,21.6,96,0.0,0.0,3,96,10.1,16.6,942.4
2025-10-22T04:00,21.5,97,0.0,0.0,3,92,9.8,16.9,942.4
2025-10-22T05:00,22.2,98,0.0,0.0,3,100,10.9,16.2,942.8
2025-10-22T06:00,22.3,98,0.0,0.0,3,100,12.1,19.8,943.4
2025-10-22T07:00,23.4,92,0.0,0.0,3,91,18.0,30.2,944.3
2025-10-22T08:00,25.2,80,0.0,0.0,3,88,21.1,37.8,945.2
2025-10-22T09:00,26.7,72,0.0,0.0,3,100,19.5,37.8,945.7
2025-10-22T10:00,27.7,66,0.1,0.1,51,100,22.3,40.7,945.9
2025-10-22T11:00,28.0,65,0.2,0.2,51,100,20.5,42.5,945.4
2025-10-22T12:00,28.7,65,0.1,0.1,51,100,16.8,40.7,944.5
2025-10-22T13:00,26.7,73,1.7,1.7,61,100,18.3,36.7,943.4
2025-10-22T14:00,24.7,85,0.9,0.9,53,100,15.5,34.6,942.3
2025-10-22T15:00,24.1,88,0.9,0.9,53,100,12.9,28.8,942.1
2025-10-22T16:00,24.1,91,0.1,0.1,51,100,10.9,23.4,941.8
2025-10-22T17:00,25.2,80,0.0,0.0,3,100,15.0,24.8,941.6
2025-10-22T18:00,24.3,88,0.0,0.0,3,100,15.9,26.6,942.7
2025-10-22T19:00,24.0,86,0.0,0.0,3,100,15.9,26.6,943.9
2025-10-22T20:00,23.5,90,0.0,0.0,3,100,16.6,27.4,944.4
2025-10-22T21:00,22.8,91,0.1,0.1,51,100,16.5,28.1,944.6
2025-10-22T22:00,22.5,94,0.2,0.2,51,100,13.8,27.4,944.8
2025-10-22T23:00,22.3,96,0.3,0.3,51,100,16.0,23.0,944.4
2025-10-23T00:00,22.2,96,0.0,0.0,3,100,13.2,27.0,943.7
2025-10-23T01:00,22.1,97,0.0,0.0,3,100,12.9,22.3,942.9
2025-10-23T02:00,22.1,96,0.0,0.0,3,94,12.6,22.3,942.4
2025-10-23T03:00,22.2,96,0.0,0.0,3,98,13.9,23.4,942.4
2025-10-23T04:00,21.8,96,0.1,0.1,51,100,13.1,23.4,942.4
2025-10-23T05:00,22.4,97,0.1,0.1,51,100,16.6,23.0,942.5
2025-10-23T06:00,22.8,94,0.2,0.2,51,100,17.3,31.0,943.3
2025-10-23T07:00,22.8,95,0.6,0.6,53,100,19.1,33.5,944.0
2025-10-23T08:00,23.4,91,0.3,0.3,51,100,22.9,40.3,944.6
2025-10-23T09:00,24.9,84,0.3,0.3,51,100,22.4,41.8,945.4
2025-10-23T10:00,24.0,87,0.8,0.8,53,100,20.1,42.5,944.7
2025-10-23T11:00,26.3,75,0.3,0.3,51,69,21.6,38.9,944.4
2025-10-23T12:00,26.2,74,1.0,1.0,55,99,22.7,41.8,943.3
2025-10-23T13:00,24.4,83,1.2,1.2,55,100,21.2,40.7,942.6
2025-10-23T14:00,24.8,83,0.3,0.3,51,100,20.9,37.8,941.3
2025-10-23T15:00,24.7,84,0.1,0.1,51,100,20.0,39.6,941.0
2025-10-23T16:00,24.2,86,0.1,0.1,51,100,16.2,34.9,941.4
2025-10-23T17:00,23.1,94,1.4,1.4,61,100,13.6,31.3,941.5
2025-10-23T18:00,22.5,97,0.0,0.0,3,100,10.8,22.7,942.4
2025-10-23T19:00,22.6,97,0.0,0.0,3,100,10.1,18.4,943.2
2025-10-23T20:00,22.9,97,0.0,0.0,3,100,13.1,21.6,944.1
2025-10-23T21:00,22.6,98,0.0,0.0,3,100,11.6,22.3,944.1
2025-10-23T22:00,22.6,98,0.0,0.0,3,100,11.4,19.1,944.3
2025-10-23T23:00,22.3,98,0.0,0.0,3,100,13.7,21.2,943.5
2025-10-24T00:00,22.2,97,0.1,0.1,51,99,15.7,25.9,943.1
2025-10-24T01:00,22.2,96,0.0,0.0,3,98,13.4,26.3,942.8
2025-10-24T02:00,21.9,97,0.0,0.0,3,100,11.7,22.3,942.1
2025-10-24T03:00,21.8,97,0.0,0.0,3,100,9.8,19.4,942.3
2025-10-24T04:00,21.9,96,0.0,0.0,3,100,10.1,17.3,942.4
2025-10-24T05:00,21.6,98,0.0,0.0,3,97,5.8,17.3,943.0
2025-10-24T06:00,21.9,97,0.1,0.1,51,100,9.1,15.1,944.2
2025-10-24T07:00,22.2,95,0.2,0.2,51,100,10.3,18.4,944.8
2025-10-24T08:00,23.5,87,0.1,0.1,51,100,12.1,24.1,945.2
2025-10-24T09:00,24.8,82,0.1,0.1,51,100,11.2,25.6,945.7
2025-10-24T10:00,26.3,75,0.1,0.1,51,100,10.0,25.6,945.4
2025-10-24T11:00,25.8,77,5.4,5.4,63,100,9.0,27.4,944.9
2025-10-24T12:00,23.7,83,0.9,0.9,53,100,14.2,28.4,944.0
2025-10-24T13:00,24.1,86,0.5,0.5,53,100,6.7,27.4,943.5
2025-10-24T14:00,25.1,81,0.0,0.0,3,100,8.6,18.7,942.2
2025-10-24T15:00,25.4,76,0.1,0.1,51,100,12.6,23.4,942.0
2025-10-24T16:00,23.7,84,0.3,0.3,51,100,11.1,24.5,942.0
2025-10-24T17:00,23.2,93,0.1,0.1,51,100,7.3,19.4,942.2
2025-10-24T18:00,22.6,94,0.4,0.4,51,100,9.2,13.7,942.8
2025-10-24T19:00,22.4,96,0.5,0.5,53,100,11.6,18.7,943.4
2025-10-24T20:00,22.0,97,0.0,0.0,3,100,9.1,19.1,944.0
2025-10-24T21:00,21.8,98,0.0,0.0,3,100,7.3,15.5,944.2
2025-10-24T22:00,21.8,98,0.0,0.0,3,100,7.1,13.0,944.1
2025-10-24T23:00,21.7,98,0.0,0.0,3,100,6.8,12.2,943.9
2025-10-25T00:00,21.7,98,0.0,0.0,3,100,10.5,17.3,943.3
2025-10-25T01:00,21.7,98,0.0,0.0,3,92,11.0,18.4,942.6
2025-10-25T02:00,21.5,98,0.0,0.0,3,100,7.4,18.0,942.4
2025-10-25T03:00,21.4,98,0.0,0.0,3,100,5.8,12.2,942.5
2025-10-25T04:00,21.4,98,0.0,0.0,3,100,8.1,13.3,942.5
2025-10-25T05:00,21.6,92,0.0,0.0,2,55,6.2,13.7,943.0
2025-10-25T06:00,21.5,95,0.1,0.1,51,66,9.7,15.1,943.8
2025-10-25T07:00,22.1,93,0.1,0.1,51,34,7.4,18.0,944.3
2025-10-25T08:00,23.7,88,0.0,0.0,2,66,9.4,19.8,945.1
2025-10-25T09:00,25.1,82,0.0,0.0,1,31,9.1,21.6,945.4
2025-10-25T10:00,26.4,76,0.1,0.1,51,96,6.5,20.9,945.5
2025-10-25T11:00,27.3,69,0.2,0.2,51,100,3.1,18.4,944.8
2025-10-25T12:00,26.4,71,0.5,0.5,53,100,3.7,12.2,943.7
2025-10-25T13:00,24.7,82,12.1,12.1,65,100,9.3,21.2,942.8
2025-10-25T14:00,22.5,93,7.7,7.7,65,100,7.2,24.1,941.8
2025-10-25T15:00,23.7,89,1.4,1.4,61,99,3.9,15.5,941.3
2025-10-25T16:00,24.1,89,0.1,0.1,51,100,6.4,13.7,942.0
2025-10-25T17:00,24.3,88,0.0,0.0,3,99,4.7,13.3,941.9
2025-10-25T18:00,23.0,94,0.5,0.5,53,100,6.2,10.1,942.6
2025-10-25T19:00,22.9,94,1.4,1.4,61,100,8.2,13.0,943.5
2025-10-25T20:00,22.7,95,0.2,0.2,51,100,7.2,15.5,943.8
2025-10-25T21:00,22.6,94,0.3,0.3,51,100,7.8,12.2,944.2
2025-10-25T22:00,22.5,93,0.1,0.1,51,99,8.8,14.8,944.0
2025-10-25T23:00,22.8,94,0.0,0.0,3,90,12.0,15.1,943.9
2025-10-26T00:00,22.5,95,0.0,0.0,1,35,11.2,20.2,943.3
2025-10-26T01:00,22.1,96,0.0,0.0,1,22,9.3,18.4,942.8
2025-10-26T02:00,21.7,97,0.0,0.0,3,80,7.7,15.5,942.3
2025-10-26T03:00,21.5,97,0.0,0.0,0,18,7.6,13.0,942.1
2025-10-26T04:00,21.4,98,0.0,0.0,2,66,8.1,13.7,942.5
2025-10-26T05:00,21.3,98,0.0,0.0,1,38,8.2,14.4,942.7
2025-10-26T06:00,21.3,98,0.0,0.0,3,100,7.5,13.7,943.5
2025-10-26T07:00,22.1,94,0.0,0.0,1,31,14.8,25.6,944.5
2025-10-26T08:00,23.8,84,0.0,0.0,3,95,15.0,28.8,945.4
2025-10-26T09:00,25.7,74,0.0,0.0,3,100,14.1,27.7,945.8
2025-10-26T10:00,26.5,70,0.0,0.0,2,70,13.3,27.7,945.6
2025-10-26T11:00,27.0,68,0.0,0.0,1,33,11.4,25.9,944.8
2025-10-26T12:00,27.7,66,0.1,0.1,51,38,11.4,24.8,944.0
2025-10-26T13:00,28.1,67,0.0,0.0,3,100,10.0,24.8,943.0
2025-10-26T14:00,28.0,65,0.0,0.0,3,83,8.5,22.3,941.9
2025-10-26T15:00,27.5,67,0.2,0.2,51,33,11.1,21.2,941.0
2025-10-26T16:00,26.3,74,0.3,0.3,51,37,10.8,24.1,940.9
2025-10-26T17:00,25.1,77,0.0,0.0,1,24,6.4,19.1,941.7
2025-10-26T18:00,24.1,82,0.0,0.0,1,46,3.7,10.4,942.1
2025-10-26T19:00,23.3,85,0.0,0.0,2,77,5.5,8.3,942.9
2025-10-26T20:00,22.8,87,0.0,0.0,1,20,6.7,10.4,943.4
2025-10-26T21:00,22.7,87,0.0,0.0,3,98,8.2,12.2,943.6
2025-10-26T22:00,22.6,88,0.0,0.0,3,100,10.7,17.3,943.5
2025-10-26T23:00,22.3,91,0.0,0.0,3,100,7.7,17.6,943.1
2025-10-27T00:00,21.6,92,0.0,0.0,3,91,3.1,11.9,942.7
2025-10-27T01:00,21.0,94,0.0,0.0,3,99,4.8,6.1,942.2
2025-10-27T02:00,21.0,94,0.0,0.0,3,100,6.8,10.8,941.7
2025-10-27T03:00,20.8,95,0.0,0.0,3,100,5.6,10.8,941.5
2025-10-27T04:00,20.4,95,0.0,0.0,3,100,5.4,8.3,941.8
2025-10-27T05:00,20.3,96,0.0,0.0,3,100,4.9,7.9,942.3
2025-10-27T06:00,20.5,96,0.0,0.0,3,100,5.3,7.6,943.2
2025-10-27T07:00,22.7,92,0.0,0.0,3,100,7.8,14.8,944.2
2025-10-27T08:00,24.9,83,0.0,0.0,3,100,8.5,18.0,945.1
2025-10-27T09:00,26.6,71,0.0,0.0,3,100,9.1,20.5,945.7
2025-10-27T10:00,27.7,64,0.0,0.0,3,100,8.4,20.5,945.4
2025-10-27T11:00,28.5,61,0.0,0.0,2,79,9.9,20.9,944.9
2025-10-27T12:00,28.9,59,0.1,0.1,51,100,10.4,24.1,944.1
2025-10-27T13:00,29.0,57,0.0,0.0,3,100,9.0,23.4,942.9
2025-10-27T14:00,28.9,57,0.0,0.0,3,100,8.6,20.5,941.9
2025-10-27T15:00,28.8,57,0.0,0.0,3,84,10.0,20.9,941.2
2025-10-27T16:00,28.1,60,0.0,0.0,3,100,7.3,19.8,940.8
2025-10-27T17:00,26.2,69,0.0,0.0,3,100,8.2,13.0,941.6
2025-10-27T18:00,25.1,74,0.0,0.0,3,100,8.0,15.8,941.6
2025-10-27T19:00,24.2,80,0.0,0.0,3,100,4.9,13.0,942.4
2025-10-27T20:00,24.2,80,0.0,0.0,3,100,4.7,7.2,943.4
2025-10-27T21:00,23.9,83,0.1,0.1,51,100,3.8,7.2,943.7
2025-10-27T22:00,23.3,90,1.4,1.4,61,100,7.6,12.2,943.4
2025-10-27T23:00,22.6,90,0.5,0.5,53,100,5.8,13.7,943.1
2025-10-28T00:00,22.6,94,0.7,0.7,53,100,8.1,14.0,942.3
2025-10-28T01:00,22.3,95,0.4,0.4,51,100,10.7,17.6,941.6
2025-10-28T02:00,22.0,94,0.3,0.3,51,100,11.4,19.1,941.0
2025-10-28T03:00,21.8,95,0.1,0.1,51,100,11.4,19.1,940.5
2025-10-28T04:00,21.7,96,0.2,0.2,51,100,11.4,19.1,940.2
2025-10-28T05:00,22.1,96,0.3,0.3,51,100,11.8,22.7,940.4
2025-10-28T06:00,22.3,95,0.1,0.1,51,100,11.0,20.5,941.4
2025-10-28T07:00,22.4,95,0.4,0.4,51,100,12.6,21.6,942.1
2025-10-28T08:00,22.8,94,0.8,0.8,53,100,13.2,22.7,942.7
2025-10-28T09:00,23.5,91,0.0,0.0,3,100,13.6,25.2,942.8
2025-10-28T10:00,23.7,89,0.1,0.1,51,100,12.7,24.8,942.2
2025-10-28T11:00,26.2,75,0.0,0.0,3,100,17.2,34.6,942.0
2025-10-28T12:00,24.8,82,2.9,2.9,63,100,15.5,38.2,940.4
2025-10-28T13:00,26.8,73,0.1,0.1,51,100,19.6,37.8,939.3
2025-10-28T14:00,27.2,69,0.1,0.1,51,100,19.7,40.0,938.5
2025-10-28T15:00,23.8,87,10.9,10.9,65,100,20.7,40.0,937.9
2025-10-28T16:00,23.9,89,1.6,1.6,61,100,19.1,34.9,937.7
2025-10-28T17:00,23.7,87,6.0,6.0,63,100,13.2,32.4,938.7
2025-10-28T18:00,22.5,95,12.2,12.2,65,100,14.8,25.9,938.9
2025-10-28T19:00,22.4,94,1.3,1.3,61,100,16.7,28.1,939.4
2025-10-28T20:00,22.3,95,0.0,0.0,3,100,20.4,34.2,939.8
2025-10-28T21:00,22.0,95,0.0,0.0,3,100,20.1,34.6,940.3
2025-10-28T22:00,21.7,94,2.1,2.1,61,100,17.1,33.8,940.1
2025-10-28T23:00,22.4,95,2.9,2.9,63,100,17.6,28.4,939.2
2025-10-29T00:00,22.2,96,4.3,4.3,63,100,18.1,34.2,938.7
2025-10-29T01:00,22.1,96,0.7,0.7,53,100,18.2,30.6,938.3
2025-10-29T02:00,21.9,96,1.6,1.6,61,100,14.5,31.3,937.7
2025-10-29T03:00,21.7,96,2.4,2.4,61,100,17.1,28.8,937.8
2025-10-29T04:00,21.7,96,4.2,4.2,63,100,21.2,35.3,937.7
2025-10-29T05:00,21.7,97,2.6,2.6,63,100,20.6,36.7,938.0
2025-10-29T06:00,21.7,97,1.8,1.8,61,100,18.3,34.2,938.5
2025-10-29T07:00,21.8,96,1.7,1.7,61,100,20.0,33.1,939.1
2025-10-29T08:00,21.8,96,1.7,1.7,61,100,21.0,35.6,939.4
2025-10-29T09:00,21.8,96,2.0,2.0,61,100,20.5,35.6,939.8
2025-10-29T10:00,22.0,96,3.2,3.2,63,100,20.2,34.6,939.5
2025-10-29T11:00,20.7,91,2.5,2.5,63,100,22.7,38.5,939.6
2025-10-29T12:00,20.9,91,2.8,2.8,63,100,22.3,39.2,938.6
2025-10-29T13:00,21.4,93,1.4,1.4,61,100,23.2,38.9,938.2
2025-10-29T14:00,22.0,93,0.7,0.7,53,100,24.0,40.7,937.4
2025-10-29T15:00,22.1,92,1.0,1.0,55,100,22.7,40.7,936.7
2025-10-29T16:00,22.2,91,0.3,0.3,51,100,23.4,40.3,936.4
2025-10-29T17:00,22.6,87,0.1,0.1,51,100,21.5,39.6,938.0
2025-10-29T18:00,22.8,85,0.0,0.0,3,100,21.7,37.1,938.0
2025-10-29T19:00,23.2,79,0.0,0.0,3,100,19.7,36.7,938.8
2025-10-29T20:00,23.5,75,0.0,0.0,3,100,17.9,32.8,939.3
2025-10-29T21:00,23.5,75,0.0,0.0,3,100,16.7,29.9,940.1
2025-10-29T22:00,23.4,76,0.0,0.0,3,100,15.6,28.1,940.3
2025-10-29T23:00,22.5,88,0.0,0.0,3,100,23.5,28.4,940.2
2025-10-30T00:00,22.6,87,0.0,0.0,3,100,24.2,43.2,940.0
2025-10-30T01:00,22.5,86,0.0,0.0,3,100,22.6,40.7,939.8
2025-10-30T02:00,22.2,85,0.0,0.0,3,100,23.0,38.9,939.2
2025-10-30T03:00,22.1,86,0.0,0.0,3,100,22.2,38.9,939.6
2025-10-30T04:00,22.0,87,0.0,0.0,3,100,21.3,37.4,939.5
2025-10-30T05:00,22.7,87,0.0,0.0,3,100,21.6,36.0,940.4
2025-10-30T06:00,22.6,86,0.0,0.0,3,100,19.9,36.7,941.4
2025-10-30T07:00,22.9,83,0.0,0.0,3,100,20.0,33.5,942.3
2025-10-30T08:00,24.2,77,0.0,0.0,3,100,21.6,37.8,943.0
2025-10-30T09:00,25.3,73,0.0,0.0,3,100,23.4,41.0,943.5
2025-10-30T10:00,26.1,68,0.0,0.0,2,63,23.7,43.2,943.7
2025-10-30T11:00,27.3,62,0.0,0.0,2,62,22.8,42.8,943.5
2025-10-30T12:00,28.1,59,0.0,0.0,3,99,21.1,41.4,943.0
2025-10-30T13:00,28.7,55,0.0,0.0,3,96,23.7,42.8,942.6
2025-10-30T14:00,28.5,53,0.0,0.0,3,97,23.9,44.6,941.6
2025-10-30T15:00,28.0,57,0.0,0.0,3,99,19.5,42.5,941.2
2025-10-30T16:00,27.2,63,0.0,0.0,3,97,17.3,33.8,941.1
2025-10-30T17:00,25.8,64,0.0,0.0,3,98,11.6,29.5,941.6
2025-10-30T18:00,25.3,66,0.0,0.0,3,100,9.8,19.4,942.3
2025-10-30T19:00,25.1,66,0.0,0.0,3,98,9.4,16.2,943.0
2025-10-30T20:00,24.4,68,0.0,0.0,3,100,9.3,15.5,943.7
2025-10-30T21:00,23.4,71,0.0,0.0,3,100,9.7,15.5,943.9
2025-10-30T22:00,22.9,71,0.0,0.0,3,92,10.9,17.6,944.0
2025-10-30T23:00,22.7,68,0.0,0.0,3,100,12.8,19.4,944.1
2025-10-31T00:00,22.3,68,0.0,0.0,3,100,13.7,22.7,944.0
2025-10-31T01:00,21.8,67,0.0,0.0,3,99,14.0,23.4,943.6
2025-10-31T02:00,21.3,68,0.0,0.0,3,85,13.1,23.0,943.1
2025-10-31T03:00,20.6,72,0.0,0.0,0,0,11.4,21.2,943.1
2025-10-31T04:00,19.9,77,0.0,0.0,0,0,10.6,18.7,943.2
2025-10-31T05:00,20.4,83,0.0,0.0,0,2,14.1,18.4,943.9
2025-10-31T06:00,20.2,84,0.0,0.0,0,1,13.1,23.4,944.9
2025-10-31T07:00,21.8,81,0.0,0.0,0,0,12.3,24.1,945.9
2025-10-31T08:00,23.9,74,0.0,0.0,0,9,14.6,26.6,946.6
2025-10-31T09:00,25.5,68,0.0,0.0,1,42,16.5,31.7,946.9
2025-10-31T10:00,26.8,64,0.0,0.0,2,71,16.6,32.8,946.7
2025-10-31T11:00,27.7,60,0.0,0.0,1,21,18.4,33.5,946.2
2025-10-31T12:00,28.4,56,0.0,0.0,1,24,16.9,34.9,944.9
2025-10-31T13:00,28.6,54,0.0,0.0,3,90,16.3,32.8,944.2
2025-10-31T14:00,28.3,55,0.0,0.0,3,85,16.0,31.3,943.6
2025-10-31T15:00,28.1,55,0.0,0.0,2,72,14.2,30.2,943.3
2025-10-31T16:00,27.4,59,0.0,0.0,3,82,11.4,25.6,943.0
2025-10-31T17:00,25.4,73,0.0,0.0,2,54,5.6,19.1,943.4
2025-10-31T18:00,24.1,78,0.0,0.0,1,29,5.6,8.6,943.6
2025-10-31T19:00,23.2,83,0.0,0.0,3,100,5.4,8.3,944.5
2025-10-31T20:00,22.5,86,0.0,0.0,2,76,6.2,9.7,945.1
2025-10-31T21:00,22.1,85,0.0,0.0,3,91,6.8,10.8,945.1
2025-10-31T22:00,21.8,85,0.0,0.0,2,59,6.4,10.8,944.8
2025-10-31T23:00,21.7,87,0.0,0.0,2,79,6.9,10.1,944.2
2025-11-01T00:00,21.8,86,0.0,0.0,3,88,7.0,10.8,944.3
2025-11-01T01:00,21.6,87,0.0,0.0,3,96,7.2,11.5,943.8
2025-11-01T02:00,21.3,88,0.0,0.0,3,88,6.9,11.5,943.3
2025-11-01T03:00,21.2,89,0.0,0.0,2,77,7.1,11.5,943.4
2025-11-01T04:00,21.1,91,0.0,0.0,3,87,7.5,11.9,943.6
2025-11-01T05:00,21.4,92,0.0,0.0,2,65,6.9,11.9,944.1
2025-11-01T06:00,21.8,92,0.1,0.1,51,83,4.3,12.6,945.2
2025-11-01T07:00,23.1,87,0.0,0.0,3,84,5.8,11.5,946.2
2025-11-01T08:00,25.1,80,0.0,0.0,3,88,8.8,18.0,946.9
2025-11-01T09:00,26.6,75,0.0,0.0,2,71,11.1,23.8,947.4
2025-11-01T10:00,27.8,71,0.0,0.0,3,100,10.0,23.4,947.0
2025-11-01T11:00,27.9,68,0.0,0.0,3,95,11.3,24.5,946.4
2025-11-01T12:00,28.6,64,0.0,0.0,3,99,11.2,24.8,945.4
2025-11-01T13:00,28.8,62,0.1,0.1,51,63,11.2,24.5,944.5
2025-11-01T14:00,28.6,63,0.2,0.2,51,100,11.7,24.1,943.8
2025-11-01T15:00,28.4,65,0.1,0.1,51,38,11.5,23.8,943.3
2025-11-01T16:00,27.9,66,0.0,0.0,1,20,10.0,22.7,943.2
2025-11-01T17:00,26.3,80,0.0,0.0,3,85,2.4,17.6,943.6
2025-11-01T18:00,25.1,80,0.0,0.0,3,91,4.9,6.1,944.3
2025-11-01T19:00,24.1,83,0.0,0.0,3,94,5.5,8.3,944.8
2025-11-01T20:00,23.4,86,0.0,0.0,2,79,4.3,7.6,945.4
2025-11-01T21:00,22.8,88,0.0,0.0,2,52,4.0,5.8,945.6
2025-11-01T22:00,22.5,88,0.0,0.0,0,18,4.5,5.8,945.3
2025-11-01T23:00,22.6,89,0.0,0.0,0,9,5.5,7.6,944.7
2025-11-02T00:00,22.6,88,0.0,0.0,0,13,5.8,8.6,944.5
2025-11-02T01:00,22.6,87,0.0,0.0,1,22,7.7,11.9,944.3
2025-11-02T02:00,22.3,90,0.0,0.0,1,47,6.8,12.2,944.1
2025-11-02T03:00,22.1,91,0.1,0.1,51,88,5.6,11.2,944.3
2025-11-02T04:00,21.8,93,0.0,0.0,1,41,6.7,10.8,944.2
2025-11-02T05:00,22.5,89,0.0,0.0,1,37,13.1,11.2,944.9
2025-11-02T06:00,22.1,88,0.0,0.0,1,23,11.0,24.1,945.9
2025-11-02T07:00,23.2,87,0.0,0.0,2,62,7.9,17.6,946.6
2025-11-02T08:00,25.2,82,0.0,0.0,1,38,9.6,19.4,947.7
2025-11-02T09:00,26.8,76,0.0,0.0,3,92,13.0,26.3,947.9
2025-11-02T10:00,28.2,71,0.0,0.0,3,81,14.5,29.2,947.5
2025-11-02T11:00,28.1,70,0.0,0.0,2,69,13.1,30.2,947.4
2025-11-02T12:00,28.8,66,0.1,0.1,51,98,13.8,29.2,946.3
2025-11-02T13:00,29.3,60,0.0,0.0,3,100,13.2,29.2,945.0
2025-11-02T14:00,27.7,65,0.5,0.5,53,71,16.2,27.4,944.1
2025-11-02T15:00,26.2,73,0.6,0.6,53,57,16.3,32.0,944.2
2025-11-02T16:00,25.8,76,0.0,0.0,1,42,11.1,29.9,944.1
2025-11-02T17:00,25.5,78,0.0,0.0,2,70,11.4,20.2,945.0
2025-11-02T18:00,24.3,83,0.0,0.0,0,18,8.3,19.1,945.4
2025-11-02T19:00,23.7,86,0.0,0.0,0,19,8.7,14.0,945.8
2025-11-02T20:00,23.4,88,0.0,0.0,1,25,10.1,16.6,946.3
2025-11-02T21:00,23.1,87,0.0,0.0,3,80,8.7,16.6,946.6
2025-11-02T22:00,22.7,88,0.0,0.0,2,67,7.7,14.0,946.1
2025-11-02T23:00,23.1,92,0.0,0.0,3,90,9.3,13.7,945.8
2025-11-03T00:00,23.0,91,0.0,0.0,3,100,8.3,15.8,945.4
2025-11-03T01:00,22.8,90,0.0,0.0,3,80,9.3,14.8,944.7
2025-11-03T02:00,22.4,92,0.0,0.0,1,30,7.1,15.1,944.2
2025-11-03T03:00,22.5,92,0.0,0.0,2,66,8.5,14.0,944.0
2025-11-03T04:00,22.5,92,0.0,0.0,3,91,8.6,14.4,944.1
2025-11-03T05:00,22.5,95,0.0,0.0,1,20,10.7,14.0,944.5
2025-11-03T06:00,21.6,92,0.4,0.4,51,71,12.8,24.5,945.3
2025-11-03T07:00,22.5,92,0.3,0.3,51,80,14.5,26.3,946.2
2025-11-03T08:00,24.2,84,0.0,0.0,3,100,12.6,25.6,947.1
2025-11-03T09:00,25.6,78,0.0,0.0,3,84,15.1,30.6,947.5
2025-11-03T10:00,26.7,73,0.0,0.0,1,46,12.3,29.5,947.3
2025-11-03T11:00,27.9,69,0.0,0.0,1,32,11.8,26.6,946.5
2025-11-03T12:00,28.5,67,0.1,0.1,51,23,11.8,26.3,945.7
2025-11-03T13:00,28.8,65,0.0,0.0,3,100,10.9,25.9,944.6
2025-11-03T14:00,28.7,63,0.0,0.0,3,92,9.7,24.8,943.6
2025-11-03T15:00,28.6,63,0.0,0.0,3,84,10.9,25.6,943.3
2025-11-03T16:00,28.0,65,0.0,0.0,3,95,10.5,22.0,943.2
2025-11-03T17:00,26.3,81,0.0,0.0,3,86,2.8,18.7,943.4
2025-11-03T18:00,25.0,83,0.0,0.0,1,30,1.3,4.0,943.7
2025-11-03T19:00,24.7,83,0.0,0.0,3,98,2.0,2.5,944.6
2025-11-03T20:00,23.7,89,0.2,0.2,51,100,4.3,9.7,945.3
2025-11-03T21:00,23.6,89,0.1,0.1,51,100,2.8,5.8,945.6
2025-11-03T22:00,23.2,93,0.2,0.2,51,100,5.6,9.0,945.4
2025-11-03T23:00,22.5,93,0.1,0.1,51,100,6.5,10.4,945.0
2025-11-04T00:00,22.5,94,0.0,0.0,3,100,6.3,10.1,944.6
2025-11-04T01:00,22.1,95,0.0,0.0,3,100,5.2,10.4,944.4
2025-11-04T02:00,21.8,95,0.0,0.0,3,100,5.7,9.4,943.6
2025-11-04T03:00,21.5,96,0.0,0.0,3,100,5.2,9.4,943.6
2025-11-04T04:00,21.5,96,0.0,0.0,3,100,8.3,12.2,943.6
2025-11-04T05:00,22.1,98,0.0,0.0,3,94,4.0,21.2,944.0
2025-11-04T06:00,22.3,96,0.1,0.1,51,100,9.3,14.8,945.0
2025-11-04T07:00,22.6,93,0.0,0.0,3,100,10.8,21.6,946.0
2025-11-04T08:00,23.8,85,0.0,0.0,3,100,11.1,22.0,946.6
2025-11-04T09:00,25.9,75,0.0,0.0,2,78,12.6,26.6,947.6
2025-11-04T10:00,27.1,72,0.0,0.0,2,62,10.7,26.6,947.4
2025-11-04T11:00,27.5,70,0.0,0.0,3,100,12.8,24.8,946.8
2025-11-04T12:00,27.8,65,0.2,0.2,51,100,12.8,26.6,945.3
2025-11-04T13:00,27.5,64,0.6,0.6,53,100,8.1,26.6,944.2
2025-11-04T14:00,28.5,59,0.0,0.0,3,100,9.7,22.3,943.5
2025-11-04T15:00,26.3,67,0.3,0.3,51,100,15.4,28.8,943.5
2025-11-04T16:00,25.6,75,0.4,0.4,51,100,9.3,28.1,943.6
2025-11-04T17:00,23.7,84,0.6,0.6,53,100,2.4,19.1,943.9
2025-11-04T18:00,23.3,88,0.0,0.0,3,100,2.5,6.5,943.8
2025-11-04T19:00,22.5,93,0.0,0.0,3,85,3.8,5.8,944.3
2025-11-04T20:00,22.2,94,0.0,0.0,3,100,4.6,6.8,944.6
2025-11-04T21:00,22.0,95,0.0,0.0,2,55,5.7,9.7,945.0
2025-11-04T22:00,21.4,96,0.0,0.0,0,4,4.3,9.7,944.7
2025-11-04T23:00,22.0,99,0.0,0.0,1,23,3.9,7.2,944.2
2025-11-05T00:00,21.9,99,0.0,0.0,1,34,3.1,6.8,943.5
2025-11-05T01:00,21.5,100,0.0,0.0,2,78,3.8,5.0,943.0
2025-11-05T02:00,21.7,99,0.0,0.0,3,100,5.5,9.7,942.5
2025-11-05T03:00,21.2,98,0.0,0.0,3,96,4.2,9.4,942.3
2025-11-05T04:00,20.8,100,0.0,0.0,1,25,4.5,7.2,942.3
2025-11-05T05:00,20.9,98,0.0,0.0,3,82,4.4,7.2,942.9
2025-11-05T06:00,21.2,97,0.0,0.0,2,63,3.6,6.8,943.8
2025-11-05T07:00,23.0,93,0.0,0.0,2,59,4.7,11.2,944.8
2025-11-05T08:00,25.0,85,0.0,0.0,2,67,6.3,15.1,945.5
2025-11-05T09:00,26.7,71,0.0,0.0,2,66,8.8,20.9,945.8
2025-11-05T10:00,27.7,63,0.0,0.0,1,36,8.7,20.9,945.8
2025-11-05T11:00,27.9,57,0.0,0.0,2,56,10.1,23.0,945.5
2025-11-05T12:00,28.3,52,0.0,0.0,1,27,9.9,23.4,944.5
2025-11-05T13:00,29.0,49,0.0,0.0,0,11,9.3,23.0,943.6
2025-11-05T14:00,29.2,47,0.0,0.0,2,57,7.6,21.6,942.7
2025-11-05T15:00,28.8,48,0.0,0.0,3,82,10.5,20.2,942.2
2025-11-05T16:00,27.8,53,0.0,0.0,3,80,12.9,23.4,942.2
2025-11-05T17:00,26.2,61,0.0,0.0,3,91,7.2,22.0,942.4
2025-11-05T18:00,24.9,67,0.0,0.0,2,79,7.2,11.9,942.7
2025-11-05T19:00,23.9,73,0.0,0.0,2,52,6.2,11.2,943.3
2025-11-05T20:00,23.4,75,0.0,0.0,1,42,6.3,8.6,944.2
2025-11-05T21:00,22.7,78,0.0,0.0,0,4,6.1,8.6,944.5
2025-11-05T22:00,22.1,82,0.0,0.0,0,13,5.1,8.3,944.7
2025-11-05T23:00,22.5,84,0.0,0.0,1,33,3.7,6.5,944.6
2025-11-06T00:00,22.0,87,0.0,0.0,1,27,4.7,6.8,944.1
2025-11-06T01:00,21.3,90,0.0,0.0,0,16,4.4,6.5,943.7
2025-11-06T02:00,20.9,91,0.0,0.0,0,19,5.1,7.2,942.9
2025-11-06T03:00,20.4,92,0.0,0.0,0,9,5.4,7.9,942.6
2025-11-06T04:00,19.9,92,0.0,0.0,0,2,5.2,7.9,942.4
2025-11-06T05:00,20.7,91,0.0,0.0,0,3,4.1,7.2,942.9
2025-11-06T06:00,21.1,91,0.0,0.0,1,34,5.0,7.6,943.8
2025-11-06T07:00,22.9,83,0.0,0.0,2,75,6.2,11.9,945.2
2025-11-06T08:00,24.9,71,0.0,0.0,3,100,7.7,16.6,946.1
2025-11-06T09:00,26.3,58,0.0,0.0,3,89,10.8,21.6,946.9
2025-11-06T10:00,26.9,52,0.0,0.0,3,96,11.1,22.7,947.0
2025-11-06T11:00,28.1,46,0.0,0.0,2,61,11.4,23.0,946.5
2025-11-06T12:00,28.5,45,0.0,0.0,3,100,10.3,23.8,945.4
2025-11-06T13:00,28.2,47,0.0,0.0,3,95,11.7,23.4,944.6
2025-11-06T14:00,28.3,46,0.0,0.0,2,52,8.5,23.4,943.7
2025-11-06T15:00,28.3,47,0.0,0.0,3,99,9.6,18.0,943.2
2025-11-06T16:00,27.3,52,0.0,0.0,3,88,9.7,18.7,943.2
2025-11-06T17:00,25.6,63,0.0,0.0,2,78,5.1,16.6,943.6
2025-11-06T18:00,24.6,67,0.0,0.0,1,45,5.3,7.6,944.0
2025-11-06T19:00,23.7,69,0.0,0.0,0,15,6.3,8.3,944.7
2025-11-06T20:00,23.4,68,0.0,0.0,0,9,7.6,11.5,945.4
2025-11-06T21:00,22.7,70,0.0,0.0,0,0,7.4,12.2,945.7
2025-11-06T22:00,21.8,75,0.0,0.0,0,2,6.3,11.2,945.6
2025-11-06T23:00,21.5,79,0.0,0.0,1,23,6.2,8.6,945.3
2025-11-07T00:00,21.9,78,0.0,0.0,0,3,5.8,9.0,945.0
2025-11-07T01:00,21.2,81,0.0,0.0,0,0,6.3,9.0,944.7
2025-11-07T02:00,20.9,81,0.0,0.0,1,41,5.3,9.0,944.2
2025-11-07T03:00,20.8,82,0.0,0.0,0,2,4.0,6.8,944.1
2025-11-07T04:00,20.4,83,0.0,0.0,0,3,3.5,5.0,944.1
2025-11-07T05:00,20.4,86,0.0,0.0,0,1,6.6,5.0,944.8
2025-11-07T06:00,20.8,84,0.0,0.0,0,2,7.0,10.8,945.5
2025-11-07T07:00,22.7,78,0.0,0.0,0,0,9.5,15.8,946.5
2025-11-07T08:00,24.6,69,0.0,0.0,0,0,9.5,19.4,947.6
2025-11-07T09:00,26.4,56,0.0,0.0,0,0,13.6,26.6,948.2
2025-11-07T10:00,27.5,47,0.0,0.0,0,2,13.6,28.4,948.0
2025-11-07T11:00,28.2,44,0.0,0.0,3,88,12.7,27.7,947.4
2025-11-07T12:00,28.7,42,0.0,0.0,3,80,12.7,27.0,946.5
2025-11-07T13:00,29.0,40,0.0,0.0,1,36,12.3,26.6,945.6
2025-11-07T14:00,29.0,40,0.0,0.0,0,19,12.2,25.9,944.9
2025-11-07T15:00,28.5,41,0.0,0.0,0,13,12.1,24.8,944.5
2025-11-07T16:00,27.7,45,0.0,0.0,3,94,10.4,22.7,944.5
2025-11-07T17:00,25.2,55,0.0,0.0,2,79,7.5,17.6,944.8
2025-11-07T18:00,24.1,58,0.0,0.0,2,76,6.7,12.2,945.2
2025-11-07T19:00,22.7,66,0.0,0.0,3,93,6.1,10.1,946.0
2025-11-07T20:00,21.5,71,0.0,0.0,2,54,6.6,10.1,946.5
2025-11-07T21:00,20.8,71,0.0,0.0,2,52,6.7,9.7,946.5
2025-11-07T22:00,20.3,68,0.0,0.0,2,55,7.0,9.7,946.2
2025-11-07T23:00,20.1,73,0.0,0.0,0,2,6.6,9.7,946.4
2025-11-08T00:00,19.4,76,0.0,0.0,0,4,5.7,8.6,946.0
2025-11-08T01:00,18.9,78,0.0,0.0,0,8,6.8,9.4,945.5
2025-11-08T02:00,18.8,77,0.0,0.0,0,0,7.4,10.4,945.2
2025-11-08T03:00,18.4,79,0.0,0.0,1,23,6.9,10.4,945.1
2025-11-08T04:00,17.9,80,0.0,0.0,3,86,6.5,9.7,945.0
2025-11-08T05:00,18.2,80,0.0,0.0,0,0,7.2,8.6,945.4
2025-11-08T06:00,18.5,77,0.0,0.0,0,0,7.2,10.4,946.2
2025-11-08T07:00,20.6,71,0.0,0.0,0,1,8.7,13.7,947.6
2025-11-08T08:00,22.5,64,0.0,0.0,1,33,7.6,16.9,948.7
2025-11-08T09:00,24.9,55,0.0,0.0,0,0,9.2,20.2,949.4
2025-11-08T10:00,26.5,43,0.0,0.0,0,0,11.6,24.8,949.1
2025-11-08T11:00,27.1,36,0.0,0.0,0,0,9.9,24.8,948.6
2025-11-08T12:00,27.6,34,0.0,0.0,1,25,9.0,22.7,947.7
2025-11-08T13:00,27.9,32,0.0,0.0,3,82,9.2,22.0,946.9
2025-11-08T14:00,27.8,31,0.0,0.0,0,0,10.1,22.0,946.1
2025-11-08T15:00,27.5,32,0.0,0.0,0,0,10.2,21.6,945.7
2025-11-08T16:00,26.4,40,0.0,0.0,0,5,9.7,20.2,945.4
2025-11-08T17:00,23.2,53,0.0,0.0,0,2,6.9,16.6,945.2
2025-11-08T18:00,21.2,55,0.0,0.0,0,2,6.7,10.8,945.4
2025-11-08T19:00,20.3,62,0.0,0.0,0,0,6.4,9.4,946.1
2025-11-08T20:00,19.8,69,0.0,0.0,0,5,5.9,9.0,946.5
2025-11-08T21:00,19.8,71,0.0,0.0,0,0,5.0,7.6,946.7
2025-11-08T22:00,19.2,73,0.0,0.0,0,0,5.0,6.5,946.5
2025-11-08T23:00,18.7,79,0.0,0.0,0,0,2.7,6.1,946.1
2025-11-09T00:00,18.0,84,0.0,0.0,0,1,3.5,4.3,945.5
2025-11-09T01:00,17.2,87,0.0,0.0,0,0,4.2,6.1,944.8
2025-11-09T02:00,16.7,89,0.0,0.0,0,0,4.8,7.2,944.4
2025-11-09T03:00,16.3,89,0.0,0.0,0,0,6.7,9.7,944.2
2025-11-09T04:00,16.0,87,0.0,0.0,0,0,6.1,10.4,944.1
2025-11-09T05:00,16.2,92,0.0,0.0,0,9,4.8,8.3,944.8
2025-11-09T06:00,16.2,93,0.0,0.0,0,8,4.8,6.8,945.5
2025-11-09T07:00,18.6,85,0.0,0.0,0,0,6.0,11.9,946.8
2025-11-09T08:00,21.2,73,0.0,0.0,0,0,6.0,15.1,948.2
2025-11-09T09:00,23.6,59,0.0,0.0,0,0,7.9,18.7,948.7
2025-11-09T10:00,25.3,44,0.0,0.0,0,0,10.1,23.4,948.3
2025-11-09T11:00,26.1,42,0.0,0.0,0,0,9.0,23.4,947.5
2025-11-09T12:00,26.8,40,0.0,0.0,0,0,8.1,22.0,946.6
2025-11-09T13:00,27.2,39,0.0,0.0,0,0,6.9,20.9,945.7
2025-11-09T14:00,27.3,39,0.0,0.0,0,2,6.4,18.7,944.7
2025-11-09T15:00,27.1,40,0.0,0.0,0,6,6.2,16.9,944.3
2025-11-09T16:00,26.4,44,0.0,0.0,0,6,6.0,14.8,944.1
2025-11-09T17:00,24.1,58,0.0,0.0,0,9,1.8,10.1,944.4
2025-11-09T18:00,22.5,61,0.0,0.0,0,12,1.0,2.5,944.8
2025-11-09T19:00,21.7,64,0.0,0.0,0,14,1.0,1.8,945.4
2025-11-09T20:00,21.0,66,0.0,0.0,0,13,1.7,2.5,945.9
2025-11-09T21:00,20.3,67,0.0,0.0,0,7,1.8,2.9,946.1
2025-11-09T22:00,19.8,67,0.0,0.0,0,0,1.4,2.9,945.9
2025-11-09T23:00,19.2,69,0.0,0.0,0,0,1.7,2.9,945.6
2025-11-10T00:00,18.8,70,0.0,0.0,0,0,1.3,2.5,945.1
2025-11-10T01:00,18.4,72,0.0,0.0,0,0,1.7,2.5,944.5
2025-11-10T02:00,17.6,80,0.0,0.0,0,0,3.3,4.3,943.8
2025-11-10T03:00,16.8,86,0.0,0.0,0,0,4.6,5.8,943.6
2025-11-10T04:00,16.3,86,0.0,0.0,0,2,3.5,6.1,943.8
2025-11-10T05:00,15.8,91,0.0,0.0,0,2,5.0,4.7,944.1
2025-11-10T06:00,15.7,90,0.0,0.0,0,0,3.8,6.1,945.3
2025-11-10T07:00,18.0,82,0.0,0.0,0,0,5.0,10.8,946.8
2025-11-10T08:00,20.7,68,0.0,0.0,0,0,4.1,12.6,947.7
2025-11-10T09:00,23.4,53,0.0,0.0,0,0,7.8,18.4,948.5
2025-11-10T10:00,24.9,45,0.0,0.0,0,0,7.8,20.9,948.1
2025-11-10T11:00,25.7,44,0.0,0.0,0,0,6.0,20.2,947.5
2025-11-10T12:00,26.6,43,0.0,0.0,0,0,4.4,17.6,946.6
2025-11-10T13:00,27.0,42,0.0,0.0,0,0,4.8,16.2,945.8
2025-11-10T14:00,27.2,43,0.0,0.0,0,0,6.6,17.6,944.9
2025-11-10T15:00,26.9,44,0.0,0.0,0,10,8.6,18.7,944.7
2025-11-10T16:00,26.1,46,0.0,0.0,0,5,10.8,19.8,944.9
2025-11-10T17:00,23.7,55,0.0,0.0,0,0,9.4,19.4,944.8
2025-11-10T18:00,21.9,61,0.0,0.0,0,0,6.6,15.5,945.1
2025-11-10T19:00,21.2,66,0.0,0.0,0,1,4.6,9.4,945.7
2025-11-10T20:00,20.8,71,0.0,0.0,0,5,2.4,5.8,946.2
2025-11-10T21:00,20.0,75,0.0,0.0,0,0,5.1,6.5,946.3
2025-11-10T22:00,19.9,70,0.0,0.0,0,3,4.1,6.5,946.2
2025-11-10T23:00,19.4,68,0.0,0.0,0,0,4.0,5.4,945.8
2025-11-11T00:00,19.1,68,0.0,0.0,0,2,2.7,5.4,945.6
2025-11-11T01:00,18.9,70,0.0,0.0,0,4,1.5,3.6,945.1
2025-11-11T02:00,18.7,72,0.0,0.0,0,13,0.9,2.2,944.7
2025-11-11T03:00,18.3,76,0.0,0.0,0,2,1.9,2.5,944.6
2025-11-11T04:00,17.8,80,0.0,0.0,0,0,3.7,4.7,944.7
2025-11-11T05:00,17.9,79,0.0,0.0,0,3,2.6,5.0,945.3
2025-11-11T06:00,17.7,80,0.0,0.0,0,0,1.8,3.6,946.1
2025-11-11T07:00,19.5,76,0.0,0.0,0,0,4.2,9.0,947.4
2025-11-11T08:00,21.6,62,0.0,0.0,0,0,5.0,13.7,948.3
2025-11-11T09:00,23.9,53,0.0,0.0,0,0,6.1,16.6,948.7
2025-11-11T10:00,25.7,46,0.0,0.0,0,0,5.7,17.6,948.7
2025-11-11T11:00,26.5,45,0.0,0.0,0,1,4.6,17.3,948.1
2025-11-11T12:00,27.4,44,0.0,0.0,0,2,4.6,16.6,947.2
2025-11-11T13:00,27.8,44,0.0,0.0,0,5,5.1,16.9,946.1
2025-11-11T14:00,28.0,43,0.0,0.0,0,9,6.2,17.3,945.4
2025-11-11T15:00,27.9,44,0.0,0.0,0,6,8.4,18.4,945.1
2025-11-11T16:00,27.0,46,0.0,0.0,1,46,14.9,25.9,945.1
2025-11-11T17:00,24.7,55,0.0,0.0,1,20,10.9,30.6,945.3
2025-11-11T18:00,23.0,61,0.0,0.0,0,7,6.4,18.0,945.7
2025-11-11T19:00,22.2,66,0.0,0.0,0,1,3.1,9.4,946.5
2025-11-11T20:00,21.3,68,0.0,0.0,0,0,2.9,4.0,947.1
2025-11-11T21:00,20.4,69,0.0,0.0,0,0,5.1,6.5,947.2
2025-11-11T22:00,20.2,69,0.0,0.0,0,0,3.6,6.5,947.3
2025-11-11T23:00,19.9,71,0.0,0.0,0,0,2.5,5.0,946.9
2025-11-12T00:00,19.2,74,0.0,0.0,0,0,2.3,3.6,946.4
2025-11-12T01:00,18.7,77,0.0,0.0,0,0,1.9,3.2,945.8
2025-11-12T02:00,18.2,78,0.0,0.0,0,0,2.6,3.6,945.2
2025-11-12T03:00,18.0,78,0.0,0.0,0,0,3.3,4.3,945.1
2025-11-12T04:00,17.8,77,0.0,0.0,0,0,3.6,4.7,945.1
2025-11-12T05:00,17.9,75,0.0,0.0,0,0,3.1,4.7,945.8
2025-11-12T06:00,17.6,78,0.0,0.0,0,0,5.2,6.5,946.5
2025-11-12T07:00,19.8,70,0.0,0.0,0,0,7.9,13.7,947.5
2025-11-12T08:00,21.9,58,0.0,0.0,0,1,7.0,15.8,948.5
2025-11-12T09:00,24.0,50,0.0,0.0,0,0,8.5,19.8,949.0
2025-11-12T10:00,25.9,42,0.0,0.0,0,0,10.2,23.0,948.9
2025-11-12T11:00,27.1,41,0.0,0.0,0,0,8.0,23.0,948.5
2025-11-12T12:00,28.0,39,0.0,0.0,0,0,6.5,20.2,947.7
2025-11-12T13:00,28.5,38,0.0,0.0,0,0,5.4,18.7,946.8
2025-11-12T14:00,28.8,37,0.0,0.0,0,0,4.6,16.6,946.2
2025-11-12T15:00,28.6,37,0.0,0.0,0,0,5.6,14.4,946.0
2025-11-12T16:00,27.7,42,0.0,0.0,0,0,6.7,14.0,946.2
2025-11-12T17:00,24.5,56,0.0,0.0,0,0,4.7,11.2,946.2
2025-11-12T18:00,22.6,58,0.0,0.0,0,0,6.2,7.6,946.6
2025-11-12T19:00,21.6,59,0.0,0.0,0,0,7.6,10.8,947.4
2025-11-12T20:00,20.8,59,0.0,0.0,0,0,7.5,11.2,948.0
2025-11-12T21:00,20.1,61,0.0,0.0,0,0,6.9,10.8,948.0
2025-11-12T22:00,19.6,64,0.0,0.0,0,0,5.3,9.0,947.9
2025-11-12T23:00,19.1,64,0.0,0.0,0,0,4.7,6.8,947.7
2025-11-13T00:00,19.0,64,0.0,0.0,0,0,3.0,6.1,947.2
2025-11-13T01:00,18.7,66,0.0,0.0,0,0,2.9,4.0,946.4
2025-11-13T02:00,17.9,72,0.0,0.0,0,0,4.0,5.4,946.1
2025-11-13T03:00,17.3,75,0.0,0.0,0,0,4.1,5.4,945.9
2025-11-13T04:00,16.9,76,0.0,0.0,0,0,4.0,5.4,946.0
2025-11-13T05:00,16.6,79,0.0,0.0,0,0,4.7,5.0,946.4
2025-11-13T06:00,16.6,78,0.0,0.0,0,0,4.2,6.5,947.4
2025-11-13T07:00,19.0,70,0.0,0.0,0,0,7.0,11.9,948.7
2025-11-13T08:00,21.3,59,0.0,0.0,0,0,6.3,14.8,949.7
2025-11-13T09:00,23.7,49,0.0,0.0,0,0,7.4,18.0,950.5
2025-11-13T10:00,25.7,39,0.0,0.0,0,0,8.7,21.2,950.1
2025-11-13T11:00,26.8,37,0.0,0.0,0,0,7.1,21.2,949.6
2025-11-13T12:00,27.8,34,0.0,0.0,0,0,6.7,19.4,948.6
2025-11-13T13:00,28.3,33,0.0,0.0,0,0,6.7,19.1,947.6
2025-11-13T14:00,28.4,32,0.0,0.0,0,0,7.3,18.4,946.8
2025-11-13T15:00,28.1,32,0.0,0.0,0,1,8.7,18.4,946.4
2025-11-13T16:00,26.8,39,0.0,0.0,0,0,8.9,18.0,946.3
2025-11-13T17:00,23.3,49,0.0,0.0,0,0,7.4,14.8,946.1
2025-11-13T18:00,22.0,47,0.0,0.0,0,0,9.1,13.7,946.6
2025-11-13T19:00,21.2,50,0.0,0.0,0,0,8.8,14.0,947.6
2025-11-13T20:00,19.9,54,0.0,0.0,0,0,8.4,13.7,948.0
2025-11-13T21:00,18.7,58,0.0,0.0,0,0,7.6,12.6,948.1
2025-11-13T22:00,18.0,60,0.0,0.0,0,0,7.2,10.4,948.0
2025-11-13T23:00,17.5,64,0.0,0.0,0,0,6.6,9.7,947.7
2025-11-14T00:00,17.0,67,0.0,0.0,0,0,6.6,8.6,947.1
2025-11-14T01:00,16.7,69,0.0,0.0,0,0,5.1,8.6,946.3
2025-11-14T02:00,16.3,71,0.0,0.0,0,0,4.3,6.5,945.7
2025-11-14T03:00,16.0,71,0.0,0.0,0,0,3.8,5.8,945.5
2025-11-14T04:00,15.5,72,0.0,0.0,0,0,3.0,5.0,945.3
2025-11-14T05:00,15.0,76,0.0,0.0,0,0,2.7,4.3,946.0
2025-11-14T06:00,14.9,79,0.0,0.0,0,0,2.3,4.0,946.8
2025-11-14T07:00,17.3,74,0.0,0.0,0,0,5.0,8.3,947.9
2025-11-14T08:00,19.7,62,0.0,0.0,0,0,4.8,13.0,949.0
2025-11-14T09:00,22.1,52,0.0,0.0,0,2,7.9,19.1,949.7
2025-11-14T10:00,23.8,44,0.0,0.0,0,0,8.8,22.0,949.4
2025-11-14T11:00,24.9,39,0.0,0.0,0,0,6.1,21.6,948.8
2025-11-14T12:00,25.9,38,0.0,0.0,0,3,5.4,18.4,948.0
2025-11-14T13:00,26.6,36,0.0,0.0,0,3,5.3,17.6,947.0
2025-11-14T14:00,27.1,35,0.0,0.0,0,0,6.1,16.9,946.3
2025-11-14T15:00,27.2,35,0.0,0.0,0,0,7.4,16.9,945.8
2025-11-14T16:00,26.5,39,0.0,0.0,0,0,7.6,16.6,946.0
2025-11-14T17:00,22.9,50,0.0,0.0,1,36,6.7,13.0,945.7
2025-11-14T18:00,21.1,54,0.0,0.0,0,0,7.3,10.4,946.1
2025-11-14T19:00,19.9,60,0.0,0.0,0,0,6.1,10.1,947.0
2025-11-14T20:00,19.1,63,0.0,0.0,0,0,5.2,7.9,947.7
2025-11-14T21:00,18.4,66,0.0,0.0,0,0,6.2,8.3,948.1
2025-11-14T22:00,18.2,67,0.0,0.0,0,0,4.9,8.3,947.7
2025-11-14T23:00,17.6,71,0.0,0.0,0,0,3.1,6.5,947.4
2025-11-15T00:00,16.9,73,0.0,0.0,0,0,2.4,4.3,946.7
2025-11-15T01:00,16.1,76,0.0,0.0,0,0,3.1,4.3,946.1
2025-11-15T02:00,15.9,77,0.0,0.0,0,13,1.3,4.3,945.6
2025-11-15T03:00,15.9,77,0.0,0.0,1,30,1.1,2.2,945.6
2025-11-15T04:00,15.5,83,0.0,0.0,2,55,1.8,2.5,945.5
2025-11-15T05:00,15.2,90,0.0,0.0,0,0,2.1,3.6,946.4
2025-11-15T06:00,15.1,91,0.0,0.0,0,0,1.9,2.9,947.1
2025-11-15T07:00,17.3,84,0.0,0.0,0,0,4.4,8.6,948.6
2025-11-15T08:00,20.2,63,0.0,0.0,0,0,4.5,12.6,949.6
2025-11-15T09:00,22.6,50,0.0,0.0,0,0,7.5,18.4,950.5
2025-11-15T10:00,24.0,44,0.0,0.0,0,0,8.9,22.0,950.2
2025-11-15T11:00,25.1,41,0.0,0.0,0,0,8.1,22.0,950.0
2025-11-15T12:00,26.1,36,0.0,0.0,0,0,7.4,20.9,949.1
2025-11-15T13:00,26.7,35,0.0,0.0,0,0,6.9,20.2,948.3
2025-11-15T14:00,26.9,34,0.0,0.0,0,0,7.6,19.1,947.7
2025-11-15T15:00,26.8,33,0.0,0.0,0,0,8.5,19.1,947.3
2025-11-15T16:00,25.9,37,0.0,0.0,0,0,8.1,18.4,947.2
2025-11-15T17:00,22.6,47,0.0,0.0,0,0,7.7,13.7,947.1
2025-11-15T18:00,21.2,49,0.0,0.0,0,0,9.4,14.8,947.4
2025-11-15T19:00,20.3,52,0.0,0.0,0,0,10.1,16.2,948.0
2025-11-15T20:00,19.1,59,0.0,0.0,0,0,8.1,16.6,948.6
2025-11-15T21:00,18.1,67,0.0,0.0,0,15,2.8,12.6,948.8
2025-11-15T22:00,17.6,71,0.0,0.0,0,0,2.7,3.6,948.7
2025-11-15T23:00,17.4,72,0.0,0.0,0,0,2.9,4.0,948.3
2025-11-16T00:00,17.0,72,0.0,0.0,0,9,3.2,4.3,947.8
2025-11-16T01:00,16.7,72,0.0,0.0,1,31,2.3,4.3,947.2
2025-11-16T02:00,16.5,72,0.0,0.0,0,15,1.8,3.2,947.0
2025-11-16T03:00,16.0,76,0.0,0.0,3,88,1.8,2.5,946.5
2025-11-16T04:00,15.7,79,0.0,0.0,3,93,1.9,2.9,946.8
2025-11-16T05:00,15.3,77,0.0,0.0,2,69,5.1,3.2,947.4
2025-11-16T06:00,15.6,76,0.0,0.0,3,100,4.5,7.2,948.1
2025-11-16T07:00,18.1,69,0.0,0.0,3,100,6.2,8.3,949.6
2025-11-16T08:00,20.2,62,0.0,0.0,3,100,3.9,11.9,951.1
2025-11-16T09:00,22.4,52,0.0,0.0,1,41,6.7,17.3,951.8
2025-11-16T10:00,24.2,42,0.0,0.0,1,45,10.9,24.5,951.7
2025-11-16T11:00,25.2,40,0.0,0.0,1,37,9.4,24.8,951.2
2025-11-16T12:00,26.3,37,0.0,0.0,0,15,8.8,23.0,950.1
2025-11-16T13:00,26.9,35,0.0,0.0,0,0,8.7,22.0,949.0
2025-11-16T14:00,27.1,33,0.0,0.0,0,2,9.0,21.6,948.4
2025-11-16T15:00,26.9,33,0.0,0.0,0,0,9.6,20.9,947.8
2025-11-16T16:00,25.9,36,0.0,0.0,0,0,9.0,19.8,947.7
2025-11-16T17:00,22.5,48,0.0,0.0,0,0,6.7,15.1,947.6
2025-11-16T18:00,20.7,51,0.0,0.0,0,0,7.8,10.4,947.8
2025-11-16T19:00,19.9,55,0.0,0.0,0,0,8.2,11.9,948.7
2025-11-16T20:00,19.1,59,0.0,0.0,0,0,8.4,12.2,949.3
2025-11-16T21:00,18.4,61,0.0,0.0,0,0,8.4,13.0,949.3
2025-11-16T22:00,17.5,65,0.0,0.0,0,0,8.2,12.6,948.9
2025-11-16T23:00,16.7,69,0.0,0.0,0,0,7.7,11.9,948.5
2025-11-17T00:00,16.3,69,0.0,0.0,0,0,6.8,9.7,947.9
2025-11-17T01:00,15.9,70,0.0,0.0,0,0,6.4,8.6,947.3
2025-11-17T02:00,15.5,71,0.0,0.0,0,0,6.4,8.3,946.7
2025-11-17T03:00,15.2,71,0.0,0.0,0,0,4.8,8.3,946.7
2025-11-17T04:00,15.0,72,0.0,0.0,0,0,4.3,6.1,946.8
2025-11-17T05:00,14.8,73,0.0,0.0,0,0,6.9,6.5,947.0
2025-11-17T06:00,14.8,74,0.0,0.0,0,0,6.4,9.4,948.0
2025-11-17T07:00,17.6,65,0.0,0.0,0,0,8.8,11.9,949.4
2025-11-17T08:00,19.9,57,0.0,0.0,0,0,9.0,18.7,950.4
2025-11-17T09:00,22.4,46,0.0,0.0,0,0,11.8,24.1,950.9
2025-11-17T10:00,24.2,38,0.0,0.0,0,1,13.3,28.1,950.5
2025-11-17T11:00,25.2,36,0.0,0.0,0,4,10.5,28.1,950.3
2025-11-17T12:00,26.1,34,0.0,0.0,0,2,9.5,24.1,949.1
2025-11-17T13:00,26.7,33,0.0,0.0,1,27,8.5,23.0,948.1
2025-11-17T14:00,27.0,32,0.0,0.0,0,11,8.7,21.2,947.4
2025-11-17T15:00,26.7,34,0.0,0.0,1,26,9.7,20.9,947.0
2025-11-17T16:00,25.8,38,0.0,0.0,2,51,9.7,20.2,946.8
2025-11-17T17:00,22.6,48,0.0,0.0,1,47,7.6,16.2,947.0
2025-11-17T18:00,21.3,49,0.0,0.0,0,9,8.5,13.0,947.1
2025-11-17T19:00,20.1,54,0.0,0.0,0,14,7.9,13.0,947.7
2025-11-17T20:00,19.1,59,0.0,0.0,0,2,6.7,11.5,948.2
2025-11-17T21:00,18.5,62,0.0,0.0,2,57,5.7,8.6,948.6
2025-11-17T22:00,18.0,66,0.0,0.0,2,61,5.6,7.6,948.3
2025-11-17T23:00,17.2,70,0.0,0.0,2,67,6.0,7.2,947.7
2025-11-18T00:00,16.9,70,0.0,0.0,3,93,5.8,7.6,947.2
2025-11-18T01:00,16.7,70,0.0,0.0,3,95,4.2,7.2,946.7
2025-11-18T02:00,16.4,70,0.0,0.0,2,52,3.9,5.4,946.2
2025-11-18T03:00,15.7,71,0.0,0.0,3,90,5.4,6.8,945.8
2025-11-18T04:00,15.3,71,0.0,0.0,3,97,4.7,6.8,945.8
2025-11-18T05:00,15.2,70,0.0,0.0,3,98,3.7,6.1,946.4
2025-11-18T06:00,15.0,70,0.0,0.0,0,14,4.2,5.4,946.9
2025-11-18T07:00,17.3,63,0.0,0.0,0,1,7.0,9.4,947.8
2025-11-18T08:00,19.7,54,0.0,0.0,0,3,6.4,15.1,948.9
2025-11-18T09:00,22.2,47,0.0,0.0,0,0,8.4,19.4,949.5
2025-11-18T10:00,24.1,42,0.0,0.0,0,0,8.3,21.6,949.2
2025-11-18T11:00,25.5,43,0.0,0.0,0,0,6.1,20.9,948.5
2025-11-18T12:00,26.6,42,0.0,0.0,0,0,3.9,18.0,947.5
2025-11-18T13:00,27.2,41,0.0,0.0,0,0,1.6,15.8,946.4
2025-11-18T14:00,27.5,40,0.0,0.0,0,0,2.9,13.3,945.6
2025-11-18T15:00,27.4,40,0.0,0.0,0,0,4.6,13.3,945.2
2025-11-18T16:00,26.8,43,0.0,0.0,0,0,6.5,13.3,944.9
2025-11-18T17:00,23.5,61,0.0,0.0,0,0,5.2,11.9,944.5
2025-11-18T18:00,21.5,67,0.0,0.0,0,0,4.1,7.2,944.8
2025-11-18T19:00,21.2,68,0.0,0.0,0,0,1.0,5.4,945.5
2025-11-18T20:00,20.0,70,0.0,0.0,0,0,5.5,6.5,946.2
2025-11-18T21:00,19.2,70,0.0,0.0,0,0,6.2,9.4,946.5
2025-11-18T22:00,18.1,72,0.0,0.0,0,0,6.1,9.0,946.5
2025-11-18T23:00,17.6,74,0.0,0.0,0,0,7.4,9.0,946.3
2025-11-19T00:00,16.9,77,0.0,0.0,0,0,6.8,11.2,945.9
2025-11-19T01:00,16.6,77,0.0,0.0,0,0,4.9,9.4,945.4
2025-11-19T02:00,16.5,78,0.0,0.0,0,0,3.0,6.1,945.0
2025-11-19T03:00,16.3,80,0.0,0.0,0,0,2.7,4.0,945.1
2025-11-19T04:00,15.8,81,0.0,0.0,0,0,3.3,4.3,945.1
2025-11-19T05:00,15.5,80,0.0,0.0,0,0,3.1,4.7,945.5
2025-11-19T06:00,15.4,79,0.0,0.0,0,0,1.7,4.0,946.4
2025-11-19T07:00,17.5,76,0.0,0.0,0,0,4.3,6.8,947.8
2025-11-19T08:00,20.2,64,0.0,0.0,0,0,4.3,12.2,949.1
2025-11-19T09:00,22.8,51,0.0,0.0,0,0,6.5,16.9,949.6
2025-11-19T10:00,24.5,44,0.0,0.0,0,0,5.5,18.0,949.3
2025-11-19T11:00,25.4,44,0.0,0.0,0,0,4.6,17.3,948.5
2025-11-19T12:00,26.5,42,0.0,0.0,0,0,4.9,17.3,947.6
2025-11-19T13:00,27.1,40,0.0,0.0,0,0,5.4,17.3,946.7
2025-11-19T14:00,27.5,40,0.0,0.0,0,0,7.2,18.7,945.8
2025-11-19T15:00,27.5,39,0.0,0.0,0,0,9.4,20.2,945.5
2025-11-19T16:00,26.6,40,0.0,0.0,0,0,10.3,20.2,945.4
2025-11-19T17:00,23.5,55,0.0,0.0,0,0,7.1,17.6,945.1
2025-11-19T18:00,21.4,64,0.0,0.0,0,0,5.8,11.2,945.4
2025-11-19T19:00,20.7,66,0.0,0.0,0,0,2.7,7.2,946.3
2025-11-19T20:00,19.9,68,0.0,0.0,0,0,2.4,3.6,947.0
2025-11-19T21:00,19.3,65,0.0,0.0,0,0,4.0,5.8,947.3
2025-11-19T22:00,18.9,64,0.0,0.0,0,0,2.1,5.0,947.3
2025-11-19T23:00,18.1,65,0.0,0.0,0,0,2.2,2.9,947.0
2025-11-20T00:00,17.0,67,0.0,0.0,0,0,3.4,4.3,946.4
2025-11-20T01:00,16.4,69,0.0,0.0,0,0,3.6,5.0,946.0
2025-11-20T02:00,15.8,70,0.0,0.0,0,0,2.6,4.7,945.7
2025-11-20T03:00,15.6,71,0.0,0.0,0,0,1.5,3.6,945.7
2025-11-20T04:00,15.2,75,0.0,0.0,0,0,1.6,2.5,945.5
2025-11-20T05:00,14.4,90,0.0,0.0,0,0,3.5,4.0,946.0
2025-11-20T06:00,14.0,89,0.0,0.0,0,0,3.8,5.0,946.7
2025-11-20T07:00,16.5,81,0.0,0.0,0,0,7.1,10.4,948.0
2025-11-20T08:00,19.5,66,0.0,0.0,0,0,4.5,12.6,949.0
2025-11-20T09:00,22.4,50,0.0,0.0,0,0,6.4,16.9,949.8
2025-11-20T10:00,24.2,44,0.0,0.0,0,0,7.8,20.2,949.5
2025-11-20T11:00,25.5,41,0.0,0.0,0,0,7.3,20.9,948.9
2025-11-20T12:00,26.6,39,0.0,0.0,0,0,6.8,20.2,947.7
2025-11-20T13:00,27.4,38,0.0,0.0,0,0,6.6,19.4,947.0
2025-11-20T14:00,27.8,37,0.0,0.0,0,0,7.1,18.4,946.3
2025-11-20T15:00,27.8,37,0.0,0.0,0,0,8.0,18.0,946.1
2025-11-20T16:00,27.0,40,0.0,0.0,0,0,8.5,17.6,946.2
2025-11-20T17:00,23.5,51,0.0,0.0,0,0,7.0,14.4,945.8
2025-11-20T18:00,22.2,52,0.0,0.0,0,0,8.5,13.0,946.3
2025-11-20T19:00,21.3,55,0.0,0.0,0,0,8.4,13.0,947.2
2025-11-20T20:00,20.0,60,0.0,0.0,0,0,7.6,13.0,947.9
2025-11-20T21:00,19.1,64,0.0,0.0,0,0,7.7,11.2,948.1
2025-11-20T22:00,18.5,68,0.0,0.0,0,0,6.7,11.2,948.0
2025-11-20T23:00,17.5,73,0.0,0.0,0,0,6.4,8.6,947.8
2025-11-21T00:00,16.8,77,0.0,0.0,0,0,6.6,9.0,947.2
2025-11-21T01:00,16.7,77,0.0,0.0,0,0,4.9,8.6,946.8
2025-11-21T02:00,16.7,77,0.0,0.0,0,0,3.3,6.1,946.5
2025-11-21T03:00,16.8,77,0.0,0.0,0,0,1.8,4.3,946.4
2025-11-21T04:00,16.7,78,0.0,0.0,0,0,1.8,2.9,946.6
2025-11-21T05:00,16.3,76,0.0,0.0,0,0,4.9,3.6,947.1
2025-11-21T06:00,16.4,77,0.0,0.0,0,7,4.5,6.5,948.0
2025-11-21T07:00,19.0,69,0.0,0.0,1,43,7.2,9.4,949.3
2025-11-21T08:00,21.6,62,0.0,0.0,1,45,6.8,14.8,950.7
2025-11-21T09:00,23.7,65,0.0,0.0,1,25,9.0,20.5,951.2
2025-11-21T10:00,25.4,66,0.0,0.0,2,66,14.6,28.8,951.1
2025-11-21T11:00,26.6,57,0.0,0.0,1,44,13.3,29.9,950.8
2025-11-21T12:00,27.9,50,0.0,0.0,2,74,11.8,27.4,949.8
2025-11-21T13:00,28.2,49,0.0,0.0,0,16,10.1,25.6,948.4
2025-11-21T14:00,28.6,49,0.0,0.0,3,87,8.4,22.7,947.6
2025-11-21T15:00,28.6,49,0.0,0.0,3,100,8.2,19.8,947.3
2025-11-21T16:00,28.0,50,0.0,0.0,3,98,7.5,18.0,947.2
2025-11-21T17:00,25.4,63,0.0,0.0,2,56,5.6,12.6,947.2
2025-11-21T18:00,24.4,65,0.0,0.0,2,53,7.2,11.2,948.0
2025-11-21T19:00,23.0,69,0.0,0.0,3,96,7.3,11.5,948.5
2025-11-21T20:00,21.8,75,0.0,0.0,3,99,6.7,11.5,948.5
2025-11-21T21:00,21.1,75,0.0,0.0,3,81,6.7,10.1,948.3
2025-11-21T22:00,20.5,76,0.0,0.0,1,44,5.6,9.0,948.4
2025-11-21T23:00,20.2,81,0.0,0.0,1,24,3.7,11.9,948.5
2025-11-22T00:00,19.4,85,0.0,0.0,0,6,6.7,9.0,948.1
2025-11-22T01:00,19.3,87,0.0,0.0,0,5,7.0,10.1,947.5
2025-11-22T02:00,19.1,89,0.0,0.0,0,3,6.8,10.8,947.2
2025-11-22T03:00,18.8,90,0.0,0.0,0,14,7.2,11.2,947.2
2025-11-22T04:00,18.4,92,0.0,0.0,0,7,5.6,11.2,947.1
2025-11-22T05:00,19.1,93,0.0,0.0,1,30,7.2,8.3,947.7
2025-11-22T06:00,19.2,95,0.0,0.0,1,42,6.4,12.2,948.2
2025-11-22T07:00,20.6,94,0.0,0.0,2,52,9.8,17.6,949.1
2025-11-22T08:00,22.4,86,0.0,0.0,1,30,10.1,20.9,950.1
2025-11-22T09:00,25.0,71,0.0,0.0,3,97,15.2,29.2,950.7
2025-11-22T10:00,26.5,63,0.0,0.0,1,36,14.5,30.2,950.2
2025-11-22T11:00,27.4,61,0.0,0.0,1,34,11.9,29.2,949.9
2025-11-22T12:00,28.6,55,0.0,0.0,2,62,9.3,25.6,948.9
2025-11-22T13:00,29.0,52,0.0,0.0,1,35,7.9,22.7,947.8
2025-11-22T14:00,29.1,50,0.0,0.0,3,93,7.6,19.8,946.7
2025-11-22T15:00,28.8,50,0.0,0.0,3,99,8.3,18.7,946.5
2025-11-22T16:00,28.1,53,0.0,0.0,3,100,9.5,18.0,946.5
2025-11-22T17:00,25.4,61,0.0,0.0,3,99,5.7,16.9,946.4
2025-11-22T18:00,24.7,64,0.0,0.0,3,100,12.2,18.7,947.1
2025-11-22T19:00,23.8,66,0.0,0.0,3,99,10.1,20.5,947.7
2025-11-22T20:00,22.8,69,0.0,0.0,3,99,10.0,16.6,948.0
2025-11-22T21:00,22.1,75,0.0,0.0,3,99,8.5,16.6,948.1
2025-11-22T22:00,21.2,81,0.0,0.0,3,94,6.9,13.3,947.9
2025-11-22T23:00,20.6,87,0.0,0.0,3,95,7.5,10.8,947.9
2025-11-23T00:00,20.3,88,0.0,0.0,1,38,7.1,11.5,947.7
2025-11-23T01:00,19.6,89,0.0,0.0,3,92,5.3,10.8,946.9
2025-11-23T02:00,19.3,90,0.0,0.0,3,100,2.9,6.8,946.7
2025-11-23T03:00,19.0,91,0.0,0.0,3,100,2.4,4.0,946.5
2025-11-23T04:00,18.3,93,0.0,0.0,3,100,4.3,5.0,946.6
2025-11-23T05:00,19.1,93,0.0,0.0,3,93,7.6,8.3,947.4
2025-11-23T06:00,18.7,95,0.0,0.0,3,89,5.6,12.2,947.9
2025-11-23T07:00,20.6,93,0.0,0.0,3,100,6.9,12.2,949.0
2025-11-23T08:00,23.0,85,0.0,0.0,3,91,6.8,15.8,949.9
2025-11-23T09:00,25.1,73,0.0,0.0,0,6,9.9,22.3,950.5
2025-11-23T10:00,26.7,62,0.0,0.0,0,9,9.9,23.8,950.1
2025-11-23T11:00,27.8,57,0.0,0.0,0,13,7.6,23.4,949.7
2025-11-23T12:00,28.8,52,0.0,0.0,1,21,6.7,20.5,948.7
2025-11-23T13:00,29.1,50,0.0,0.0,1,27,6.9,19.4,947.5
2025-11-23T14:00,29.2,48,0.0,0.0,1,22,6.2,19.1,946.6
2025-11-23T15:00,29.3,46,0.0,0.0,1,27,7.2,16.9,946.1
2025-11-23T16:00,28.9,46,0.0,0.0,1,20,8.4,16.6,945.8
2025-11-23T17:00,26.3,58,0.0,0.0,1,41,5.5,15.1,946.2
2025-11-23T18:00,25.2,60,0.0,0.0,3,94,10.3,16.2,946.7
2025-11-23T19:00,24.0,69,0.0,0.0,3,98,9.8,17.3,947.3
2025-11-23T20:00,23.2,72,0.0,0.0,3,88,9.0,15.8,948.0
2025-11-23T21:00,22.5,75,0.0,0.0,3,96,7.8,14.8,947.9
2025-11-23T22:00,21.5,79,0.0,0.0,3,98,5.2,12.2,948.0
2025-11-23T23:00,21.4,82,0.0,0.0,2,66,6.8,7.9,948.1
2025-11-24T00:00,21.0,83,0.0,0.0,1,36,7.0,11.2,947.6
2025-11-24T01:00,20.4,83,0.0,0.0,1,49,6.7,11.2,947.2
2025-11-24T02:00,19.7,84,0.0,0.0,0,2,6.0,10.1,946.8
2025-11-24T03:00,19.3,83,0.0,0.0,3,98,5.3,8.6,946.5
2025-11-24T04:00,19.0,81,0.0,0.0,3,99,6.9,10.1,946.5
2025-11-24T05:00,19.2,84,0.0,0.0,0,2,7.8,11.2,947.1
2025-11-24T06:00,18.6,88,0.0,0.0,0,9,5.8,12.6,947.7
2025-11-24T07:00,20.3,83,0.0,0.0,2,60,6.7,12.6,948.5
2025-11-24T08:00,22.8,81,0.0,0.0,3,87,7.4,16.6,949.6
2025-11-24T09:00,24.8,74,0.0,0.0,3,97,9.1,21.2,950.3
2025-11-24T10:00,26.6,62,0.0,0.0,3,100,10.0,23.4,950.1
2025-11-24T11:00,27.7,52,0.0,0.0,3,98,10.3,23.8,949.8
2025-11-24T12:00,28.6,46,0.0,0.0,1,30,9.8,24.1,948.5
2025-11-24T13:00,29.2,42,0.0,0.0,0,6,9.3,23.4,947.5
2025-11-24T14:00,29.3,41,0.0,0.0,0,5,9.6,22.3,946.8
2025-11-24T15:00,29.2,40,0.0,0.0,1,35,10.6,22.0,946.6
2025-11-24T16:00,28.5,40,0.0,0.0,0,0,10.6,21.6,946.5
2025-11-24T17:00,25.5,50,0.0,0.0,0,3,6.0,18.0,946.8
2025-11-24T18:00,24.3,50,0.0,0.0,0,9,8.4,13.0,947.3
2025-11-24T19:00,23.3,51,0.0,0.0,1,22,9.5,15.5,947.8
2025-11-24T20:00,22.0,58,0.0,0.0,2,62,8.6,15.5,948.1
2025-11-24T21:00,21.0,66,0.0,0.0,3,84,7.6,13.7,948.4
2025-11-24T22:00,20.1,68,0.0,0.0,0,4,6.8,11.5,948.2
2025-11-24T23:00,19.3,72,0.0,0.0,0,9,6.2,9.4,947.9
2025-11-25T00:00,18.7,74,0.0,0.0,1,48,7.4,11.2,947.8
2025-11-25T01:00,18.6,73,0.0,0.0,0,0,7.6,11.2,947.2
2025-11-25T02:00,18.3,77,0.0,0.0,0,0,7.3,10.8,946.7
2025-11-25T03:00,17.7,80,0.0,0.0,0,0,7.1,11.9,946.7
2025-11-25T04:00,16.8,89,0.0,0.0,2,63,6.6,10.8,946.8
2025-11-25T05:00,18.1,90,0.0,0.0,3,100,7.8,10.4,947.6
2025-11-25T06:00,19.6,99,0.0,0.0,3,100,12.7,22.0,948.3
2025-11-25T07:00,20.2,92,0.0,0.0,2,63,12.1,22.0,948.9
2025-11-25T08:00,22.0,79,0.0,0.0,1,34,13.9,26.3,950.0
2025-11-25T09:00,23.8,67,0.0,0.0,1,24,13.2,27.4,950.8
2025-11-25T10:00,25.2,60,0.0,0.0,0,7,12.3,27.7,950.2
2025-11-25T11:00,26.7,53,0.0,0.0,0,0,12.6,27.0,949.9
2025-11-25T12:00,27.9,46,0.0,0.0,0,1,11.9,27.7,948.7
2025-11-25T13:00,28.6,43,0.0,0.0,0,10,12.3,26.6,947.5
2025-11-25T14:00,28.7,42,0.0,0.0,0,2,12.5,27.0,946.6
2025-11-25T15:00,28.4,43,0.0,0.0,0,4,12.2,26.3,946.3
2025-11-25T16:00,27.7,45,0.0,0.0,0,15,11.9,24.1,946.1
2025-11-25T17:00,25.2,57,0.0,0.0,1,32,7.2,21.2,946.4
2025-11-25T18:00,23.4,65,0.0,0.0,1,24,6.4,11.9,946.8
2025-11-25T19:00,22.2,70,0.0,0.0,0,17,5.9,10.1,947.1
2025-11-25T20:00,21.4,74,0.0,0.0,0,1,4.3,8.6,947.4
2025-11-25T21:00,20.5,78,0.0,0.0,0,5,4.4,5.4,947.3
2025-11-25T22:00,19.7,82,0.0,0.0,0,1,6.4,9.7,947.3
2025-11-25T23:00,19.3,85,0.0,0.0,0,3,6.3,9.7,947.1
2025-11-26T00:00,18.9,87,0.0,0.0,1,21,3.9,9.4,946.8
2025-11-26T01:00,18.6,88,0.0,0.0,0,0,4.0,5.0,946.2
2025-11-26T02:00,18.0,90,0.0,0.0,0,0,4.0,5.0,945.7
2025-11-26T03:00,17.5,91,0.0,0.0,0,0,5.8,8.3,945.8
2025-11-26T04:00,17.1,92,0.0,0.0,0,0,5.6,8.6,945.9
2025-11-26T05:00,16.7,95,0.0,0.0,1,20,5.9,7.6,946.1
2025-11-26T06:00,17.7,96,0.0,0.0,3,100,5.5,9.0,947.2
2025-11-26T07:00,19.0,98,0.0,0.0,3,100,9.7,18.7,948.7
2025-11-26T08:00,20.2,90,0.0,0.0,2,60,9.6,19.4,949.7
2025-11-26T09:00,22.8,72,0.0,0.0,1,23,12.2,25.6,950.5
2025-11-26T10:00,24.8,61,0.0,0.0,2,76,10.3,25.9,950.2
2025-11-26T11:00,26.4,53,0.0,0.0,2,51,12.8,27.0,949.6
2025-11-26T12:00,27.6,46,0.0,0.0,3,82,13.3,28.8,948.7
2025-11-26T13:00,28.1,43,0.0,0.0,3,96,13.1,28.8,947.8
2025-11-26T14:00,28.3,41,0.0,0.0,3,80,13.8,28.1,947.3
2025-11-26T15:00,28.1,41,0.0,0.0,1,30,13.8,28.1,947.0
2025-11-26T16:00,27.4,42,0.0,0.0,0,5,13.3,26.6,947.1
2025-11-26T17:00,25.3,52,0.0,0.0,0,9,9.4,23.4,947.7
2025-11-26T18:00,23.5,59,0.0,0.0,0,17,6.8,15.8,948.3
2025-11-26T19:00,22.2,66,0.0,0.0,1,20,6.5,10.4,948.7
2025-11-26T20:00,21.1,72,0.0,0.0,0,1,6.1,10.1,949.0
2025-11-26T21:00,20.5,77,0.0,0.0,0,0,8.2,12.6,949.0
2025-11-26T22:00,19.6,83,0.0,0.0,0,16,6.2,13.7,948.7
2025-11-26T23:00,19.2,85,0.0,0.0,1,21,5.8,8.6,948.6
2025-11-27T00:00,18.9,85,0.0,0.0,0,0,5.3,8.3,948.0
2025-11-27T01:00,18.3,86,0.0,0.0,0,0,4.8,6.8,947.4
2025-11-27T02:00,17.5,88,0.0,0.0,0,0,6.5,9.4,946.8
2025-11-27T03:00,16.9,90,0.0,0.0,0,0,5.8,9.4,946.5
2025-11-27T04:00,16.6,92,0.0,0.0,0,2,4.0,7.9,946.5
2025-11-27T05:00,16.6,97,0.0,0.0,3,100,4.8,5.4,947.3
2025-11-27T06:00,17.3,97,0.0,0.0,3,100,4.8,7.2,948.2
2025-11-27T07:00,18.8,95,0.0,0.0,3,93,8.5,16.6,949.3
2025-11-27T08:00,20.5,84,0.0,0.0,0,8,5.6,16.9,950.0
2025-11-27T09:00,22.9,72,0.0,0.0,0,0,7.1,18.0,950.6
2025-11-27T10:00,24.8,61,0.0,0.0,0,2,10.6,24.5,950.4
2025-11-27T11:00,26.2,53,0.0,0.0,0,0,14.0,27.4,949.7
2025-11-27T12:00,27.3,47,0.0,0.0,0,0,13.9,30.2,948.8
2025-11-27T13:00,27.8,45,0.0,0.0,0,1,12.8,29.9,947.9
2025-11-27T14:00,27.9,45,0.0,0.0,0,13,12.6,28.1,947.2
2025-11-27T15:00,27.8,44,0.0,0.0,0,10,12.3,26.6,946.8
2025-11-27T16:00,27.3,44,0.0,0.0,0,12,12.0,24.5,946.7
2025-11-27T17:00,24.9,53,0.0,0.0,0,7,8.8,21.6,947.3
2025-11-27T18:00,23.8,56,0.0,0.0,0,3,10.6,16.6,947.8
2025-11-27T19:00,23.3,57,0.0,0.0,1,29,10.8,18.0,948.3
2025-11-27T20:00,22.3,61,0.0,0.0,1,24,9.4,17.3,948.4
2025-11-27T21:00,21.5,64,0.0,0.0,3,84,10.1,16.9,948.6
2025-11-27T22:00,20.6,71,0.0,0.0,3,100,9.4,16.6,948.1
2025-11-27T23:00,19.5,78,0.0,0.0,3,80,7.8,15.1,947.6
2025-11-28T00:00,19.0,81,0.0,0.0,2,78,7.8,11.9,947.2
2025-11-28T01:00,18.7,82,0.0,0.0,1,48,7.9,12.2,946.6
2025-11-28T02:00,18.1,84,0.0,0.0,3,88,7.5,12.2,946.1
2025-11-28T03:00,17.5,85,0.0,0.0,3,88,7.0,11.2,945.9
2025-11-28T04:00,17.1,86,0.0,0.0,2,56,6.7,10.1,945.7
2025-11-28T05:00,17.0,86,0.0,0.0,1,20,7.0,9.4,946.2
2025-11-28T06:00,17.0,85,0.0,0.0,1,34,7.4,11.2,946.8
2025-11-28T07:00,19.1,76,0.0,0.0,1,27,10.4,15.5,947.9
2025-11-28T08:00,21.1,67,0.0,0.0,1,27,11.1,21.6,948.9
2025-11-28T09:00,23.0,57,0.0,0.0,0,6,13.7,27.4,949.1
2025-11-28T10:00,24.5,50,0.0,0.0,2,53,14.1,29.9,948.8
2025-11-28T11:00,25.6,47,0.0,0.0,3,98,12.1,29.5,948.2
2025-11-28T12:00,26.6,43,0.0,0.0,3,93,11.3,27.0,947.3
2025-11-28T13:00,27.2,40,0.0,0.0,3,99,11.5,25.9,946.2
2025-11-28T14:00,27.6,36,0.0,0.0,1,34,12.3,25.9,945.2
2025-11-28T15:00,27.4,34,0.0,0.0,3,100,13.5,25.9,945.0
2025-11-28T16:00,26.4,35,0.0,0.0,3,100,12.7,25.9,945.0
2025-11-28T17:00,23.8,46,0.0,0.0,3,82,7.8,21.2,945.2
2025-11-28T18:00,22.2,49,0.0,0.0,2,73,8.4,13.0,945.7
2025-11-28T19:00,21.4,50,0.0,0.0,3,91,9.3,14.8,946.3
2025-11-28T20:00,20.4,52,0.0,0.0,3,98,8.8,14.8,946.8
2025-11-28T21:00,19.4,55,0.0,0.0,3,98,8.5,13.7,946.7
2025-11-28T22:00,18.3,58,0.0,0.0,3,100,7.8,13.3,946.3
2025-11-28T23:00,17.9,62,0.0,0.0,3,100,7.6,11.9,945.8
2025-11-29T00:00,16.9,66,0.0,0.0,3,100,7.0,11.5,945.5
2025-11-29T01:00,16.2,70,0.0,0.0,3,100,6.7,10.1,944.9
2025-11-29T02:00,15.9,73,0.0,0.0,3,84,5.9,9.0,944.2
2025-11-29T03:00,15.8,73,0.0,0.0,3,98,5.0,7.9,944.1
2025-11-29T04:00,15.6,74,0.0,0.0,3,100,5.4,6.8,944.3
2025-11-29T05:00,15.3,75,0.0,0.0,3,100,5.6,6.8,944.6
2025-11-29T06:00,15.2,75,0.0,0.0,3,100,6.0,7.9,945.0
2025-11-29T07:00,17.1,69,0.0,0.0,3,100,6.0,8.3,946.6
2025-11-29T08:00,19.3,61,0.0,0.0,3,98,5.6,13.7,947.5
2025-11-29T09:00,21.7,52,0.0,0.0,3,100,7.7,18.4,948.2
2025-11-29T10:00,23.6,44,0.0,0.0,3,100,9.9,23.0,947.9
2025-11-29T11:00,24.4,45,0.0,0.0,3,100,9.4,23.0,947.3
2025-11-29T12:00,25.4,44,0.0,0.0,3,100,8.8,22.7,946.4
2025-11-29T13:00,25.9,42,0.0,0.0,3,100,8.0,22.0,945.2
2025-11-29T14:00,26.0,42,0.0,0.0,3,100,7.3,20.5,944.7
2025-11-29T15:00,26.0,42,0.0,0.0,3,98,7.1,18.0,944.5
2025-11-29T16:00,25.6,43,0.0,0.0,3,100,8.0,16.6,944.5
2025-11-29T17:00,22.8,54,0.0,0.0,3,100,6.4,14.0,944.2
2025-11-29T18:00,21.9,55,0.0,0.0,3,100,8.4,12.6,944.7
2025-11-29T19:00,21.8,56,0.0,0.0,3,100,9.2,15.1,945.5
2025-11-29T20:00,20.8,61,0.0,0.0,1,23,7.5,14.8,946.0
2025-11-29T21:00,19.2,68,0.0,0.0,3,99,6.5,11.5,945.6
2025-11-29T22:00,18.9,69,0.0,0.0,3,100,6.4,8.6,945.4
2025-11-29T23:00,18.4,71,0.0,0.0,3,100,6.9,8.6,945.1
2025-11-30T00:00,18.0,73,0.0,0.0,3,100,6.7,9.4,944.7
2025-11-30T01:00,18.0,72,0.0,0.0,3,100,6.0,9.4,944.3
2025-11-30T02:00,17.9,72,0.0,0.0,3,100,5.9,7.9,943.7
2025-11-30T03:00,17.9,71,0.0,0.0,3,100,5.2,7.9,943.9
2025-11-30T04:00,17.9,70,0.0,0.0,3,100,4.8,6.8,943.9
2025-11-30T05:00,17.6,74,0.0,0.0,3,100,5.2,8.6,943.9
2025-11-30T06:00,17.7,72,0.0,0.0,3,99,4.8,7.2,944.9
2025-11-30T07:00,18.8,67,0.0,0.0,3,90,7.4,10.1,946.0
2025-11-30T08:00,20.7,59,0.0,0.0,1,45,7.1,15.8,947.1
2025-11-30T09:00,22.6,53,0.0,0.0,3,98,9.5,20.9,947.3
2025-11-30T10:00,24.2,48,0.0,0.0,2,67,9.9,22.3,947.4
2025-11-30T11:00,25.7,48,0.0,0.0,3,100,10.5,23.4,947.2
2025-11-30T12:00,25.8,48,0.0,0.0,3,99,8.9,23.0,946.0
2025-11-30T13:00,26.1,47,0.0,0.0,3,100,9.0,20.9,945.5
2025-11-30T14:00,25.5,49,0.0,0.0,2,63,9.2,20.5,944.8
2025-11-30T15:00,25.6,48,0.0,0.0,3,99,10.0,21.6,944.4
2025-11-30T16:00,24.4,52,0.0,0.0,3,98,11.0,20.2,944.4
2025-11-30T17:00,22.8,60,0.0,0.0,3,100,5.0,18.7,944.4
2025-11-30T18:00,22.9,58,0.0,0.0,3,96,7.5,11.5,945.0
2025-11-30T19:00,22.2,60,0.0,0.0,1,20,8.8,14.0,945.8
2025-11-30T20:00,21.5,64,0.0,0.0,2,70,9.9,15.5,946.2
2025-11-30T21:00,20.5,68,0.0,0.0,2,79,9.9,17.3,946.1
2025-11-30T22:00,19.3,75,0.0,0.0,3,100,6.7,15.8,946.0
2025-11-30T23:00,19.6,76,0.0,0.0,3,100,4.8,9.7,945.8
2025-12-01T00:00,19.2,78,0.0,0.0,3,80,4.8,6.1,945.7
2025-12-01T01:00,18.4,81,0.0,0.0,2,73,6.5,9.7,945.4
2025-12-01T02:00,18.3,83,0.0,0.0,3,98,5.3,10.1,944.5
2025-12-01T03:00,18.6,82,0.0,0.0,3,100,5.5,7.9,944.0
2025-12-01T04:00,19.2,79,0.0,0.0,3,100,7.7,12.6,944.3
2025-12-01T05:00,18.9,81,0.0,0.0,3,95,8.0,12.6,944.5
2025-12-01T06:00,17.6,88,0.0,0.0,3,100,5.7,13.0,944.9
2025-12-01T07:00,19.1,81,0.1,0.1,51,80,6.8,10.1,946.3
2025-12-01T08:00,20.1,72,0.0,0.0,3,100,7.8,15.5,947.1
2025-12-01T09:00,21.0,66,0.0,0.0,3,100,5.6,16.2,947.6
2025-12-01T10:00,22.8,59,0.0,0.0,2,52,8.5,18.7,947.3
2025-12-01T11:00,24.7,56,0.0,0.0,1,30,8.9,24.8,947.1
2025-12-01T12:00,26.1,52,0.0,0.0,0,16,9.5,23.4,946.0
2025-12-01T13:00,26.6,49,0.0,0.0,0,13,10.0,24.1,945.1
2025-12-01T14:00,27.0,48,0.0,0.0,1,22,9.0,24.1,944.5
2025-12-01T15:00,27.0,46,0.0,0.0,0,13,7.9,21.6,944.2
2025-12-01T16:00,26.7,45,0.0,0.0,1,22,8.3,18.4,943.9
2025-12-01T17:00,24.7,56,0.0,0.0,0,9,11.4,15.5,944.0
2025-12-01T18:00,23.2,61,0.0,0.0,0,2,10.5,19.4,944.5
2025-12-01T19:00,22.0,67,0.0,0.0,0,0,7.8,17.3,945.3
2025-12-01T20:00,20.9,72,0.0,0.0,0,0,6.6,12.2,945.8
2025-12-01T21:00,20.2,76,0.0,0.0,0,2,6.4,9.7,946.0
2025-12-01T22:00,19.8,77,0.0,0.0,0,0,6.9,10.1,945.9
2025-12-01T23:00,19.6,82,0.0,0.0,0,1,7.4,10.4,946.2
2025-12-02T00:00,18.8,86,0.0,0.0,0,2,6.3,11.9,945.4
2025-12-02T01:00,18.2,89,0.0,0.0,0,2,5.8,9.7,945.0
2025-12-02T02:00,17.7,92,0.0,0.0,1,31,5.4,8.6,944.6
2025-12-02T03:00,17.7,94,0.0,0.0,3,100,4.9,7.9,944.6
2025-12-02T04:00,18.1,96,0.0,0.0,3,100,3.8,6.8,944.4
2025-12-02T05:00,18.5,99,0.0,0.0,3,99,3.5,5.4,944.5
2025-12-02T06:00,18.6,99,0.0,0.0,3,100,5.0,8.6,945.3
2025-12-02T07:00,19.1,96,0.0,0.0,3,100,5.2,11.5,946.4
2025-12-02T08:00,20.4,89,0.0,0.0,1,35,6.1,14.8,947.4
2025-12-02T09:00,23.0,73,0.0,0.0,0,7,7.9,20.2,948.0
2025-12-02T10:00,25.0,62,0.0,0.0,0,0,9.2,22.7,947.8
2025-12-02T11:00,27.0,54,0.0,0.0,1,28,10.3,24.8,947.4
2025-12-02T12:00,28.0,49,0.0,0.0,1,47,9.5,24.1,946.4
2025-12-02T13:00,28.4,47,0.0,0.0,3,100,10.6,23.4,945.4
2025-12-02T14:00,28.5,46,0.0,0.0,3,100,11.9,25.2,944.5
2025-12-02T15:00,28.2,46,0.0,0.0,3,100,11.5,24.8,944.2
2025-12-02T16:00,27.5,47,0.0,0.0,3,100,12.6,23.4,944.1
2025-12-02T17:00,25.9,52,0.0,0.0,3,100,10.2,23.0,944.3
2025-12-02T18:00,25.5,53,0.0,0.0,3,98,12.9,20.9,945.0
2025-12-02T19:00,24.6,56,0.0,0.0,0,16,14.3,24.1,945.8
2025-12-02T20:00,23.3,61,0.0,0.0,0,1,12.5,24.1,946.4
2025-12-02T21:00,22.2,65,0.0,0.0,3,100,10.8,20.9,946.7
2025-12-02T22:00,22.7,62,0.0,0.0,3,100,9.6,18.7,946.6
2025-12-02T23:00,21.7,67,0.0,0.0,0,13,7.3,16.2,946.3
2025-12-03T00:00,20.7,71,0.0,0.0,1,36,6.7,11.9,945.7
2025-12-03T01:00,19.8,74,0.0,0.0,0,2,6.7,10.4,944.9
2025-12-03T02:00,19.6,74,0.0,0.0,1,38,7.8,12.6,944.6
2025-12-03T03:00,19.6,72,0.0,0.0,3,99,7.7,13.7,944.7
2025-12-03T04:00,19.9,70,0.0,0.0,3,95,8.0,13.7,944.8
2025-12-03T05:00,18.8,77,0.0,0.0,1,41,6.9,13.3,945.3
2025-12-03T06:00,18.7,77,0.0,0.0,0,0,8.3,13.3,946.1
2025-12-03T07:00,19.5,75,0.0,0.0,0,2,9.4,17.3,947.4
2025-12-03T08:00,21.2,73,0.0,0.0,0,13,9.1,19.1,948.5
2025-12-03T09:00,23.0,71,0.0,0.0,0,16,11.8,25.2,949.6
2025-12-03T10:00,24.8,63,0.0,0.0,1,25,12.2,27.0,949.6
2025-12-03T11:00,27.3,52,0.0,0.0,1,37,12.6,28.1,949.2
2025-12-03T12:00,28.1,49,0.0,0.0,3,85,10.3,26.6,948.0
2025-12-03T13:00,28.1,49,0.0,0.0,2,73,11.5,26.3,947.1
2025-12-03T14:00,27.9,51,0.0,0.0,1,28,13.2,27.0,946.3
2025-12-03T15:00,27.6,52,0.0,0.0,2,55,12.7,27.0,945.9
2025-12-03T16:00,26.7,54,0.0,0.0,3,89,13.6,25.6,946.1
2025-12-03T17:00,26.0,54,0.0,0.0,1,41,9.4,24.8,946.6
2025-12-03T18:00,25.1,55,0.0,0.0,1,24,6.6,15.8,946.9
2025-12-03T19:00,23.9,60,0.0,0.0,2,71,7.2,10.8,947.6
2025-12-03T20:00,23.3,71,0.0,0.0,1,44,8.8,15.8,948.3
2025-12-03T21:00,22.2,78,0.0,0.0,1,21,6.8,14.4,948.2
2025-12-03T22:00,21.7,76,0.0,0.0,1,26,9.9,15.8,948.2
2025-12-03T23:00,21.0,83,0.0,0.0,3,99,9.9,16.9,948.0
2025-12-04T00:00,20.5,92,0.0,0.0,2,61,7.6,16.2,947.6
2025-12-04T01:00,20.1,96,0.0,0.0,3,100,6.4,12.6,947.2
2025-12-04T02:00,19.9,97,0.0,0.0,3,95,6.7,11.2,946.3
2025-12-04T03:00,19.6,98,0.0,0.0,3,100,6.0,11.2,946.3
2025-12-04T04:00,19.8,98,0.0,0.0,3,100,6.5,11.5,946.4
2025-12-04T05:00,19.5,85,0.0,0.0,3,96,7.7,13.3,946.8
2025-12-04T06:00,19.6,82,0.0,0.0,3,99,7.5,13.3,947.8
2025-12-04T07:00,20.4,75,0.0,0.0,1,26,9.7,16.2,948.9
2025-12-04T08:00,22.3,66,0.0,0.0,2,56,11.1,22.3,950.0
2025-12-04T09:00,24.1,67,0.0,0.0,3,96,13.2,27.0,950.6
2025-12-04T10:00,25.1,64,0.0,0.0,3,100,13.0,27.4,950.5
2025-12-04T11:00,26.0,63,0.0,0.0,1,39,11.7,27.0,949.6
2025-12-04T12:00,26.8,60,0.5,0.5,53,48,10.8,25.6,948.9
2025-12-04T13:00,27.1,59,0.5,0.5,53,47,10.7,24.8,947.7
2025-12-04T14:00,27.3,57,0.2,0.2,51,41,10.2,24.5,946.9
2025-12-04T15:00,27.2,57,0.1,0.1,51,41,10.5,23.0,946.5
2025-12-04T16:00,26.3,60,0.0,0.0,2,68,12.3,22.7,946.8
2025-12-04T17:00,25.5,59,0.0,0.0,2,70,6.8,22.7,947.3
2025-12-04T18:00,24.3,65,0.0,0.0,2,53,7.5,11.9,947.8
2025-12-04T19:00,23.5,70,0.0,0.0,1,20,8.3,13.7,948.8
2025-12-04T20:00,22.4,76,0.0,0.0,3,98,6.0,13.3,949.4
2025-12-04T21:00,21.9,78,0.0,0.0,3,100,6.4,10.1,949.8
2025-12-04T22:00,22.0,75,0.0,0.0,3,99,8.2,13.0,949.7
2025-12-04T23:00,21.5,75,0.0,0.0,3,95,9.9,15.8,949.4
2025-12-05T00:00,21.1,75,0.0,0.0,3,100,8.7,16.6,949.1
2025-12-05T01:00,20.4,79,0.0,0.0,3,100,7.3,14.4,948.7
2025-12-05T02:00,19.8,81,0.0,0.0,3,95,6.0,11.9,948.2
2025-12-05T03:00,19.1,83,0.0,0.0,2,72,6.0,9.4,947.9
2025-12-05T04:00,18.9,81,0.0,0.0,3,88,6.9,11.2,948.1
2025-12-05T05:00,18.5,79,0.0,0.0,3,92,8.2,13.0,948.3
2025-12-05T06:00,18.5,73,0.0,0.0,3,100,8.2,13.7,949.0
2025-12-05T07:00,19.4,66,0.0,0.0,3,97,9.9,15.8,950.0
2025-12-05T08:00,21.4,54,0.0,0.0,3,88,9.3,19.4,950.9
2025-12-05T09:00,23.3,50,0.0,0.0,3,100,10.6,22.7,951.3
2025-12-05T10:00,24.9,47,0.0,0.0,3,95,11.5,25.6,951.1
2025-12-05T11:00,26.1,45,0.0,0.0,3,95,12.6,27.0,950.7
2025-12-05T12:00,27.1,43,0.0,0.0,3,99,11.4,27.7,950.0
2025-12-05T13:00,27.7,41,0.0,0.0,1,30,11.0,26.3,949.2
2025-12-05T14:00,27.9,41,0.0,0.0,3,99,11.7,25.6,948.3
2025-12-05T15:00,27.6,41,0.0,0.0,3,100,12.8,25.9,947.8
2025-12-05T16:00,26.8,42,0.0,0.0,2,74,12.9,25.6,947.8
2025-12-05T17:00,25.2,47,0.0,0.0,3,100,10.0,23.4,948.1
2025-12-05T18:00,23.9,50,0.0,0.0,3,96,11.4,18.4,948.5
2025-12-05T19:00,23.1,52,0.0,0.0,3,90,11.8,19.4,949.1
2025-12-05T20:00,22.0,56,0.0,0.0,0,7,10.3,19.4,949.7
2025-12-05T21:00,20.8,60,0.0,0.0,0,0,8.6,16.9,949.9
2025-12-05T22:00,19.4,66,0.0,0.0,0,0,7.3,13.7,949.5
2025-12-05T23:00,18.4,71,0.0,0.0,0,5,6.7,10.8,949.4
2025-12-06T00:00,17.9,74,0.0,0.0,0,2,6.3,9.0,949.1
2025-12-06T01:00,17.5,75,0.0,0.0,0,4,6.7,9.0,948.7
2025-12-06T02:00,17.1,75,0.0,0.0,1,41,6.3,9.4,948.3
2025-12-06T03:00,16.9,74,0.0,0.0,2,61,5.4,8.6,947.8
2025-12-06T04:00,16.5,74,0.0,0.0,1,25,4.9,6.8,947.7
2025-12-06T05:00,15.8,77,0.0,0.0,0,0,5.9,6.8,948.3
2025-12-06T06:00,15.5,78,0.0,0.0,0,0,5.6,8.3,948.9
2025-12-06T07:00,17.4,71,0.0,0.0,0,0,8.0,11.2,950.0
2025-12-06T08:00,19.7,62,0.0,0.0,0,0,7.3,16.6,950.8
2025-12-06T09:00,21.9,51,0.0,0.0,0,0,9.0,20.9,951.6
2025-12-06T10:00,23.9,43,0.0,0.0,0,6,9.5,23.0,951.3
2025-12-06T11:00,25.4,40,0.0,0.0,0,0,8.2,23.4,951.2
2025-12-06T12:00,26.5,38,0.0,0.0,1,22,7.7,21.6,950.3
2025-12-06T13:00,27.1,36,0.0,0.0,2,62,7.3,21.2,949.4
2025-12-06T14:00,27.5,35,0.0,0.0,1,42,6.5,19.8,948.6
2025-12-06T15:00,27.4,35,0.0,0.0,2,63,6.2,18.0,948.4
2025-12-06T16:00,26.9,37,0.0,0.0,3,95,7.6,15.8,948.2
2025-12-06T17:00,24.3,46,0.0,0.0,3,99,6.8,14.4,948.0
2025-12-06T18:00,23.4,47,0.0,0.0,3,100,8.3,13.3,948.5
2025-12-06T19:00,22.7,51,0.0,0.0,3,100,8.7,14.0,949.2
2025-12-06T20:00,21.4,57,0.0,0.0,3,100,7.4,14.0,949.9
2025-12-06T21:00,20.4,61,0.0,0.0,3,100,6.6,11.5,949.9
2025-12-06T22:00,19.8,63,0.0,0.0,3,100,6.5,10.1,949.7
2025-12-06T23:00,19.5,66,0.0,0.0,3,100,6.3,10.1,949.5
2025-12-07T00:00,18.6,70,0.0,0.0,3,100,6.3,9.7,949.1
2025-12-07T01:00,17.9,73,0.0,0.0,3,100,5.8,9.0,948.7
2025-12-07T02:00,17.5,74,0.0,0.0,3,100,5.2,7.9,948.2
2025-12-07T03:00,17.3,74,0.0,0.0,3,100,5.6,7.2,948.1
2025-12-07T04:00,17.2,72,0.0,0.0,3,100,5.9,7.9,948.2
2025-12-07T05:00,16.8,72,0.0,0.0,3,98,5.8,8.3,948.4
2025-12-07T06:00,16.6,73,0.0,0.0,3,98,5.3,7.9,948.9
2025-12-07T07:00,18.4,67,0.0,0.0,3,100,6.6,9.0,949.9
2025-12-07T08:00,20.2,59,0.0,0.0,3,83,6.4,14.0,951.0
2025-12-07T09:00,22.7,50,0.0,0.0,0,10,9.6,21.2,951.6
2025-12-07T10:00,24.7,42,0.0,0.0,3,99,11.6,25.9,951.2
2025-12-07T11:00,26.3,41,0.0,0.0,2,63,9.6,25.9,950.8
2025-12-07T12:00,27.5,37,0.0,0.0,2,52,8.0,23.0,950.0
2025-12-07T13:00,28.3,34,0.0,0.0,1,39,7.8,21.2,948.9
2025-12-07T14:00,28.7,32,0.0,0.0,2,59,8.5,20.9,948.2
2025-12-07T15:00,28.6,31,0.0,0.0,3,85,8.9,20.5,948.1
2025-12-07T16:00,27.7,32,0.0,0.0,3,80,10.6,19.4,947.9
2025-12-07T17:00,25.1,38,0.0,0.0,1,35,8.4,18.0,947.8
2025-12-07T18:00,23.7,40,0.0,0.0,0,3,10.9,16.9,948.4
2025-12-07T19:00,22.5,45,0.0,0.0,0,0,9.8,17.3,949.2
2025-12-07T20:00,21.0,50,0.0,0.0,0,0,8.0,15.8,949.3
2025-12-07T21:00,19.5,55,0.0,0.0,0,0,7.0,11.9,949.1
2025-12-07T22:00,18.5,58,0.0,0.0,0,0,7.3,11.2,948.7
2025-12-07T23:00,17.3,64,0.0,0.0,0,0,6.8,11.2,948.4
2025-12-08T00:00,16.4,68,0.0,0.0,0,0,6.3,10.1,947.9
2025-12-08T01:00,16.1,70,0.0,0.0,0,0,4.8,8.6,947.3
2025-12-08T02:00,16.0,70,0.0,0.0,0,0,2.4,6.1,946.7
2025-12-08T03:00,15.9,71,0.0,0.0,0,0,1.7,3.2,946.4
2025-12-08T04:00,15.1,79,0.0,0.0,0,0,3.9,4.7,946.6
2025-12-08T05:00,14.9,79,0.0,0.0,0,0,3.8,5.4,946.9
2025-12-08T06:00,14.4,82,0.0,0.0,0,2,4.5,6.1,947.7
2025-12-08T07:00,16.2,74,0.0,0.0,0,4,6.9,9.0,949.0
2025-12-08T08:00,18.9,60,0.0,0.0,0,5,5.0,13.3,950.3
2025-12-08T09:00,21.8,48,0.0,0.0,1,20,5.7,16.2,951.3
2025-12-08T10:00,24.3,39,0.0,0.0,1,20,7.9,20.2,951.2
2025-12-08T11:00,26.0,35,0.0,0.0,1,31,8.4,22.0,950.8
2025-12-08T12:00,27.4,29,0.0,0.0,1,41,9.0,22.3,949.7
2025-12-08T13:00,28.2,26,0.0,0.0,3,81,9.7,22.7,948.5
2025-12-08T14:00,28.4,25,0.0,0.0,2,63,10.8,23.4,947.6
2025-12-08T15:00,28.1,25,0.0,0.0,3,89,12.1,23.4,947.5
2025-12-08T16:00,27.0,28,0.0,0.0,3,92,11.8,23.8,947.8
2025-12-08T17:00,24.2,34,0.0,0.0,0,3,9.8,19.8,947.6
2025-12-08T18:00,22.5,38,0.0,0.0,0,2,10.2,16.2,948.3
2025-12-08T19:00,21.3,42,0.0,0.0,0,0,9.8,16.2,949.0
2025-12-08T20:00,20.0,45,0.0,0.0,0,0,8.7,15.5,949.3
2025-12-08T21:00,18.5,48,0.0,0.0,0,9,8.0,13.3,949.1
2025-12-08T22:00,17.7,49,0.0,0.0,1,27,7.3,11.2,948.5
2025-12-08T23:00,16.9,51,0.0,0.0,0,5,7.0,9.7,948.1
2025-12-09T00:00,16.1,53,0.0,0.0,1,21,7.2,9.7,947.5
2025-12-09T01:00,15.8,54,0.0,0.0,1,27,6.2,9.7,947.0
2025-12-09T02:00,15.8,55,0.0,0.0,0,1,4.5,7.9,946.4
2025-12-09T03:00,15.5,58,0.0,0.0,0,1,5.4,6.8,945.9
2025-12-09T04:00,15.2,62,0.0,0.0,0,0,5.4,7.2,945.6
2025-12-09T05:00,14.9,63,0.0,0.0,0,0,5.2,7.2,946.5
2025-12-09T06:00,15.0,65,0.0,0.0,0,0,5.0,7.2,947.0
2025-12-09T07:00,16.8,64,0.0,0.0,0,0,5.2,7.2,948.2
2025-12-09T08:00,19.9,50,0.0,0.0,0,0,5.7,13.0,949.4
2025-12-09T09:00,22.8,39,0.0,0.0,0,0,8.4,19.1,950.1
2025-12-09T10:00,25.3,29,0.0,0.0,1,27,12.5,25.9,950.1
2025-12-09T11:00,26.9,24,0.0,0.0,0,11,14.2,30.6,949.7
2025-12-09T12:00,28.0,19,0.0,0.0,0,3,15.5,31.3,948.9
2025-12-09T13:00,28.4,19,0.0,0.0,0,0,15.9,32.0,947.8
2025-12-09T14:00,28.4,19,0.0,0.0,0,0,16.1,32.0,947.3
2025-12-09T15:00,27.8,21,0.0,0.0,0,0,16.5,31.3,947.2
2025-12-09T16:00,26.5,25,0.0,0.0,0,0,14.8,30.6,947.4
2025-12-09T17:00,23.6,31,0.0,0.0,0,0,9.8,25.2,947.4
2025-12-09T18:00,22.1,35,0.0,0.0,0,0,10.4,16.6,947.9
2025-12-09T19:00,20.9,39,0.0,0.0,0,0,9.6,16.6,948.5
2025-12-09T20:00,19.4,43,0.0,0.0,0,0,8.6,15.1,948.8
2025-12-09T21:00,18.1,48,0.0,0.0,0,0,7.7,12.6,948.8
2025-12-09T22:00,17.5,50,0.0,0.0,0,0,7.5,10.8,948.6
2025-12-09T23:00,17.3,52,0.0,0.0,0,0,6.5,9.7,948.3
2025-12-10T00:00,17.0,53,0.0,0.0,0,0,5.6,8.6,947.8
2025-12-10T01:00,16.7,55,0.0,0.0,0,0,4.7,7.2,947.3
2025-12-10T02:00,16.3,58,0.0,0.0,0,0,4.4,6.1,946.8
2025-12-10T03:00,16.0,59,0.0,0.0,0,0,4.1,5.8,946.7
2025-12-10T04:00,15.6,61,0.0,0.0,0,0,4.5,6.1,946.6
2025-12-10T05:00,15.1,63,0.0,0.0,0,0,5.4,6.5,947.1
2025-12-10T06:00,14.9,63,0.0,0.0,0,0,5.5,7.2,947.7
2025-12-10T07:00,16.6,59,0.0,0.0,0,0,6.5,9.4,948.9
2025-12-10T08:00,19.6,47,0.0,0.0,0,0,8.4,16.6,950.3
2025-12-10T09:00,22.1,38,0.0,0.0,0,0,12.1,24.1,951.1
2025-12-10T10:00,24.4,34,0.0,0.0,0,0,14.5,29.5,950.9
2025-12-10T11:00,26.4,29,0.0,0.0,0,0,15.9,32.4,950.6
2025-12-10T12:00,27.4,25,0.0,0.0,0,0,15.4,32.4,949.5
2025-12-10T13:00,27.9,23,0.0,0.0,0,0,14.3,31.7,948.6
2025-12-10T14:00,28.1,21,0.0,0.0,0,0,13.4,29.5,947.8
2025-12-10T15:00,27.9,20,0.0,0.0,0,0,12.9,27.4,947.8
2025-12-10T16:00,26.7,23,0.0,0.0,0,0,11.8,24.8,947.6
2025-12-10T17:00,23.5,30,0.0,0.0,1,48,8.6,19.8,947.3
2025-12-10T18:00,21.9,34,0.0,0.0,2,58,9.6,15.1,947.9
2025-12-10T19:00,20.7,39,0.0,0.0,2,60,8.8,15.1,948.6
2025-12-10T20:00,19.4,44,0.0,0.0,2,55,8.3,13.7,948.9
2025-12-10T21:00,18.2,49,0.0,0.0,2,54,8.1,12.2,948.9
2025-12-10T22:00,17.3,52,0.0,0.0,1,29,7.0,11.9,948.7
2025-12-10T23:00,16.7,55,0.0,0.0,0,16,7.1,9.0,948.3
2025-12-11T00:00,15.9,57,0.0,0.0,0,2,7.5,9.7,947.7
2025-12-11T01:00,15.6,57,0.0,0.0,1,35,6.3,9.7,947.0
2025-12-11T02:00,15.4,57,0.0,0.0,1,41,5.0,8.3,946.4
2025-12-11T03:00,15.1,59,0.0,0.0,3,84,3.9,6.5,946.4
2025-12-11T04:00,14.5,63,0.0,0.0,2,73,3.6,5.4,946.4
2025-12-11T05:00,14.2,68,0.0,0.0,3,80,4.1,5.4,946.9
2025-12-11T06:00,13.6,72,0.0,0.0,0,9,4.1,5.8,947.6
2025-12-11T07:00,15.1,72,0.0,0.0,0,0,4.7,6.1,948.7
2025-12-11T08:00,18.4,51,0.0,0.0,0,0,5.1,12.2,950.0
2025-12-11T09:00,21.2,37,0.0,0.0,0,0,7.0,17.6,950.6
2025-12-11T10:00,23.8,26,0.0,0.0,0,0,9.2,22.0,950.7
2025-12-11T11:00,25.6,23,0.0,0.0,0,0,8.4,23.4,950.4
2025-12-11T12:00,26.6,21,0.0,0.0,0,0,6.9,21.6,949.3
2025-12-11T13:00,27.3,19,0.0,0.0,0,0,6.2,19.8,948.1
2025-12-11T14:00,27.7,18,0.0,0.0,0,0,6.1,18.4,947.4
2025-12-11T15:00,27.5,17,0.0,0.0,0,0,6.7,17.3,946.8
2025-12-11T16:00,26.6,19,0.0,0.0,0,0,6.9,16.2,946.6
2025-12-11T17:00,22.6,26,0.0,0.0,0,0,7.2,11.5,946.3
2025-12-11T18:00,20.8,26,0.0,0.0,0,0,8.6,13.0,946.3
2025-12-11T19:00,20.0,30,0.0,0.0,0,0,9.3,14.0,947.0
2025-12-11T20:00,18.8,37,0.0,0.0,0,0,8.8,14.4,947.2
2025-12-11T21:00,17.5,42,0.0,0.0,0,0,8.0,13.0,947.0
2025-12-11T22:00,16.8,45,0.0,0.0,0,0,6.7,11.2,946.8
2025-12-11T23:00,16.4,48,0.0,0.0,0,0,6.4,8.6,946.6
2025-12-12T00:00,15.8,51,0.0,0.0,0,0,4.8,7.9,946.3
2025-12-12T01:00,15.4,53,0.0,0.0,0,0,3.0,6.5,945.8
2025-12-12T02:00,15.0,53,0.0,0.0,0,0,1.6,4.0,945.4
2025-12-12T03:00,14.6,56,0.0,0.0,0,0,0.8,2.5,945.3
2025-12-12T04:00,14.1,57,0.0,0.0,0,0,0.8,1.4,945.4
2025-12-12T05:00,12.9,73,0.0,0.0,0,0,2.8,2.2,945.7
2025-12-12T06:00,12.5,78,0.0,0.0,0,0,3.1,4.3,946.4
2025-12-12T07:00,14.2,74,0.0,0.0,0,0,3.7,4.7,947.5
2025-12-12T08:00,17.6,57,0.0,0.0,0,0,4.3,11.5,948.8
2025-12-12T09:00,21.1,42,0.0,0.0,0,0,6.7,16.9,949.6
2025-12-12T10:00,23.8,31,0.0,0.0,0,0,9.7,22.7,949.4
2025-12-12T11:00,25.4,25,0.0,0.0,0,0,8.8,23.0,948.8
2025-12-12T12:00,26.6,22,0.0,0.0,0,0,8.0,22.0,947.8
2025-12-12T13:00,27.3,21,0.0,0.0,0,0,6.9,21.2,946.8
2025-12-12T14:00,27.5,20,0.0,0.0,0,0,6.3,19.4,946.1
2025-12-12T15:00,27.4,20,0.0,0.0,0,0,6.8,17.3,945.7
2025-12-12T16:00,26.6,22,0.0,0.0,0,0,7.6,16.2,945.8
2025-12-12T17:00,22.8,33,0.0,0.0,0,0,6.9,13.0,945.2
2025-12-12T18:00,20.8,34,0.0,0.0,0,0,7.9,11.2,945.7
2025-12-12T19:00,19.6,37,0.0,0.0,0,0,7.9,11.5,946.5
2025-12-12T20:00,18.5,43,0.0,0.0,0,0,7.2,11.2,947.0
2025-12-12T21:00,17.9,46,0.0,0.0,0,0,6.5,9.4,947.1
2025-12-12T22:00,17.6,48,0.0,0.0,0,0,4.8,8.3,947.1
2025-12-12T23:00,16.6,53,0.0,0.0,0,0,4.5,6.5,946.8
2025-12-13T00:00,15.6,56,0.0,0.0,0,0,3.1,5.8,946.3
2025-12-13T01:00,15.2,57,0.0,0.0,0,0,1.8,4.3,945.9
2025-12-13T02:00,14.9,58,0.0,0.0,0,0,1.0,2.9,945.4
2025-12-13T03:00,14.6,58,0.0,0.0,0,0,1.0,1.8,945.1
2025-12-13T04:00,14.4,59,0.0,0.0,0,0,0.8,1.8,945.2
2025-12-13T05:00,13.9,59,0.0,0.0,0,0,0.7,1.4,945.5
2025-12-13T06:00,13.7,60,0.0,0.0,0,0,0.6,1.4,946.3
2025-12-13T07:00,15.1,63,0.0,0.0,0,0,0.3,1.4,947.2
2025-12-13T08:00,18.0,56,0.0,0.0,0,0,1.6,8.3,948.4
2025-12-13T09:00,21.1,46,0.0,0.0,0,0,3.1,12.2,949.4
2025-12-13T10:00,23.4,38,0.0,0.0,0,0,6.5,18.0,949.2
2025-12-13T11:00,24.8,33,0.0,0.0,0,0,6.6,19.4,948.8
2025-12-13T12:00,25.9,30,0.0,0.0,0,0,5.6,18.7,947.9
2025-12-13T13:00,26.6,28,0.0,0.0,0,0,4.5,18.0,946.9
2025-12-13T14:00,27.1,27,0.0,0.0,0,0,3.5,16.2,946.1
2025-12-13T15:00,27.2,27,0.0,0.0,0,0,3.7,13.7,945.9
2025-12-13T16:00,26.7,30,0.0,0.0,0,0,4.9,11.9,945.8
2025-12-13T17:00,23.2,42,0.0,0.0,0,0,6.1,8.6,945.4
2025-12-13T18:00,21.0,45,0.0,0.0,0,0,6.9,9.4,945.8
2025-12-13T19:00,19.8,48,0.0,0.0,0,0,7.0,9.4,946.7
2025-12-13T20:00,18.7,52,0.0,0.0,0,0,7.5,10.1,947.3
2025-12-13T21:00,18.2,55,0.0,0.0,0,0,6.7,10.4,947.5
2025-12-13T22:00,17.3,58,0.0,0.0,0,0,7.5,10.1,947.3
2025-12-13T23:00,16.8,61,0.0,0.0,0,0,7.6,11.5,947.3
2025-12-14T00:00,15.7,66,0.0,0.0,0,0,7.3,11.2,946.9
2025-12-14T01:00,15.5,67,0.0,0.0,0,0,5.4,9.7,946.3
2025-12-14T02:00,15.1,69,0.0,0.0,0,0,4.4,6.8,946.0
2025-12-14T03:00,14.8,69,0.0,0.0,0,0,3.8,5.8,945.8
2025-12-14T04:00,14.0,73,0.0,0.0,0,0,6.1,7.9,945.9
2025-12-14T05:00,13.7,74,0.0,0.0,0,0,6.4,7.9,946.6
2025-12-14T06:00,13.5,76,0.0,0.0,0,0,4.2,8.3,947.6
2025-12-14T07:00,15.2,72,0.0,0.0,0,0,4.0,5.4,948.4
2025-12-14T08:00,18.2,62,0.0,0.0,0,0,4.0,11.5,949.8
2025-12-14T09:00,21.3,58,0.0,0.0,0,0,5.4,15.5,950.7
2025-12-14T10:00,23.5,52,0.0,0.0,0,0,6.9,19.1,950.2
2025-12-14T11:00,25.1,44,0.0,0.0,0,0,7.2,20.5,949.3
2025-12-14T12:00,26.3,38,0.0,0.0,1,30,6.5,20.2,948.2
2025-12-14T13:00,27.1,32,0.0,0.0,1,20,6.6,19.4,947.1
2025-12-14T14:00,27.5,28,0.0,0.0,1,28,7.1,19.1,946.1
2025-12-14T15:00,27.4,28,0.0,0.0,1,23,8.7,18.7,945.8
2025-12-14T16:00,26.6,30,0.0,0.0,1,43,10.0,19.1,945.9
2025-12-14T17:00,23.4,41,0.0,0.0,3,91,7.2,16.9,945.6
2025-12-14T18:00,21.6,45,0.0,0.0,3,91,7.9,12.2,946.1
2025-12-14T19:00,20.0,53,0.0,0.0,0,15,7.5,11.9,946.7
2025-12-14T20:00,18.7,64,0.0,0.0,0,0,5.7,10.8,947.3
2025-12-14T21:00,18.0,70,0.0,0.0,0,0,3.6,7.2,947.7
2025-12-14T22:00,17.4,73,0.0,0.0,0,0,3.5,4.7,947.7
2025-12-14T23:00,16.6,79,0.0,0.0,0,0,5.4,6.1,947.4
2025-12-15T00:00,16.1,78,0.0,0.0,0,0,6.3,7.9,946.9
2025-12-15T01:00,15.9,76,0.0,0.0,0,0,5.2,7.9,946.6
2025-12-15T02:00,15.7,76,0.0,0.0,0,0,3.5,6.5,946.2
2025-12-15T03:00,15.3,76,0.0,0.0,0,0,2.9,4.7,945.9
2025-12-15T04:00,15.1,75,0.0,0.0,0,0,2.2,4.0,946.0
2025-12-15T05:00,14.6,79,0.0,0.0,0,0,4.2,3.2,946.2
2025-12-15T06:00,14.1,81,0.0,0.0,0,0,5.1,6.8,947.2
2025-12-15T07:00,15.8,76,0.0,0.0,0,0,5.6,7.9,948.4
2025-12-15T08:00,18.4,66,0.0,0.0,0,0,5.6,13.7,949.8
2025-12-15T09:00,20.9,61,0.0,0.0,0,0,6.5,17.6,950.6
2025-12-15T10:00,23.2,55,0.0,0.0,0,0,8.0,20.5,950.5
2025-12-15T11:00,24.6,47,0.0,0.0,0,0,8.0,22.3,950.2
2025-12-15T12:00,25.7,42,0.0,0.0,0,0,7.5,21.6,949.0
2025-12-15T13:00,26.4,39,0.0,0.0,0,0,7.3,20.9,948.0
2025-12-15T14:00,26.8,35,0.0,0.0,0,0,7.5,20.2,947.1
2025-12-15T15:00,26.9,33,0.0,0.0,0,0,8.3,19.8,946.6
2025-12-15T16:00,26.2,34,0.0,0.0,0,0,9.8,19.1,946.3
2025-12-15T17:00,22.9,46,0.0,0.0,0,0,6.8,17.6,946.3
2025-12-15T18:00,21.2,51,0.0,0.0,0,0,8.2,12.6,946.7
2025-12-15T19:00,20.4,54,0.0,0.0,0,0,8.8,13.7,947.5
2025-12-15T20:00,19.3,59,0.0,0.0,0,0,8.7,14.0,947.8
2025-12-15T21:00,18.3,65,0.0,0.0,0,0,8.1,13.7,947.9
2025-12-15T22:00,17.4,69,0.0,0.0,0,0,7.4,12.6,947.5
2025-12-15T23:00,16.9,73,0.0,0.0,0,0,7.9,11.2,947.2
2025-12-16T00:00,15.8,79,0.0,0.0,0,0,6.7,11.9,946.6
2025-12-16T01:00,15.3,81,0.0,0.0,0,0,6.2,9.4,945.9
2025-12-16T02:00,14.9,81,0.0,0.0,0,0,5.8,8.3,945.5
2025-12-16T03:00,14.9,80,0.0,0.0,0,0,4.0,7.6,945.2
2025-12-16T04:00,14.7,80,0.0,0.0,2,61,4.3,5.4,945.4
2025-12-16T05:00,14.7,80,0.0,0.0,1,41,3.2,5.8,945.9
2025-12-16T06:00,14.6,80,0.0,0.0,0,19,4.2,5.4,946.7
2025-12-16T07:00,16.0,75,0.0,0.0,0,0,7.1,10.1,947.9
2025-12-16T08:00,18.8,65,0.0,0.0,0,0,7.9,16.2,949.4
2025-12-16T09:00,21.1,56,0.0,0.0,0,0,11.3,23.8,950.2
2025-12-16T10:00,23.0,50,0.0,0.0,0,0,12.9,27.7,950.0
2025-12-16T11:00,24.6,42,0.0,0.0,0,0,12.3,27.7,949.9
2025-12-16T12:00,25.9,37,0.0,0.0,0,0,11.3,27.4,948.9
2025-12-16T13:00,26.7,35,0.0,0.0,0,0,10.5,25.9,947.9
2025-12-16T14:00,27.1,34,0.0,0.0,0,0,9.8,24.5,947.4
2025-12-16T15:00,27.0,35,0.0,0.0,0,0,10.0,22.7,946.9
2025-12-16T16:00,26.2,38,0.0,0.0,0,0,9.6,20.9,946.9
2025-12-16T17:00,23.1,52,0.0,0.0,0,0,7.0,17.3,946.7
2025-12-16T18:00,21.0,60,0.0,0.0,0,0,8.2,12.6,947.3
2025-12-16T19:00,19.8,66,0.0,0.0,0,0,8.5,14.0,948.0
2025-12-16T20:00,18.6,73,0.0,0.0,0,0,7.4,13.7,948.3
2025-12-16T21:00,17.7,80,0.0,0.0,0,0,7.4,11.5,948.2
2025-12-16T22:00,17.0,84,0.0,0.0,2,74,6.2,11.5,947.9
2025-12-16T23:00,16.7,85,0.0,0.0,3,86,3.7,8.6,947.9
2025-12-17T00:00,16.2,86,0.0,0.0,2,75,2.4,4.7,947.4
2025-12-17T01:00,15.9,86,0.0,0.0,0,0,1.6,3.2,946.8
2025-12-17T02:00,15.7,87,0.0,0.0,0,0,1.9,2.5,946.4
2025-12-17T03:00,15.3,90,0.0,0.0,0,0,2.8,3.6,946.2
2025-12-17T04:00,15.0,92,0.0,0.0,0,0,2.6,3.6,946.3
2025-12-17T05:00,15.3,90,0.0,0.0,0,0,3.7,3.6,947.2
2025-12-17T06:00,15.1,87,0.0,0.0,0,0,3.8,5.0,948.1
2025-12-17T07:00,16.5,83,0.0,0.0,0,0,5.0,6.1,949.2
2025-12-17T08:00,19.6,67,0.0,0.0,0,2,5.3,13.0,950.9
2025-12-17T09:00,22.6,53,0.0,0.0,0,4,7.4,17.6,951.8
2025-12-17T10:00,24.4,44,0.0,0.0,1,23,9.1,22.0,951.7
2025-12-17T11:00,25.6,39,0.0,0.0,0,0,7.0,22.0,951.3
2025-12-17T12:00,26.8,35,0.0,0.0,0,9,6.1,19.4,950.3
2025-12-17T13:00,27.7,32,0.0,0.0,0,9,5.6,18.7,949.2
2025-12-17T14:00,28.1,30,0.0,0.0,0,0,5.7,17.6,948.4
2025-12-17T15:00,28.2,28,0.0,0.0,0,0,6.2,16.9,948.0
2025-12-17T16:00,27.6,29,0.0,0.0,0,0,6.7,15.5,947.8
2025-12-17T17:00,23.8,40,0.0,0.0,0,0,7.0,11.5,947.8
2025-12-17T18:00,22.0,42,0.0,0.0,0,0,8.3,12.2,947.9
2025-12-17T19:00,21.0,46,0.0,0.0,0,0,8.6,12.6,948.8
2025-12-17T20:00,19.9,53,0.0,0.0,0,1,8.2,12.6,949.3
2025-12-17T21:00,18.7,59,0.0,0.0,0,0,7.4,11.9,949.2
2025-12-17T22:00,17.9,61,0.0,0.0,0,0,5.6,10.1,948.9
2025-12-17T23:00,17.0,65,0.0,0.0,0,0,4.1,7.2,948.4
2025-12-18T00:00,16.4,67,0.0,0.0,0,0,3.1,5.4,948.0
2025-12-18T01:00,16.0,70,0.0,0.0,0,0,2.6,4.3,947.6
2025-12-18T02:00,15.6,71,0.0,0.0,0,0,2.4,3.6,947.0
2025-12-18T03:00,15.1,75,0.0,0.0,0,0,2.7,3.6,946.4
2025-12-18T04:00,14.4,80,0.0,0.0,0,0,4.4,5.4,946.2
2025-12-18T05:00,14.3,80,0.0,0.0,0,0,6.4,7.2,946.7
2025-12-18T06:00,14.0,77,0.0,0.0,0,0,6.5,9.0,947.5
2025-12-18T07:00,15.5,71,0.0,0.0,0,0,6.4,9.0,948.9
2025-12-18T08:00,18.9,57,0.0,0.0,0,0,6.5,14.0,950.6
2025-12-18T09:00,21.6,48,0.0,0.0,0,0,6.9,17.3,951.4
2025-12-18T10:00,24.2,38,0.0,0.0,0,0,9.3,22.0,951.2
2025-12-18T11:00,26.0,32,0.0,0.0,0,0,11.5,25.2,950.8
2025-12-18T12:00,27.4,26,0.0,0.0,0,0,11.0,25.6,949.8
2025-12-18T13:00,28.2,23,0.0,0.0,0,0,10.7,24.8,948.6
2025-12-18T14:00,28.5,20,0.0,0.0,0,0,10.9,24.1,947.7
2025-12-18T15:00,28.2,20,0.0,0.0,0,0,11.3,23.4,947.2
2025-12-18T16:00,27.1,23,0.0,0.0,0,0,10.2,22.3,947.0
2025-12-18T17:00,23.2,33,0.0,0.0,0,0,7.6,17.3,946.3
2025-12-18T18:00,21.0,35,0.0,0.0,0,0,8.7,12.2,946.7
2025-12-18T19:00,20.0,41,0.0,0.0,0,0,8.5,12.2,947.4
2025-12-18T20:00,19.1,46,0.0,0.0,0,0,8.2,11.5,947.8
2025-12-18T21:00,18.3,50,0.0,0.0,0,14,7.0,11.2,947.9
2025-12-18T22:00,17.9,52,0.0,0.0,0,19,4.5,9.0,947.9
2025-12-18T23:00,17.4,56,0.0,0.0,0,16,3.1,6.1,947.3
2025-12-19T00:00,16.5,59,0.0,0.0,0,0,4.7,6.1,947.1
2025-12-19T01:00,15.9,62,0.0,0.0,0,8,6.3,7.9,946.7
2025-12-19T02:00,15.2,64,0.0,0.0,2,70,8.1,10.4,945.9
2025-12-19T03:00,14.6,67,0.0,0.0,3,84,8.7,11.5,945.6
2025-12-19T04:00,14.2,67,0.0,0.0,3,97,8.2,11.5,945.5
2025-12-19T05:00,14.3,63,0.0,0.0,3,97,8.5,11.2,945.9
2025-12-19T06:00,14.1,62,0.0,0.0,3,98,8.9,12.2,946.4
2025-12-19T07:00,16.2,55,0.0,0.0,3,96,9.0,13.3,947.7
2025-12-19T08:00,19.5,47,0.0,0.0,0,8,10.8,19.1,949.1
2025-12-19T09:00,22.0,38,0.0,0.0,0,9,12.2,23.8,949.7
2025-12-19T10:00,23.7,30,0.0,0.0,0,0,14.0,28.8,949.5
2025-12-19T11:00,25.1,27,0.0,0.0,0,0,12.9,29.2,948.7
2025-12-19T12:00,26.2,23,0.0,0.0,0,0,12.7,27.7,947.9
2025-12-19T13:00,26.9,22,0.0,0.0,0,0,12.9,27.7,946.9
2025-12-19T14:00,27.0,23,0.0,0.0,0,0,12.4,27.7,945.9
2025-12-19T15:00,26.7,24,0.0,0.0,0,0,12.0,25.9,945.4
2025-12-19T16:00,25.7,26,0.0,0.0,0,2,10.7,23.8,945.1
2025-12-19T17:00,22.4,37,0.0,0.0,3,82,7.2,18.0,944.3
2025-12-19T18:00,20.1,41,0.0,0.0,3,99,7.8,10.8,944.5
2025-12-19T19:00,19.2,45,0.0,0.0,3,99,8.0,10.4,945.1
2025-12-19T20:00,18.4,48,0.0,0.0,3,99,8.0,11.2,945.6
2025-12-19T21:00,17.7,51,0.0,0.0,3,100,7.7,10.8,945.7
2025-12-19T22:00,17.3,53,0.0,0.0,3,100,6.0,10.1,945.6
2025-12-19T23:00,17.1,55,0.0,0.0,3,100,3.6,7.9,945.4
2025-12-20T00:00,16.1,59,0.0,0.0,1,23,3.8,5.4,944.9
2025-12-20T01:00,15.7,62,0.0,0.0,1,20,3.6,5.4,944.4
2025-12-20T02:00,14.8,68,0.0,0.0,1,20,4.4,5.8,943.7
2025-12-20T03:00,13.8,74,0.0,0.0,0,10,3.4,5.8,943.4
2025-12-20T04:00,13.0,77,0.0,0.0,0,0,2.0,4.7,943.3
2025-12-20T05:00,13.0,75,0.0,0.0,0,0,1.1,2.9,943.5
2025-12-20T06:00,12.7,75,0.0,0.0,0,0,1.1,2.2,944.3
2025-12-20T07:00,14.3,73,0.0,0.0,0,0,1.6,2.2,945.4
2025-12-20T08:00,17.6,61,0.0,0.0,0,0,4.3,10.8,947.0
2025-12-20T09:00,20.6,46,0.0,0.0,0,18,8.6,19.1,947.8
2025-12-20T10:00,22.7,37,0.0,0.0,1,25,11.3,24.8,947.7
2025-12-20T11:00,24.4,33,0.0,0.0,1,20,11.8,25.2,947.1
2025-12-20T12:00,25.6,30,0.0,0.0,1,28,11.2,26.6,946.2
2025-12-20T13:00,26.4,28,0.0,0.0,2,53,10.7,25.9,945.3
2025-12-20T14:00,26.8,27,0.0,0.0,2,50,10.7,24.8,944.6
2025-12-20T15:00,26.6,28,0.0,0.0,3,91,11.3,23.8,944.5
2025-12-20T16:00,25.7,29,0.0,0.0,2,69,11.6,22.7,944.4
2025-12-20T17:00,22.7,38,0.0,0.0,0,8,8.1,19.4,944.0
2025-12-20T18:00,21.0,41,0.0,0.0,0,0,9.6,15.1,944.5
2025-12-20T19:00,19.9,46,0.0,0.0,0,0,9.1,15.1,944.9
2025-12-20T20:00,18.3,53,0.0,0.0,0,13,7.9,14.4,945.5
2025-12-20T21:00,17.2,59,0.0,0.0,1,27,6.5,11.2,945.6
2025-12-20T22:00,16.1,64,0.0,0.0,0,2,5.0,8.6,945.7
2025-12-20T23:00,15.5,68,0.0,0.0,1,23,3.7,6.8,945.5
2025-12-21T00:00,14.5,72,0.0,0.0,0,12,2.8,5.0,945.2
2025-12-21T01:00,14.1,73,0.0,0.0,1,22,1.8,4.3,944.9
2025-12-21T02:00,13.9,74,0.0,0.0,1,38,0.5,2.9,944.6
2025-12-21T03:00,13.9,73,0.0,0.0,1,27,0.6,1.4,944.2
2025-12-21T04:00,13.7,76,0.0,0.0,0,2,0.9,1.4,944.3
2025-12-21T05:00,13.5,75,0.0,0.0,2,77,0.4,1.4,944.4
2025-12-21T06:00,12.9,77,0.0,0.0,0,5,0.8,1.4,945.0
2025-12-21T07:00,14.1,77,0.0,0.0,0,0,0.4,1.4,946.1
2025-12-21T08:00,17.4,65,0.0,0.0,0,1,3.1,9.7,947.4
2025-12-21T09:00,20.9,53,0.0,0.0,1,26,6.7,16.2,948.5
2025-12-21T10:00,22.9,45,0.0,0.0,1,43,9.8,22.7,948.6
2025-12-21T11:00,24.2,42,0.0,0.0,3,95,10.5,25.2,948.4
2025-12-21T12:00,25.3,39,0.0,0.0,3,99,10.8,25.2,947.7
2025-12-21T13:00,26.0,37,0.0,0.0,3,88,10.8,25.2,946.7
2025-12-21T14:00,26.3,36,0.0,0.0,3,94,10.3,24.8,946.1
2025-12-21T15:00,26.1,37,0.0,0.0,3,100,9.7,23.0,945.8
2025-12-21T16:00,25.4,39,0.0,0.0,3,81,10.1,20.9,945.9
2025-12-21T17:00,22.7,50,0.0,0.0,1,48,6.8,18.4,945.5
2025-12-21T18:00,20.3,58,0.0,0.0,0,16,7.9,12.2,945.7
2025-12-21T19:00,18.9,65,0.0,0.0,3,100,7.5,12.2,946.0
2025-12-21T20:00,17.7,72,0.0,0.0,3,93,6.9,11.5,946.6
2025-12-21T21:00,17.1,76,0.0,0.0,3,98,6.8,10.1,946.7
2025-12-21T22:00,17.0,78,0.0,0.0,3,100,3.5,9.7,946.8
2025-12-21T23:00,16.7,81,0.0,0.0,3,100,1.7,4.3,946.7
2025-12-22T00:00,16.3,83,0.0,0.0,3,100,2.7,4.0,946.6
2025-12-22T01:00,16.3,81,0.0,0.0,3,100,2.1,4.0,946.0
2025-12-22T02:00,16.1,79,0.0,0.0,3,100,2.5,3.6,945.6
2025-12-22T03:00,16.0,77,0.0,0.0,2,77,2.2,3.6,945.2
2025-12-22T04:00,15.7,77,0.0,0.0,0,2,1.0,3.2,945.0
2025-12-22T05:00,14.9,80,0.0,0.0,0,0,2.2,1.8,945.3
2025-12-22T06:00,14.7,80,0.0,0.0,0,1,1.3,3.2,946.0
2025-12-22T07:00,15.7,80,0.0,0.0,0,0,2.2,2.5,946.9
2025-12-22T08:00,18.5,66,0.0,0.0,0,0,3.1,10.1,948.5
2025-12-22T09:00,21.0,56,0.0,0.0,0,0,6.6,16.9,949.2
2025-12-22T10:00,22.9,49,0.0,0.0,0,0,9.7,23.0,949.2
2025-12-22T11:00,24.2,46,0.0,0.0,0,0,9.9,23.8,948.7
2025-12-22T12:00,25.3,41,0.0,0.0,0,0,9.8,24.1,947.6
2025-12-22T13:00,26.1,38,0.0,0.0,1,31,9.6,24.1,946.6
2025-12-22T14:00,26.6,36,0.0,0.0,1,48,9.5,23.0,945.8
2025-12-22T15:00,26.5,35,0.0,0.0,1,34,9.7,22.3,945.4
2025-12-22T16:00,25.9,36,0.0,0.0,1,49,9.6,20.9,945.1
2025-12-22T17:00,22.9,46,0.0,0.0,0,2,6.8,17.6,945.0
2025-12-22T18:00,20.9,50,0.0,0.0,1,26,7.8,11.9,945.2
2025-12-22T19:00,19.5,55,0.0,0.0,2,53,6.9,11.9,945.7
2025-12-22T20:00,18.8,57,0.0,0.0,3,98,5.1,9.0,946.4
2025-12-22T21:00,18.2,59,0.0,0.0,3,100,3.4,6.5,946.4
2025-12-22T22:00,16.9,63,0.0,0.0,3,84,4.2,5.8,946.1
2025-12-22T23:00,15.5,70,0.0,0.0,0,2,4.3,5.8,945.6
2025-12-23T00:00,14.3,77,0.0,0.0,3,99,6.2,8.6,945.3
2025-12-23T01:00,14.4,79,0.0,0.0,3,94,2.5,8.6,944.9
2025-12-23T02:00,14.4,80,0.0,0.0,3,99,1.1,3.2,944.4
2025-12-23T03:00,14.4,80,0.0,0.0,3,91,0.3,1.8,944.1
2025-12-23T04:00,14.0,82,0.0,0.0,3,100,0.7,1.4,943.8
2025-12-23T05:00,13.6,83,0.0,0.0,3,100,0.8,1.4,944.1
2025-12-23T06:00,13.1,87,0.0,0.0,3,99,1.7,2.2,944.6
2025-12-23T07:00,14.2,84,0.0,0.0,3,100,3.4,4.3,945.5
2025-12-23T08:00,17.7,69,0.0,0.0,3,100,2.2,9.4,947.2
2025-12-23T09:00,20.9,54,0.0,0.0,3,100,4.8,14.0,948.1
2025-12-23T10:00,23.0,44,0.0,0.0,3,100,8.3,20.5,948.2
2025-12-23T11:00,24.3,39,0.0,0.0,3,100,8.8,22.3,947.9
2025-12-23T12:00,25.4,37,0.0,0.0,3,88,7.7,22.0,947.2
2025-12-23T13:00,26.2,35,0.0,0.0,3,97,7.8,20.9,946.2
2025-12-23T14:00,26.7,34,0.0,0.0,3,97,8.7,20.9,945.3
2025-12-23T15:00,26.6,34,0.0,0.0,3,99,9.4,20.9,944.8
2025-12-23T16:00,25.9,35,0.0,0.0,3,99,10.0,20.5,944.9
2025-12-23T17:00,22.9,44,0.0,0.0,1,27,7.0,17.6,944.7
2025-12-23T18:00,20.9,48,0.0,0.0,2,58,7.9,11.5,945.0
2025-12-23T19:00,20.1,48,0.0,0.0,3,99,8.9,13.7,945.7
2025-12-23T20:00,18.6,54,0.0,0.0,2,73,8.0,13.7,946.0
2025-12-23T21:00,17.8,58,0.0,0.0,0,18,6.5,10.8,945.9
2025-12-23T22:00,17.3,61,0.0,0.0,1,27,5.0,8.3,945.8
2025-12-23T23:00,16.8,64,0.0,0.0,0,1,4.0,6.5,945.4
2025-12-24T00:00,16.4,66,0.0,0.0,0,6,3.4,5.4,945.1
2025-12-24T01:00,16.1,68,0.0,0.0,0,0,3.8,5.0,944.7
2025-12-24T02:00,15.7,70,0.0,0.0,0,16,4.1,5.8,944.2
2025-12-24T03:00,15.3,72,0.0,0.0,0,0,3.3,5.8,943.8
2025-12-24T04:00,15.0,73,0.0,0.0,0,0,2.3,4.7,943.8
2025-12-24T05:00,14.7,74,0.0,0.0,0,0,3.5,3.6,944.1
2025-12-24T06:00,14.8,74,0.0,0.0,0,14,2.4,4.7,945.2
2025-12-24T07:00,15.8,75,0.0,0.0,3,86,4.2,5.0,946.1
2025-12-24T08:00,18.8,62,0.0,0.0,0,0,5.9,13.0,947.7
2025-12-24T09:00,21.1,55,0.0,0.0,0,5,7.6,18.4,948.6
2025-12-24T10:00,23.1,46,0.0,0.0,0,5,11.3,24.1,948.5
2025-12-24T11:00,24.2,41,0.0,0.0,1,33,11.5,27.0,948.1
2025-12-24T12:00,25.1,38,0.0,0.0,1,27,9.5,25.6,947.2
2025-12-24T13:00,25.7,36,0.0,0.0,0,17,8.7,23.4,946.2
2025-12-24T14:00,26.0,35,0.0,0.0,2,75,9.7,22.3,945.5
2025-12-24T15:00,25.8,35,0.0,0.0,3,98,10.9,23.0,945.3
2025-12-24T16:00,25.0,36,0.0,0.0,3,91,11.0,22.7,945.1
2025-12-24T17:00,22.1,46,0.0,0.0,0,0,7.4,19.8,945.2
2025-12-24T18:00,20.5,49,0.0,0.0,0,0,8.9,13.7,945.3
2025-12-24T19:00,19.5,53,0.0,0.0,0,2,7.9,13.7,945.5
2025-12-24T20:00,18.1,60,0.0,0.0,3,99,7.2,11.9,945.9
2025-12-24T21:00,17.4,64,0.0,0.0,3,100,7.4,10.1,946.2
2025-12-24T22:00,17.0,66,0.0,0.0,1,45,7.2,10.4,945.9
2025-12-24T23:00,16.5,69,0.0,0.0,0,5,7.0,10.1,945.6
2025-12-25T00:00,16.2,69,0.0,0.0,3,91,5.4,9.0,945.4
2025-12-25T01:00,16.0,69,0.0,0.0,3,95,3.5,6.8,945.2
2025-12-25T02:00,15.7,70,0.0,0.0,3,100,2.3,4.7,944.7
2025-12-25T03:00,15.6,71,0.0,0.0,3,94,2.1,3.2,944.2
2025-12-25T04:00,15.4,72,0.0,0.0,2,53,1.9,2.9,944.5
2025-12-25T05:00,14.6,75,0.0,0.0,0,6,1.5,3.2,944.7
2025-12-25T06:00,14.0,78,0.0,0.0,0,0,3.3,4.0,945.5
2025-12-25T07:00,15.0,76,0.0,0.0,0,0,4.8,7.2,946.6
2025-12-25T08:00,18.3,64,0.0,0.0,0,0,5.6,13.0,948.3
2025-12-25T09:00,21.3,52,0.0,0.0,0,0,6.8,16.9,949.4
2025-12-25T10:00,23.3,43,0.0,0.0,0,0,9.5,22.0,949.6
2025-12-25T11:00,24.4,39,0.0,0.0,0,0,10.1,23.0,949.1
2025-12-25T12:00,25.1,36,0.0,0.0,0,0,8.6,23.4,948.1
2025-12-25T13:00,25.6,35,0.0,0.0,0,0,7.2,22.3,947.1
2025-12-25T14:00,25.7,35,0.0,0.0,0,0,6.2,19.8,946.2
2025-12-25T15:00,25.6,35,0.0,0.0,0,0,5.8,17.6,945.7
2025-12-25T16:00,25.1,36,0.0,0.0,0,0,6.0,15.5,945.8
2025-12-25T17:00,22.7,49,0.0,0.0,0,0,4.5,11.9,945.5
2025-12-25T18:00,20.5,49,0.0,0.0,0,0,7.6,10.1,945.8
2025-12-25T19:00,19.7,51,0.0,0.0,0,0,9.0,14.0,946.4
2025-12-25T20:00,18.4,56,0.0,0.0,0,0,8.7,14.0,946.8
2025-12-25T21:00,17.7,57,0.0,0.0,0,0,8.7,13.7,946.7
2025-12-25T22:00,17.0,59,0.0,0.0,0,0,7.8,13.3,946.5
2025-12-25T23:00,16.1,68,0.0,0.0,0,0,7.5,11.2,946.1
2025-12-26T00:00,15.2,73,0.0,0.0,0,0,7.0,10.4,945.9
2025-12-26T01:00,14.8,75,0.0,0.0,0,0,4.3,9.4,945.6
2025-12-26T02:00,14.5,76,0.0,0.0,0,0,2.5,5.8,945.1
2025-12-26T03:00,14.3,76,0.0,0.0,0,0,1.9,3.6,944.8
2025-12-26T04:00,14.2,75,0.0,0.0,0,0,1.4,2.9,945.1
2025-12-26T05:00,13.8,80,0.0,0.0,0,3,3.7,2.9,945.2
2025-12-26T06:00,13.5,82,0.0,0.0,0,0,3.6,5.4,946.0
2025-12-26T07:00,14.5,81,0.0,0.0,0,0,4.0,6.1,947.0
2025-12-26T08:00,18.1,68,0.0,0.0,0,0,4.6,11.5,948.8
2025-12-26T09:00,21.1,56,0.0,0.0,0,0,7.1,16.9,949.5
2025-12-26T10:00,22.9,45,0.0,0.0,0,0,7.8,20.5,949.3
2025-12-26T11:00,23.7,42,0.0,0.0,0,0,6.7,20.2,948.7
2025-12-26T12:00,24.6,40,0.0,0.0,0,0,7.1,20.2,947.7
2025-12-26T13:00,25.2,38,0.0,0.0,0,0,7.0,20.2,946.6
2025-12-26T14:00,25.6,37,0.0,0.0,0,0,7.5,19.8,945.6
2025-12-26T15:00,25.5,38,0.0,0.0,0,0,9.0,19.8,945.3
2025-12-26T16:00,24.8,39,0.0,0.0,0,0,10.8,20.2,945.2
2025-12-26T17:00,22.4,48,0.0,0.0,0,0,8.2,19.8,944.9
2025-12-26T18:00,20.6,53,0.0,0.0,0,0,9.5,15.1,945.4
2025-12-26T19:00,19.7,58,0.0,0.0,0,0,9.3,15.1,946.0
2025-12-26T20:00,18.5,64,0.0,0.0,0,0,8.1,14.8,946.4
2025-12-26T21:00,17.3,70,0.0,0.0,0,0,7.7,12.6,946.5
2025-12-26T22:00,16.4,75,0.0,0.0,0,0,7.0,11.5,946.2
2025-12-26T23:00,15.9,79,0.0,0.0,0,0,7.0,10.1,946.2
2025-12-27T00:00,15.4,81,0.0,0.0,0,0,6.2,10.1,945.9
2025-12-27T01:00,15.1,80,0.0,0.0,0,0,5.1,8.3,945.5
2025-12-27T02:00,14.8,79,0.0,0.0,0,0,3.5,6.5,945.1
2025-12-27T03:00,14.8,78,0.0,0.0,0,0,1.8,4.7,944.9
2025-12-27T04:00,14.6,78,0.0,0.0,0,0,1.3,2.5,945.1
2025-12-27T05:00,14.3,80,0.0,0.0,0,0,1.7,2.2,945.4
2025-12-27T06:00,13.5,84,0.0,0.0,0,0,4.7,5.8,946.3
2025-12-27T07:00,15.1,80,0.0,0.0,0,0,6.9,10.1,947.4
2025-12-27T08:00,18.6,69,0.0,0.0,0,0,4.9,13.0,949.0
2025-12-27T09:00,21.2,56,0.0,0.0,0,0,5.0,14.8,949.7
2025-12-27T10:00,22.6,50,0.0,0.0,0,0,5.8,17.6,949.7
2025-12-27T11:00,23.4,46,0.0,0.0,0,0,5.3,18.0,949.2
2025-12-27T12:00,24.5,43,0.0,0.0,0,0,4.9,17.6,948.1
2025-12-27T13:00,25.1,41,0.0,0.0,0,0,4.8,17.6,947.1
2025-12-27T14:00,25.5,40,0.0,0.0,0,0,5.2,16.9,946.3
2025-12-27T15:00,25.5,38,0.0,0.0,0,0,6.0,16.6,945.7
2025-12-27T16:00,25.1,37,0.0,0.0,0,0,8.1,15.8,945.5
2025-12-27T17:00,22.2,49,0.0,0.0,0,0,6.4,15.5,945.2
2025-12-27T18:00,20.6,51,0.0,0.0,0,0,8.9,14.0,945.6
2025-12-27T19:00,19.6,56,0.0,0.0,0,0,8.3,14.4,946.4
2025-12-27T20:00,18.5,64,0.0,0.0,0,0,8.3,13.0,947.1
2025-12-27T21:00,17.3,72,0.0,0.0,0,0,7.5,13.0,947.1
2025-12-27T22:00,16.5,76,0.0,0.0,0,0,7.6,11.9,946.8
2025-12-27T23:00,15.9,81,0.0,0.0,0,0,7.4,11.5,946.4
2025-12-28T00:00,15.1,83,0.0,0.0,0,0,5.2,11.2,946.1
2025-12-28T01:00,14.8,83,0.0,0.0,0,0,3.3,6.5,945.8
2025-12-28T02:00,14.8,82,0.0,0.0,0,0,1.2,4.3,945.5
2025-12-28T03:00,14.6,82,0.0,0.0,0,2,1.0,1.8,945.5
2025-12-28T04:00,14.3,85,0.0,0.0,0,1,1.2,1.8,945.9
2025-12-28T05:00,14.5,83,0.0,0.0,0,3,0.8,2.2,946.2
2025-12-28T06:00,14.3,85,0.0,0.0,0,7,0.5,1.4,946.7
2025-12-28T07:00,15.1,86,0.0,0.0,0,12,0.6,1.1,947.9
2025-12-28T08:00,18.0,74,0.0,0.0,0,5,2.3,9.0,949.4
2025-12-28T09:00,20.9,57,0.0,0.0,0,0,5.5,15.1,950.4
2025-12-28T10:00,22.7,48,0.0,0.0,0,0,8.9,21.6,950.2
2025-12-28T11:00,23.6,46,0.0,0.0,0,0,8.5,22.7,950.0
2025-12-28T12:00,24.6,42,0.0,0.0,0,0,7.6,22.0,949.0
2025-12-28T13:00,25.2,40,0.0,0.0,0,0,7.0,21.2,947.7
2025-12-28T14:00,25.6,39,0.0,0.0,0,0,7.0,20.2,946.9
2025-12-28T15:00,25.5,38,0.0,0.0,0,0,7.4,19.1,946.3
2025-12-28T16:00,25.1,38,0.0,0.0,0,0,8.3,17.6,946.5
2025-12-28T17:00,22.3,50,0.0,0.0,0,0,6.4,15.8,945.9
2025-12-28T18:00,20.6,54,0.0,0.0,0,0,9.1,14.0,946.0
2025-12-28T19:00,19.7,58,0.0,0.0,0,0,8.3,14.4,946.8
2025-12-28T20:00,18.6,64,0.0,0.0,0,0,7.8,12.6,947.1
2025-12-28T21:00,17.2,74,0.0,0.0,0,0,7.1,11.9,947.1
2025-12-28T22:00,16.7,78,0.0,0.0,0,0,7.3,10.8,947.2
2025-12-28T23:00,16.3,78,0.0,0.0,0,0,7.2,11.2,946.6
2025-12-29T00:00,15.2,81,0.0,0.0,0,0,6.5,10.1,945.9
2025-12-29T01:00,14.9,81,0.0,0.0,0,0,4.4,8.6,945.4
2025-12-29T02:00,14.9,80,0.0,0.0,0,0,2.3,5.8,945.0
2025-12-29T03:00,14.9,80,0.0,0.0,0,0,1.4,3.2,945.1
2025-12-29T04:00,14.7,81,0.0,0.0,0,0,1.1,2.2,945.4
2025-12-29T05:00,14.7,83,0.0,0.0,0,0,1.2,1.8,945.6
2025-12-29T06:00,14.6,82,0.0,0.0,0,0,0.7,1.8,946.3
2025-12-29T07:00,15.3,82,0.0,0.0,0,0,1.5,1.8,947.4
2025-12-29T08:00,18.2,69,0.0,0.0,0,0,4.1,10.8,948.9
2025-12-29T09:00,20.7,56,0.0,0.0,0,0,8.3,18.4,949.9
2025-12-29T10:00,22.5,47,0.0,0.0,0,0,11.7,25.6,949.8
2025-12-29T11:00,23.5,45,0.0,0.0,1,21,9.5,26.3,949.5
2025-12-29T12:00,24.4,42,0.0,0.0,0,5,8.2,23.0,948.6
2025-12-29T13:00,25.0,40,0.0,0.0,2,77,7.2,22.0,947.7
2025-12-29T14:00,25.5,37,0.0,0.0,0,0,7.5,20.2,946.7
2025-12-29T15:00,25.5,37,0.0,0.0,2,78,8.1,19.4,946.2
2025-12-29T16:00,24.8,39,0.0,0.0,2,66,8.9,18.7,945.8
2025-12-29T17:00,22.2,55,0.0,0.0,0,2,5.1,16.6,945.6
2025-12-29T18:00,19.9,58,0.0,0.0,0,0,7.5,11.2,945.9
2025-12-29T19:00,19.3,60,0.0,0.0,0,0,8.6,13.7,946.3
2025-12-29T20:00,18.1,66,0.0,0.0,1,44,7.9,13.7,946.9
2025-12-29T21:00,16.9,76,0.0,0.0,3,84,7.4,11.9,947.3
2025-12-29T22:00,16.0,83,0.0,0.0,0,1,6.1,11.5,947.2
2025-12-29T23:00,15.5,86,0.0,0.0,3,82,6.9,8.3,946.8
2025-12-30T00:00,15.2,84,0.0,0.0,2,79,6.8,10.1,946.3
2025-12-30T01:00,15.2,81,0.0,0.0,3,100,4.0,9.4,945.8
2025-12-30T02:00,15.0,80,0.0,0.0,3,92,1.9,5.4,945.2
2025-12-30T03:00,14.7,80,0.0,0.0,3,85,0.6,2.9,944.9
2025-12-30T04:00,14.3,80,0.0,0.0,3,88,0.4,1.4,944.6
2025-12-30T05:00,14.5,81,0.0,0.0,3,81,0.5,2.2,945.3
2025-12-30T06:00,14.2,82,0.0,0.0,3,85,0.7,1.4,945.6
2025-12-30T07:00,15.0,83,0.0,0.0,3,85,0.4,1.4,946.6
2025-12-30T08:00,17.8,74,0.0,0.0,3,85,1.2,7.6,948.0
2025-12-30T09:00,20.8,61,0.0,0.0,3,83,3.1,12.6,949.0
2025-12-30T10:00,22.7,53,0.0,0.0,2,60,4.8,16.6,948.8
2025-12-30T11:00,23.4,50,0.0,0.0,2,75,2.6,16.6,948.4
2025-12-30T12:00,24.8,45,0.0,0.0,2,61,0.6,14.4,947.3
2025-12-30T13:00,25.5,42,0.0,0.0,2,62,0.9,12.6,946.2
2025-12-30T14:00,25.9,40,0.0,0.0,1,38,1.6,12.6,945.1
2025-12-30T15:00,25.9,39,0.0,0.0,2,73,2.7,12.2,945.0
2025-12-30T16:00,25.4,40,0.0,0.0,2,78,3.5,11.9,944.6
2025-12-30T17:00,23.1,55,0.0,0.0,3,81,1.6,9.0,944.2
2025-12-30T18:00,20.8,56,0.0,0.0,2,79,1.7,2.9,944.3
2025-12-30T19:00,19.8,59,0.0,0.0,2,71,0.6,2.5,945.2
2025-12-30T20:00,18.1,68,0.0,0.0,1,34,3.3,4.0,945.6
2025-12-30T21:00,17.2,73,0.0,0.0,0,2,4.0,5.8,945.8
2025-12-30T22:00,16.5,72,0.0,0.0,0,0,4.7,6.1,945.4
2025-12-30T23:00,16.0,75,0.0,0.0,0,0,6.0,6.5,944.8
2025-12-31T00:00,15.4,78,0.0,0.0,0,0,5.0,7.6,944.3
2025-12-31T01:00,15.0,80,0.0,0.0,0,0,3.9,6.5,943.8
2025-12-31T02:00,14.7,81,0.0,0.0,0,0,4.4,5.8,943.5
2025-12-31T03:00,14.5,81,0.0,0.0,0,0,4.3,5.8,943.3
2025-12-31T04:00,14.2,81,0.0,0.0,0,0,4.0,5.8,943.0
2025-12-31T05:00,13.5,87,0.0,0.0,0,0,6.5,6.1,943.1
2025-12-31T06:00,13.7,86,0.0,0.0,0,0,7.3,10.4,944.0
2025-12-31T07:00,15.4,81,0.0,0.0,1,44,7.2,10.8,945.1
2025-12-31T08:00,19.1,70,0.0,0.0,1,24,5.6,14.4,946.4
2025-12-31T09:00,22.3,61,0.0,0.0,0,0,3.9,13.3,947.5
2025-12-31T10:00,24.2,51,0.0,0.0,0,0,3.1,14.4,947.3
2025-12-31T11:00,24.9,46,0.0,0.0,0,0,2.6,14.0,946.6
2025-12-31T12:00,26.0,42,0.0,0.0,0,0,3.1,15.1,945.5
2025-12-31T13:00,26.5,41,0.0,0.0,0,0,3.5,15.5,944.3
2025-12-31T14:00,26.7,39,0.0,0.0,0,0,3.9,15.1,943.5
2025-12-31T15:00,26.7,39,0.0,0.0,0,0,5.1,14.8,942.9
2025-12-31T16:00,26.2,39,0.0,0.0,0,0,5.0,14.4,942.7
2025-12-31T17:00,24.1,57,0.0,0.0,0,0,3.6,10.8,942.4
2025-12-31T18:00,22.2,56,0.0,0.0,0,0,2.6,5.0,942.6
2025-12-31T19:00,21.2,59,0.0,0.0,0,13,0.7,3.6,943.2
2025-12-31T20:00,19.0,69,0.0,0.0,1,32,4.5,6.1,943.4
2025-12-31T21:00,18.4,69,0.0,0.0,1,45,2.9,5.8,944.0
2025-12-31T22:00,17.9,73,0.0,0.0,2,54,7.4,11.5,944.0
2025-12-31T23:00,17.4,85,0.0,0.0,2,76,7.3,11.9,943.7
2026-01-01T00:00,16.8,89,0.0,0.0,2,73,7.0,10.8,943.4
2026-01-01T01:00,16.4,89,0.0,0.0,3,99,7.1,10.4,942.9
2026-01-01T02:00,16.4,89,0.0,0.0,3,90,7.3,10.8,942.3
2026-01-01T03:00,16.3,90,0.0,0.0,2,70,7.0,11.2,942.5
2026-01-01T04:00,16.3,91,0.0,0.0,2,64,6.9,10.4,942.6
2026-01-01T05:00,16.2,95,0.0,0.0,2,62,6.4,10.8,943.1
2026-01-01T06:00,16.1,96,0.0,0.0,0,1,6.7,10.1,943.9
2026-01-01T07:00,17.3,95,0.0,0.0,0,0,7.6,11.5,944.9
2026-01-01T08:00,19.7,90,0.0,0.0,0,0,5.0,14.4,946.4
2026-01-01T09:00,22.4,78,0.0,0.0,0,0,5.2,15.1,947.6
2026-01-01T10:00,24.5,64,0.0,0.0,0,3,5.6,17.3,947.6
2026-01-01T11:00,25.5,54,0.0,0.0,0,6,5.0,17.3,947.2
2026-01-01T12:00,26.8,47,0.0,0.0,2,59,4.9,17.6,946.2
2026-01-01T13:00,27.4,42,0.0,0.0,1,38,1.1,17.3,945.2
2026-01-01T14:00,27.4,41,0.0,0.0,1,41,2.5,12.2,944.3
2026-01-01T15:00,27.3,40,0.0,0.0,3,91,4.1,13.0,943.9
2026-01-01T16:00,27.2,38,0.0,0.0,1,46,2.6,12.6,943.9
2026-01-01T17:00,24.6,54,0.0,0.0,0,2,4.0,7.2,943.6
2026-01-01T18:00,22.2,63,0.0,0.0,0,13,11.2,18.0,944.4
2026-01-01T19:00,21.1,71,0.0,0.0,1,26,9.0,18.0,945.1
2026-01-01T20:00,20.6,74,0.0,0.0,0,1,11.4,18.7,945.9
2026-01-01T21:00,20.1,76,0.0,0.0,0,1,11.0,18.7,945.9
2026-01-01T22:00,19.6,78,0.0,0.0,0,4,8.8,18.0,945.9
2026-01-01T23:00,18.9,87,0.0,0.0,0,5,7.5,14.0,945.8
2026-01-02T00:00,18.3,89,0.0,0.0,3,80,6.6,11.5,945.3
2026-01-02T01:00,17.8,88,0.0,0.0,3,82,5.1,9.4,944.7
2026-01-02T02:00,17.6,90,0.0,0.0,3,97,5.7,7.9,944.4
2026-01-02T03:00,18.0,91,0.0,0.0,3,94,5.1,8.3,944.6
2026-01-02T04:00,17.0,93,0.0,0.0,3,84,5.2,7.6,944.4
2026-01-02T05:00,16.7,95,0.0,0.0,2,76,3.1,8.3,945.0
2026-01-02T06:00,16.3,96,0.0,0.0,2,54,5.7,7.9,945.5
2026-01-02T07:00,17.5,97,0.0,0.0,2,56,7.8,11.5,946.9
2026-01-02T08:00,19.9,89,0.0,0.0,2,52,10.1,20.9,948.6
2026-01-02T09:00,22.1,79,0.0,0.0,0,18,10.2,22.3,949.4
2026-01-02T10:00,23.8,69,0.0,0.0,1,48,10.4,24.1,949.5
2026-01-02T11:00,25.3,60,0.0,0.0,1,20,8.7,24.1,948.9
2026-01-02T12:00,26.4,50,0.0,0.0,1,25,4.4,20.9,948.2
2026-01-02T13:00,27.1,44,0.0,0.0,1,30,0.5,16.2,947.4
2026-01-02T14:00,27.1,43,0.0,0.0,1,33,3.1,13.0,946.4
2026-01-02T15:00,27.0,41,0.0,0.0,0,13,4.9,13.7,946.0
2026-01-02T16:00,26.7,41,0.0,0.0,0,13,4.9,13.7,946.2
2026-01-02T17:00,25.1,55,0.0,0.0,3,100,2.9,10.4,946.1
2026-01-02T18:00,23.1,63,0.0,0.0,2,66,17.6,27.4,946.9
2026-01-02T19:00,22.2,67,0.0,0.0,0,16,12.2,29.9,947.4
2026-01-02T20:00,21.5,70,0.0,0.0,0,19,10.7,20.2,948.0
2026-01-02T21:00,20.7,73,0.0,0.0,0,13,8.6,17.6,948.4
2026-01-02T22:00,19.8,75,0.0,0.0,0,13,7.6,14.0,948.0
2026-01-02T23:00,19.7,78,0.0,0.0,1,20,9.1,12.2,947.6
2026-01-03T00:00,19.5,78,0.0,0.0,0,7,9.3,14.8,947.4
2026-01-03T01:00,18.9,81,0.0,0.0,0,1,8.5,15.1,946.7
2026-01-03T02:00,18.4,83,0.0,0.0,2,56,8.2,13.7,946.2
2026-01-03T03:00,17.7,86,0.0,0.0,2,55,7.5,13.0,946.0
2026-01-03T04:00,16.8,90,0.0,0.0,0,2,5.9,11.9,946.1
2026-01-03T05:00,17.2,91,0.0,0.0,0,1,7.8,8.6,946.5
2026-01-03T06:00,17.3,94,0.0,0.0,0,0,8.6,14.0,947.1
2026-01-03T07:00,17.8,97,0.0,0.0,3,84,11.7,18.4,947.9
2026-01-03T08:00,19.6,89,0.0,0.0,1,45,15.9,29.5,949.0
2026-01-03T09:00,21.7,78,0.0,0.0,1,26,11.5,28.8,950.1
2026-01-03T10:00,23.4,68,0.0,0.0,1,23,12.1,26.3,949.8
2026-01-03T11:00,24.6,58,0.0,0.0,0,13,13.3,27.7,949.9
2026-01-03T12:00,25.7,52,0.0,0.0,0,2,12.8,28.4,948.9
2026-01-03T13:00,26.6,47,0.0,0.0,1,35,10.0,28.1,948.0
2026-01-03T14:00,26.5,46,0.0,0.0,1,41,7.6,23.8,947.0
2026-01-03T15:00,26.1,46,0.0,0.0,2,60,8.1,19.1,946.7
2026-01-03T16:00,25.2,49,0.0,0.0,2,55,11.7,22.0,946.7
2026-01-03T17:00,23.8,56,0.0,0.0,2,59,6.7,22.0,946.7
2026-01-03T18:00,22.1,63,0.0,0.0,0,3,10.1,15.8,947.1
2026-01-03T19:00,21.1,67,0.0,0.0,0,18,10.8,17.6,947.6
2026-01-03T20:00,20.9,67,0.0,0.0,1,28,7.9,17.6,948.4
2026-01-03T21:00,19.9,72,0.0,0.0,1,34,6.6,12.6,949.0
2026-01-03T22:00,20.1,71,0.0,0.0,0,12,7.3,11.9,948.9
2026-01-03T23:00,18.7,80,0.0,0.0,0,0,7.8,11.9,948.0
2026-01-04T00:00,18.2,80,0.0,0.0,0,0,7.0,12.2,947.6
2026-01-04T01:00,18.1,77,0.0,0.0,0,0,9.6,15.1,947.3
2026-01-04T02:00,17.4,86,0.0,0.0,0,0,9.2,15.8,946.6
2026-01-04T03:00,16.7,93,0.0,0.0,0,0,6.7,14.8,946.6
2026-01-04T04:00,16.0,93,0.0,0.0,0,0,4.9,10.4,946.6
2026-01-04T05:00,16.3,93,0.0,0.0,0,0,6.4,6.5,946.6
2026-01-04T06:00,16.0,92,0.0,0.0,0,0,5.3,9.0,947.4
2026-01-04T07:00,17.0,90,0.0,0.0,0,0,5.0,7.2,948.4
2026-01-04T08:00,19.4,79,0.0,0.0,0,0,6.0,13.7,949.8
2026-01-04T09:00,22.1,66,0.0,0.0,0,0,8.3,18.7,950.7
2026-01-04T10:00,24.1,54,0.0,0.0,0,1,11.3,24.8,950.8
2026-01-04T11:00,24.8,51,0.0,0.0,0,1,13.2,27.0,950.7
2026-01-04T12:00,25.8,45,0.0,0.0,1,28,12.3,28.4,950.0
2026-01-04T13:00,26.0,42,0.0,0.0,1,30,12.1,27.4,948.9
2026-01-04T14:00,26.1,40,0.0,0.0,1,29,12.9,26.6,948.0
2026-01-04T15:00,25.7,40,0.0,0.0,1,27,12.5,26.6,947.6
2026-01-04T16:00,25.4,40,0.0,0.0,1,38,10.7,24.5,947.6
2026-01-04T17:00,23.3,47,0.0,0.0,1,34,8.7,19.4,947.6
2026-01-04T18:00,21.8,52,0.0,0.0,0,2,9.8,16.2,947.7
2026-01-04T19:00,20.2,58,0.0,0.0,0,7,8.2,15.8,948.6
2026-01-04T20:00,19.2,61,0.0,0.0,0,0,8.4,13.3,949.1
2026-01-04T21:00,18.2,66,0.0,0.0,0,0,7.5,13.3,949.3
2026-01-04T22:00,17.5,69,0.0,0.0,0,0,7.3,11.5,949.1
2026-01-04T23:00,16.9,76,0.0,0.0,0,0,7.4,11.2,948.6
2026-01-05T00:00,16.4,77,0.0,0.0,0,0,7.1,11.5,948.2
2026-01-05T01:00,16.1,76,0.0,0.0,0,0,6.6,10.4,947.5
2026-01-05T02:00,15.9,75,0.0,0.0,0,0,3.7,9.0,947.0
2026-01-05T03:00,15.5,75,0.0,0.0,0,0,3.7,5.4,946.7
2026-01-05T04:00,14.7,76,0.0,0.0,0,0,5.6,7.2,946.7
2026-01-05T05:00,15.1,82,0.0,0.0,0,0,6.9,9.7,947.4
2026-01-05T06:00,14.9,82,0.0,0.0,0,0,5.6,9.4,948.1
2026-01-05T07:00,16.0,79,0.0,0.0,0,0,4.9,7.2,949.4
2026-01-05T08:00,19.7,67,0.0,0.0,0,0,5.4,12.6,950.9
2026-01-05T09:00,22.5,56,0.0,0.0,0,0,7.2,16.9,951.8
2026-01-05T10:00,23.9,50,0.0,0.0,0,0,10.3,23.0,951.6
2026-01-05T11:00,24.4,47,0.0,0.0,0,1,12.4,26.3,951.4
2026-01-05T12:00,25.2,42,0.0,0.0,0,0,12.5,28.1,950.6
2026-01-05T13:00,25.6,41,0.0,0.0,0,9,12.0,27.7,949.8
2026-01-05T14:00,25.7,40,0.0,0.0,1,34,12.0,26.6,948.9
2026-01-05T15:00,25.7,39,0.0,0.0,0,13,11.6,25.9,948.6
2026-01-05T16:00,25.2,39,0.0,0.0,0,13,11.7,23.8,948.3
2026-01-05T17:00,22.9,48,0.0,0.0,0,6,7.4,21.6,948.1
2026-01-05T18:00,20.5,55,0.0,0.0,0,0,7.6,12.2,948.2
2026-01-05T19:00,19.9,58,0.0,0.0,0,0,8.1,12.2,948.8
2026-01-05T20:00,19.2,61,0.0,0.0,0,0,8.0,12.6,949.4
2026-01-05T21:00,18.1,66,0.0,0.0,0,0,7.4,12.2,949.2
2026-01-05T22:00,17.1,72,0.0,0.0,0,0,6.7,10.8,948.9
2026-01-05T23:00,16.2,79,0.0,0.0,0,0,6.0,8.6,948.8
2026-01-06T00:00,16.1,78,0.0,0.0,0,0,4.6,7.9,948.6
2026-01-06T01:00,15.9,78,0.0,0.0,0,0,4.8,6.1,948.1
2026-01-06T02:00,15.8,77,0.0,0.0,0,0,4.5,6.5,947.6
2026-01-06T03:00,15.7,76,0.0,0.0,0,0,4.3,5.8,947.2
2026-01-06T04:00,15.5,76,0.0,0.0,0,0,4.4,5.8,947.1
2026-01-06T05:00,15.1,80,0.0,0.0,0,0,6.1,6.5,947.5
2026-01-06T06:00,14.9,84,0.0,0.0,0,0,6.7,9.7,948.5
2026-01-06T07:00,15.7,82,0.0,0.0,0,0,9.7,15.5,949.6
2026-01-06T08:00,17.8,74,0.0,0.0,0,6,9.1,18.4,950.8
2026-01-06T09:00,20.1,62,0.0,0.0,0,4,9.2,20.9,951.7
2026-01-06T10:00,22.4,50,0.0,0.0,0,0,11.6,25.2,951.9
2026-01-06T11:00,23.5,46,0.0,0.0,0,0,12.2,27.4,951.5
2026-01-06T12:00,24.5,42,0.0,0.0,0,0,11.7,27.0,950.7
2026-01-06T13:00,25.2,38,0.0,0.0,0,0,11.7,26.6,949.6
2026-01-06T14:00,25.5,34,0.0,0.0,0,0,12.1,26.3,948.7
2026-01-06T15:00,25.4,33,0.0,0.0,0,0,12.7,26.3,948.4
2026-01-06T16:00,24.6,34,0.0,0.0,0,1,12.5,25.2,948.3
2026-01-06T17:00,22.3,42,0.0,0.0,0,0,8.4,22.3,948.5
2026-01-06T18:00,20.0,49,0.0,0.0,0,1,8.8,14.0,948.8
2026-01-06T19:00,18.7,57,0.0,0.0,0,0,8.1,13.7,949.4
2026-01-06T20:00,17.6,65,0.0,0.0,0,0,7.8,12.2,949.8
2026-01-06T21:00,17.0,70,0.0,0.0,0,0,6.7,11.2,949.9
2026-01-06T22:00,16.7,73,0.0,0.0,0,0,3.8,8.6,949.8
2026-01-06T23:00,16.3,77,0.0,0.0,0,0,2.5,5.0,949.7
2026-01-07T00:00,16.1,76,0.0,0.0,2,67,1.1,3.6,949.6
2026-01-07T01:00,15.6,78,0.0,0.0,3,99,1.4,2.2,949.1
2026-01-07T02:00,15.2,81,0.0,0.0,3,88,1.3,2.2,948.4
2026-01-07T03:00,14.7,82,0.0,0.0,3,88,2.3,3.2,948.1
2026-01-07T04:00,14.2,82,0.0,0.0,2,77,4.4,5.8,948.1
2026-01-07T05:00,13.5,85,0.0,0.0,2,63,6.9,7.6,948.4
2026-01-07T06:00,13.3,85,0.0,0.0,2,51,6.5,10.1,949.0
2026-01-07T07:00,14.5,81,0.0,0.0,1,28,6.1,9.0,950.0
2026-01-07T08:00,17.3,69,0.0,0.0,2,55,7.2,15.1,951.5
2026-01-07T09:00,19.7,60,0.0,0.0,1,47,7.7,18.7,952.2
2026-01-07T10:00,21.8,54,0.0,0.0,3,80,8.7,21.6,952.1
2026-01-07T11:00,23.2,46,0.0,0.0,3,86,10.3,24.1,952.0
2026-01-07T12:00,24.5,38,0.0,0.0,3,98,11.0,25.6,951.2
2026-01-07T13:00,25.3,33,0.0,0.0,3,96,12.2,26.6,950.1
2026-01-07T14:00,25.5,30,0.0,0.0,3,89,13.7,28.1,949.3
2026-01-07T15:00,25.3,29,0.0,0.0,0,13,14.2,28.1,949.0
2026-01-07T16:00,24.5,31,0.0,0.0,0,0,13.5,27.4,948.7
2026-01-07T17:00,22.0,41,0.0,0.0,0,0,7.8,23.8,948.6
2026-01-07T18:00,19.4,45,0.0,0.0,0,0,8.3,12.2,948.9
2026-01-07T19:00,18.2,53,0.0,0.0,0,0,8.1,12.6,949.4
2026-01-07T20:00,16.6,66,0.0,0.0,0,0,7.5,11.9,949.8
2026-01-07T21:00,15.9,73,0.0,0.0,0,0,7.5,11.2,950.0
2026-01-07T22:00,15.4,76,0.0,0.0,0,0,6.5,11.2,949.9
2026-01-07T23:00,15.3,78,0.0,0.0,0,0,3.2,8.3,949.6
2026-01-08T00:00,15.1,80,0.0,0.0,0,0,2.5,4.3,949.2
2026-01-08T01:00,15.0,80,0.0,0.0,0,0,2.8,4.0,948.7
2026-01-08T02:00,14.8,81,0.0,0.0,0,0,2.0,4.0,948.0
2026-01-08T03:00,14.6,80,0.0,0.0,0,0,1.5,2.9,947.7
2026-01-08T04:00,14.1,79,0.0,0.0,0,0,3.7,4.3,948.0
2026-01-08T05:00,13.4,81,0.0,0.0,0,0,5.4,6.8,948.2
2026-01-08T06:00,13.1,82,0.0,0.0,1,30,6.0,7.9,949.3
2026-01-08T07:00,14.3,77,0.0,0.0,3,84,6.9,10.4,950.3
2026-01-08T08:00,17.2,70,0.0,0.0,3,89,6.5,15.1,951.5
2026-01-08T09:00,19.9,72,0.0,0.0,0,16,6.2,16.6,952.3
2026-01-08T10:00,22.2,54,0.0,0.0,0,0,7.2,19.1,952.1
2026-01-08T11:00,23.7,40,0.0,0.0,0,0,10.0,23.8,952.1
2026-01-08T12:00,24.8,31,0.0,0.0,0,0,12.4,27.4,951.2
2026-01-08T13:00,25.2,29,0.0,0.0,0,0,13.1,28.1,950.2
2026-01-08T14:00,25.2,29,0.0,0.0,0,12,13.1,28.1,949.4
2026-01-08T15:00,24.7,32,0.0,0.0,0,0,13.3,27.7,949.2
2026-01-08T16:00,24.0,34,0.0,0.0,0,0,13.0,26.3,949.1
2026-01-08T17:00,21.6,41,0.0,0.0,0,0,8.3,23.4,949.2
2026-01-08T18:00,19.5,47,0.0,0.0,0,0,9.8,15.5,949.3
2026-01-08T19:00,18.5,51,0.0,0.0,0,0,9.5,15.8,949.8
2026-01-08T20:00,17.2,57,0.0,0.0,0,0,8.0,15.1,949.8
2026-01-08T21:00,16.3,62,0.0,0.0,0,0,7.4,11.9,949.9
2026-01-08T22:00,15.3,66,0.0,0.0,1,33,6.0,10.8,949.7
2026-01-08T23:00,15.3,66,0.0,0.0,3,85,4.9,7.6,948.8
2026-01-09T00:00,15.4,64,0.0,0.0,3,100,3.1,6.5,948.7
2026-01-09T01:00,15.4,64,0.0,0.0,3,99,1.8,4.3,948.5
2026-01-09T02:00,14.8,65,0.0,0.0,3,98,2.5,4.0,947.8
2026-01-09T03:00,15.0,64,0.0,0.0,3,95,2.3,3.6,947.7
2026-01-09T04:00,14.7,65,0.0,0.0,1,22,2.4,3.2,947.4
2026-01-09T05:00,13.4,70,0.0,0.0,0,17,8.2,12.6,947.6
2026-01-09T06:00,13.2,70,0.0,0.0,0,0,7.1,11.9,948.3
2026-01-09T07:00,14.2,68,0.0,0.0,1,30,5.9,9.7,949.2
2026-01-09T08:00,17.1,59,0.0,0.0,2,69,6.6,14.4,950.6
2026-01-09T09:00,19.6,51,0.0,0.0,2,78,8.3,18.7,951.6
2026-01-09T10:00,21.7,43,0.0,0.0,2,75,11.2,24.1,951.5
2026-01-09T11:00,23.1,37,0.0,0.0,3,94,14.9,29.9,951.4
2026-01-09T12:00,23.9,35,0.0,0.0,3,91,15.5,32.4,950.7
2026-01-09T13:00,24.3,35,0.0,0.0,3,98,14.1,32.0,949.6
2026-01-09T14:00,24.4,35,0.0,0.0,3,95,13.6,29.9,948.6
2026-01-09T15:00,24.1,36,0.0,0.0,2,66,13.5,28.1,948.3
2026-01-09T16:00,23.5,38,0.0,0.0,3,99,13.3,27.0,948.2
2026-01-09T17:00,21.4,45,0.0,0.0,2,78,9.2,24.1,947.7
2026-01-09T18:00,19.2,51,0.0,0.0,3,98,8.7,15.1,948.0
2026-01-09T19:00,18.3,55,0.0,0.0,3,98,7.7,13.7,948.5
2026-01-09T20:00,17.1,60,0.0,0.0,1,20,7.4,11.2,948.7
2026-01-09T21:00,16.5,62,0.0,0.0,3,100,7.1,10.8,948.9
2026-01-09T22:00,16.2,61,0.0,0.0,3,100,5.7,9.4,948.6
2026-01-09T23:00,16.3,59,0.0,0.0,3,100,5.4,7.6,948.1
2026-01-10T00:00,16.3,58,0.0,0.0,3,100,5.0,6.8,947.9
2026-01-10T01:00,15.9,59,0.0,0.0,3,100,6.7,8.3,947.6
2026-01-10T02:00,15.4,61,0.0,0.0,3,100,6.8,9.0,947.3
2026-01-10T03:00,14.8,59,0.0,0.0,3,100,7.4,9.7,946.9
2026-01-10T04:00,14.4,54,0.0,0.0,3,100,7.4,10.4,946.7
2026-01-10T05:00,14.6,50,0.0,0.0,1,25,8.4,9.7,947.3
2026-01-10T06:00,14.7,50,0.0,0.0,0,19,8.7,14.0,948.0
2026-01-10T07:00,15.1,51,0.0,0.0,1,44,9.7,15.1,949.0
2026-01-10T08:00,17.1,51,0.0,0.0,0,14,9.8,18.4,950.2
2026-01-10T09:00,19.6,50,0.0,0.0,1,41,11.4,23.4,950.8
2026-01-10T10:00,21.7,44,0.0,0.0,2,71,14.3,28.8,950.8
2026-01-10T11:00,23.2,36,0.0,0.0,0,5,15.4,31.0,950.3
2026-01-10T12:00,23.9,34,0.0,0.0,0,0,15.6,32.0,949.3
2026-01-10T13:00,24.3,32,0.0,0.0,0,9,14.8,32.4,948.8
2026-01-10T14:00,24.3,29,0.0,0.0,1,45,13.2,30.6,948.2
2026-01-10T15:00,23.8,29,0.0,0.0,3,100,12.8,27.4,947.6
2026-01-10T16:00,22.7,31,0.0,0.0,3,100,12.6,25.2,947.4
2026-01-10T17:00,21.0,37,0.0,0.0,3,98,9.6,22.7,947.7
2026-01-10T18:00,20.1,38,0.0,0.0,3,98,9.0,16.2,948.2
2026-01-10T19:00,19.1,40,0.0,0.0,3,94,8.7,14.8,949.0
2026-01-10T20:00,18.3,43,0.0,0.0,2,63,9.0,14.4,949.4
2026-01-10T21:00,17.8,46,0.0,0.0,3,94,8.1,14.4,949.8
2026-01-10T22:00,16.9,50,0.0,0.0,3,82,7.0,13.0,949.6
2026-01-10T23:00,17.3,54,0.0,0.0,3,98,6.5,10.8,949.7
2026-01-11T00:00,16.3,59,0.0,0.0,3,92,6.2,10.4,949.3
2026-01-11T01:00,15.6,61,0.0,0.0,1,38,6.3,9.0,948.6
2026-01-11T02:00,15.4,62,0.0,0.0,1,21,6.3,9.0,948.0
2026-01-11T03:00,15.0,63,0.0,0.0,1,25,6.1,9.4,947.6
2026-01-11T04:00,14.4,65,0.0,0.0,0,9,6.2,8.3,947.4
2026-01-11T05:00,14.1,69,0.0,0.0,2,70,5.1,7.9,947.5
2026-01-11T06:00,14.1,67,0.0,0.0,2,55,5.7,7.2,948.5
2026-01-11T07:00,15.2,63,0.0,0.0,1,40,6.5,9.4,949.3
2026-01-11T08:00,18.2,54,0.0,0.0,1,23,7.8,15.5,950.6
2026-01-11T09:00,20.4,46,0.0,0.0,2,75,9.4,20.2,951.5
2026-01-11T10:00,22.3,40,0.0,0.0,2,56,10.6,23.4,951.9
2026-01-11T11:00,23.3,40,0.0,0.0,3,91,11.2,24.8,951.8
2026-01-11T12:00,24.3,38,0.0,0.0,3,93,10.9,24.1,951.0
2026-01-11T13:00,24.7,38,0.0,0.0,3,100,10.4,24.1,950.1
2026-01-11T14:00,24.4,39,0.0,0.0,3,96,10.7,23.0,949.3
2026-01-11T15:00,23.9,40,0.0,0.0,2,62,10.9,22.0,949.0
2026-01-11T16:00,23.6,41,0.0,0.0,2,69,11.2,21.2,948.8
2026-01-11T17:00,22.6,46,0.0,0.0,1,45,9.9,20.5,949.0
2026-01-11T18:00,20.9,51,0.0,0.0,3,81,10.2,16.9,949.1
2026-01-11T19:00,21.1,50,0.0,0.0,3,100,10.2,17.6,950.0
2026-01-11T20:00,20.3,54,0.0,0.0,3,84,8.6,16.6,950.5
2026-01-11T21:00,19.2,57,0.0,0.0,1,40,8.3,14.0,950.7
2026-01-11T22:00,18.0,59,0.0,0.0,1,37,6.5,13.3,950.2
2026-01-11T23:00,18.9,58,0.0,0.0,0,1,6.6,9.4,950.1
2026-01-12T00:00,17.8,62,0.0,0.0,0,5,6.4,10.4,949.5
2026-01-12T01:00,17.2,64,0.0,0.0,0,9,5.7,8.6,949.1
2026-01-12T02:00,16.7,67,0.0,0.0,0,12,5.6,7.6,948.6
2026-01-12T03:00,16.5,68,0.0,0.0,0,6,6.2,9.0,948.5
2026-01-12T04:00,15.9,72,0.0,0.0,0,6,5.8,9.0,948.1
2026-01-12T05:00,15.9,77,0.0,0.0,0,1,6.2,8.3,948.1
2026-01-12T06:00,16.4,77,0.0,0.0,0,5,6.2,9.4,949.0
2026-01-12T07:00,17.4,73,0.0,0.0,0,0,7.0,9.7,950.0
2026-01-12T08:00,19.9,64,0.0,0.0,0,1,6.9,14.8,951.2
2026-01-12T09:00,22.3,54,0.0,0.0,0,0,9.7,20.9,952.2
2026-01-12T10:00,24.0,46,0.0,0.0,0,0,13.1,27.4,952.2
2026-01-12T11:00,24.5,45,0.0,0.0,1,21,14.5,30.6,952.2
2026-01-12T12:00,25.4,42,0.0,0.0,1,41,14.2,30.6,951.7
2026-01-12T13:00,25.7,42,0.0,0.0,3,100,12.7,29.9,950.9
2026-01-12T14:00,25.7,43,0.0,0.0,3,100,12.0,27.7,950.1
2026-01-12T15:00,25.6,43,0.0,0.0,1,30,12.5,25.6,949.7
2026-01-12T16:00,24.9,44,0.0,0.0,0,4,13.1,25.2,949.3
2026-01-12T17:00,23.4,49,0.0,0.0,0,4,9.0,24.1,949.6
2026-01-12T18:00,21.3,55,0.0,0.0,0,5,8.4,15.1,949.9
2026-01-12T19:00,20.4,59,0.0,0.0,0,6,8.3,13.3,950.7
2026-01-12T20:00,19.5,62,0.0,0.0,0,7,7.5,13.3,951.1
2026-01-12T21:00,19.0,64,0.0,0.0,0,5,7.3,11.9,951.5
2026-01-12T22:00,18.4,67,0.0,0.0,0,0,6.6,11.5,951.2
2026-01-12T23:00,17.8,70,0.0,0.0,0,11,6.2,9.7,951.1
2026-01-13T00:00,17.9,70,0.0,0.0,0,0,5.3,8.3,951.0
2026-01-13T01:00,17.4,70,0.0,0.0,0,0,6.2,8.6,950.4
2026-01-13T02:00,17.2,69,0.0,0.0,0,6,6.5,10.4,949.7
2026-01-13T03:00,16.5,74,0.0,0.0,0,0,5.6,9.7,949.4
2026-01-13T04:00,16.1,81,0.0,0.0,0,0,5.9,8.6,949.1
2026-01-13T05:00,16.9,94,0.0,0.0,0,0,6.6,10.1,949.0
2026-01-13T06:00,17.1,94,0.0,0.0,0,0,6.4,10.8,949.5
2026-01-13T07:00,17.8,92,0.0,0.0,0,2,6.8,10.1,950.4
2026-01-13T08:00,20.2,82,0.0,0.0,0,0,6.0,14.0,951.6
2026-01-13T09:00,22.9,63,0.0,0.0,0,1,8.3,19.1,952.6
2026-01-13T10:00,24.8,54,0.0,0.0,0,0,8.4,20.9,952.7
2026-01-13T11:00,25.8,50,0.0,0.0,0,0,8.5,22.3,952.4
2026-01-13T12:00,26.7,48,0.0,0.0,0,0,7.1,22.0,951.4
2026-01-13T13:00,27.2,47,0.0,0.0,0,0,5.9,20.5,950.1
2026-01-13T14:00,27.5,46,0.0,0.0,0,0,5.9,18.7,949.1
2026-01-13T15:00,27.4,46,0.0,0.0,0,4,6.7,17.6,948.5
2026-01-13T16:00,26.9,47,0.0,0.0,0,6,9.0,18.0,948.2
2026-01-13T17:00,25.5,52,0.0,0.0,1,30,8.1,18.0,948.2
2026-01-13T18:00,23.7,58,0.0,0.0,1,45,7.7,13.7,948.6
2026-01-13T19:00,22.7,61,0.0,0.0,0,5,8.2,13.0,949.2
2026-01-13T20:00,21.3,68,0.0,0.0,0,2,8.1,13.0,949.5
2026-01-13T21:00,20.6,70,0.0,0.0,0,2,9.1,14.8,949.4
2026-01-13T22:00,19.9,71,0.0,0.0,0,2,7.2,14.8,949.0
2026-01-13T23:00,19.2,73,0.0,0.0,0,1,7.0,10.8,948.7
2026-01-14T00:00,18.6,76,0.0,0.0,0,0,6.1,10.8,948.0
2026-01-14T01:00,18.3,78,0.0,0.0,0,1,3.9,8.6,947.4
2026-01-14T02:00,17.7,80,0.0,0.0,0,0,4.6,5.8,946.7
2026-01-14T03:00,17.5,80,0.0,0.0,0,2,3.2,6.1,946.2
2026-01-14T04:00,17.1,81,0.0,0.0,0,2,2.8,4.3,946.2
2026-01-14T05:00,16.7,87,0.0,0.0,0,2,5.0,5.0,946.6
2026-01-14T06:00,16.6,87,0.0,0.0,0,2,4.3,6.8,947.4
2026-01-14T07:00,17.7,82,0.0,0.0,0,10,4.8,6.1,948.5
2026-01-14T08:00,20.9,71,0.0,0.0,0,12,2.6,10.1,950.0
2026-01-14T09:00,23.7,58,0.0,0.0,0,19,1.7,10.4,951.2
2026-01-14T10:00,25.3,51,0.0,0.0,0,11,1.8,11.9,951.0
2026-01-14T11:00,26.1,46,0.0,0.0,2,52,1.2,12.6,950.4
2026-01-14T12:00,27.3,44,0.0,0.0,1,21,0.4,11.9,949.6
2026-01-14T13:00,27.6,43,0.0,0.0,1,21,3.2,14.4,948.4
2026-01-14T14:00,27.7,42,0.0,0.0,0,19,5.9,16.6,947.3
2026-01-14T15:00,27.6,43,0.0,0.0,1,30,7.1,18.7,947.1
2026-01-14T16:00,27.0,45,0.0,0.0,1,28,6.2,17.3,946.9
2026-01-14T17:00,26.7,57,0.0,0.0,1,25,0.3,13.3,946.4
2026-01-14T18:00,24.4,55,0.0,0.0,1,21,2.1,2.5,946.5
2026-01-14T19:00,23.1,57,0.0,0.0,1,42,7.9,11.2,947.4
2026-01-14T20:00,22.3,59,0.0,0.0,1,23,8.0,16.2,947.7
2026-01-14T21:00,21.3,64,0.0,0.0,1,25,6.5,12.6,948.1
2026-01-14T22:00,20.8,67,0.0,0.0,0,13,3.8,9.7,948.1
2026-01-14T23:00,20.1,70,0.0,0.0,0,19,3.6,4.7,947.8
2026-01-15T00:00,19.5,71,0.0,0.0,1,23,4.4,5.4,947.2
2026-01-15T01:00,18.9,72,0.0,0.0,0,8,5.6,7.6,946.2
2026-01-15T02:00,18.5,73,0.0,0.0,0,1,5.7,7.6,945.4
2026-01-15T03:00,18.1,74,0.0,0.0,0,1,4.0,7.6,945.1
2026-01-15T04:00,17.7,76,0.0,0.0,0,3,2.7,5.0,945.1
2026-01-15T05:00,17.2,84,0.0,0.0,0,2,5.2,4.3,945.4
2026-01-15T06:00,17.2,84,0.0,0.0,0,5,4.1,6.5,946.0
2026-01-15T07:00,18.3,80,0.0,0.0,0,9,3.8,5.4,947.1
2026-01-15T08:00,21.3,70,0.0,0.0,0,8,2.9,10.1,948.6
2026-01-15T09:00,24.4,56,0.0,0.0,0,6,4.4,13.3,949.9
2026-01-15T10:00,26.3,46,0.0,0.0,0,13,7.2,19.1,950.0
2026-01-15T11:00,27.0,47,0.0,0.0,0,9,6.9,19.4,949.5
2026-01-15T12:00,27.9,44,0.0,0.0,0,10,6.9,19.4,948.8
2026-01-15T13:00,28.3,42,0.0,0.0,0,18,7.4,20.5,947.4
2026-01-15T14:00,28.6,39,0.0,0.0,1,26,7.5,19.8,946.3
2026-01-15T15:00,28.5,38,0.0,0.0,1,36,8.6,19.1,945.9
2026-01-15T16:00,28.0,38,0.0,0.0,2,64,9.9,19.1,945.8
2026-01-15T17:00,25.7,49,0.0,0.0,2,56,14.0,19.1,945.7
2026-01-15T18:00,24.1,53,0.0,0.0,1,41,11.3,24.1,946.0
2026-01-15T19:00,22.9,58,0.0,0.0,1,38,9.5,18.4,946.7
2026-01-15T20:00,21.6,67,0.0,0.0,0,3,8.9,15.1,947.4
2026-01-15T21:00,20.5,73,0.0,0.0,0,0,7.6,14.8,947.4
2026-01-15T22:00,19.4,78,0.0,0.0,0,0,6.4,11.9,947.2
2026-01-15T23:00,18.7,85,0.0,0.0,0,0,5.6,9.4,946.9
2026-01-16T00:00,18.2,87,0.0,0.0,0,0,5.1,7.6,946.5
2026-01-16T01:00,17.9,87,0.0,0.0,0,0,3.9,6.8,945.9
2026-01-16T02:00,17.5,87,0.0,0.0,0,0,5.0,6.5,945.4
2026-01-16T03:00,17.2,86,0.0,0.0,0,0,4.4,6.8,945.2
2026-01-16T04:00,17.0,84,0.0,0.0,0,0,3.4,5.8,945.4
2026-01-16T05:00,16.6,89,0.0,0.0,0,9,5.8,4.7,945.5
2026-01-16T06:00,16.4,88,0.0,0.0,0,0,6.9,9.7,946.2
2026-01-16T07:00,17.5,82,0.0,0.0,0,5,8.1,12.2,947.5
2026-01-16T08:00,20.2,71,0.0,0.0,0,0,7.6,16.2,948.9
2026-01-16T09:00,22.9,56,0.0,0.0,0,0,9.2,20.2,949.9
2026-01-16T10:00,24.9,44,0.0,0.0,1,27,11.8,25.6,950.2
2026-01-16T11:00,26.0,42,0.0,0.0,3,85,10.1,26.3,949.6
2026-01-16T12:00,26.8,40,0.0,0.0,3,91,9.1,23.8,949.1
2026-01-16T13:00,27.4,39,0.0,0.0,2,68,8.8,23.0,948.0
2026-01-16T14:00,27.7,38,0.0,0.0,3,95,9.2,22.3,947.0
2026-01-16T15:00,27.6,37,0.0,0.0,3,96,10.2,22.0,946.4
2026-01-16T16:00,26.7,38,0.0,0.0,3,93,12.1,22.7,946.1
2026-01-16T17:00,24.6,46,0.0,0.0,2,70,10.5,22.7,946.0
2026-01-16T18:00,22.1,51,0.0,0.0,0,18,9.5,17.6,946.1
2026-01-16T19:00,20.2,58,0.0,0.0,0,0,6.9,14.8,946.3
2026-01-16T20:00,19.2,62,0.0,0.0,0,0,6.0,9.0,946.8
2026-01-16T21:00,18.5,65,0.0,0.0,0,0,5.1,7.9,946.9
2026-01-16T22:00,17.7,68,0.0,0.0,0,0,5.5,7.2,946.7
2026-01-16T23:00,17.1,70,0.0,0.0,0,0,4.7,7.2,946.2
2026-01-17T00:00,17.0,70,0.0,0.0,0,0,3.6,5.8,946.0
2026-01-17T01:00,16.8,69,0.0,0.0,1,38,2.3,4.7,945.4
2026-01-17T02:00,16.8,66,0.0,0.0,3,84,1.4,3.2,944.9
2026-01-17T03:00,16.5,65,0.0,0.0,3,89,0.9,2.2,944.5
2026-01-17T04:00,16.2,64,0.0,0.0,3,85,1.7,2.5,944.3
2026-01-17T05:00,16.1,66,0.0,0.0,1,24,1.7,3.6,944.6
2026-01-17T06:00,16.0,64,0.0,0.0,1,21,2.3,3.2,945.1
2026-01-17T07:00,16.5,65,0.0,0.0,0,0,3.1,4.0,946.1
2026-01-17T08:00,19.6,54,0.0,0.0,0,0,4.7,10.8,947.8
2026-01-17T09:00,22.7,45,0.0,0.0,0,0,4.4,13.0,949.1
2026-01-17T10:00,25.0,33,0.0,0.0,0,0,8.0,19.8,949.2
2026-01-17T11:00,25.8,30,0.0,0.0,0,0,6.9,20.5,949.0
2026-01-17T12:00,27.1,27,0.0,0.0,0,0,5.9,19.1,948.0
2026-01-17T13:00,27.9,26,0.0,0.0,0,0,5.5,18.4,946.6
2026-01-17T14:00,28.3,25,0.0,0.0,0,0,5.7,17.3,945.7
2026-01-17T15:00,28.3,25,0.0,0.0,0,0,5.9,16.6,945.0
2026-01-17T16:00,27.6,27,0.0,0.0,0,2,7.6,15.1,944.7
2026-01-17T17:00,24.7,37,0.0,0.0,0,1,9.6,14.8,944.2
2026-01-17T18:00,21.9,42,0.0,0.0,0,0,8.4,16.2,944.2
2026-01-17T19:00,20.2,49,0.0,0.0,0,0,7.2,13.0,944.4
2026-01-17T20:00,19.1,54,0.0,0.0,0,0,5.9,9.4,944.8
2026-01-17T21:00,18.1,57,0.0,0.0,0,0,7.6,10.8,944.7
2026-01-17T22:00,17.5,60,0.0,0.0,2,63,7.3,11.5,944.5
2026-01-17T23:00,16.8,64,0.0,0.0,1,35,5.1,9.7,944.2
2026-01-18T00:00,16.2,66,0.0,0.0,0,14,3.1,6.5,943.9
2026-01-18T01:00,15.8,66,0.0,0.0,0,0,1.3,4.0,943.4
2026-01-18T02:00,15.3,67,0.0,0.0,0,2,2.3,3.2,942.8
2026-01-18T03:00,14.9,68,0.0,0.0,0,0,4.3,5.8,942.0
2026-01-18T04:00,14.4,70,0.0,0.0,0,0,5.2,6.8,942.0
2026-01-18T05:00,14.0,73,0.0,0.0,0,0,4.8,6.8,942.1
2026-01-18T06:00,14.3,71,0.0,0.0,0,0,4.9,6.8,942.9
2026-01-18T07:00,15.3,69,0.0,0.0,0,0,6.4,9.0,943.9
2026-01-18T08:00,19.8,56,0.0,0.0,0,0,8.6,15.8,945.8
2026-01-18T09:00,23.6,47,0.0,0.0,0,0,5.6,15.8,947.2
2026-01-18T10:00,26.0,31,0.0,0.0,0,0,7.5,18.7,947.0
2026-01-18T11:00,27.1,25,0.0,0.0,0,0,7.0,19.8,946.6
2026-01-18T12:00,28.0,22,0.0,0.0,0,0,5.0,18.7,945.9
2026-01-18T13:00,28.4,22,0.0,0.0,0,0,4.0,16.6,944.7
2026-01-18T14:00,28.5,22,0.0,0.0,0,0,3.6,15.5,943.9
2026-01-18T15:00,28.4,21,0.0,0.0,0,0,3.1,14.0,943.5
2026-01-18T16:00,27.9,23,0.0,0.0,0,0,3.1,11.2,943.3
2026-01-18T17:00,25.4,43,0.0,0.0,0,0,3.7,7.2,942.8
2026-01-18T18:00,21.2,46,0.0,0.0,0,0,7.1,9.4,942.6
2026-01-18T19:00,19.0,53,0.0,0.0,0,0,7.2,11.5,943.1
2026-01-18T20:00,17.7,57,0.0,0.0,0,0,7.2,10.4,944.0
2026-01-18T21:00,17.4,59,0.0,0.0,0,0,6.1,9.7,944.1
2026-01-18T22:00,16.9,60,0.0,0.0,0,0,6.2,7.9,944.2
2026-01-18T23:00,16.6,58,0.0,0.0,0,0,8.1,8.6,943.9
2026-01-19T00:00,16.4,59,0.0,0.0,0,0,8.3,11.5,943.7
2026-01-19T01:00,16.4,63,0.0,0.0,0,0,8.5,12.2,943.3
2026-01-19T02:00,16.1,67,0.0,0.0,0,0,8.3,12.2,943.0
2026-01-19T03:00,15.8,68,0.0,0.0,0,0,8.5,12.2,942.5
2026-01-19T04:00,15.4,70,0.0,0.0,0,0,8.1,12.2,942.8
2026-01-19T05:00,15.1,79,0.0,0.0,0,0,7.4,11.2,943.3
2026-01-19T06:00,15.3,79,0.0,0.0,0,0,7.3,10.1,944.1
2026-01-19T07:00,16.5,76,0.0,0.0,0,0,6.7,10.1,945.1
2026-01-19T08:00,20.1,65,0.0,0.0,0,0,7.4,14.4,946.9
2026-01-19T09:00,23.4,54,0.0,0.0,0,0,7.6,17.3,948.1
2026-01-19T10:00,25.9,39,0.0,0.0,0,0,10.3,23.4,948.0
2026-01-19T11:00,27.0,34,0.0,0.0,0,0,8.5,23.0,947.9
2026-01-19T12:00,27.9,30,0.0,0.0,0,0,6.0,20.9,947.0
2026-01-19T13:00,28.2,29,0.0,0.0,0,0,4.8,18.4,945.8
2026-01-19T14:00,28.3,29,0.0,0.0,0,0,4.7,16.6,945.0
2026-01-19T15:00,28.1,29,0.0,0.0,0,0,4.7,15.5,944.6
2026-01-19T16:00,27.6,30,0.0,0.0,0,0,5.2,13.7,944.4
2026-01-19T17:00,25.2,43,0.0,0.0,0,5,7.5,11.2,944.2
2026-01-19T18:00,22.8,48,0.0,0.0,0,16,11.9,19.4,944.5
2026-01-19T19:00,21.4,56,0.0,0.0,0,12,8.7,19.4,945.2
2026-01-19T20:00,20.0,64,0.0,0.0,0,0,7.6,14.0,945.7
2026-01-19T21:00,19.0,69,0.0,0.0,0,0,7.4,11.2,945.8
2026-01-19T22:00,18.7,70,0.0,0.0,0,0,8.0,12.6,945.6
2026-01-19T23:00,17.7,77,0.0,0.0,0,0,7.3,12.2,945.3
2026-01-20T00:00,17.6,74,0.0,0.0,0,1,8.3,12.2,945.2
2026-01-20T01:00,17.4,74,0.0,0.0,0,0,7.9,14.8,944.7
2026-01-20T02:00,16.6,76,0.0,0.0,0,0,7.3,12.2,943.9
2026-01-20T03:00,16.0,78,0.0,0.0,0,0,5.4,10.8,943.5
2026-01-20T04:00,15.6,79,0.0,0.0,0,0,5.1,6.8,943.7
2026-01-20T05:00,15.6,88,0.0,0.0,0,0,6.0,7.6,943.9
2026-01-20T06:00,15.8,87,0.0,0.0,0,0,5.5,7.9,944.7
2026-01-20T07:00,16.9,82,0.0,0.0,0,0,5.7,8.3,945.6
2026-01-20T08:00,20.5,69,0.0,0.0,0,0,6.4,14.0,947.1
2026-01-20T09:00,23.6,56,0.0,0.0,0,0,5.9,15.1,948.6
2026-01-20T10:00,25.6,45,0.0,0.0,0,0,8.2,20.2,948.9
2026-01-20T11:00,26.8,36,0.0,0.0,0,0,10.1,22.7,948.5
2026-01-20T12:00,27.5,34,0.0,0.0,0,2,10.3,24.5,947.8
2026-01-20T13:00,27.5,34,0.0,0.0,0,6,11.0,25.2,946.7
2026-01-20T14:00,27.3,34,0.0,0.0,0,2,11.4,25.6,945.8
2026-01-20T15:00,27.0,35,0.0,0.0,0,2,11.2,25.2,945.2
2026-01-20T16:00,26.4,35,0.0,0.0,0,2,12.0,23.8,945.2
2026-01-20T17:00,24.6,41,0.0,0.0,0,1,9.3,22.3,945.1
2026-01-20T18:00,22.3,47,0.0,0.0,0,0,10.0,15.8,945.2
2026-01-20T19:00,21.4,49,0.0,0.0,0,0,11.6,19.4,945.8
2026-01-20T20:00,20.2,54,0.0,0.0,0,0,10.9,19.1,946.3
2026-01-20T21:00,19.8,55,0.0,0.0,0,0,10.7,18.7,946.4
2026-01-20T22:00,19.2,57,0.0,0.0,0,0,9.8,17.3,946.4
2026-01-20T23:00,19.0,59,0.0,0.0,0,0,11.0,15.8,946.0
2026-01-21T00:00,18.2,59,0.0,0.0,0,0,8.7,17.6,945.7
2026-01-21T01:00,17.0,63,0.0,0.0,0,0,8.0,13.0,945.3
2026-01-21T02:00,16.8,65,0.0,0.0,0,0,9.1,14.4,945.1
2026-01-21T03:00,16.7,80,0.0,0.0,0,0,11.5,19.1,945.4
2026-01-21T04:00,16.4,91,0.0,0.0,0,0,10.6,19.1,945.6
2026-01-21T05:00,16.5,91,0.0,0.0,0,0,10.8,17.3,945.8
2026-01-21T06:00,16.3,89,0.0,0.0,0,0,9.2,17.6,946.5
2026-01-21T07:00,16.7,84,0.0,0.0,0,0,8.9,15.1,947.5
2026-01-21T08:00,19.1,73,0.0,0.0,0,0,10.2,19.4,949.0
2026-01-21T09:00,21.5,62,0.0,0.0,0,0,12.0,24.8,950.1
2026-01-21T10:00,23.9,48,0.0,0.0,0,0,14.2,28.8,950.1
2026-01-21T11:00,25.1,42,0.0,0.0,0,0,15.1,30.2,949.8
2026-01-21T12:00,26.0,38,0.0,0.0,0,0,15.3,31.7,949.3
2026-01-21T13:00,26.3,37,0.0,0.0,0,0,15.1,32.0,948.4
2026-01-21T14:00,26.3,37,0.0,0.0,0,0,14.1,31.7,947.4
2026-01-21T15:00,26.0,38,0.0,0.0,0,16,12.2,29.2,947.0
2026-01-21T16:00,25.4,39,0.0,0.0,0,15,11.5,25.2,947.0
2026-01-21T17:00,24.1,45,0.0,0.0,0,8,11.2,22.0,946.8
2026-01-21T18:00,22.5,50,0.0,0.0,0,2,10.4,19.1,947.1
2026-01-21T19:00,21.2,53,0.0,0.0,0,1,10.9,17.3,947.6
2026-01-21T20:00,20.1,56,0.0,0.0,0,0,10.1,17.6,947.8
2026-01-21T21:00,19.4,60,0.0,0.0,0,0,10.2,16.6,948.1
2026-01-21T22:00,18.9,59,0.0,0.0,0,0,8.8,16.6,947.8
2026-01-21T23:00,17.7,66,0.0,0.0,0,0,8.0,13.3,947.4
2026-01-22T00:00,17.5,66,0.0,0.0,0,0,12.9,19.8,947.4
2026-01-22T01:00,17.1,76,0.0,0.0,0,0,12.0,22.3,947.2
2026-01-22T02:00,16.5,79,0.0,0.0,0,0,9.1,19.8,946.7
2026-01-22T03:00,15.5,80,0.0,0.0,0,0,7.4,14.8,946.4
2026-01-22T04:00,15.1,78,0.0,0.0,0,0,7.3,10.8,946.3
2026-01-22T05:00,15.0,81,0.0,0.0,0,0,5.7,10.4,946.3
2026-01-22T06:00,15.1,78,0.0,0.0,0,0,7.1,9.7,946.9
2026-01-22T07:00,16.5,69,0.0,0.0,0,0,8.6,13.0,947.9
2026-01-22T08:00,19.5,61,0.0,0.0,0,0,8.7,16.6,949.5
2026-01-22T09:00,22.2,51,0.0,0.0,0,0,11.8,23.8,950.8
2026-01-22T10:00,23.8,42,0.0,0.0,0,0,13.6,28.4,950.9
2026-01-22T11:00,24.8,39,0.0,0.0,0,0,12.3,28.4,950.6
2026-01-22T12:00,25.7,36,0.0,0.0,0,0,12.2,27.7,949.7
2026-01-22T13:00,26.0,35,0.0,0.0,0,0,12.9,28.1,948.6
2026-01-22T14:00,26.0,35,0.0,0.0,0,0,13.8,29.2,947.5
2026-01-22T15:00,25.7,35,0.0,0.0,0,4,13.0,28.8,947.0
2026-01-22T16:00,25.1,38,0.0,0.0,1,30,12.6,26.6,946.9
2026-01-22T17:00,23.6,44,0.0,0.0,0,18,13.0,23.4,946.7
2026-01-22T18:00,21.4,50,0.0,0.0,0,3,9.7,22.0,947.0
2026-01-22T19:00,20.0,53,0.0,0.0,0,0,8.9,15.5,947.3
2026-01-22T20:00,19.0,56,0.0,0.0,0,0,8.1,14.0,947.6
2026-01-22T21:00,18.1,60,0.0,0.0,0,8,7.4,12.2,947.8
2026-01-22T22:00,17.6,64,0.0,0.0,0,7,6.1,10.1,947.9
2026-01-22T23:00,16.8,69,0.0,0.0,0,0,7.3,8.3,947.9
2026-01-23T00:00,16.6,69,0.0,0.0,0,0,8.4,12.2,947.6
2026-01-23T01:00,16.9,69,0.0,0.0,0,0,12.3,19.8,947.5
2026-01-23T02:00,16.6,81,0.0,0.0,0,0,12.4,20.5,947.0
2026-01-23T03:00,16.5,84,0.0,0.0,0,0,12.2,20.9,946.8
2026-01-23T04:00,16.3,83,0.0,0.0,0,0,11.6,20.2,946.8
2026-01-23T05:00,16.0,87,0.0,0.0,0,0,9.4,19.1,947.3
2026-01-23T06:00,15.9,85,0.0,0.0,0,0,8.1,15.5,948.1
2026-01-23T07:00,16.7,81,0.0,0.0,0,0,10.1,15.1,949.0
2026-01-23T08:00,19.4,71,0.0,0.0,0,0,10.6,19.4,950.3
2026-01-23T09:00,22.3,55,0.0,0.0,0,0,13.6,26.3,951.2
2026-01-23T10:00,24.1,43,0.0,0.0,0,0,13.6,29.2,951.6
2026-01-23T11:00,24.8,39,0.0,0.0,0,0,12.1,28.1,951.2
2026-01-23T12:00,25.7,36,0.0,0.0,0,0,11.5,26.6,950.5
2026-01-23T13:00,26.0,35,0.0,0.0,0,2,11.4,26.3,949.4
2026-01-23T14:00,26.1,36,0.0,0.0,0,5,11.4,25.9,948.3
2026-01-23T15:00,25.8,37,0.0,0.0,0,6,11.3,25.2,947.7
2026-01-23T16:00,25.1,38,0.0,0.0,0,5,11.7,23.8,947.6
2026-01-23T17:00,23.6,42,0.0,0.0,0,0,10.3,22.3,947.2
2026-01-23T18:00,21.0,48,0.0,0.0,0,0,10.1,17.6,947.1
2026-01-23T19:00,19.2,54,0.0,0.0,0,0,7.9,16.2,947.7
2026-01-23T20:00,17.9,60,0.0,0.0,0,0,6.9,11.9,948.4
2026-01-23T21:00,17.9,59,0.0,0.0,0,0,5.3,9.0,948.8
2026-01-23T22:00,17.6,59,0.0,0.0,0,0,5.2,6.8,949.0
2026-01-23T23:00,16.7,64,0.0,0.0,0,0,6.9,6.8,949.0
2026-01-24T00:00,16.5,66,0.0,0.0,0,0,7.9,11.5,949.0
2026-01-24T01:00,16.0,72,0.0,0.0,0,0,7.2,12.2,948.4
2026-01-24T02:00,15.7,85,0.0,0.0,0,0,8.2,12.6,948.1
2026-01-24T03:00,15.9,93,0.0,0.0,0,0,8.9,14.4,948.2
2026-01-24T04:00,16.1,96,0.0,0.0,0,0,9.2,15.1,948.6
2026-01-24T05:00,17.0,99,0.0,0.0,3,100,9.7,14.8,949.1
2026-01-24T06:00,17.1,100,0.0,0.0,3,100,8.1,17.6,950.1
2026-01-24T07:00,17.2,99,0.0,0.0,3,100,8.8,15.5,950.6
2026-01-24T08:00,17.6,97,0.0,0.0,3,99,11.5,22.0,951.4
2026-01-24T09:00,20.7,77,0.0,0.0,1,26,9.1,23.4,952.6
2026-01-24T10:00,22.9,64,0.0,0.0,0,0,9.3,22.7,952.8
2026-01-24T11:00,24.6,50,0.0,0.0,1,27,8.5,22.7,952.4
2026-01-24T12:00,25.7,42,0.0,0.0,0,8,8.0,22.0,951.6
2026-01-24T13:00,26.6,38,0.0,0.0,2,70,6.4,21.6,950.2
2026-01-24T14:00,26.6,38,0.0,0.0,2,71,6.1,19.4,949.1
2026-01-24T15:00,26.3,39,0.0,0.0,1,40,9.0,19.1,948.4
2026-01-24T16:00,25.8,41,0.0,0.0,1,22,9.3,20.5,948.0
2026-01-24T17:00,23.8,47,0.0,0.0,0,2,9.4,18.0,948.0
2026-01-24T18:00,21.8,52,0.0,0.0,0,3,10.5,16.9,947.9
2026-01-24T19:00,20.7,56,0.0,0.0,0,0,9.9,17.6,948.6
2026-01-24T20:00,19.6,61,0.0,0.0,0,3,9.1,15.8,949.3
2026-01-24T21:00,18.8,71,0.0,0.0,0,15,10.2,16.9,949.4
2026-01-24T22:00,18.9,72,0.0,0.0,1,36,8.8,16.6,949.1
2026-01-24T23:00,18.9,73,0.0,0.0,1,23,7.5,14.0,949.0
2026-01-25T00:00,17.8,77,0.0,0.0,0,1,6.6,11.5,948.3
2026-01-25T01:00,17.2,80,0.0,0.0,0,1,6.2,9.0,947.8
2026-01-25T02:00,16.8,81,0.0,0.0,0,4,5.0,8.3,946.9
2026-01-25T03:00,16.7,82,0.0,0.0,0,3,2.7,6.1,946.4
2026-01-25T04:00,16.3,83,0.0,0.0,0,9,4.3,5.0,946.1
2026-01-25T05:00,16.3,87,0.0,0.0,0,0,7.2,9.0,946.4
2026-01-25T06:00,16.5,88,0.0,0.0,0,5,6.6,11.5,947.4
2026-01-25T07:00,17.4,87,0.0,0.0,0,0,6.9,10.1,948.2
2026-01-25T08:00,20.1,80,0.0,0.0,0,0,6.9,15.1,949.8
2026-01-25T09:00,22.9,67,0.0,0.0,0,0,9.5,20.9,950.6
2026-01-25T10:00,25.0,54,0.0,0.0,0,0,11.8,25.6,950.7
2026-01-25T11:00,26.0,50,0.0,0.0,0,0,12.3,25.9,950.4
2026-01-25T12:00,27.3,45,0.0,0.0,1,45,10.2,27.4,949.6
2026-01-25T13:00,27.4,45,0.0,0.0,1,41,9.0,24.8,948.5
2026-01-25T14:00,27.5,44,0.0,0.0,2,63,7.2,22.0,947.8
2026-01-25T15:00,27.5,43,0.0,0.0,2,70,6.3,18.4,947.4
2026-01-25T16:00,27.0,45,0.0,0.0,2,63,5.9,15.8,947.3
2026-01-25T17:00,25.1,54,0.0,0.0,1,22,10.0,13.0,947.5
2026-01-25T18:00,23.2,61,0.0,0.0,1,26,9.5,16.9,947.7
2026-01-25T19:00,22.3,64,0.0,0.0,1,21,9.8,16.2,948.2
2026-01-25T20:00,21.7,65,0.0,0.0,0,13,10.6,17.3,948.8
2026-01-25T21:00,20.9,68,0.0,0.0,0,7,9.5,17.3,948.7
2026-01-25T22:00,19.7,73,0.0,0.0,0,5,7.0,15.1,948.5
2026-01-25T23:00,19.9,72,0.0,0.0,0,6,11.2,14.8,948.8
2026-01-26T00:00,19.2,73,0.0,0.0,0,1,10.4,18.4,948.5
2026-01-26T01:00,18.6,75,0.0,0.0,0,2,10.7,17.6,948.0
2026-01-26T02:00,18.4,76,0.0,0.0,0,0,11.3,18.4,947.6
2026-01-26T03:00,18.1,76,0.0,0.0,0,1,10.1,18.4,947.3
2026-01-26T04:00,17.5,73,0.0,0.0,0,2,7.8,16.2,947.3
2026-01-26T05:00,17.9,76,0.0,0.0,1,30,9.0,11.9,947.9
2026-01-26T06:00,17.4,81,0.0,0.0,0,3,8.4,14.8,948.3
2026-01-26T07:00,17.9,84,0.0,0.0,0,0,10.7,16.2,949.2
2026-01-26T08:00,20.3,79,0.0,0.0,0,2,10.7,20.5,950.7
2026-01-26T09:00,22.7,69,0.0,0.0,1,38,12.1,24.5,951.8
2026-01-26T10:00,24.5,58,0.0,0.0,1,38,13.2,27.7,951.9
2026-01-26T11:00,25.2,55,0.0,0.0,0,18,13.4,28.4,951.6
2026-01-26T12:00,26.5,49,0.0,0.0,0,8,11.8,28.4,950.8
2026-01-26T13:00,27.5,45,0.0,0.0,1,45,8.9,27.0,949.7
2026-01-26T14:00,27.6,44,0.0,0.0,2,50,6.9,22.7,948.9
2026-01-26T15:00,27.4,44,0.0,0.0,1,38,6.9,18.4,948.6
2026-01-26T16:00,26.5,46,0.0,0.0,1,49,10.3,19.4,948.5
2026-01-26T17:00,25.2,53,0.0,0.0,0,16,12.5,21.2,948.8
2026-01-26T18:00,23.3,59,0.0,0.0,1,27,10.2,21.6,949.3
2026-01-26T19:00,22.2,64,0.0,0.0,1,28,8.1,16.6,950.0
2026-01-26T20:00,21.6,65,0.0,0.0,1,21,8.5,13.7,950.5
2026-01-26T21:00,21.1,67,0.0,0.0,0,4,7.1,13.7,950.4
2026-01-26T22:00,19.9,72,0.0,0.0,0,5,6.8,10.8,950.1
2026-01-26T23:00,19.4,73,0.0,0.0,0,1,7.3,9.7,949.8
2026-01-27T00:00,19.2,73,0.0,0.0,0,0,10.2,15.8,949.7
2026-01-27T01:00,18.9,78,0.0,0.0,0,2,12.1,19.4,949.5
2026-01-27T02:00,18.5,79,0.0,0.0,0,0,11.2,19.8,948.9
2026-01-27T03:00,18.2,77,0.0,0.0,0,0,10.1,18.4,948.8
2026-01-27T04:00,17.6,75,0.0,0.0,0,0,8.4,16.6,948.7
2026-01-27T05:00,17.4,78,0.0,0.0,0,3,8.3,13.3,949.0
2026-01-27T06:00,17.7,73,0.0,0.0,2,68,8.2,14.0,949.8
2026-01-27T07:00,18.6,69,0.0,0.0,3,92,11.1,16.9,950.8
2026-01-27T08:00,21.1,63,0.0,0.0,3,95,11.2,20.9,951.9
2026-01-27T09:00,23.5,55,0.0,0.0,3,93,12.2,24.8,952.9
2026-01-27T10:00,25.2,47,0.0,0.0,3,94,14.0,28.8,953.0
2026-01-27T11:00,26.1,47,0.0,0.0,3,91,13.6,29.2,952.9
2026-01-27T12:00,26.9,46,0.0,0.0,0,9,12.5,29.2,951.8
2026-01-27T13:00,27.8,42,0.0,0.0,2,63,8.0,28.1,950.7
2026-01-27T14:00,26.7,45,0.0,0.0,3,93,7.8,21.2,949.3
2026-01-27T15:00,27.1,44,0.0,0.0,2,60,6.2,18.7,949.1
2026-01-27T16:00,26.9,44,0.0,0.0,3,88,6.5,16.2,948.5
2026-01-27T17:00,25.5,49,0.0,0.0,3,90,10.5,14.4,948.4
2026-01-27T18:00,24.0,54,0.0,0.0,3,88,11.6,19.1,948.7
2026-01-27T19:00,22.8,58,0.0,0.0,1,20,12.7,20.9,949.1
2026-01-27T20:00,21.8,61,0.0,0.0,0,1,9.0,20.9,949.5
2026-01-27T21:00,20.2,67,0.0,0.0,0,1,6.6,14.4,949.5
2026-01-27T22:00,20.1,67,0.0,0.0,0,0,7.7,11.5,949.4
2026-01-27T23:00,20.2,68,0.0,0.0,0,0,11.8,14.8,948.6
2026-01-28T00:00,19.6,69,0.0,0.0,0,0,8.4,19.1,948.3
2026-01-28T01:00,18.7,73,0.0,0.0,0,0,7.5,13.3,947.8
2026-01-28T02:00,18.1,76,0.0,0.0,0,0,6.8,11.9,947.3
2026-01-28T03:00,17.4,80,0.0,0.0,0,7,5.0,10.1,947.0
2026-01-28T04:00,17.0,82,0.0,0.0,0,0,2.0,6.1,946.9
2026-01-28T05:00,16.5,85,0.0,0.0,0,4,4.8,2.9,947.0
2026-01-28T06:00,16.7,83,0.0,0.0,0,1,3.8,6.1,947.9
2026-01-28T07:00,17.8,78,0.0,0.0,0,1,4.9,6.5,948.9
2026-01-28T08:00,20.8,67,0.0,0.0,0,2,2.3,10.8,950.5
2026-01-28T09:00,23.4,58,0.0,0.0,0,0,1.7,10.8,951.7
2026-01-28T10:00,25.4,51,0.0,0.0,0,8,1.6,12.6,951.8
2026-01-28T11:00,25.9,49,0.0,0.0,0,5,1.4,13.7,951.2
2026-01-28T12:00,27.4,44,0.0,0.0,1,23,2.9,14.8,950.4
2026-01-28T13:00,27.9,42,0.0,0.0,0,12,2.7,15.8,949.3
2026-01-28T14:00,28.2,40,0.0,0.0,1,32,2.0,14.4,948.4
2026-01-28T15:00,28.4,38,0.0,0.0,2,77,3.1,13.0,947.7
2026-01-28T16:00,28.1,38,0.0,0.0,2,52,1.9,12.2,947.5
2026-01-28T17:00,26.2,46,0.0,0.0,2,53,11.4,17.3,947.4
2026-01-28T18:00,24.1,52,0.0,0.0,1,28,9.7,22.0,947.9
2026-01-28T19:00,23.0,58,0.0,0.0,0,9,9.8,15.5,948.2
2026-01-28T20:00,21.8,63,0.0,0.0,0,0,10.8,18.4,948.6
2026-01-28T21:00,20.8,67,0.0,0.0,0,1,8.2,18.0,948.6
2026-01-28T22:00,19.9,71,0.0,0.0,0,2,6.6,13.0,948.3
2026-01-28T23:00,19.3,76,0.0,0.0,0,0,7.2,9.7,947.8
2026-01-29T00:00,18.8,79,0.0,0.0,0,0,6.6,11.2,947.3
2026-01-29T01:00,18.3,80,0.0,0.0,0,0,6.6,9.4,946.5
2026-01-29T02:00,18.6,79,0.0,0.0,0,0,8.7,14.4,946.2
2026-01-29T03:00,17.6,86,0.0,0.0,0,0,6.0,14.0,945.7
2026-01-29T04:00,17.2,88,0.0,0.0,0,0,5.6,7.9,945.6
2026-01-29T05:00,17.0,90,0.0,0.0,0,0,5.1,7.2,945.7
2026-01-29T06:00,17.0,90,0.0,0.0,0,0,5.1,7.6,946.6
2026-01-29T07:00,18.1,88,0.0,0.0,0,0,6.8,9.4,947.8
2026-01-29T08:00,20.8,79,0.0,0.0,0,0,7.7,15.8,949.4
2026-01-29T09:00,23.6,67,0.0,0.0,0,0,9.6,21.2,950.7
2026-01-29T10:00,25.6,56,0.0,0.0,0,0,11.2,24.8,950.8
2026-01-29T11:00,26.7,46,0.0,0.0,0,0,11.8,27.7,950.6
2026-01-29T12:00,27.8,39,0.0,0.0,0,0,12.0,27.0,949.8
2026-01-29T13:00,28.2,35,0.0,0.0,0,0,11.8,27.0,948.7
2026-01-29T14:00,28.2,34,0.0,0.0,0,1,11.7,26.6,947.8
2026-01-29T15:00,28.0,35,0.0,0.0,0,2,11.0,25.6,947.6
2026-01-29T16:00,27.2,36,0.0,0.0,0,5,11.7,23.4,947.6
2026-01-29T17:00,25.7,45,0.0,0.0,1,40,10.8,22.3,947.4
2026-01-29T18:00,23.6,52,0.0,0.0,0,16,10.6,18.4,947.9
2026-01-29T19:00,22.6,58,0.0,0.0,0,5,11.3,18.7,948.4
2026-01-29T20:00,21.5,65,0.0,0.0,0,3,10.9,18.4,949.0
2026-01-29T21:00,20.8,70,0.0,0.0,0,1,10.0,17.6,949.2
2026-01-29T22:00,20.2,72,0.0,0.0,0,0,8.6,16.6,949.2
2026-01-29T23:00,19.6,73,0.0,0.0,0,0,8.1,13.7,948.9
2026-01-30T00:00,18.7,75,0.0,0.0,0,5,7.2,12.6,948.4
2026-01-30T01:00,18.0,77,0.0,0.0,0,0,6.6,10.8,947.7
2026-01-30T02:00,17.5,79,0.0,0.0,0,0,6.1,9.4,946.8
2026-01-30T03:00,17.7,76,0.0,0.0,0,0,8.5,14.0,946.7
2026-01-30T04:00,17.1,82,0.0,0.0,0,0,7.1,13.7,946.5
2026-01-30T05:00,17.0,87,0.0,0.0,0,0,7.1,10.8,946.8
2026-01-30T06:00,16.7,87,0.0,0.0,0,0,6.9,10.1,947.4
2026-01-30T07:00,18.0,86,0.0,0.0,0,0,12.2,19.8,949.2
2026-01-30T08:00,20.0,81,0.0,0.0,0,7,11.8,23.0,950.4
2026-01-30T09:00,22.7,72,0.0,0.0,0,2,12.0,24.8,951.4
2026-01-30T10:00,24.8,60,0.0,0.0,0,0,12.5,27.4,951.7
2026-01-30T11:00,25.8,52,0.0,0.0,0,0,13.0,28.4,951.5
2026-01-30T12:00,26.8,46,0.0,0.0,0,0,13.1,29.2,950.7
2026-01-30T13:00,27.5,43,0.0,0.0,0,5,12.7,29.2,949.6
2026-01-30T14:00,27.5,41,0.0,0.0,0,6,11.8,28.1,948.5
2026-01-30T15:00,27.1,41,0.0,0.0,0,7,10.5,25.9,948.1
2026-01-30T16:00,26.5,41,0.0,0.0,0,9,11.8,22.3,948.0
2026-01-30T17:00,25.3,45,0.0,0.0,0,13,10.2,22.7,948.1
2026-01-30T18:00,23.2,53,0.0,0.0,2,56,10.1,17.6,948.2
2026-01-30T19:00,22.2,56,0.0,0.0,0,3,10.6,17.6,948.8
2026-01-30T20:00,21.0,59,0.0,0.0,0,1,9.1,17.3,949.1
2026-01-30T21:00,20.0,61,0.0,0.0,0,1,7.9,14.8,949.2
2026-01-30T22:00,19.6,65,0.0,0.0,0,1,7.7,12.6,949.1
2026-01-30T23:00,19.2,71,0.0,0.0,0,0,8.2,11.5,948.8
2026-01-31T00:00,18.1,76,0.0,0.0,0,0,7.3,13.3,948.1
2026-01-31T01:00,17.5,78,0.0,0.0,0,0,7.2,11.2,947.6
2026-01-31T02:00,18.0,76,0.0,0.0,0,0,11.8,19.1,947.6
2026-01-31T03:00,17.5,82,0.0,0.0,0,0,11.9,20.2,947.4
2026-01-31T04:00,17.1,84,0.0,0.0,0,0,10.4,19.4,947.5
2026-01-31T05:00,16.8,88,0.0,0.0,0,0,9.2,16.9,947.8
2026-01-31T06:00,17.0,82,0.0,0.0,0,0,9.2,15.1,948.4
2026-01-31T07:00,17.8,74,0.0,0.0,0,0,11.3,18.0,949.3
2026-01-31T08:00,20.3,66,0.0,0.0,0,0,10.5,19.8,950.7
2026-01-31T09:00,22.9,57,0.0,0.0,0,0,12.1,24.5,951.9
2026-01-31T10:00,24.6,48,0.0,0.0,0,0,14.3,29.5,952.2
2026-01-31T11:00,25.4,44,0.0,0.0,0,0,14.7,31.0,951.7
2026-01-31T12:00,26.3,42,0.0,0.0,0,0,15.1,32.0,950.9
2026-01-31T13:00,26.7,41,0.0,0.0,0,0,14.6,32.0,949.7
2026-01-31T14:00,26.8,41,0.0,0.0,0,0,13.6,31.0,948.6
2026-01-31T15:00,26.6,42,0.0,0.0,0,0,13.0,28.8,948.2
2026-01-31T16:00,25.9,44,0.0,0.0,0,1,12.6,26.6,948.1
2026-01-31T17:00,24.7,49,0.0,0.0,0,5,11.1,24.5,948.1
2026-01-31T18:00,22.8,56,0.0,0.0,0,2,10.7,19.1,948.3
2026-01-31T19:00,21.5,60,0.0,0.0,0,0,9.5,17.6,948.9
2026-01-31T20:00,20.1,66,0.0,0.0,0,0,7.7,15.5,949.0
2026-01-31T21:00,18.8,73,0.0,0.0,0,1,6.5,11.9,949.0
2026-01-31T22:00,18.8,73,0.0,0.0,0,0,3.2,8.6,948.9
2026-01-31T23:00,17.8,80,0.0,0.0,0,0,4.9,4.3,948.6
2026-02-01T00:00,16.9,83,0.0,0.0,0,0,6.0,8.3,948.1
2026-02-01T01:00,17.0,81,0.0,0.0,0,0,8.7,14.8,947.7
2026-02-01T02:00,16.3,91,0.0,0.0,0,0,7.7,14.0,947.2
2026-02-01T03:00,16.1,93,0.0,0.0,0,0,7.0,12.2,947.2
2026-02-01T04:00,16.0,94,0.0,0.0,0,4,7.1,11.2,947.1
2026-02-01T05:00,16.4,96,0.0,0.0,0,0,8.0,11.5,947.7
2026-02-01T06:00,16.5,96,0.0,0.0,0,0,7.5,13.3,948.4
2026-02-01T07:00,17.1,94,0.0,0.0,0,0,7.9,12.6,949.4
2026-02-01T08:00,19.4,85,0.0,0.0,0,0,7.0,15.8,950.5
2026-02-01T09:00,22.1,70,0.0,0.0,0,0,8.0,19.1,951.7
2026-02-01T10:00,24.1,58,0.0,0.0,0,0,10.3,24.1,951.8
2026-02-01T11:00,25.2,50,0.0,0.0,1,33,11.9,25.9,951.6
2026-02-01T12:00,26.3,44,0.0,0.0,2,70,13.0,28.8,950.9
2026-02-01T13:00,26.7,43,0.0,0.0,2,71,13.8,29.9,949.9
2026-02-01T14:00,26.6,43,0.0,0.0,2,59,13.7,29.9,949.1
2026-02-01T15:00,26.5,42,0.0,0.0,2,67,12.1,28.8,948.6
2026-02-01T16:00,26.0,43,0.0,0.0,2,63,11.2,25.6,948.5
2026-02-01T17:00,24.6,50,0.0,0.0,0,4,9.3,22.3,948.5
2026-02-01T18:00,22.0,60,0.0,0.0,0,5,7.5,15.8,948.5
2026-02-01T19:00,20.7,64,0.0,0.0,0,0,7.5,13.3,948.8
2026-02-01T20:00,19.4,68,0.0,0.0,0,0,6.8,11.9,949.2
2026-02-01T21:00,18.5,72,0.0,0.0,0,0,7.0,10.4,949.6
2026-02-01T22:00,18.2,73,0.0,0.0,0,0,6.0,9.7,949.3
2026-02-01T23:00,17.5,78,0.0,0.0,0,0,6.4,9.0,949.1
2026-02-02T00:00,17.6,77,0.0,0.0,0,0,1.9,8.6,948.6
2026-02-02T01:00,16.8,79,0.0,0.0,0,0,4.2,5.8,948.0
2026-02-02T02:00,16.0,80,0.0,0.0,0,0,5.2,6.5,947.4
2026-02-02T03:00,15.9,80,0.0,0.0,0,0,7.6,11.9,947.4
2026-02-02T04:00,15.5,84,0.0,0.0,0,0,5.0,10.8,947.4
2026-02-02T05:00,15.4,87,0.0,0.0,0,0,4.0,6.5,947.7
2026-02-02T06:00,15.6,88,0.0,0.0,0,0,2.7,5.4,948.2
2026-02-02T07:00,16.6,86,0.0,0.0,0,0,4.7,6.5,949.1
2026-02-02T08:00,20.0,78,0.0,0.0,0,0,6.9,15.1,950.6
2026-02-02T09:00,22.4,70,0.0,0.0,0,0,8.9,20.5,951.6
2026-02-02T10:00,24.2,61,0.0,0.0,0,0,10.3,23.8,951.6
2026-02-02T11:00,25.2,54,0.0,0.0,0,0,12.1,26.3,951.4
2026-02-02T12:00,26.4,46,0.0,0.0,0,0,12.4,28.1,950.5
2026-02-02T13:00,27.0,42,0.0,0.0,0,0,12.8,28.4,949.5
2026-02-02T14:00,27.1,42,0.0,0.0,0,0,12.6,28.4,948.4
2026-02-02T15:00,27.0,41,0.0,0.0,0,2,12.1,27.4,947.8
2026-02-02T16:00,26.4,42,0.0,0.0,0,4,12.0,25.6,947.6
2026-02-02T17:00,25.0,50,0.0,0.0,0,2,10.8,23.0,947.7
2026-02-02T18:00,22.8,58,0.0,0.0,0,2,9.5,18.7,947.7
2026-02-02T19:00,22.3,60,0.0,0.0,0,5,10.0,17.3,948.5
2026-02-02T20:00,20.6,68,0.0,0.0,0,0,7.4,16.2,948.8
2026-02-02T21:00,19.1,74,0.0,0.0,0,0,6.4,11.5,948.7
2026-02-02T22:00,18.8,73,0.0,0.0,0,0,5.1,9.4,948.6
2026-02-02T23:00,18.6,76,0.0,0.0,0,0,5.5,6.5,948.3
2026-02-03T00:00,18.1,78,0.0,0.0,0,0,5.0,6.8,948.1
2026-02-03T01:00,17.3,81,0.0,0.0,0,4,6.8,8.6,947.7
2026-02-03T02:00,18.1,82,0.0,0.0,0,0,9.9,16.9,947.9
2026-02-03T03:00,17.4,91,0.0,0.0,0,0,9.1,15.8,947.4
2026-02-03T04:00,17.3,94,0.0,0.0,0,0,9.4,15.8,947.6
2026-02-03T05:00,17.1,97,0.0,0.0,0,3,7.7,15.5,948.2
2026-02-03T06:00,17.3,98,0.0,0.0,0,7,7.5,14.0,949.0
2026-02-03T07:00,17.6,95,0.0,0.0,0,9,9.1,14.4,949.8
2026-02-03T08:00,19.3,83,0.0,0.0,0,1,8.3,18.0,951.0
2026-02-03T09:00,21.8,65,0.0,0.0,0,0,9.2,21.2,951.9
2026-02-03T10:00,23.7,56,0.0,0.0,0,1,10.1,23.8,952.2
2026-02-03T11:00,24.6,52,0.0,0.0,0,0,10.3,25.9,952.0
2026-02-03T12:00,25.9,47,0.0,0.0,0,0,11.3,26.6,951.1
2026-02-03T13:00,26.5,45,0.0,0.0,0,3,12.5,28.1,950.1
2026-02-03T14:00,26.7,44,0.0,0.0,0,15,11.9,28.1,949.2
2026-02-03T15:00,26.6,42,0.0,0.0,1,34,10.5,26.3,948.7
2026-02-03T16:00,26.2,42,0.0,0.0,1,26,9.9,22.7,948.5
2026-02-03T17:00,24.9,48,0.0,0.0,3,86,10.2,19.4,948.6
2026-02-03T18:00,23.1,55,0.0,0.0,3,98,10.6,18.0,948.9
2026-02-03T19:00,21.9,60,0.0,0.0,3,94,10.4,17.6,949.0
2026-02-03T20:00,21.2,61,0.0,0.0,2,66,9.3,17.3,949.4
2026-02-03T21:00,20.7,63,0.0,0.0,0,19,9.4,15.8,949.8
2026-02-03T22:00,19.4,68,0.0,0.0,0,2,7.5,15.1,949.5
2026-02-03T23:00,18.7,78,0.0,0.0,0,6,6.8,11.9,949.4
2026-02-04T00:00,18.4,78,0.0,0.0,1,22,5.5,9.7,949.1
2026-02-04T01:00,18.7,77,0.0,0.0,1,23,11.8,18.4,949.2
2026-02-04T02:00,18.0,86,0.0,0.0,3,84,9.8,19.4,948.6
2026-02-04T03:00,17.5,90,0.0,0.0,2,63,10.1,16.2,948.4
2026-02-04T04:00,17.2,93,0.0,0.0,1,23,9.8,16.6,948.2
2026-02-04T05:00,17.2,95,0.0,0.0,0,0,10.4,16.2,948.3
2026-02-04T06:00,17.2,95,0.0,0.0,0,5,9.4,16.9,949.2
2026-02-04T07:00,17.7,94,0.0,0.0,2,61,11.2,16.6,950.2
2026-02-04T08:00,19.6,84,0.0,0.0,1,48,13.4,25.6,951.4
2026-02-04T09:00,21.6,72,0.0,0.0,0,5,12.6,26.3,952.4
2026-02-04T10:00,24.0,56,0.0,0.0,0,0,12.6,27.4,952.5
2026-02-04T11:00,25.3,46,0.0,0.0,0,0,14.0,29.2,952.0
2026-02-04T12:00,26.3,42,0.0,0.0,0,0,13.4,29.9,950.9
2026-02-04T13:00,26.9,39,0.0,0.0,0,0,12.5,29.2,950.0
2026-02-04T14:00,27.1,38,0.0,0.0,0,0,11.9,28.1,949.1
2026-02-04T15:00,27.0,38,0.0,0.0,0,2,12.4,26.6,948.7
2026-02-04T16:00,26.4,39,0.0,0.0,0,2,13.5,25.9,948.5
2026-02-04T17:00,25.2,43,0.0,0.0,0,5,13.1,25.6,948.4
2026-02-04T18:00,23.3,49,0.0,0.0,0,2,13.6,23.4,948.7
2026-02-04T19:00,22.1,53,0.0,0.0,0,0,11.2,22.7,949.0
2026-02-04T20:00,20.7,58,0.0,0.0,0,0,7.5,18.0,949.4
2026-02-04T21:00,19.5,64,0.0,0.0,0,0,6.8,11.2,949.5
2026-02-04T22:00,19.4,65,0.0,0.0,0,0,4.2,8.6,949.4
2026-02-04T23:00,18.8,71,0.0,0.0,0,0,4.5,5.4,949.1
2026-02-05T00:00,17.7,75,0.0,0.0,0,0,6.2,7.9,948.5
2026-02-05T01:00,17.9,73,0.0,0.0,0,0,10.9,18.7,948.7
2026-02-05T02:00,17.0,86,0.0,0.0,0,0,8.9,17.3,948.0
2026-02-05T03:00,16.7,93,0.0,0.0,0,0,7.8,14.4,947.9
2026-02-05T04:00,16.5,92,0.0,0.0,0,0,7.3,12.6,947.7
2026-02-05T05:00,16.7,94,0.0,0.0,0,0,7.3,11.5,948.1
2026-02-05T06:00,16.5,93,0.0,0.0,0,0,7.3,12.2,949.1
2026-02-05T07:00,17.3,87,0.0,0.0,0,0,9.4,14.0,949.9
2026-02-05T08:00,19.6,75,0.0,0.0,0,0,9.5,19.1,951.2
2026-02-05T09:00,22.1,62,0.0,0.0,0,0,10.5,23.0,952.2
2026-02-05T10:00,24.2,51,0.0,0.0,0,0,12.0,26.3,952.6
2026-02-05T11:00,25.2,47,0.0,0.0,0,0,11.9,27.0,952.1
2026-02-05T12:00,26.3,43,0.0,0.0,0,0,12.1,27.4,951.3
2026-02-05T13:00,26.9,41,0.0,0.0,0,2,12.2,27.7,950.3
2026-02-05T14:00,27.1,39,0.0,0.0,0,2,11.9,27.7,949.5
2026-02-05T15:00,27.1,37,0.0,0.0,0,5,10.3,26.3,949.1
2026-02-05T16:00,26.7,38,0.0,0.0,0,2,9.8,22.7,949.2
2026-02-05T17:00,25.3,44,0.0,0.0,1,47,10.2,19.8,949.3
2026-02-05T18:00,23.0,51,0.0,0.0,0,1,11.9,19.4,949.6
2026-02-05T19:00,22.0,54,0.0,0.0,0,0,11.1,19.4,950.1
2026-02-05T20:00,21.0,58,0.0,0.0,0,0,10.2,18.0,950.6
2026-02-05T21:00,19.9,64,0.0,0.0,0,0,8.1,16.9,950.6
2026-02-05T22:00,18.9,69,0.0,0.0,0,0,6.0,12.6,950.5
2026-02-05T23:00,18.2,76,0.0,0.0,0,0,7.1,7.9,950.2
2026-02-06T00:00,18.1,75,0.0,0.0,0,0,5.2,10.1,949.9
2026-02-06T01:00,17.6,77,0.0,0.0,0,0,4.6,6.8,949.2
2026-02-06T02:00,17.6,75,0.0,0.0,0,0,9.3,14.8,948.9
2026-02-06T03:00,16.7,80,0.0,0.0,0,0,7.0,15.1,948.3
2026-02-06T04:00,16.2,85,0.0,0.0,0,0,6.7,10.8,948.3
2026-02-06T05:00,16.2,88,0.0,0.0,0,0,6.7,9.7,948.6
2026-02-06T06:00,16.2,88,0.0,0.0,0,0,6.2,9.0,949.1
2026-02-06T07:00,17.4,82,0.0,0.0,0,0,6.0,9.0,950.1
2026-02-06T08:00,20.5,67,0.0,0.0,0,0,5.9,13.7,951.7
2026-02-06T09:00,23.5,49,0.0,0.0,0,0,8.2,18.7,952.6
2026-02-06T10:00,25.3,42,0.0,0.0,0,0,11.2,24.8,952.8
2026-02-06T11:00,26.0,39,0.0,0.0,0,0,12.4,27.7,952.4
2026-02-06T12:00,27.0,36,0.0,0.0,0,0,12.6,28.1,951.2
2026-02-06T13:00,27.5,35,0.0,0.0,0,0,13.0,28.8,950.2
2026-02-06T14:00,27.7,34,0.0,0.0,0,0,13.7,29.2,949.0
2026-02-06T15:00,27.5,34,0.0,0.0,0,0,12.2,28.8,948.8
2026-02-06T16:00,27.0,36,0.0,0.0,0,0,12.5,25.6,948.5
2026-02-06T17:00,25.5,42,0.0,0.0,0,2,10.9,24.1,948.4
2026-02-06T18:00,23.0,50,0.0,0.0,0,2,10.1,18.4,948.3
2026-02-06T19:00,22.0,53,0.0,0.0,0,0,11.6,18.4,948.9
2026-02-06T20:00,21.3,54,0.0,0.0,0,0,10.0,19.4,949.4
2026-02-06T21:00,20.0,59,0.0,0.0,0,0,7.3,16.2,949.6
2026-02-06T22:00,19.0,64,0.0,0.0,0,0,4.8,10.8,949.7
2026-02-06T23:00,18.4,68,0.0,0.0,0,0,3.9,6.1,949.5
2026-02-07T00:00,17.9,70,0.0,0.0,0,0,3.4,5.0,948.9
2026-02-07T01:00,17.7,70,0.0,0.0,0,0,0.7,4.7,948.3
2026-02-07T02:00,17.3,71,0.0,0.0,0,0,0.4,1.4,947.8
2026-02-07T03:00,16.8,73,0.0,0.0,0,0,1.1,1.8,947.2
2026-02-07T04:00,16.0,76,0.0,0.0,0,0,2.4,2.5,947.3
2026-02-07T05:00,16.2,80,0.0,0.0,0,0,2.0,7.6,947.8
2026-02-07T06:00,16.6,78,0.0,0.0,0,0,0.7,2.9,948.1
2026-02-07T07:00,17.1,81,0.0,0.0,0,0,5.0,6.8,948.9
2026-02-07T08:00,20.4,70,0.0,0.0,0,0,5.8,13.7,950.5
2026-02-07T09:00,24.1,50,0.0,0.0,0,0,5.5,15.1,951.6
2026-02-07T10:00,26.1,35,0.0,0.0,0,0,8.7,21.2,951.8
2026-02-07T11:00,26.8,30,0.0,0.0,0,0,7.2,21.2,950.8
2026-02-07T12:00,27.8,28,0.0,0.0,0,0,6.2,19.8,949.7
2026-02-07T13:00,28.6,26,0.0,0.0,0,0,5.7,19.4,948.5
2026-02-07T14:00,29.0,27,0.0,0.0,0,0,6.3,18.4,947.5
2026-02-07T15:00,28.8,29,0.0,0.0,0,0,8.5,19.8,947.0
2026-02-07T16:00,28.3,28,0.0,0.0,0,0,10.1,20.2,946.9
2026-02-07T17:00,26.3,37,0.0,0.0,0,0,6.6,19.4,946.6
2026-02-07T18:00,22.7,45,0.0,0.0,0,0,7.6,11.2,946.3
2026-02-07T19:00,22.2,45,0.0,0.0,0,0,10.1,15.8,946.9
2026-02-07T20:00,21.4,45,0.0,0.0,0,0,10.5,17.6,947.7
2026-02-07T21:00,20.0,48,0.0,0.0,0,0,8.3,16.6,948.0
2026-02-07T22:00,18.8,52,0.0,0.0,0,0,7.7,12.6,948.1
2026-02-07T23:00,18.3,56,0.0,0.0,0,0,6.8,11.2,947.8
2026-02-08T00:00,18.3,55,0.0,0.0,0,0,5.1,8.6,947.8
2026-02-08T01:00,18.3,55,0.0,0.0,0,0,4.6,6.5,947.1
2026-02-08T02:00,18.1,56,0.0,0.0,0,0,5.2,6.8,946.7
2026-02-08T03:00,18.0,56,0.0,0.0,0,0,5.0,6.8,946.0
2026-02-08T04:00,17.7,57,0.0,0.0,0,0,5.1,6.5,946.0
2026-02-08T05:00,17.1,59,0.0,0.0,0,0,6.4,6.5,946.1
2026-02-08T06:00,16.9,59,0.0,0.0,0,0,6.8,9.0,946.9
2026-02-08T07:00,17.9,60,0.0,0.0,0,0,6.2,8.6,947.8
2026-02-08T08:00,21.5,48,0.0,0.0,0,0,6.4,13.3,949.3
2026-02-08T09:00,24.6,37,0.0,0.0,0,0,6.9,16.2,950.5
2026-02-08T10:00,26.5,26,0.0,0.0,0,0,9.7,22.7,950.8
2026-02-08T11:00,27.2,25,0.0,0.0,0,0,9.1,23.0,949.9
2026-02-08T12:00,28.2,24,0.0,0.0,1,30,9.0,23.0,948.7
2026-02-08T13:00,28.6,24,0.0,0.0,2,77,9.2,23.0,947.7
2026-02-08T14:00,28.8,24,0.0,0.0,2,75,9.6,23.0,946.5
2026-02-08T15:00,28.6,24,0.0,0.0,3,89,10.1,22.7,945.9
2026-02-08T16:00,27.8,25,0.0,0.0,3,85,12.0,22.7,945.6
2026-02-08T17:00,25.9,32,0.0,0.0,2,78,10.6,22.7,945.3
2026-02-08T18:00,23.3,36,0.0,0.0,1,31,11.3,18.4,945.5
2026-02-08T19:00,21.9,39,0.0,0.0,0,0,10.0,18.4,945.9
2026-02-08T20:00,20.8,42,0.0,0.0,0,0,8.9,15.8,946.5
2026-02-08T21:00,19.4,46,0.0,0.0,0,0,8.0,13.7,946.7
2026-02-08T22:00,18.4,49,0.0,0.0,0,0,7.1,11.5,946.7
2026-02-08T23:00,18.3,51,0.0,0.0,0,0,4.2,9.0,946.3
2026-02-09T00:00,17.8,52,0.0,0.0,0,0,3.6,5.4,946.0
2026-02-09T01:00,17.4,53,0.0,0.0,0,0,3.8,5.0,945.5
2026-02-09T02:00,16.4,54,0.0,0.0,0,0,4.6,6.5,944.9
2026-02-09T03:00,16.3,52,0.0,0.0,0,0,1.5,6.1,944.2
2026-02-09T04:00,15.6,54,0.0,0.0,0,0,2.7,4.0,944.3
2026-02-09T05:00,15.8,54,0.0,0.0,0,0,4.5,3.6,944.9
2026-02-09T06:00,15.5,55,0.0,0.0,0,0,5.2,7.2,946.1
2026-02-09T07:00,16.7,57,0.0,0.0,0,0,5.7,7.9,947.1
2026-02-09T08:00,19.9,49,0.0,0.0,0,0,6.7,14.4,948.5
2026-02-09T09:00,22.9,41,0.0,0.0,0,0,8.3,18.7,949.6
2026-02-09T10:00,25.2,34,0.0,0.0,1,26,10.6,23.8,949.9
2026-02-09T11:00,26.1,31,0.0,0.0,0,4,8.8,24.5,949.3
2026-02-09T12:00,27.2,29,0.0,0.0,2,68,5.3,22.0,948.7
2026-02-09T13:00,27.8,28,0.0,0.0,3,88,3.4,18.4,947.7
2026-02-09T14:00,28.4,27,0.0,0.0,3,88,4.8,16.2,946.4
2026-02-09T15:00,28.7,27,0.0,0.0,3,87,7.9,19.1,945.9
2026-02-09T16:00,28.3,28,0.0,0.0,2,68,10.3,20.5,945.9
2026-02-09T17:00,26.1,41,0.0,0.0,3,91,5.1,20.9,945.7
2026-02-09T18:00,22.4,47,0.0,0.0,2,73,7.5,10.4,945.8
2026-02-09T19:00,21.2,49,0.0,0.0,2,68,8.3,13.7,946.3
2026-02-09T20:00,19.8,52,0.0,0.0,3,82,8.1,12.6,946.6
2026-02-09T21:00,19.1,56,0.0,0.0,3,93,7.8,11.9,946.8
2026-02-09T22:00,18.1,61,0.0,0.0,3,91,7.2,11.2,946.5
2026-02-09T23:00,17.7,64,0.0,0.0,3,98,7.6,10.1,946.4
2026-02-10T00:00,17.7,62,0.0,0.0,3,100,7.9,11.2,946.2
2026-02-10T01:00,17.3,62,0.0,0.0,3,100,6.4,11.2,945.7
2026-02-10T02:00,17.2,59,0.0,0.0,3,84,2.0,7.9,945.4
2026-02-10T03:00,16.6,59,0.0,0.0,3,88,1.8,2.9,944.9
2026-02-10T04:00,16.1,58,0.0,0.0,3,84,1.4,2.9,944.7
2026-02-10T05:00,14.8,72,0.0,0.0,3,100,5.9,2.5,945.0
2026-02-10T06:00,14.6,73,0.0,0.0,3,92,6.1,9.4,946.0
2026-02-10T07:00,16.1,69,0.0,0.0,3,87,4.8,7.9,946.7
2026-02-10T08:00,20.0,58,0.0,0.0,3,93,5.1,12.2,948.4
2026-02-10T09:00,23.2,47,0.0,0.0,0,14,6.2,16.2,949.5
2026-02-10T10:00,26.0,35,0.0,0.0,0,17,10.2,23.0,949.8
2026-02-10T11:00,27.4,30,0.0,0.0,1,33,11.9,27.7,949.6
2026-02-10T12:00,28.5,27,0.0,0.0,2,65,11.7,27.0,949.1
2026-02-10T13:00,29.0,27,0.0,0.0,2,78,11.5,26.6,947.9
2026-02-10T14:00,29.1,27,0.0,0.0,3,82,11.1,26.3,947.1
2026-02-10T15:00,28.8,30,0.0,0.0,1,43,11.9,25.2,946.9
2026-02-10T16:00,27.9,33,0.0,0.0,0,1,14.0,26.3,947.1
2026-02-10T17:00,25.8,39,0.0,0.0,0,0,11.0,26.3,946.7
2026-02-10T18:00,23.0,46,0.0,0.0,0,0,10.5,18.7,946.8
2026-02-10T19:00,21.7,51,0.0,0.0,0,0,10.5,16.9,947.4
2026-02-10T20:00,20.6,55,0.0,0.0,0,0,10.4,17.3,948.4
2026-02-10T21:00,19.9,57,0.0,0.0,0,0,10.5,17.3,948.8
2026-02-10T22:00,19.4,60,0.0,0.0,0,6,9.8,16.9,948.6
2026-02-10T23:00,18.6,64,0.0,0.0,0,1,9.0,15.5,948.4
2026-02-11T00:00,17.6,68,0.0,0.0,0,0,6.5,14.0,948.2
2026-02-11T01:00,17.3,68,0.0,0.0,0,0,4.3,9.0,947.6
2026-02-11T02:00,16.6,71,0.0,0.0,0,2,7.3,10.1,947.2
2026-02-11T03:00,15.9,75,0.0,0.0,0,0,6.6,11.5,946.6
2026-02-11T04:00,15.4,79,0.0,0.0,0,0,5.3,9.0,946.6
2026-02-11T05:00,15.2,83,0.0,0.0,0,0,5.7,7.9,947.3
2026-02-11T06:00,15.2,84,0.0,0.0,0,0,6.5,10.1,948.2
2026-02-11T07:00,16.5,82,0.0,0.0,0,0,8.0,11.2,949.1
2026-02-11T08:00,19.3,79,0.0,0.0,0,0,7.8,16.9,950.6
2026-02-11T09:00,22.3,67,0.0,0.0,0,4,8.9,20.9,951.7
2026-02-11T10:00,24.6,55,0.0,0.0,1,29,9.6,23.0,951.9
2026-02-11T11:00,26.1,46,0.0,0.0,0,2,9.7,24.8,951.4
2026-02-11T12:00,27.5,38,0.0,0.0,0,0,11.0,25.9,950.7
2026-02-11T13:00,28.2,33,0.0,0.0,0,0,12.4,27.7,949.6
2026-02-11T14:00,28.4,32,0.0,0.0,0,0,13.1,28.4,948.5
2026-02-11T15:00,28.3,33,0.0,0.0,0,0,13.3,28.1,948.1
2026-02-11T16:00,27.6,35,0.0,0.0,0,0,13.5,27.4,947.8
2026-02-11T17:00,25.8,45,0.0,0.0,0,0,11.5,25.6,947.8
2026-02-11T18:00,23.0,54,0.0,0.0,0,0,8.7,19.8,947.9
2026-02-11T19:00,21.8,58,0.0,0.0,0,0,9.0,14.4,948.4
2026-02-11T20:00,20.4,65,0.0,0.0,0,0,7.9,14.4,948.9
2026-02-11T21:00,19.2,70,0.0,0.0,0,0,8.4,13.0,948.9
2026-02-11T22:00,18.5,71,0.0,0.0,0,0,7.1,13.3,948.7
2026-02-11T23:00,18.2,68,0.0,0.0,0,0,6.6,9.7,948.9
2026-02-12T00:00,17.5,69,0.0,0.0,0,0,6.5,8.6,948.2
2026-02-12T01:00,17.1,72,0.0,0.0,0,0,7.6,11.5,948.0
2026-02-12T02:00,16.7,78,0.0,0.0,0,0,7.8,12.2,947.4
2026-02-12T03:00,15.9,83,0.0,0.0,0,0,6.9,12.2,946.7
2026-02-12T04:00,15.3,86,0.0,0.0,0,0,4.6,10.4,946.6
2026-02-12T05:00,14.9,90,0.0,0.0,0,0,5.1,6.1,947.3
2026-02-12T06:00,15.2,91,0.0,0.0,0,0,6.1,9.0,948.3
2026-02-12T07:00,16.8,85,0.0,0.0,0,0,7.3,10.4,949.4
2026-02-12T08:00,19.7,73,0.0,0.0,0,0,6.9,15.1,950.4
2026-02-12T09:00,22.7,52,0.0,0.0,0,0,9.9,22.0,951.0
2026-02-12T10:00,24.9,44,0.0,0.0,0,0,9.4,23.0,951.3
2026-02-12T11:00,26.2,41,0.0,0.0,0,0,10.0,23.8,950.6
2026-02-12T12:00,27.6,36,0.0,0.0,0,0,12.3,27.4,949.6
2026-02-12T13:00,28.3,32,0.0,0.0,0,0,13.1,28.8,948.6
2026-02-12T14:00,28.5,30,0.0,0.0,0,0,12.6,28.8,947.8
2026-02-12T15:00,28.3,29,0.0,0.0,0,0,12.0,27.4,947.5
2026-02-12T16:00,27.7,30,0.0,0.0,0,0,11.9,25.2,947.3
2026-02-12T17:00,26.0,39,0.0,0.0,0,0,8.4,22.7,946.8
2026-02-12T18:00,22.4,51,0.0,0.0,0,0,8.0,14.4,946.7
2026-02-12T19:00,21.1,56,0.0,0.0,0,0,8.3,13.0,947.2
2026-02-12T20:00,19.5,63,0.0,0.0,0,0,7.0,13.0,947.9
2026-02-12T21:00,18.5,65,0.0,0.0,0,3,7.0,10.8,948.0
2026-02-12T22:00,18.1,65,0.0,0.0,1,45,6.1,10.1,947.8
2026-02-12T23:00,17.9,66,0.0,0.0,2,77,6.5,7.9,947.5
2026-02-13T00:00,18.1,63,0.0,0.0,3,94,4.1,9.0,947.1
2026-02-13T01:00,17.4,63,0.0,0.0,3,95,5.5,6.8,946.5
2026-02-13T02:00,16.8,65,0.0,0.0,3,97,7.5,11.2,945.9
2026-02-13T03:00,16.1,69,0.0,0.0,3,94,6.5,10.4,945.4
2026-02-13T04:00,15.6,72,0.0,0.0,3,95,4.3,8.6,945.3
2026-02-13T05:00,15.3,80,0.0,0.0,3,92,5.5,5.4,945.4
2026-02-13T06:00,15.3,82,0.0,0.0,3,95,5.0,7.6,946.4
2026-02-13T07:00,16.8,77,0.0,0.0,3,91,7.2,9.7,947.6
2026-02-13T08:00,20.5,66,0.0,0.0,3,86,6.9,15.1,948.9
2026-02-13T09:00,24.0,51,0.0,0.0,1,48,8.2,18.7,950.2
2026-02-13T10:00,26.1,41,0.0,0.0,2,64,9.0,21.6,950.5
2026-02-13T11:00,26.9,38,0.0,0.0,2,74,9.4,24.5,950.0
2026-02-13T12:00,28.1,32,0.0,0.0,0,1,9.9,24.5,949.4
2026-02-13T13:00,28.7,29,0.0,0.0,1,20,9.3,24.5,948.4
2026-02-13T14:00,28.9,28,0.0,0.0,3,93,9.0,23.4,947.5
2026-02-13T15:00,28.7,27,0.0,0.0,3,87,8.3,22.0,947.1
2026-02-13T16:00,28.1,27,0.0,0.0,1,38,8.5,19.8,946.7
2026-02-13T17:00,26.3,35,0.0,0.0,0,0,9.4,17.6,946.4
2026-02-13T18:00,23.4,42,0.0,0.0,0,0,11.0,17.3,946.4
2026-02-13T19:00,22.0,46,0.0,0.0,0,0,11.1,18.4,946.6
2026-02-13T20:00,20.9,49,0.0,0.0,0,2,9.1,18.0,947.2
2026-02-13T21:00,20.2,51,0.0,0.0,0,12,9.3,15.1,947.3
2026-02-13T22:00,19.8,51,0.0,0.0,1,27,9.7,15.1,947.3
2026-02-13T23:00,18.9,56,0.0,0.0,0,5,8.2,15.1,946.7
2026-02-14T00:00,18.1,59,0.0,0.0,0,6,7.5,12.2,946.2
2026-02-14T01:00,17.4,62,0.0,0.0,1,24,5.3,10.1,945.7
2026-02-14T02:00,16.4,65,0.0,0.0,1,20,7.3,10.4,944.9
2026-02-14T03:00,15.8,69,0.0,0.0,1,28,6.6,10.4,944.5
2026-02-14T04:00,15.5,72,0.0,0.0,1,34,6.5,8.6,944.5
2026-02-14T05:00,15.7,77,0.0,0.0,0,0,6.3,8.3,944.6
2026-02-14T06:00,16.1,74,0.0,0.0,0,0,6.5,9.0,945.7
2026-02-14T07:00,18.0,68,0.0,0.0,0,0,8.0,11.5,946.9
2026-02-14T08:00,21.8,58,0.0,0.0,0,0,8.2,16.9,948.6
2026-02-14T09:00,24.9,48,0.0,0.0,0,0,10.3,21.6,949.5
2026-02-14T10:00,27.2,34,0.0,0.0,0,0,11.5,25.2,949.7
2026-02-14T11:00,28.1,29,0.0,0.0,0,0,12.3,25.6,949.3
2026-02-14T12:00,28.9,27,0.0,0.0,0,13,11.6,27.4,948.3
2026-02-14T13:00,29.3,27,0.0,0.0,0,0,11.2,26.6,947.5
2026-02-14T14:00,29.3,28,0.0,0.0,0,0,10.8,25.9,946.5
2026-02-14T15:00,29.0,29,0.0,0.0,0,0,11.2,24.8,946.0
2026-02-14T16:00,28.3,30,0.0,0.0,0,1,11.2,24.1,945.8
2026-02-14T17:00,26.7,36,0.0,0.0,0,0,7.4,22.0,945.5
2026-02-14T18:00,23.7,43,0.0,0.0,0,0,8.8,13.0,945.2
2026-02-14T19:00,22.7,45,0.0,0.0,0,0,9.6,16.2,945.9
2026-02-14T20:00,21.1,50,0.0,0.0,0,0,8.0,15.1,946.2
2026-02-14T21:00,20.4,51,0.0,0.0,0,0,8.4,12.6,946.3
2026-02-14T22:00,19.8,51,0.0,0.0,2,63,7.9,12.6,946.4
2026-02-14T23:00,19.2,53,0.0,0.0,2,57,7.1,11.2,946.3
2026-02-15T00:00,18.8,55,0.0,0.0,3,84,6.6,9.4,945.7
2026-02-15T01:00,18.3,57,0.0,0.0,3,83,5.5,9.0,945.1
2026-02-15T02:00,17.8,59,0.0,0.0,3,88,3.4,7.2,944.6
2026-02-15T03:00,17.5,59,0.0,0.0,3,80,1.0,4.7,944.3
2026-02-15T04:00,16.9,61,0.0,0.0,3,82,0.6,1.4,944.2
2026-02-15T05:00,16.9,65,0.0,0.0,3,98,1.3,3.2,944.7
2026-02-15T06:00,16.5,66,0.0,0.0,3,98,3.9,5.0,945.4
2026-02-15T07:00,17.8,66,0.0,0.0,3,96,4.1,7.2,946.4
2026-02-15T08:00,21.9,55,0.0,0.0,3,84,4.5,11.5,947.8
2026-02-15T09:00,25.4,42,0.0,0.0,2,58,3.9,13.3,949.0
2026-02-15T10:00,27.5,34,0.0,0.0,2,74,5.6,16.9,949.3
2026-02-15T11:00,28.2,31,0.0,0.0,3,89,8.5,21.2,949.1
2026-02-15T12:00,29.4,28,0.0,0.0,3,84,7.5,21.6,948.3
2026-02-15T13:00,30.0,27,0.0,0.0,0,3,8.7,22.3,947.3
2026-02-15T14:00,30.2,27,0.0,0.0,0,0,9.0,22.7,946.3
2026-02-15T15:00,30.1,27,0.0,0.0,0,0,8.3,22.0,945.5
2026-02-15T16:00,29.7,28,0.0,0.0,0,0,9.2,19.8,945.3
2026-02-15T17:00,27.9,36,0.0,0.0,0,0,6.9,18.7,945.0
2026-02-15T18:00,24.6,43,0.0,0.0,0,2,8.5,12.6,944.9
2026-02-15T19:00,23.7,45,0.0,0.0,0,3,9.6,15.5,945.7
2026-02-15T20:00,22.4,50,0.0,0.0,0,0,8.4,15.1,946.3
2026-02-15T21:00,21.4,54,0.0,0.0,0,0,8.0,13.0,946.7
2026-02-15T22:00,20.4,57,0.0,0.0,0,0,7.2,12.6,946.5
2026-02-15T23:00,19.6,60,0.0,0.0,0,0,7.0,10.1,945.9
2026-02-16T00:00,19.2,62,0.0,0.0,0,0,5.2,9.7,945.3
2026-02-16T01:00,18.8,62,0.0,0.0,0,0,7.2,9.7,944.7
2026-02-16T02:00,18.6,62,0.0,0.0,0,0,5.6,9.7,944.0
2026-02-16T03:00,18.4,62,0.0,0.0,0,0,4.0,7.2,943.7
2026-02-16T04:00,18.2,62,0.0,0.0,0,0,3.8,5.0,943.6
2026-02-16T05:00,18.0,63,0.0,0.0,0,0,4.6,5.4,943.7
2026-02-16T06:00,18.5,60,0.0,0.0,0,0,2.4,6.1,944.6
2026-02-16T07:00,19.4,59,0.0,0.0,0,0,6.0,8.3,945.8
2026-02-16T08:00,22.7,50,0.0,0.0,0,0,8.2,16.6,947.2
2026-02-16T09:00,25.6,42,0.0,0.0,0,0,9.6,20.9,948.2
2026-02-16T10:00,27.6,36,0.0,0.0,0,0,12.6,27.0,948.3
2026-02-16T11:00,28.5,31,0.0,0.0,0,0,13.4,28.4,948.1
2026-02-16T12:00,29.3,29,0.0,0.0,0,0,13.2,28.8,947.2
2026-02-16T13:00,29.6,29,0.0,0.0,0,0,14.1,29.9,945.9
2026-02-16T14:00,29.5,29,0.0,0.0,0,0,14.5,30.6,945.1
2026-02-16T15:00,29.1,30,0.0,0.0,0,0,13.4,30.2,944.2
2026-02-16T16:00,28.5,33,0.0,0.0,0,0,12.8,27.4,944.1
2026-02-16T17:00,27.1,39,0.0,0.0,0,0,10.5,24.5,943.8
2026-02-16T18:00,24.1,49,0.0,0.0,0,0,8.2,18.4,943.9
2026-02-16T19:00,22.8,53,0.0,0.0,0,0,8.9,14.4,944.5
2026-02-16T20:00,21.2,57,0.0,0.0,0,0,7.4,14.0,945.0
2026-02-16T21:00,20.7,59,0.0,0.0,0,0,7.7,11.2,945.4
2026-02-16T22:00,20.3,60,0.0,0.0,0,0,7.1,11.9,945.4
2026-02-16T23:00,19.4,62,0.0,0.0,0,0,6.7,9.4,945.2
2026-02-17T00:00,19.5,61,0.0,0.0,0,0,12.7,19.1,945.1
2026-02-17T01:00,19.2,66,0.0,0.0,0,0,11.5,21.6,944.4
2026-02-17T02:00,18.2,70,0.0,0.0,0,0,8.6,18.7,943.6
2026-02-17T03:00,17.3,72,0.0,0.0,0,0,7.4,13.7,943.0
2026-02-17T04:00,16.7,72,0.0,0.0,0,0,7.1,10.8,942.9
2026-02-17T05:00,17.1,70,0.0,0.0,0,0,8.0,11.2,943.6
2026-02-17T06:00,17.2,67,0.0,0.0,0,0,7.8,13.0,944.6
2026-02-17T07:00,18.1,64,0.0,0.0,0,0,6.2,11.9,945.5
2026-02-17T08:00,21.0,55,0.0,0.0,0,0,4.3,12.6,947.1
2026-02-17T09:00,24.1,47,0.0,0.0,0,0,5.4,15.1,947.9
2026-02-17T10:00,26.6,39,0.0,0.0,0,0,9.3,22.3,948.2
2026-02-17T11:00,27.6,35,0.0,0.0,0,0,9.0,24.8,947.7
2026-02-17T12:00,28.5,34,0.0,0.0,0,0,10.6,25.6,946.9
2026-02-17T13:00,28.9,33,0.0,0.0,0,0,12.5,28.1,946.1
2026-02-17T14:00,28.9,33,0.0,0.0,0,0,12.4,28.4,945.4
2026-02-17T15:00,28.6,33,0.0,0.0,0,0,12.6,27.4,945.2
2026-02-17T16:00,28.0,35,0.0,0.0,0,1,12.8,26.3,945.1
2026-02-17T17:00,26.5,40,0.0,0.0,0,2,12.2,24.8,945.2
2026-02-17T18:00,24.1,47,0.0,0.0,0,1,11.1,21.2,945.3
2026-02-17T19:00,22.8,49,0.0,0.0,0,0,10.8,18.4,945.8
2026-02-17T20:00,21.1,54,0.0,0.0,0,0,7.6,17.3,946.0
2026-02-17T21:00,20.3,55,0.0,0.0,0,0,7.8,11.5,946.2
2026-02-17T22:00,19.9,57,0.0,0.0,0,0,8.0,11.5,945.9
2026-02-17T23:00,19.5,61,0.0,0.0,0,0,10.2,14.0,945.7
2026-02-18T00:00,19.4,65,0.0,0.0,0,0,12.1,23.4,945.5
2026-02-18T01:00,18.4,72,0.0,0.0,0,0,11.0,19.8,944.6
2026-02-18T02:00,17.7,77,0.0,0.0,0,0,9.2,18.0,944.1
2026-02-18T03:00,17.2,79,0.0,0.0,0,0,9.0,14.8,943.6
2026-02-18T04:00,16.8,78,0.0,0.0,0,0,7.5,14.4,943.6
2026-02-18T05:00,16.5,81,0.0,0.0,0,0,7.1,11.5,943.8
2026-02-18T06:00,16.2,81,0.0,0.0,0,0,7.3,10.8,944.9
2026-02-18T07:00,17.5,74,0.0,0.0,0,0,9.4,13.7,945.9
2026-02-18T08:00,20.4,65,0.0,0.0,0,0,8.6,18.0,946.9
2026-02-18T09:00,23.5,55,0.0,0.0,0,0,10.7,22.7,947.8
2026-02-18T10:00,25.9,46,0.0,0.0,0,0,13.8,28.8,948.1
2026-02-18T11:00,27.0,41,0.0,0.0,0,0,14.5,31.7,948.1
2026-02-18T12:00,28.0,36,0.0,0.0,0,0,14.0,31.0,947.6
2026-02-18T13:00,28.5,34,0.0,0.0,0,0,13.5,30.6,946.3
2026-02-18T14:00,28.7,33,0.0,0.0,0,0,12.6,29.5,945.6
2026-02-18T15:00,28.4,34,0.0,0.0,0,0,11.8,27.7,944.8
2026-02-18T16:00,27.8,35,0.0,0.0,0,0,11.5,25.6,944.7
2026-02-18T17:00,26.4,40,0.0,0.0,0,0,10.7,23.0,944.7
2026-02-18T18:00,23.4,50,0.0,0.0,0,0,7.4,18.4,944.6
2026-02-18T19:00,22.2,54,0.0,0.0,0,0,7.8,11.9,945.2
2026-02-18T20:00,21.4,56,0.0,0.0,0,0,7.5,11.9,945.7
2026-02-18T21:00,20.4,60,0.0,0.0,0,0,6.8,11.5,945.8
2026-02-18T22:00,20.3,60,0.0,0.0,0,0,8.0,12.2,945.9
2026-02-18T23:00,20.2,63,0.0,0.0,0,0,10.1,15.5,946.0
2026-02-19T00:00,19.8,64,0.0,0.0,0,11,10.2,16.6,946.0
2026-02-19T01:00,19.2,66,0.0,0.0,0,1,9.9,16.6,945.4
2026-02-19T02:00,18.5,69,0.0,0.0,0,0,9.0,15.8,944.8
2026-02-19T03:00,17.9,71,0.0,0.0,0,2,7.6,14.4,944.3
2026-02-19T04:00,17.4,73,0.0,0.0,0,8,6.7,12.2,944.2
2026-02-19T05:00,17.5,74,0.0,0.0,0,14,6.7,10.1,944.4
2026-02-19T06:00,17.8,71,0.0,0.0,0,9,7.0,10.8,945.3
2026-02-19T07:00,19.2,65,0.0,0.0,0,0,9.8,14.4,946.5
2026-02-19T08:00,21.6,56,0.0,0.0,0,0,9.0,18.0,947.6
2026-02-19T09:00,24.3,48,0.0,0.0,0,0,10.5,22.7,948.4
2026-02-19T10:00,26.5,41,0.0,0.0,0,0,13.2,28.1,949.1
2026-02-19T11:00,27.4,39,0.0,0.0,0,0,12.1,29.5,948.6
2026-02-19T12:00,28.5,36,0.0,0.0,0,0,12.0,27.7,947.9
2026-02-19T13:00,29.1,34,0.0,0.0,0,0,12.3,27.7,946.9
2026-02-19T14:00,29.2,34,0.0,0.0,0,0,13.5,29.2,946.2
2026-02-19T15:00,28.8,36,0.0,0.0,0,0,14.8,29.9,945.8
2026-02-19T16:00,28.0,38,0.0,0.0,0,0,15.1,29.9,945.8
2026-02-19T17:00,26.6,40,0.0,0.0,0,0,11.4,28.8,945.7
2026-02-19T18:00,24.0,46,0.0,0.0,0,0,8.6,19.8,945.7
2026-02-19T19:00,23.1,47,0.0,0.0,0,0,9.7,15.8,946.3
2026-02-19T20:00,22.4,48,0.0,0.0,0,0,9.0,15.5,946.9
2026-02-19T21:00,21.5,50,0.0,0.0,0,0,8.2,14.0,947.1
2026-02-19T22:00,20.4,54,0.0,0.0,0,0,7.4,12.6,946.9
2026-02-19T23:00,20.1,57,0.0,0.0,0,9,11.0,13.7,946.9
2026-02-20T00:00,20.1,62,0.0,0.0,0,11,12.8,20.9,947.3
2026-02-20T01:00,19.4,73,0.0,0.0,0,0,12.5,21.2,946.8
2026-02-20T02:00,18.8,80,0.0,0.0,0,1,11.9,20.5,946.3
2026-02-20T03:00,18.3,84,0.0,0.0,0,0,11.7,19.8,946.0
2026-02-20T04:00,17.9,84,0.0,0.0,0,0,11.5,19.4,945.9
2026-02-20T05:00,18.0,86,0.0,0.0,0,0,11.6,18.7,946.1
2026-02-20T06:00,18.2,79,0.0,0.0,0,0,11.1,19.4,946.8
2026-02-20T07:00,19.2,72,0.0,0.0,0,0,12.6,19.8,947.8
2026-02-20T08:00,21.7,63,0.0,0.0,0,0,11.3,21.2,949.1
2026-02-20T09:00,24.4,49,0.0,0.0,0,0,13.9,27.4,949.9
2026-02-20T10:00,26.3,42,0.0,0.0,0,2,15.9,32.0,950.2
2026-02-20T11:00,27.5,38,0.0,0.0,0,0,14.8,33.1,950.1
2026-02-20T12:00,28.9,33,0.0,0.0,0,0,13.7,31.3,949.1
2026-02-20T13:00,29.7,30,0.0,0.0,0,0,12.5,29.9,948.2
2026-02-20T14:00,29.9,30,0.0,0.0,0,0,11.7,28.1,947.0
2026-02-20T15:00,29.7,31,0.0,0.0,0,0,10.7,26.3,946.3
2026-02-20T16:00,29.2,32,0.0,0.0,0,0,10.7,23.4,945.8
2026-02-20T17:00,27.6,43,0.0,0.0,0,0,11.5,21.2,946.0
2026-02-20T18:00,25.0,52,0.0,0.0,0,0,9.7,19.8,946.0
2026-02-20T19:00,23.5,58,0.0,0.0,0,0,8.6,15.8,946.5
2026-02-20T20:00,22.5,60,0.0,0.0,0,0,8.3,13.7,947.1
2026-02-20T21:00,21.4,62,0.0,0.0,0,0,7.2,13.0,947.1
2026-02-20T22:00,21.0,62,0.0,0.0,0,0,7.2,10.4,946.8
2026-02-20T23:00,20.9,62,0.0,0.0,0,3,9.0,10.4,946.7
2026-02-21T00:00,21.0,64,0.0,0.0,1,46,10.5,18.4,946.6
2026-02-21T01:00,20.0,74,0.0,0.0,1,24,8.5,16.9,945.9
2026-02-21T02:00,19.0,80,0.0,0.0,0,16,7.6,13.3,945.0
2026-02-21T03:00,18.3,84,0.0,0.0,0,0,7.0,11.9,944.8
2026-02-21T04:00,17.8,85,0.0,0.0,0,2,6.8,10.1,944.5
2026-02-21T05:00,18.1,87,0.0,0.0,0,0,7.0,9.7,944.4
2026-02-21T06:00,17.8,87,0.0,0.0,0,0,6.5,10.1,945.1
2026-02-21T07:00,19.5,79,0.0,0.0,0,0,8.9,12.2,945.8
2026-02-21T08:00,22.4,67,0.0,0.0,0,0,7.0,15.5,947.0
2026-02-21T09:00,25.3,56,0.0,0.0,0,0,8.6,20.2,947.7
2026-02-21T10:00,27.5,48,0.0,0.0,0,0,10.3,23.8,947.9
2026-02-21T11:00,28.5,41,0.0,0.0,0,0,11.7,25.6,947.6
2026-02-21T12:00,29.6,37,0.0,0.0,0,0,11.2,27.0,946.6
2026-02-21T13:00,30.2,35,0.0,0.0,0,0,10.9,26.6,945.6
2026-02-21T14:00,30.4,34,0.0,0.0,0,0,10.2,25.9,944.4
2026-02-21T15:00,30.2,34,0.0,0.0,0,2,9.0,24.1,943.3
2026-02-21T16:00,29.6,35,0.0,0.0,0,4,8.8,21.2,942.9
2026-02-21T17:00,28.5,39,0.0,0.0,0,12,9.4,18.7,943.0
2026-02-21T18:00,26.1,47,0.0,0.0,0,8,10.2,16.9,943.0
2026-02-21T19:00,24.7,52,0.0,0.0,0,3,9.8,16.6,943.5
2026-02-21T20:00,23.5,56,0.0,0.0,0,1,9.3,16.6,944.2
2026-02-21T21:00,22.5,58,0.0,0.0,3,95,8.6,15.1,944.2
2026-02-21T22:00,21.9,59,0.0,0.0,3,88,6.8,13.3,944.2
2026-02-21T23:00,20.9,62,0.0,0.0,3,84,7.7,10.1,943.8
2026-02-22T00:00,20.4,63,0.0,0.0,2,66,7.9,10.8,943.3
2026-02-22T01:00,21.0,63,0.0,0.0,2,77,10.9,18.7,943.3
2026-02-22T02:00,19.7,74,0.0,0.0,3,90,7.1,17.6,942.4
2026-02-22T03:00,18.7,79,0.0,0.0,3,92,6.0,10.4,941.6
2026-02-22T04:00,18.3,82,0.0,0.0,3,91,4.0,7.9,941.2
2026-02-22T05:00,19.0,86,0.0,0.0,2,57,5.2,5.0,941.6
2026-02-22T06:00,19.1,85,0.0,0.0,1,29,5.7,7.6,942.6
2026-02-22T07:00,20.7,77,0.0,0.0,3,98,8.7,11.9,943.7
2026-02-22T08:00,22.7,70,0.0,0.0,3,100,4.4,13.7,945.0
2026-02-22T09:00,24.7,62,0.0,0.0,3,100,5.1,13.3,945.8
2026-02-22T10:00,26.3,54,0.0,0.0,3,100,8.8,19.1,945.8
2026-02-22T11:00,28.1,45,0.0,0.0,2,62,8.2,19.8,945.5
2026-02-22T12:00,29.3,38,0.0,0.0,1,22,6.4,20.5,944.6
2026-02-22T13:00,29.7,35,0.0,0.0,0,6,5.3,19.1,943.2
2026-02-22T14:00,30.1,33,0.0,0.0,0,13,3.7,17.6,942.4
2026-02-22T15:00,30.1,32,0.0,0.0,0,15,3.1,15.1,941.6
2026-02-22T16:00,30.0,32,0.0,0.0,0,16,3.8,12.6,941.1
2026-02-22T17:00,28.8,38,0.0,0.0,1,34,9.9,11.2,941.2
2026-02-22T18:00,26.7,42,0.0,0.0,2,59,9.8,17.3,941.8
2026-02-22T19:00,25.2,47,0.0,0.0,0,2,9.5,15.8,942.2
2026-02-22T20:00,23.8,53,0.0,0.0,0,3,8.1,15.5,942.6
2026-02-22T21:00,22.4,59,0.0,0.0,0,2,6.6,13.0,942.9
2026-02-22T22:00,22.0,60,0.0,0.0,0,9,4.6,9.4,942.9
2026-02-22T23:00,22.4,59,0.0,0.0,0,16,7.7,7.2,942.3
2026-02-23T00:00,21.6,62,0.0,0.0,1,38,7.0,11.9,941.7
2026-02-23T01:00,21.3,64,0.0,0.0,1,41,6.0,11.9,941.5
2026-02-23T02:00,20.8,70,0.0,0.0,2,63,4.3,7.9,941.1
2026-02-23T03:00,20.8,72,0.0,0.0,3,100,4.1,5.4,941.2
2026-02-23T04:00,21.0,75,0.0,0.0,3,100,1.4,6.1,941.7
2026-02-23T05:00,19.6,95,0.0,0.0,0,7,3.0,2.2,941.6
2026-02-23T06:00,19.7,97,0.0,0.0,1,21,5.6,9.0,942.5
2026-02-23T07:00,20.7,93,0.0,0.0,1,30,8.1,14.0,943.5
2026-02-23T08:00,22.6,82,0.0,0.0,0,18,7.9,17.6,944.5
2026-02-23T09:00,24.9,69,0.0,0.0,1,20,9.0,21.2,945.4
2026-02-23T10:00,26.9,59,0.0,0.0,1,21,8.9,23.0,945.6
2026-02-23T11:00,27.3,57,0.0,0.0,1,35,7.4,22.7,945.3
2026-02-23T12:00,28.5,50,0.0,0.0,1,20,8.1,22.7,944.5
2026-02-23T13:00,29.4,43,0.0,0.0,1,21,8.0,22.7,943.4
2026-02-23T14:00,29.7,42,0.0,0.0,1,47,2.2,22.0,942.3
2026-02-23T15:00,28.4,42,0.0,0.0,3,80,2.9,14.0,941.7
2026-02-23T16:00,20.9,88,8.3,8.3,65,76,19.6,36.4,942.4
2026-02-23T17:00,27.3,47,2.0,2.0,61,42,3.4,34.6,941.7
2026-02-23T18:00,25.5,53,0.0,0.0,1,27,2.2,6.1,941.9
2026-02-23T19:00,24.4,57,0.0,0.0,2,55,3.5,4.3,942.6
2026-02-23T20:00,23.7,60,0.0,0.0,0,5,4.2,5.4,943.2
2026-02-23T21:00,22.7,63,0.0,0.0,0,14,6.3,9.0,943.5
2026-02-23T22:00,22.2,66,0.0,0.0,2,74,5.9,9.0,943.4
2026-02-23T23:00,22.0,69,0.0,0.0,3,86,10.8,14.4,943.8
2026-02-24T00:00,21.2,79,0.0,0.0,3,100,10.9,19.4,943.6
2026-02-24T01:00,20.4,80,0.1,0.1,51,100,11.0,23.8,943.2
2026-02-24T02:00,19.5,88,0.5,0.5,53,98,11.2,18.4,943.0
2026-02-24T03:00,19.1,92,0.7,0.7,53,100,6.1,19.8,943.4
2026-02-24T04:00,18.9,93,2.3,2.3,61,100,11.2,17.3,943.0
2026-02-24T05:00,19.1,94,0.2,0.2,51,98,10.9,21.2,942.9
2026-02-24T06:00,19.2,94,0.4,0.4,51,96,8.4,18.4,943.9
2026-02-24T07:00,19.6,92,0.0,0.0,3,98,6.7,13.7,945.0
2026-02-24T08:00,21.5,81,0.0,0.0,2,79,7.6,16.2,946.3
2026-02-24T09:00,24.1,64,0.0,0.0,2,76,16.5,31.7,946.7
2026-02-24T10:00,26.0,54,0.0,0.0,3,85,14.2,33.1,947.1
2026-02-24T11:00,26.5,53,0.0,0.0,3,92,8.1,29.9,946.8
2026-02-24T12:00,27.7,48,0.0,0.0,3,95,4.8,23.4,945.6
2026-02-24T13:00,28.3,45,0.0,0.0,3,98,2.4,22.0,944.4
2026-02-24T14:00,28.9,41,0.0,0.0,3,88,5.2,18.0,943.6
2026-02-24T15:00,29.0,38,0.0,0.0,3,84,6.8,18.4,943.6
2026-02-24T16:00,28.5,37,0.0,0.0,2,59,8.0,18.4,943.3
2026-02-24T17:00,27.9,50,0.0,0.0,0,19,2.6,16.9,943.0
2026-02-24T18:00,25.7,45,0.0,0.0,1,23,2.1,4.0,943.4
2026-02-24T19:00,23.9,50,0.0,0.0,0,9,5.2,6.1,943.9
2026-02-24T20:00,22.2,58,0.0,0.0,0,6,6.3,9.0,944.3
2026-02-24T21:00,21.4,62,0.0,0.0,0,5,6.6,9.7,944.6
2026-02-24T22:00,20.5,68,0.0,0.0,0,5,6.1,9.7,944.9
2026-02-24T23:00,20.2,76,0.0,0.0,0,13,6.0,8.3,944.7
2026-02-25T00:00,20.3,75,0.0,0.0,0,16,6.0,9.0,944.7
2026-02-25T01:00,19.9,78,0.0,0.0,2,61,5.9,8.3,943.8
2026-02-25T02:00,20.5,76,0.0,0.0,3,100,6.4,10.1,943.7
2026-02-25T03:00,21.0,75,0.0,0.0,3,98,7.3,11.9,943.6
2026-02-25T04:00,20.6,76,0.0,0.0,3,99,6.2,11.9,943.4
2026-02-25T05:00,20.2,84,0.0,0.0,0,1,4.7,10.1,944.0
2026-02-25T06:00,19.5,87,0.0,0.0,0,9,3.3,6.1,944.8
2026-02-25T07:00,20.7,83,0.0,0.0,0,16,6.7,7.9,945.9
2026-02-25T08:00,23.5,72,0.0,0.0,0,8,6.4,14.8,947.2
2026-02-25T09:00,26.3,57,0.0,0.0,0,2,7.9,19.4,948.0
2026-02-25T10:00,28.1,45,0.0,0.0,0,6,8.4,21.2,948.1
2026-02-25T11:00,29.0,38,0.0,0.0,1,47,7.8,21.6,947.6
2026-02-25T12:00,29.1,35,0.0,0.0,3,81,6.6,19.4,946.9
2026-02-25T13:00,29.1,33,0.0,0.0,3,90,6.1,18.4,945.9
2026-02-25T14:00,29.0,32,0.0,0.0,2,61,7.8,19.1,945.1
2026-02-25T15:00,28.7,32,0.0,0.0,1,44,7.5,19.1,944.8
2026-02-25T16:00,28.2,34,0.0,0.0,1,40,4.1,17.6,945.1
2026-02-25T17:00,27.4,47,0.0,0.0,2,63,2.8,10.8,944.4
2026-02-25T18:00,25.4,48,0.0,0.0,1,39,5.0,6.5,944.7
2026-02-25T19:00,24.7,50,0.0,0.0,2,57,3.9,6.8,945.2
2026-02-25T20:00,24.3,52,0.0,0.0,0,7,2.3,5.0,945.7
2026-02-25T21:00,22.0,59,0.0,0.0,0,1,4.2,5.0,945.7
2026-02-25T22:00,20.7,65,0.0,0.0,0,3,5.4,7.9,945.5
2026-02-25T23:00,20.5,70,0.0,0.0,0,6,4.9,8.6,945.0
2026-02-26T00:00,20.6,67,0.0,0.0,0,7,6.3,8.3,944.6
2026-02-26T01:00,20.3,67,0.0,0.0,0,16,6.1,9.4,944.4
2026-02-26T02:00,19.8,68,0.0,0.0,0,6,6.6,8.6,944.0
2026-02-26T03:00,19.8,68,0.0,0.0,0,3,6.8,10.8,943.4
2026-02-26T04:00,19.1,73,0.0,0.0,0,9,5.2,10.1,943.4
2026-02-26T05:00,19.3,81,0.0,0.0,1,20,6.9,7.6,943.4
2026-02-26T06:00,19.6,82,0.0,0.0,1,27,6.0,10.4,944.2
2026-02-26T07:00,21.2,75,0.0,0.0,1,23,7.3,9.7,945.5
2026-02-26T08:00,24.1,65,0.0,0.0,1,45,3.7,12.2,946.6
2026-02-26T09:00,26.9,49,0.0,0.0,1,26,4.1,13.3,947.2
2026-02-26T10:00,28.4,42,0.0,0.0,0,0,7.3,19.1,947.1
2026-02-26T11:00,29.1,38,0.0,0.0,1,39,4.8,19.8,946.5
2026-02-26T12:00,29.5,37,0.0,0.0,1,28,1.9,14.8,945.4
2026-02-26T13:00,29.7,36,0.0,0.0,1,32,2.2,13.3,944.5
2026-02-26T14:00,30.4,34,0.0,0.0,1,24,4.7,16.2,943.4
2026-02-26T15:00,30.1,34,0.0,0.0,0,13,7.0,18.0,942.9
2026-02-26T16:00,29.7,34,0.0,0.0,1,32,8.0,18.0,942.7
2026-02-26T17:00,29.0,37,0.0,0.0,1,36,5.9,17.3,942.3
2026-02-26T18:00,25.9,44,0.0,0.0,0,16,9.6,14.0,942.5
2026-02-26T19:00,24.7,47,0.0,0.0,1,20,11.4,19.8,942.9
2026-02-26T20:00,23.7,52,0.0,0.0,0,8,10.5,18.4,943.4
2026-02-26T21:00,22.9,55,0.0,0.0,0,0,9.0,16.9,943.7
2026-02-26T22:00,22.3,55,0.0,0.0,0,0,8.9,14.8,943.2
2026-02-26T23:00,21.5,62,0.0,0.0,0,11,7.3,14.8,943.0
2026-02-27T00:00,21.5,61,0.0,0.0,0,5,6.9,10.8,942.4
2026-02-27T01:00,21.3,60,0.0,0.0,0,5,7.5,11.5,941.7
2026-02-27T02:00,20.7,62,0.0,0.0,3,95,7.1,11.2,941.2
2026-02-27T03:00,20.9,61,0.0,0.0,3,99,8.3,12.6,940.8
2026-02-27T04:00,21.5,59,0.0,0.0,3,90,8.5,14.4,941.0
2026-02-27T05:00,22.0,63,0.0,0.0,3,90,6.6,13.7,941.5
2026-02-27T06:00,22.6,60,0.0,0.0,3,97,6.5,11.2,942.5
2026-02-27T07:00,23.0,61,0.0,0.0,3,87,7.7,11.2,943.6
2026-02-27T08:00,24.4,58,0.0,0.0,3,81,9.5,17.6,944.9
2026-02-27T09:00,26.0,53,0.0,0.0,1,27,13.0,25.6,945.9
2026-02-27T10:00,27.6,46,0.0,0.0,1,24,11.7,27.7,946.1
2026-02-27T11:00,28.9,40,0.0,0.0,0,0,8.9,25.6,945.5
2026-02-27T12:00,30.0,37,0.0,0.0,1,28,6.7,22.3,944.4
2026-02-27T13:00,30.5,35,0.0,0.0,1,21,5.9,20.2,943.5
2026-02-27T14:00,30.6,34,0.0,0.0,0,16,4.7,18.4,942.3
2026-02-27T15:00,30.5,33,0.0,0.0,0,5,4.5,16.2,941.9
2026-02-27T16:00,30.1,32,0.0,0.0,0,9,5.0,14.0,941.7
2026-02-27T17:00,29.1,50,0.0,0.0,0,18,3.0,11.5,941.3
2026-02-27T18:00,26.7,47,0.0,0.0,1,47,5.9,7.6,941.3
2026-02-27T19:00,25.2,51,0.0,0.0,1,28,5.8,9.7,941.5
2026-02-27T20:00,24.1,56,0.0,0.0,0,11,9.4,14.0,941.9
2026-02-27T21:00,23.4,56,0.0,0.0,0,3,11.4,18.4,942.1
2026-02-27T22:00,23.0,56,0.0,0.0,0,7,10.3,18.4,942.1
2026-02-27T23:00,22.5,62,0.0,0.0,0,1,8.7,16.6,941.8
2026-02-28T00:00,22.5,61,0.0,0.0,0,1,9.3,15.1,941.4
2026-02-28T01:00,22.1,62,0.0,0.0,0,0,13.0,20.5,940.7
2026-02-28T02:00,21.6,64,0.0,0.0,0,0,11.3,21.6,940.0
2026-02-28T03:00,20.9,67,0.0,0.0,0,0,9.0,18.4,939.7
2026-02-28T04:00,20.0,70,0.0,0.0,0,0,7.3,14.4,939.8
2026-02-28T05:00,19.9,75,0.0,0.0,0,0,2.5,11.2,940.6
2026-02-28T06:00,20.0,77,0.0,0.0,0,0,2.5,4.7,941.3
2026-02-28T07:00,21.3,69,0.0,0.0,0,0,11.2,16.2,942.8
2026-02-28T08:00,23.7,63,0.0,0.0,0,0,13.6,24.5,944.6
2026-02-28T09:00,26.0,52,0.0,0.0,0,0,13.4,29.5,945.4
2026-02-28T10:00,28.1,44,0.0,0.0,2,66,11.9,27.4,945.4
2026-02-28T11:00,29.2,40,0.0,0.0,1,20,13.3,26.3,945.0
2026-02-28T12:00,30.4,37,0.0,0.0,2,64,10.4,28.4,943.9
2026-02-28T13:00,30.7,35,0.0,0.0,2,58,6.6,24.8,942.9
2026-02-28T14:00,31.0,34,0.0,0.0,2,55,3.6,19.1,942.1
2026-02-28T15:00,31.1,31,0.0,0.0,3,91,2.2,14.4,941.7
2026-02-28T16:00,30.6,32,0.0,0.0,3,100,1.9,11.5,941.5
2026-02-28T17:00,29.4,41,0.0,0.0,3,99,5.1,7.2,941.5
2026-02-28T18:00,26.4,47,0.0,0.0,0,4,6.2,8.6,941.3
2026-02-28T19:00,25.2,50,0.0,0.0,0,3,7.2,10.4,941.7
2026-02-28T20:00,24.5,53,0.0,0.0,0,10,10.1,16.2,942.4
2026-02-28T21:00,24.1,53,0.0,0.0,2,70,9.0,16.9,942.8
2026-02-28T22:00,23.5,54,0.0,0.0,2,50,9.4,14.0,942.8
2026-02-28T23:00,23.0,66,0.0,0.0,0,0,16.6,23.8,942.7
2026-03-01T00:00,22.7,67,0.0,0.0,0,0,15.3,27.4,942.4
2026-03-01T01:00,22.3,66,0.0,0.0,0,6,13.3,25.2,941.5
2026-03-01T02:00,21.4,68,0.0,0.0,0,0,9.5,22.0,940.9
2026-03-01T03:00,20.3,70,0.0,0.0,0,1,6.9,15.5,940.4
2026-03-01T04:00,19.7,69,0.0,0.0,0,5,6.5,9.4,940.3
2026-03-01T05:00,19.3,74,0.0,0.0,0,4,6.0,9.4,940.2
2026-03-01T06:00,20.1,72,0.0,0.0,1,22,9.8,16.9,942.2
2026-03-01T07:00,21.4,71,0.0,0.0,0,3,11.5,16.9,943.7
2026-03-01T08:00,23.6,61,0.0,0.0,0,1,11.3,22.3,945.0
2026-03-01T09:00,26.0,50,0.0,0.0,0,4,10.8,23.4,945.9
2026-03-01T10:00,28.4,42,0.0,0.0,0,7,11.3,25.2,946.0
2026-03-01T11:00,29.7,38,0.0,0.0,1,39,11.7,26.3,945.4
2026-03-01T12:00,30.7,36,0.0,0.0,0,2,9.3,25.9,944.7
2026-03-01T13:00,31.5,34,0.0,0.0,2,70,7.9,23.0,944.0
2026-03-01T14:00,31.4,32,0.0,0.0,3,83,7.4,21.2,943.1
2026-03-01T15:00,31.5,30,0.0,0.0,3,85,6.7,18.7,942.8
2026-03-01T16:00,31.3,30,0.0,0.0,2,77,5.2,16.6,942.5
2026-03-01T17:00,29.8,39,0.0,0.0,1,36,5.5,12.2,942.5
2026-03-01T18:00,28.1,41,0.0,0.0,2,53,6.3,10.8,942.6
2026-03-01T19:00,27.0,47,0.0,0.0,1,29,4.3,9.4,943.0
2026-03-01T20:00,25.0,53,0.0,0.0,1,28,7.7,10.8,943.7
2026-03-01T21:00,24.8,53,0.0,0.0,0,0,11.2,18.4,944.4
2026-03-01T22:00,23.9,55,0.0,0.0,0,0,10.6,18.0,944.2
2026-03-01T23:00,23.1,62,0.0,0.0,0,0,12.6,22.0,944.3
2026-03-02T00:00,22.9,68,0.0,0.0,0,0,10.1,21.2,944.0
2026-03-02T01:00,22.1,71,0.0,0.0,0,0,8.2,16.2,943.0
2026-03-02T02:00,21.4,72,0.0,0.0,0,0,8.3,13.3,942.4
2026-03-02T03:00,20.9,72,0.0,0.0,0,0,6.7,13.3,941.8
2026-03-02T04:00,19.9,74,0.0,0.0,0,0,5.6,10.1,942.1
2026-03-02T05:00,19.8,77,0.0,0.0,0,12,5.6,9.7,942.6
2026-03-02T06:00,20.3,75,0.0,0.0,0,9,3.5,7.2,943.6
2026-03-02T07:00,22.0,69,0.0,0.0,0,0,3.6,6.5,944.8
2026-03-02T08:00,25.4,60,0.0,0.0,0,1,1.5,8.6,946.3
2026-03-02T09:00,28.1,50,0.0,0.0,0,1,6.1,16.6,947.5
2026-03-02T10:00,29.7,43,0.0,0.0,0,0,3.7,17.3,947.7
2026-03-02T11:00,30.0,41,0.0,0.0,0,2,1.7,15.1,947.1
2026-03-02T12:00,31.3,37,0.0,0.0,0,17,2.6,14.4,946.4
2026-03-02T13:00,31.9,35,0.0,0.0,1,22,2.4,14.8,945.7
2026-03-02T14:00,32.2,33,0.0,0.0,1,38,2.7,14.0,944.8
2026-03-02T15:00,32.6,32,0.0,0.0,2,55,2.3,13.7,944.0
2026-03-02T16:00,32.2,30,0.0,0.0,2,77,1.8,11.9,943.8
2026-03-02T17:00,30.3,38,0.0,0.0,3,95,7.6,7.9,944.0
2026-03-02T18:00,28.2,43,0.0,0.0,3,100,12.7,19.8,944.4
2026-03-02T19:00,27.1,46,0.0,0.0,1,25,12.0,22.0,944.9
2026-03-02T20:00,25.7,53,0.0,0.0,0,2,10.9,19.1,945.7
2026-03-02T21:00,24.5,58,0.0,0.0,0,1,10.1,17.6,946.0
2026-03-02T22:00,23.4,61,0.0,0.0,0,0,7.1,16.2,945.8
2026-03-02T23:00,22.6,66,0.0,0.0,0,2,6.1,10.4,945.6
2026-03-03T00:00,22.4,67,0.0,0.0,0,2,2.9,7.6,945.0
2026-03-03T01:00,21.7,69,0.0,0.0,0,0,2.8,4.0,944.4
2026-03-03T02:00,21.5,69,0.0,0.0,0,0,1.7,4.0,944.0
2026-03-03T03:00,20.8,72,0.0,0.0,0,16,1.0,2.2,943.4
2026-03-03T04:00,20.2,74,0.0,0.0,0,0,4.1,5.0,943.4
2026-03-03T05:00,20.1,78,0.0,0.0,0,0,1.7,5.4,943.7
2026-03-03T06:00,20.2,76,0.0,0.0,0,0,1.8,2.9,944.4
2026-03-03T07:00,22.0,69,0.0,0.0,0,0,4.0,5.4,945.5
2026-03-03T08:00,25.5,60,0.0,0.0,0,0,2.6,10.4,946.9
2026-03-03T09:00,28.6,47,0.0,0.0,0,0,5.6,15.1,948.1
2026-03-03T10:00,31.1,28,0.0,0.0,0,0,11.7,24.5,948.6
2026-03-03T11:00,31.7,26,0.0,0.0,0,0,12.4,27.7,948.1
2026-03-03T12:00,32.4,26,0.0,0.0,0,0,12.6,27.7,947.1
2026-03-03T13:00,32.8,27,0.0,0.0,0,0,13.0,28.4,946.2
2026-03-03T14:00,33.0,27,0.0,0.0,0,0,13.8,28.8,945.4
2026-03-03T15:00,32.7,27,0.0,0.0,0,0,13.9,28.8,944.7
2026-03-03T16:00,32.0,28,0.0,0.0,0,0,14.5,27.7,944.7
2026-03-03T17:00,30.2,33,0.0,0.0,0,0,11.3,26.6,944.5
2026-03-03T18:00,27.5,38,0.0,0.0,0,0,10.3,19.1,944.7
2026-03-03T19:00,26.3,41,0.0,0.0,0,0,9.5,16.9,945.4
2026-03-03T20:00,25.2,44,0.0,0.0,0,0,9.0,15.1,946.2
2026-03-03T21:00,24.0,46,0.0,0.0,0,0,8.1,13.7,946.4
2026-03-03T22:00,22.9,50,0.0,0.0,0,0,6.7,11.9,946.4
2026-03-03T23:00,22.2,53,0.0,0.0,0,0,4.5,9.0,946.1
2026-03-04T00:00,21.4,56,0.0,0.0,0,0,2.7,5.8,945.6
2026-03-04T01:00,20.8,57,0.0,0.0,0,0,0.7,3.6,944.9
2026-03-04T02:00,20.2,59,0.0,0.0,0,0,0.7,1.8,944.4
2026-03-04T03:00,20.3,57,0.0,0.0,0,0,0.6,1.4,944.0
2026-03-04T04:00,20.0,57,0.0,0.0,0,0,0.6,1.4,943.7
2026-03-04T05:00,19.7,64,0.0,0.0,0,0,0.6,2.5,944.3
2026-03-04T06:00,20.0,61,0.0,0.0,0,0,1.1,1.8,945.2
2026-03-04T07:00,21.9,54,0.0,0.0,0,0,2.4,2.2,946.4
2026-03-04T08:00,24.6,53,0.0,0.0,0,0,1.8,8.6,947.8
2026-03-04T09:00,28.0,40,0.0,0.0,0,0,5.5,14.4,949.0
2026-03-04T10:00,30.1,29,0.0,0.0,0,0,11.8,25.2,949.4
2026-03-04T11:00,31.1,26,0.0,0.0,0,0,12.9,28.8,949.0
2026-03-04T12:00,32.1,24,0.0,0.0,0,0,13.6,29.2,948.1
2026-03-04T13:00,32.5,23,0.0,0.0,0,0,14.6,30.2,947.0
2026-03-04T14:00,32.5,23,0.0,0.0,0,0,14.3,30.6,946.1
2026-03-04T15:00,32.2,23,0.0,0.0,0,0,12.9,29.2,945.3
2026-03-04T16:00,31.6,24,0.0,0.0,0,0,13.4,25.9,945.0
2026-03-04T17:00,29.7,30,0.0,0.0,0,0,8.2,24.5,944.8
2026-03-04T18:00,26.1,35,0.0,0.0,0,0,8.1,14.0,944.7
2026-03-04T19:00,24.9,36,0.0,0.0,0,0,8.6,12.2,945.3
2026-03-04T20:00,24.1,40,0.0,0.0,0,0,7.3,12.2,946.2
2026-03-04T21:00,23.5,42,0.0,0.0,0,0,4.0,9.4,946.5
2026-03-04T22:00,22.5,45,0.0,0.0,0,0,2.5,5.4,946.3
2026-03-04T23:00,22.2,46,0.0,0.0,0,0,2.1,3.6,945.9
2026-03-05T00:00,22.1,45,0.0,0.0,0,0,1.1,2.9,945.4
2026-03-05T01:00,21.7,50,0.0,0.0,0,0,1.1,1.8,944.6
2026-03-05T02:00,21.0,49,0.0,0.0,0,0,1.4,2.5,943.9
2026-03-05T03:00,20.3,53,0.0,0.0,0,0,1.3,2.5,943.5
2026-03-05T04:00,19.7,53,0.0,0.0,0,0,1.6,2.5,942.9
2026-03-05T05:00,19.4,55,0.0,0.0,0,0,1.5,2.9,943.2
2026-03-05T06:00,19.4,54,0.0,0.0,0,0,1.9,2.9,944.1
2026-03-05T07:00,20.8,56,0.0,0.0,0,0,4.8,6.5,945.2
2026-03-05T08:00,24.0,51,0.0,0.0,0,0,4.5,12.6,946.8
2026-03-05T09:00,28.1,40,0.0,0.0,0,0,4.4,13.7,947.9
2026-03-05T10:00,31.1,23,0.0,0.0,0,0,7.6,18.7,948.0
2026-03-05T11:00,32.3,18,0.0,0.0,0,0,10.7,23.0,947.6
2026-03-05T12:00,33.0,17,0.0,0.0,0,0,11.5,25.9,946.6
2026-03-05T13:00,33.4,18,0.0,0.0,0,0,11.0,25.9,945.6
2026-03-05T14:00,33.4,18,0.0,0.0,0,0,11.0,25.2,944.5
2026-03-05T15:00,33.2,18,0.0,0.0,0,0,10.3,24.1,943.8
2026-03-05T16:00,32.6,19,0.0,0.0,0,0,10.2,21.6,943.3
2026-03-05T17:00,29.8,35,0.0,0.0,0,0,5.7,18.7,943.1
2026-03-05T18:00,27.0,31,0.0,0.0,0,0,2.8,8.6,942.9
2026-03-05T19:00,25.8,34,0.0,0.0,0,0,0.6,4.0,943.5
2026-03-05T20:00,24.1,39,0.0,0.0,0,0,1.5,2.5,944.2
2026-03-05T21:00,22.5,45,0.0,0.0,0,0,3.6,5.4,944.3
2026-03-05T22:00,21.9,46,0.0,0.0,0,0,0.9,5.8,944.3
2026-03-05T23:00,21.6,45,0.0,0.0,0,0,0.8,2.5,943.8
2026-03-06T00:00,20.9,46,0.0,0.0,0,0,1.4,2.5,943.1
2026-03-06T01:00,19.6,52,0.0,0.0,0,0,3.4,4.0,942.2
2026-03-06T02:00,18.4,63,0.0,0.0,0,0,4.2,5.8,941.3
2026-03-06T03:00,18.9,63,0.0,0.0,0,0,3.7,5.4,941.1
2026-03-06T04:00,19.5,59,0.0,0.0,0,0,3.8,5.0,940.9
2026-03-06T05:00,18.9,65,0.0,0.0,0,0,3.0,5.8,941.4
2026-03-06T06:00,18.4,67,0.0,0.0,0,0,3.7,5.0,942.0
2026-03-06T07:00,20.1,62,0.0,0.0,0,0,6.7,8.3,943.5
2026-03-06T08:00,23.6,52,0.0,0.0,0,0,6.9,16.2,945.2
2026-03-06T09:00,27.3,41,0.0,0.0,0,0,6.0,16.2,946.5
2026-03-06T10:00,30.6,27,0.0,0.0,0,0,8.4,20.2,946.8
2026-03-06T11:00,32.2,19,0.0,0.0,0,0,7.2,22.7,946.4
2026-03-06T12:00,33.4,17,0.0,0.0,0,0,6.9,19.4,945.4
2026-03-06T13:00,33.9,17,0.0,0.0,0,0,7.7,20.2,944.3
2026-03-06T14:00,34.0,17,0.0,0.0,0,0,9.0,21.6,943.4
2026-03-06T15:00,33.8,18,0.0,0.0,0,0,9.7,21.6,942.8
2026-03-06T16:00,33.2,19,0.0,0.0,0,0,9.6,21.2,942.5
2026-03-06T17:00,30.3,32,0.0,0.0,0,0,6.8,18.4,942.3
2026-03-06T18:00,26.8,36,0.0,0.0,0,0,6.2,11.2,942.4
2026-03-06T19:00,25.6,36,0.0,0.0,0,0,5.8,7.9,942.9
2026-03-06T20:00,25.0,36,0.0,0.0,0,0,5.8,7.9,943.7
2026-03-06T21:00,24.4,38,0.0,0.0,0,0,3.4,7.6,944.1
2026-03-06T22:00,23.7,40,0.0,0.0,0,0,3.6,4.7,943.6
2026-03-06T23:00,23.6,40,0.0,0.0,0,0,1.3,4.7,943.2
2026-03-07T00:00,22.9,42,0.0,0.0,0,0,0.0,1.8,942.7
2026-03-07T01:00,22.0,42,0.0,0.0,0,0,0.6,1.4,942.1
2026-03-07T02:00,20.9,44,0.0,0.0,0,0,2.0,2.5,941.4
2026-03-07T03:00,19.4,50,0.0,0.0,0,0,3.5,4.7,941.0
2026-03-07T04:00,18.8,52,0.0,0.0,0,0,3.5,5.4,941.0
2026-03-07T05:00,19.8,50,0.0,0.0,0,0,1.2,4.7,941.7
2026-03-07T06:00,19.9,49,0.0,0.0,0,0,0.5,2.2,942.5
2026-03-07T07:00,21.9,56,0.0,0.0,0,0,1.2,1.4,943.9
2026-03-07T08:00,25.5,43,0.0,0.0,0,0,0.0,6.1,945.3
2026-03-07T09:00,29.2,33,0.0,0.0,0,0,3.5,11.5,946.6
2026-03-07T10:00,31.7,25,0.0,0.0,0,0,9.9,21.6,946.9
2026-03-07T11:00,32.3,22,0.0,0.0,0,0,11.1,25.9,946.8
2026-03-07T12:00,33.2,20,0.0,0.0,0,0,10.9,25.2,946.0
2026-03-07T13:00,33.6,20,0.0,0.0,0,0,10.8,25.2,945.1
2026-03-07T14:00,33.9,20,0.0,0.0,0,0,10.4,24.8,943.9
2026-03-07T15:00,33.8,21,0.0,0.0,0,0,10.3,23.4,943.2
2026-03-07T16:00,33.1,23,0.0,0.0,0,0,10.8,22.0,943.3
2026-03-07T17:00,30.7,30,0.0,0.0,0,0,11.2,20.5,943.1
2026-03-07T18:00,27.3,36,0.0,0.0,0,0,8.6,19.1,943.2
2026-03-07T19:00,25.0,42,0.0,0.0,0,0,7.0,13.3,943.5
2026-03-07T20:00,23.8,46,0.0,0.0,0,0,7.4,9.7,944.2
2026-03-07T21:00,23.0,48,0.0,0.0,0,0,6.0,9.7,944.7
2026-03-07T22:00,21.9,52,0.0,0.0,0,0,5.2,8.3,944.8
2026-03-07T23:00,22.1,51,0.0,0.0,0,0,3.7,6.5,944.6
2026-03-08T00:00,22.2,50,0.0,0.0,0,0,2.4,5.0,944.0
2026-03-08T01:00,21.9,49,0.0,0.0,0,0,1.5,3.2,943.2
2026-03-08T02:00,21.3,48,0.0,0.0,0,0,1.4,2.5,942.7
2026-03-08T03:00,20.0,53,0.0,0.0,0,0,5.1,6.5,942.4
2026-03-08T04:00,19.8,55,0.0,0.0,0,0,2.9,6.5,942.1
2026-03-08T05:00,20.1,57,0.0,0.0,0,0,2.4,4.0,942.4
2026-03-08T06:00,20.2,57,0.0,0.0,0,0,2.0,3.2,943.5
2026-03-08T07:00,21.7,56,0.0,0.0,0,0,2.9,4.0,944.7
2026-03-08T08:00,24.5,52,0.0,0.0,0,0,4.6,11.9,946.2
2026-03-08T09:00,27.5,47,0.0,0.0,0,0,7.0,17.6,947.4
2026-03-08T10:00,30.2,36,0.0,0.0,0,0,7.6,19.4,947.5
2026-03-08T11:00,31.1,31,0.0,0.0,0,0,9.7,23.8,947.4
2026-03-08T12:00,32.4,26,0.0,0.0,0,0,10.5,24.8,946.4
2026-03-08T13:00,33.2,24,0.0,0.0,0,0,11.4,25.9,945.6
2026-03-08T14:00,33.4,23,0.0,0.0,0,0,12.4,26.6,944.5
2026-03-08T15:00,33.3,24,0.0,0.0,0,0,11.9,26.6,943.5
2026-03-08T16:00,32.8,25,0.0,0.0,0,0,11.4,24.5,943.2
2026-03-08T17:00,30.4,34,0.0,0.0,0,0,8.0,21.2,943.4
2026-03-08T18:00,26.6,45,0.0,0.0,0,0,7.4,13.7,943.4
2026-03-08T19:00,24.8,52,0.0,0.0,0,0,7.0,10.4,944.1
2026-03-08T20:00,23.6,56,0.0,0.0,0,0,7.0,9.4,945.0
2026-03-08T21:00,22.4,62,0.0,0.0,0,0,6.9,9.4,945.1
2026-03-08T22:00,21.3,72,0.0,0.0,0,0,6.3,9.7,945.2
2026-03-08T23:00,20.5,80,0.0,0.0,0,0,5.4,8.3,945.0
2026-03-09T00:00,20.2,82,0.0,0.0,0,0,6.1,8.3,944.7
2026-03-09T01:00,19.8,82,0.0,0.0,0,0,5.6,8.6,943.9
2026-03-09T02:00,19.9,79,0.0,0.0,0,0,1.7,7.9,943.1
2026-03-09T03:00,19.2,82,0.0,0.0,0,0,0.9,2.5,942.5
2026-03-09T04:00,18.8,83,0.0,0.0,0,0,0.8,1.4,942.5
2026-03-09T05:00,19.1,84,0.0,0.0,0,0,5.9,1.8,943.5
2026-03-09T06:00,19.5,84,0.0,0.0,0,0,6.6,9.7,944.3
2026-03-09T07:00,21.5,83,0.0,0.0,0,0,10.6,16.9,945.4
2026-03-09T08:00,24.9,72,0.0,0.0,0,0,8.8,18.7,946.6
2026-03-09T09:00,27.9,58,0.0,0.0,0,0,10.3,22.7,947.7
2026-03-09T10:00,29.6,52,0.0,0.0,0,0,10.4,24.8,948.0
2026-03-09T11:00,30.7,42,0.0,0.0,0,5,10.4,24.8,947.9
2026-03-09T12:00,32.2,30,0.0,0.0,0,4,12.6,27.7,947.0
2026-03-09T13:00,32.7,28,0.0,0.0,0,6,13.7,29.2,946.2
2026-03-09T14:00,32.6,28,0.0,0.0,0,13,15.2,30.6,945.3
2026-03-09T15:00,32.0,29,0.0,0.0,0,17,15.7,31.3,944.7
2026-03-09T16:00,31.3,32,0.0,0.0,0,7,14.4,30.6,944.4
2026-03-09T17:00,29.6,41,0.0,0.0,0,6,14.1,26.6,944.7
2026-03-09T18:00,27.2,51,0.0,0.0,0,1,13.9,24.5,945.1
2026-03-09T19:00,25.7,57,0.0,0.0,0,1,12.4,23.0,945.8
2026-03-09T20:00,24.6,63,0.0,0.0,0,0,11.6,20.2,946.5
2026-03-09T21:00,23.7,67,0.0,0.0,0,0,10.7,19.1,946.8
2026-03-09T22:00,23.2,70,0.0,0.0,0,0,10.6,17.6,946.8
2026-03-09T23:00,22.6,78,0.0,0.0,0,0,10.3,17.3,946.7
2026-03-10T00:00,22.2,83,0.0,0.0,0,0,9.8,16.9,946.1
2026-03-10T01:00,21.5,88,0.0,0.0,0,0,8.0,16.2,945.3
2026-03-10T02:00,20.6,93,0.0,0.0,0,0,5.4,13.0,944.7
2026-03-10T03:00,20.3,93,0.0,0.0,0,0,3.8,7.6,944.8
2026-03-10T04:00,19.9,95,0.0,0.0,0,0,5.6,8.3,945.0
2026-03-10T05:00,20.3,92,0.0,0.0,0,0,7.2,12.2,945.7
2026-03-10T06:00,20.9,88,0.0,0.0,0,0,8.9,14.4,946.7
2026-03-10T07:00,22.6,79,0.0,0.0,0,0,11.1,18.0,947.8
2026-03-10T08:00,25.1,63,0.0,0.0,0,0,11.9,22.7,949.0
2026-03-10T09:00,27.5,49,0.0,0.0,0,0,13.2,27.4,949.8
2026-03-10T10:00,29.3,39,0.0,0.0,0,0,14.0,29.5,950.1
2026-03-10T11:00,30.0,38,0.0,0.0,0,0,13.1,30.6,949.8
2026-03-10T12:00,30.9,36,0.0,0.0,0,0,13.5,29.9,949.2
2026-03-10T13:00,31.4,36,0.0,0.0,0,0,14.8,31.3,948.3
2026-03-10T14:00,31.6,35,0.0,0.0,0,0,15.7,32.4,947.3
2026-03-10T15:00,31.2,36,0.0,0.0,0,0,15.4,32.4,946.5
2026-03-10T16:00,30.4,38,0.0,0.0,0,0,14.2,30.6,946.3
2026-03-10T17:00,28.7,44,0.0,0.0,0,0,12.5,27.0,946.1
2026-03-10T18:00,26.3,51,0.0,0.0,0,1,9.5,21.6,946.5
2026-03-10T19:00,25.0,56,0.0,0.0,0,1,8.7,15.5,947.0
2026-03-10T20:00,24.1,60,0.0,0.0,0,2,8.2,14.0,947.6
2026-03-10T21:00,23.3,63,0.0,0.0,0,0,7.4,13.0,947.8
2026-03-10T22:00,22.2,67,0.0,0.0,0,0,6.8,11.2,947.4
2026-03-10T23:00,21.3,72,0.0,0.0,0,0,6.0,9.7,946.9
2026-03-11T00:00,21.0,72,0.0,0.0,0,0,6.9,9.7,946.2
2026-03-11T01:00,20.7,66,0.0,0.0,0,0,7.6,11.5,945.6
2026-03-11T02:00,20.3,60,0.0,0.0,0,0,7.6,12.2,945.1
2026-03-11T03:00,19.6,62,0.0,0.0,0,0,6.7,11.5,945.0
2026-03-11T04:00,19.2,63,0.0,0.0,0,0,6.5,9.7,944.9
2026-03-11T05:00,20.4,58,0.0,0.0,0,0,9.1,10.1,945.8
2026-03-11T06:00,20.9,55,0.0,0.0,0,0,9.5,15.5,946.5
2026-03-11T07:00,22.3,53,0.0,0.0,0,0,12.6,19.4,947.8
2026-03-11T08:00,25.1,48,0.0,0.0,0,0,11.0,20.9,949.1
2026-03-11T09:00,28.0,37,0.0,0.0,0,0,12.8,25.9,949.9
2026-03-11T10:00,29.8,30,0.0,0.0,0,0,11.0,26.6,950.2
2026-03-11T11:00,30.2,30,0.0,0.0,0,0,7.8,24.8,949.7
2026-03-11T12:00,31.3,29,0.0,0.0,0,0,5.0,20.5,948.8
2026-03-11T13:00,32.1,28,0.0,0.0,0,0,7.2,20.2,947.7
2026-03-11T14:00,32.7,27,0.0,0.0,0,0,10.7,24.1,946.4
2026-03-11T15:00,32.8,26,0.0,0.0,0,2,14.0,28.1,945.6
2026-03-11T16:00,32.1,26,0.0,0.0,0,0,14.8,28.4,945.2
2026-03-11T17:00,30.4,31,0.0,0.0,0,0,11.3,27.4,945.2
2026-03-11T18:00,27.7,38,0.0,0.0,0,0,10.6,19.4,945.2
2026-03-11T19:00,26.0,44,0.0,0.0,0,0,9.8,17.3,945.5
2026-03-11T20:00,24.6,49,0.0,0.0,0,0,8.9,15.5,945.9
2026-03-11T21:00,23.4,54,0.0,0.0,0,0,8.0,14.0,945.9
2026-03-11T22:00,22.2,58,0.0,0.0,0,0,7.0,12.2,945.7
2026-03-11T23:00,21.6,61,0.0,0.0,0,0,6.2,9.4,945.4
2026-03-12T00:00,21.3,61,0.0,0.0,0,0,5.7,8.6,944.9
2026-03-12T01:00,20.8,62,0.0,0.0,0,0,2.4,7.6,944.1
2026-03-12T02:00,20.6,61,0.0,0.0,0,0,0.4,3.6,943.7
2026-03-12T03:00,19.9,63,0.0,0.0,0,0,2.1,3.2,943.3
2026-03-12T04:00,18.8,67,0.0,0.0,0,0,3.7,5.0,942.9
2026-03-12T05:00,19.2,67,0.0,0.0,0,0,2.8,8.6,943.3
2026-03-12T06:00,19.8,64,0.0,0.0,0,0,1.3,4.3,944.0
2026-03-12T07:00,22.1,56,0.0,0.0,0,0,1.3,2.2,944.9
2026-03-12T08:00,26.0,48,0.0,0.0,0,0,2.2,9.0,946.0
2026-03-12T09:00,30.4,32,0.0,0.0,0,0,4.3,13.0,947.0
2026-03-12T10:00,32.6,21,0.0,0.0,0,0,10.5,23.0,947.3
2026-03-12T11:00,33.0,21,0.0,0.0,0,0,13.0,27.4,946.9
2026-03-12T12:00,33.8,20,0.0,0.0,0,0,15.0,31.0,945.9
2026-03-12T13:00,34.1,19,0.0,0.0,0,0,15.0,31.3,944.7
2026-03-12T14:00,34.1,20,0.0,0.0,0,0,14.6,31.0,943.8
2026-03-12T15:00,33.7,20,0.0,0.0,0,0,14.3,29.9,943.0
2026-03-12T16:00,32.9,21,0.0,0.0,0,0,15.4,28.4,943.0
2026-03-12T17:00,31.1,28,0.0,0.0,0,0,13.0,28.1,943.0
2026-03-12T18:00,28.2,32,0.0,0.0,0,0,10.7,22.0,942.9
2026-03-12T19:00,26.7,34,0.0,0.0,0,0,10.2,16.9,943.2
2026-03-12T20:00,24.4,40,0.0,0.0,0,0,7.7,16.2,943.3
2026-03-12T21:00,23.2,45,0.0,0.0,0,0,6.5,10.4,943.7
2026-03-12T22:00,22.5,47,0.0,0.0,0,0,6.3,8.3,943.7
2026-03-12T23:00,22.0,47,0.0,0.0,0,0,7.8,9.7,943.0
2026-03-13T00:00,21.7,45,0.0,0.0,0,0,7.9,11.2,942.6
2026-03-13T01:00,21.2,45,0.0,0.0,0,0,6.7,11.9,941.9
2026-03-13T02:00,20.5,46,0.0,0.0,0,0,6.2,9.4,941.2
2026-03-13T03:00,20.1,46,0.0,0.0,0,0,6.3,9.0,940.9
2026-03-13T04:00,20.0,44,0.0,0.0,0,0,8.3,11.9,940.9
2026-03-13T05:00,19.9,47,0.0,0.0,0,0,7.4,11.9,941.1
2026-03-13T06:00,20.7,45,0.0,0.0,0,0,6.0,10.8,941.9
2026-03-13T07:00,23.9,45,0.0,0.0,0,0,4.9,7.6,943.2
2026-03-13T08:00,27.8,37,0.0,0.0,0,0,3.2,11.5,944.9
2026-03-13T09:00,30.7,31,0.0,0.0,0,0,4.7,13.7,946.1
2026-03-13T10:00,32.4,26,0.0,0.0,0,0,5.2,16.6,946.0
2026-03-13T11:00,33.0,23,0.0,0.0,0,0,5.9,18.7,945.5
2026-03-13T12:00,34.3,19,0.0,0.0,0,0,7.6,20.5,944.7
2026-03-13T13:00,34.8,17,0.0,0.0,0,0,10.6,24.1,943.6
2026-03-13T14:00,34.9,17,0.0,0.0,0,0,14.3,29.2,942.7
2026-03-13T15:00,34.3,17,0.0,0.0,0,0,16.4,31.7,942.2
2026-03-13T16:00,33.3,19,0.0,0.0,0,0,16.2,31.7,942.3
2026-03-13T17:00,31.4,26,0.0,0.0,0,0,15.4,29.2,942.1
2026-03-13T18:00,28.8,31,0.0,0.0,0,0,12.3,26.3,942.2
2026-03-13T19:00,27.3,37,0.0,0.0,0,0,12.1,19.8,943.0
2026-03-13T20:00,25.9,43,0.0,0.0,0,0,11.9,19.4,943.4
2026-03-13T21:00,25.0,44,0.0,0.0,0,0,10.1,19.4,943.5
2026-03-13T22:00,24.4,44,0.0,0.0,0,0,10.5,16.6,943.4
2026-03-13T23:00,23.5,56,0.0,0.0,0,0,15.0,25.6,943.9
2026-03-14T00:00,23.0,66,0.0,0.0,0,0,13.9,24.8,943.4
2026-03-14T01:00,22.5,68,0.0,0.0,0,0,11.8,22.7,943.1
2026-03-14T02:00,21.9,69,0.0,0.0,0,0,9.4,19.1,942.6
2026-03-14T03:00,21.6,65,0.0,0.0,0,0,9.3,15.1,942.3
2026-03-14T04:00,21.4,61,0.0,0.0,0,0,9.0,14.4,942.2
2026-03-14T05:00,20.9,72,0.0,0.0,0,0,7.7,14.0,942.5
2026-03-14T06:00,20.7,72,0.0,0.0,0,0,7.2,11.2,943.4
2026-03-14T07:00,23.3,63,0.0,0.0,0,0,9.7,14.0,944.8
2026-03-14T08:00,26.8,54,0.0,0.0,0,0,7.7,16.9,946.2
2026-03-14T09:00,29.8,42,0.0,0.0,0,0,10.0,21.6,947.3
2026-03-14T10:00,31.8,31,0.0,0.0,0,0,12.6,26.6,947.6
2026-03-14T11:00,32.4,29,0.0,0.0,0,0,13.9,28.1,947.1
2026-03-14T12:00,33.3,26,0.0,0.0,0,12,11.6,29.2,946.3
2026-03-14T13:00,33.8,24,0.0,0.0,1,23,9.5,26.6,945.5
2026-03-14T14:00,33.9,23,0.0,0.0,1,26,8.9,23.4,944.5
2026-03-14T15:00,33.8,21,0.0,0.0,0,19,9.8,21.2,943.9
2026-03-14T16:00,33.0,22,0.0,0.0,1,26,13.2,23.8,943.5
2026-03-14T17:00,31.0,29,0.0,0.0,1,36,12.0,26.6,943.3
2026-03-14T18:00,29.1,32,0.0,0.0,1,28,12.5,21.2,943.8
2026-03-14T19:00,27.4,35,0.0,0.0,0,11,11.0,20.2,944.3
2026-03-14T20:00,26.4,38,0.0,0.0,0,1,12.6,20.2,944.9
2026-03-14T21:00,26.0,38,0.0,0.0,0,0,13.5,22.0,945.2
2026-03-14T22:00,25.2,46,0.0,0.0,0,0,17.4,28.4,945.6
2026-03-14T23:00,24.0,51,0.0,0.0,0,0,13.3,28.4,944.9
2026-03-15T00:00,23.0,59,0.0,0.0,0,0,11.7,22.0,944.6
2026-03-15T01:00,21.9,67,0.0,0.0,0,0,8.1,19.1,943.9
2026-03-15T02:00,21.1,71,0.0,0.0,0,14,5.4,12.6,943.3
2026-03-15T03:00,20.6,73,0.0,0.0,1,24,6.0,8.3,943.1
2026-03-15T04:00,20.1,78,0.0,0.0,1,35,5.9,8.6,943.3
2026-03-15T05:00,20.3,82,0.0,0.0,0,2,6.6,9.0,943.6
2026-03-15T06:00,21.0,76,0.0,0.0,3,88,7.1,10.8,944.7
2026-03-15T07:00,23.4,66,0.0,0.0,3,88,12.0,18.4,946.3
2026-03-15T08:00,25.2,61,0.0,0.0,2,71,11.7,21.2,947.7
2026-03-15T09:00,27.6,51,0.0,0.0,1,27,11.9,24.1,948.5
2026-03-15T10:00,30.6,35,0.0,0.0,0,1,16.5,32.0,948.7
2026-03-15T11:00,31.0,32,0.0,0.0,0,16,18.8,35.3,948.1
2026-03-15T12:00,32.2,29,0.0,0.0,1,34,16.7,36.7,947.1
2026-03-15T13:00,32.8,27,0.0,0.0,0,18,14.5,34.2,946.0
2026-03-15T14:00,32.9,25,0.0,0.0,1,38,13.0,30.6,944.7
2026-03-15T15:00,32.8,25,0.0,0.0,1,20,11.7,27.4,944.0
2026-03-15T16:00,32.4,25,0.0,0.0,0,9,10.1,24.1,943.6
2026-03-15T17:00,31.0,32,0.0,0.0,1,21,6.4,19.4,943.4
2026-03-15T18:00,27.5,42,0.0,0.0,0,18,5.8,10.8,943.0
2026-03-15T19:00,26.2,45,0.0,0.0,0,9,8.6,13.7,943.7
2026-03-15T20:00,25.4,41,0.0,0.0,0,5,8.9,14.8,944.3
2026-03-15T21:00,24.2,40,0.0,0.0,0,2,8.0,14.0,944.6
2026-03-15T22:00,24.3,41,0.0,0.0,0,1,10.7,16.9,945.0
2026-03-15T23:00,23.0,49,0.0,0.0,0,17,3.5,17.3,944.8
2026-03-16T00:00,23.4,54,0.0,0.0,1,22,8.9,20.2,945.3
2026-03-16T01:00,22.7,58,0.0,0.0,1,36,6.8,14.0,944.5
2026-03-16T02:00,22.2,62,0.0,0.0,1,22,3.8,10.1,943.6
2026-03-16T03:00,21.8,63,0.0,0.0,3,88,6.9,10.4,943.0
2026-03-16T04:00,22.0,70,0.0,0.0,3,100,11.3,18.4,942.6
2026-03-16T05:00,22.1,66,0.0,0.0,3,100,5.4,20.2,942.7
2026-03-16T06:00,22.0,69,0.0,0.0,2,55,5.3,9.0,943.5
2026-03-16T07:00,23.6,64,0.0,0.0,0,2,10.0,15.5,944.5
2026-03-16T08:00,26.8,53,0.0,0.0,0,2,8.1,16.6,945.9
2026-03-16T09:00,29.3,42,0.0,0.0,0,5,11.2,23.8,946.8
2026-03-16T10:00,30.9,35,0.0,0.0,0,1,12.5,27.4,947.0
2026-03-16T11:00,30.8,35,0.0,0.0,0,11,13.1,28.1,946.7
2026-03-16T12:00,31.9,31,0.0,0.0,1,30,12.7,29.2,945.9
2026-03-16T13:00,32.4,29,0.0,0.0,1,27,12.2,29.2,944.5
2026-03-16T14:00,32.2,29,0.0,0.0,1,36,7.9,27.0,943.6
2026-03-16T15:00,31.9,28,0.0,0.0,3,86,8.1,21.2,942.9
2026-03-16T16:00,28.0,42,0.0,0.0,2,55,21.3,37.4,942.7
2026-03-16T17:00,30.2,35,0.0,0.0,3,81,5.0,38.9,942.1
2026-03-16T18:00,27.5,41,0.0,0.0,2,67,3.2,8.6,942.9
2026-03-16T19:00,26.8,47,0.1,0.1,51,64,0.6,6.8,944.0
2026-03-16T20:00,25.9,46,0.0,0.0,1,30,5.9,6.8,944.4
2026-03-16T21:00,24.5,54,0.0,0.0,0,9,15.0,24.5,945.0
2026-03-16T22:00,23.7,53,0.0,0.0,0,3,13.5,25.2,944.5
2026-03-16T23:00,24.5,54,0.0,0.0,0,4,15.3,24.1,944.4
2026-03-17T00:00,23.2,63,0.0,0.0,0,0,15.4,25.6,943.7
2026-03-17T01:00,22.7,64,0.0,0.0,0,0,15.0,25.6,942.7
2026-03-17T02:00,22.3,63,0.0,0.0,0,0,14.7,24.8,942.1
2026-03-17T03:00,21.6,66,0.0,0.0,0,3,12.1,24.1,941.8
2026-03-17T04:00,20.7,71,0.0,0.0,0,0,7.0,19.8,942.0
2026-03-17T05:00,19.5,85,0.0,0.0,0,1,5.5,10.4,942.0
2026-03-17T06:00,19.7,83,0.0,0.0,0,12,5.1,7.6,943.0
2026-03-17T07:00,21.9,73,0.0,0.0,0,13,9.7,16.2,944.4
2026-03-17T08:00,24.6,63,0.0,0.0,1,26,6.5,16.9,945.9
2026-03-17T09:00,26.8,54,0.0,0.0,0,14,7.4,18.4,946.7
2026-03-17T10:00,29.3,42,0.0,0.0,2,52,10.6,24.5,946.9
2026-03-17T11:00,30.7,36,0.0,0.0,3,95,9.1,25.9,946.3
2026-03-17T12:00,30.0,33,1.6,1.6,61,92,3.3,22.7,945.6
2026-03-17T13:00,29.3,34,0.0,0.0,3,97,6.7,17.6,944.8
2026-03-17T14:00,30.1,32,0.0,0.0,3,99,11.4,22.3,944.2
2026-03-17T15:00,28.1,40,0.2,0.2,51,80,8.9,24.8,943.2
2026-03-17T16:00,28.9,37,0.0,0.0,3,98,6.3,22.0,943.4
2026-03-17T17:00,28.6,37,0.0,0.0,2,77,6.6,15.1,942.3
2026-03-17T18:00,26.2,45,0.0,0.0,2,53,7.3,11.9,942.7
2026-03-17T19:00,25.2,49,0.0,0.0,3,99,8.9,14.8,943.6
2026-03-17T20:00,24.4,50,0.0,0.0,3,100,10.5,16.6,944.2
2026-03-17T21:00,23.4,54,0.0,0.0,3,100,8.9,17.3,944.6
2026-03-17T22:00,22.9,59,0.0,0.0,3,99,9.7,15.5,945.0
2026-03-17T23:00,23.0,68,0.0,0.0,3,100,2.8,20.2,945.8
2026-03-18T00:00,20.1,79,1.1,1.1,55,100,19.5,33.5,946.1
2026-03-18T01:00,20.3,85,0.3,0.3,51,100,10.1,33.1,944.8
2026-03-18T02:00,20.0,91,1.8,1.8,61,100,15.0,24.8,944.5
2026-03-18T03:00,20.1,87,1.4,1.4,61,100,10.2,25.6,943.9
2026-03-18T04:00,19.8,85,2.1,2.1,61,100,10.2,17.3,944.0
2026-03-18T05:00,19.8,81,0.5,0.5,53,100,5.6,28.4,944.5
2026-03-18T06:00,19.8,80,0.0,0.0,3,100,10.3,20.9,944.1
2026-03-18T07:00,20.4,76,0.0,0.0,3,100,10.2,20.5,945.0
2026-03-18T08:00,22.5,62,0.0,0.0,3,100,6.0,17.6,946.3
2026-03-18T09:00,24.5,53,0.0,0.0,3,99,2.6,13.7,947.4
2026-03-18T10:00,25.7,50,0.0,0.0,2,73,10.0,20.9,947.8
2026-03-18T11:00,25.6,52,0.0,0.0,2,64,13.0,25.2,948.0
2026-03-18T12:00,26.1,50,0.0,0.0,2,52,21.7,43.6,947.3
2026-03-18T13:00,28.5,41,0.0,0.0,3,86,14.1,41.0,946.8
2026-03-18T14:00,27.2,41,0.5,0.5,53,60,14.9,31.7,945.5
2026-03-18T15:00,28.4,36,0.0,0.0,2,52,7.9,29.9,944.6
2026-03-18T16:00,28.2,35,0.0,0.0,0,9,8.1,19.8,944.3
2026-03-18T17:00,26.5,43,0.0,0.0,0,3,13.5,18.4,943.6
2026-03-18T18:00,24.7,49,0.0,0.0,0,4,10.8,23.0,944.3
2026-03-18T19:00,23.5,54,0.0,0.0,0,1,12.3,20.5,944.8
2026-03-18T20:00,22.8,56,0.0,0.0,0,5,11.8,20.2,945.8
2026-03-18T21:00,22.5,56,0.0,0.0,0,3,12.4,20.5,946.6
2026-03-18T22:00,21.8,59,0.0,0.0,0,0,10.7,20.2,947.1
2026-03-18T23:00,20.7,78,0.0,0.0,2,54,10.9,17.6,946.1
2026-03-19T00:00,20.0,85,0.0,0.0,1,47,8.5,18.0,945.6
2026-03-19T01:00,19.4,88,0.0,0.0,3,99,6.9,14.0,945.0
2026-03-19T02:00,19.1,90,0.0,0.0,3,99,3.8,10.8,944.4
2026-03-19T03:00,18.8,90,0.0,0.0,3,99,4.4,5.0,944.0
2026-03-19T04:00,18.6,90,0.0,0.0,3,100,5.4,7.9,943.9
2026-03-19T05:00,18.2,90,0.0,0.0,3,95,5.2,8.3,944.7
2026-03-19T06:00,18.5,90,0.0,0.0,2,77,4.0,6.5,945.4
2026-03-19T07:00,20.4,81,0.0,0.0,3,95,4.4,9.7,946.5
2026-03-19T08:00,22.9,70,0.0,0.0,3,100,5.3,14.4,948.0
2026-03-19T09:00,25.2,62,0.0,0.0,3,97,6.8,18.4,948.6
2026-03-19T10:00,27.3,52,0.0,0.0,3,93,9.0,22.7,948.7
2026-03-19T11:00,28.2,49,0.0,0.0,2,78,6.5,23.4,948.3
2026-03-19T12:00,29.6,44,0.0,0.0,1,21,4.6,20.9,947.4
2026-03-19T13:00,30.2,39,0.0,0.0,1,47,4.2,18.7,946.2
2026-03-19T14:00,30.2,37,0.0,0.0,1,46,3.2,17.3,944.7
2026-03-19T15:00,29.9,35,0.0,0.0,1,26,3.7,15.1,943.3
2026-03-19T16:00,29.7,35,0.0,0.0,1,43,4.0,14.4,942.9
2026-03-19T17:00,29.3,31,0.2,0.2,51,56,8.4,12.6,942.4
2026-03-19T18:00,26.3,45,0.0,0.0,1,41,15.9,25.9,943.1
2026-03-19T19:00,25.1,49,0.0,0.0,2,58,12.9,26.3,944.1
2026-03-19T20:00,24.0,55,0.0,0.0,2,65,16.2,25.2,945.1
2026-03-19T21:00,23.7,55,0.0,0.0,1,41,11.2,28.4,945.5
2026-03-19T22:00,22.6,59,0.0,0.0,0,4,13.1,21.6,945.8
2026-03-19T23:00,22.3,66,0.0,0.0,3,100,8.3,22.0,945.7
2026-03-20T00:00,22.2,66,0.0,0.0,3,100,7.1,13.3,945.1
2026-03-20T01:00,22.1,66,0.0,0.0,3,100,7.4,12.6,944.1
2026-03-20T02:00,21.4,69,0.0,0.0,2,72,6.9,11.9,943.4
2026-03-20T03:00,20.7,74,0.0,0.0,3,87,8.1,13.3,943.0
2026-03-20T04:00,19.9,81,0.0,0.0,1,44,7.1,13.7,943.3
2026-03-20T05:00,18.7,92,0.0,0.0,0,3,1.0,11.2,943.8
2026-03-20T06:00,18.6,94,0.0,0.0,0,0,3.2,4.3,944.5
2026-03-20T07:00,20.4,85,0.0,0.0,0,0,4.9,11.5,945.8
2026-03-20T08:00,22.6,75,0.0,0.0,0,0,5.0,15.5,946.7
2026-03-20T09:00,25.0,63,0.0,0.0,0,0,3.1,15.1,947.2
2026-03-20T10:00,27.2,51,0.0,0.0,0,0,3.1,16.2,946.8
2026-03-20T11:00,27.6,48,0.0,0.0,0,13,3.7,16.9,946.6
2026-03-20T12:00,29.1,42,0.0,0.0,0,17,3.8,17.3,945.7
2026-03-20T13:00,30.0,36,0.0,0.0,1,20,5.4,18.7,944.7
2026-03-20T14:00,30.3,33,0.0,0.0,0,9,7.2,20.2,943.5
2026-03-20T15:00,30.4,32,0.0,0.0,0,10,7.9,20.9,942.4
2026-03-20T16:00,29.8,33,0.1,0.1,51,23,10.5,22.3,942.3
2026-03-20T17:00,29.4,33,0.0,0.0,1,41,10.2,21.6,942.4
2026-03-20T18:00,27.5,38,0.0,0.0,1,35,9.1,17.6,942.2
2026-03-20T19:00,26.0,45,0.0,0.0,1,28,2.9,14.4,942.5
2026-03-20T20:00,24.2,52,0.0,0.0,0,15,5.1,7.2,943.0
2026-03-20T21:00,23.5,59,0.0,0.0,0,1,9.1,14.0,943.7
2026-03-20T22:00,23.4,57,0.0,0.0,0,0,9.6,15.1,944.0
2026-03-20T23:00,22.9,61,0.0,0.0,0,2,8.8,18.0,943.6
2026-03-21T00:00,22.8,61,0.0,0.0,0,0,9.6,15.5,943.3
2026-03-21T01:00,22.2,66,0.0,0.0,0,0,7.9,15.5,942.9
2026-03-21T02:00,21.6,69,0.0,0.0,0,0,7.4,12.6,942.5
2026-03-21T03:00,21.1,71,0.0,0.0,0,0,7.3,11.9,942.1
2026-03-21T04:00,20.6,73,0.0,0.0,0,1,6.9,11.5,941.6
2026-03-21T05:00,19.7,79,0.0,0.0,0,14,4.0,9.7,942.4
2026-03-21T06:00,20.4,80,0.0,0.0,3,82,3.1,7.6,943.4
2026-03-21T07:00,22.8,70,0.0,0.0,3,96,4.0,9.0,944.8
2026-03-21T08:00,25.2,63,0.0,0.0,1,42,4.9,13.0,946.2
2026-03-21T09:00,27.7,53,0.0,0.0,0,16,6.7,18.4,947.2
2026-03-21T10:00,28.7,47,0.0,0.0,1,20,4.9,18.7,947.0
2026-03-21T11:00,28.5,46,0.0,0.0,1,23,2.7,16.9,946.8
2026-03-21T12:00,29.4,43,0.1,0.1,51,30,2.2,15.8,946.0
2026-03-21T13:00,30.0,41,0.0,0.0,1,28,1.7,15.5,945.2
2026-03-21T14:00,30.1,41,0.0,0.0,1,27,0.9,14.4,944.2
2026-03-21T15:00,30.1,40,0.0,0.0,1,36,3.9,14.4,943.6
2026-03-21T16:00,29.5,40,0.0,0.0,1,44,4.0,15.1,943.4
2026-03-21T17:00,30.5,34,0.0,0.0,1,24,7.6,12.6,943.2
2026-03-21T18:00,27.9,47,0.0,0.0,1,30,0.0,13.3,943.4
2026-03-21T19:00,26.1,53,0.0,0.0,1,43,10.3,15.8,944.2
2026-03-21T20:00,24.9,60,0.0,0.0,0,7,10.6,17.3,945.1
2026-03-21T21:00,23.9,69,0.0,0.0,0,1,11.6,19.1,945.6
2026-03-21T22:00,23.3,72,0.0,0.0,0,0,11.4,19.4,945.5
2026-03-21T23:00,23.2,77,0.0,0.0,0,15,8.9,18.7,945.4
2026-03-22T00:00,23.1,79,0.0,0.0,0,5,8.6,14.8,945.0
2026-03-22T01:00,22.5,85,0.0,0.0,0,3,8.6,14.8,944.1
2026-03-22T02:00,21.4,92,0.0,0.0,0,2,5.0,14.0,943.4
2026-03-22T03:00,20.9,93,0.0,0.0,0,0,5.4,7.9,942.8
2026-03-22T04:00,20.5,93,0.0,0.0,0,0,4.2,7.9,942.9
2026-03-22T05:00,20.1,94,0.0,0.0,0,5,2.9,5.4,943.4
2026-03-22T06:00,20.4,93,0.0,0.0,0,15,2.6,4.7,944.5
2026-03-22T07:00,22.6,85,0.0,0.0,0,0,6.2,12.2,945.9
2026-03-22T08:00,25.3,73,0.0,0.0,0,0,7.9,18.0,947.3
2026-03-22T09:00,27.8,58,0.0,0.0,0,7,8.9,21.6,948.0
2026-03-22T10:00,29.6,43,0.0,0.0,0,16,8.7,22.7,948.2
2026-03-22T11:00,30.3,39,0.0,0.0,0,16,8.8,22.3,947.4
2026-03-22T12:00,30.7,38,0.1,0.1,51,35,7.3,22.3,946.5
2026-03-22T13:00,30.3,39,0.3,0.3,51,38,4.5,21.2,945.8
2026-03-22T14:00,30.5,38,0.1,0.1,51,50,2.9,17.6,945.0
2026-03-22T15:00,30.5,39,0.0,0.0,1,27,0.8,14.8,944.6
2026-03-22T16:00,30.2,39,0.0,0.0,1,24,1.2,11.9,944.4
2026-03-22T17:00,29.8,41,0.0,0.0,1,37,8.4,9.0,944.0
2026-03-22T18:00,28.0,49,0.0,0.0,1,41,10.0,16.9,944.5
2026-03-22T19:00,26.9,53,0.0,0.0,0,18,8.1,16.6,945.1
2026-03-22T20:00,26.3,56,0.0,0.0,0,4,9.1,15.1,945.7
2026-03-22T21:00,25.3,63,0.0,0.0,0,0,11.4,18.7,946.0
2026-03-22T22:00,24.3,68,0.0,0.0,0,3,9.4,18.7,946.0
2026-03-22T23:00,24.0,72,0.0,0.0,0,16,10.0,17.3,946.0
2026-03-23T00:00,23.8,73,0.0,0.0,0,2,11.0,20.9,946.2
2026-03-23T01:00,23.0,76,0.0,0.0,0,0,9.1,18.0,945.4
2026-03-23T02:00,22.5,80,0.0,0.0,0,2,9.3,15.1,944.6
2026-03-23T03:00,22.1,82,0.0,0.0,0,2,9.3,15.8,944.1
2026-03-23T04:00,21.7,85,0.0,0.0,0,9,7.1,15.1,943.9
2026-03-23T05:00,21.7,88,0.0,0.0,1,26,6.0,11.2,944.5
2026-03-23T06:00,22.0,87,0.0,0.0,0,3,5.7,9.4,945.2
2026-03-23T07:00,23.6,80,0.0,0.0,0,2,8.8,16.2,946.3
2026-03-23T08:00,26.3,67,0.0,0.0,0,0,8.8,19.4,947.3
2026-03-23T09:00,29.0,48,0.0,0.0,0,0,13.2,27.0,947.7
2026-03-23T10:00,30.5,39,0.0,0.0,0,18,11.1,28.8,947.6
2026-03-23T11:00,30.9,37,0.0,0.0,0,15,10.7,25.9,946.9
2026-03-23T12:00,31.9,35,0.0,0.0,1,20,8.4,25.2,946.0
2026-03-23T13:00,32.3,34,0.0,0.0,1,26,5.6,22.7,945.4
2026-03-23T14:00,32.2,33,0.0,0.0,1,26,5.4,18.7,944.6
2026-03-23T15:00,31.8,34,0.0,0.0,1,21,5.5,18.0,943.9
2026-03-23T16:00,31.4,35,0.0,0.0,1,23,3.1,16.6,943.8
2026-03-23T17:00,30.7,34,0.0,0.0,1,30,11.6,11.5,943.8
2026-03-23T18:00,28.5,42,0.0,0.0,0,9,12.9,21.6,944.0
2026-03-23T19:00,27.4,45,0.0,0.0,0,2,12.4,21.6,944.6
2026-03-23T20:00,26.3,48,0.0,0.0,0,3,10.7,20.2,945.1
2026-03-23T21:00,25.5,52,0.0,0.0,0,0,10.8,19.4,945.4
2026-03-23T22:00,24.8,55,0.0,0.0,0,3,9.1,17.3,945.2
2026-03-23T23:00,24.6,57,0.0,0.0,0,6,11.6,14.8,945.2
2026-03-24T00:00,23.9,65,0.0,0.0,0,4,12.2,21.6,944.8
2026-03-24T01:00,23.2,73,0.0,0.0,0,0,8.7,19.8,944.2
2026-03-24T02:00,22.2,78,0.0,0.0,0,2,6.2,14.0,943.3
2026-03-24T03:00,21.5,82,0.0,0.0,0,2,5.4,9.0,943.1
2026-03-24T04:00,21.3,83,0.0,0.0,0,3,7.9,12.6,943.0
2026-03-24T05:00,21.8,81,0.0,0.0,0,0,6.8,13.0,943.2
2026-03-24T06:00,22.0,80,0.0,0.0,0,3,6.3,10.4,943.5
2026-03-24T07:00,24.3,71,0.0,0.0,0,5,7.9,14.4,944.8
2026-03-24T08:00,27.3,58,0.0,0.0,0,0,8.0,17.3,946.1
2026-03-24T09:00,29.6,46,0.0,0.0,0,0,10.4,23.4,946.8
2026-03-24T10:00,31.0,41,0.0,0.0,1,35,8.7,23.8,946.8
2026-03-24T11:00,30.6,43,0.0,0.0,0,18,8.3,22.3,946.3
2026-03-24T12:00,31.5,41,0.0,0.0,0,14,4.5,21.6,945.7
2026-03-24T13:00,32.0,39,0.0,0.0,0,5,1.0,17.6,944.6
2026-03-24T14:00,32.1,37,0.0,0.0,0,13,1.5,13.3,943.8
2026-03-24T15:00,31.8,36,0.0,0.0,0,17,1.7,13.3,943.2
2026-03-24T16:00,31.8,35,0.0,0.0,2,66,4.7,12.6,942.6
2026-03-24T17:00,29.9,41,0.1,0.1,51,41,10.2,20.5,942.8
2026-03-24T18:00,28.6,45,0.0,0.0,2,67,6.4,17.3,943.2
2026-03-24T19:00,26.3,55,0.0,0.0,3,88,16.8,26.6,944.6
2026-03-24T20:00,25.3,64,0.0,0.0,2,58,4.0,27.4,944.6
2026-03-24T21:00,23.6,76,0.0,0.0,2,71,5.4,10.8,944.9
2026-03-24T22:00,22.9,80,0.0,0.0,2,59,2.3,9.0,944.5
2026-03-24T23:00,23.8,69,0.0,0.0,3,100,5.2,9.0,945.2
2026-03-25T00:00,23.8,69,0.0,0.0,3,84,9.4,24.8,944.9
2026-03-25T01:00,23.2,74,0.1,0.1,51,42,8.8,16.6,943.4
2026-03-25T02:00,22.5,79,0.0,0.0,3,90,5.1,13.7,942.9
2026-03-25T03:00,22.3,81,0.0,0.0,0,0,4.1,6.8,942.5
2026-03-25T04:00,21.6,84,0.0,0.0,0,4,6.2,9.0,942.2
2026-03-25T05:00,21.9,84,0.0,0.0,3,100,5.7,9.0,942.2
2026-03-25T06:00,22.5,80,0.0,0.0,3,100,5.4,7.9,943.4
2026-03-25T07:00,25.0,68,0.0,0.0,3,100,8.1,13.3,945.1
2026-03-25T08:00,27.9,58,0.0,0.0,3,100,8.4,18.0,946.3
2026-03-25T09:00,29.8,49,0.0,0.0,3,100,10.2,22.7,947.2
2026-03-25T10:00,31.1,42,0.0,0.0,3,100,8.9,23.4,947.3
2026-03-25T11:00,31.1,42,0.0,0.0,3,100,6.1,22.0,947.0
2026-03-25T12:00,31.8,39,0.0,0.0,2,67,4.4,18.4,946.1
2026-03-25T13:00,32.0,37,0.0,0.0,2,63,1.8,16.6,945.3
2026-03-25T14:00,32.5,36,0.0,0.0,0,14,0.9,13.7,944.3
2026-03-25T15:00,32.5,34,0.0,0.0,0,15,1.3,12.6,943.7
2026-03-25T16:00,32.2,34,0.0,0.0,1,21,4.1,13.7,943.3
2026-03-25T17:00,30.1,40,0.0,0.0,2,79,12.0,13.0,943.6
2026-03-25T18:00,28.1,49,0.0,0.0,3,92,10.8,20.5,943.9
2026-03-25T19:00,26.6,56,0.0,0.0,3,100,9.9,18.0,943.9
2026-03-25T20:00,26.0,56,0.0,0.0,3,100,7.3,16.2,944.4
2026-03-25T21:00,25.6,56,0.0,0.0,3,100,8.0,11.9,944.7
2026-03-25T22:00,26.2,50,0.0,0.0,3,100,9.7,15.5,944.9
2026-03-25T23:00,25.5,48,0.0,0.0,3,100,9.3,15.5,944.9
