occurrence_id,date,day_of_week,flight_id,airline,arr_flight_no,origin,arrival_time,dep_flight_no,destination,departure_time,aircraft,seat_capacity,traffic_type
OCC000001,2026-03-29,Sun,BDT-F002,IndiGo,6E6425,DEL,07:40,6E6426,DEL,08:20,A320neo,186,Domestic
OCC000002,2026-03-29,Sun,BDT-F003,IndiGo,6E557,MAA,07:50,6E845,MAA,08:30,A320ceo,186,Domestic
OCC000003,2026-03-29,Sun,BDT-F004,Air India Express,IX2837,HYD,08:20,IX2745,HYD,08:50,B737-800,189,Domestic
OCC000004,2026-03-29,Sun,BDT-F005,IndiGo,6E6408,HYD,08:25,6E915,HYD,08:55,A320neo,186,Domestic
OCC000005,2026-03-29,Sun,BDT-F006,IndiGo,6E1443,AUH,08:20,6E1444,AUH,09:50,A320neo,186,International
OCC000006,2026-03-29,Sun,BDT-F007,Alliance Air,I7105,PYB,09:25,I7205,PYB,09:40,Cessna 208B,9,Domestic
OCC000007,2026-03-29,Sun,BDT-F008,IndiGo,6E714,HYD,10:05,6E6294,HYD,10:40,A320ceo,186,Domestic
OCC000008,2026-03-29,Sun,BDT-F009,IndiGo,6E7128,VGA,10:30,6E7129,VGA,11:00,ATR 72-600,78,Domestic
OCC000009,2026-03-29,Sun,BDT-F010,IndiGo,6E6181,MAA,11:35,6E881,MAA,12:15,A320neo,186,Domestic
OCC000010,2026-03-29,Sun,BDT-F011,IndiGo,6E879,HYD,12:20,6E6645,HYD,13:00,A320neo,186,Domestic
OCC000011,2026-03-29,Sun,BDT-F013,IndiGo,6E7064,TIR,13:25,6E7063,TIR,13:50,ATR 72-600,78,Domestic
OCC000012,2026-03-29,Sun,BDT-F014,IndiGo,6E6336,BLR,14:10,6E5309,BLR,14:55,A321neo,232,Domestic
OCC000013,2026-03-29,Sun,BDT-F015,IndiGo,6E409,HYD,14:25,6E5247,BOM,15:05,A321neo,232,Domestic
OCC000014,2026-03-29,Sun,BDT-F016,IndiGo,6E504,HYD,15:45,6E783,HYD,16:25,A321neo,232,Domestic
OCC000015,2026-03-29,Sun,BDT-F017,Air India Express,IX2819,HYD,15:55,IX2744,HYD,16:35,B737-800,189,Domestic
OCC000016,2026-03-29,Sun,BDT-F018,Air India,AI419,DEL,16:05,AI420,DEL,16:45,A321neo,182,Domestic
OCC000017,2026-03-29,Sun,BDT-F019,IndiGo,6E2698,MAA,17:55,6E6089,MAA,18:35,A321neo,232,Domestic
OCC000018,2026-03-29,Sun,BDT-F020,IndiGo,6E7361,UNK,18:20,6E7362,BBI,18:50,ATR 72-600,78,Domestic
OCC000019,2026-03-29,Sun,BDT-F021,Air India Express,IX2023,BLR,18:30,IX1358,VGA,19:00,B737-800,189,Domestic
OCC000020,2026-03-29,Sun,BDT-F022,IndiGo,6E208,HYD,18:40,6E216,HYD,19:20,A321neo,232,Domestic
OCC000021,2026-03-29,Sun,BDT-F023,IndiGo,6E616,CCU,19:10,6E617,CCU,19:50,A321neo,232,Domestic
OCC000022,2026-03-29,Sun,BDT-F024,IndiGo,6E5248,NMI,20:00,6E883,HYD,20:40,A321neo,232,Domestic
OCC000023,2026-03-29,Sun,BDT-F025,IndiGo,6E969,BLR,20:30,6E2772,BLR,21:10,A321neo,232,Domestic
OCC000024,2026-03-29,Sun,BDT-F026,IndiGo,6E384,HYD,20:40,6E385,HYD,21:20,A320neo,186,Domestic
OCC000025,2026-03-29,Sun,BDT-F027,Air India,AI1702,DEL,20:50,AI1802,DEL,21:30,A320ceo,180,Domestic
OCC000026,2026-03-29,Sun,BDT-F028,Air India Express,IX1373,VGA,21:40,IX1373,BLR,22:10,B737-800,189,Domestic
OCC000027,2026-03-29,Sun,BDT-F029,IndiGo,6E2213,DEL,22:05,6E6631,DEL,22:45,A321neo,232,Domestic
OCC000028,2026-03-30,Mon,BDT-F001,Air India Express,IX2064,BLR,07:30,IX2065,BLR,08:00,B737-800,189,Domestic
OCC000029,2026-03-30,Mon,BDT-F002,IndiGo,6E6425,DEL,07:40,6E6426,DEL,08:20,A320neo,186,Domestic
OCC000030,2026-03-30,Mon,BDT-F003,IndiGo,6E557,MAA,07:50,6E845,MAA,08:30,A320ceo,186,Domestic
OCC000031,2026-03-30,Mon,BDT-F004,Air India Express,IX2837,HYD,08:20,IX2745,HYD,08:50,B737-800,189,Domestic
OCC000032,2026-03-30,Mon,BDT-F005,IndiGo,6E6408,HYD,08:25,6E915,HYD,08:55,A320neo,186,Domestic
OCC000033,2026-03-30,Mon,BDT-F006,IndiGo,6E1443,AUH,08:20,6E1444,AUH,09:50,A320neo,186,International
OCC000034,2026-03-30,Mon,BDT-F007,Alliance Air,I7105,PYB,09:25,I7205,PYB,09:40,Cessna 208B,9,Domestic
OCC000035,2026-03-30,Mon,BDT-F008,IndiGo,6E714,HYD,10:05,6E6294,HYD,10:40,A320ceo,186,Domestic
OCC000036,2026-03-30,Mon,BDT-F009,IndiGo,6E7128,VGA,10:30,6E7129,VGA,11:00,ATR 72-600,78,Domestic
OCC000037,2026-03-30,Mon,BDT-F010,IndiGo,6E6181,MAA,11:35,6E881,MAA,12:15,A320neo,186,Domestic
OCC000038,2026-03-30,Mon,BDT-F011,IndiGo,6E879,HYD,12:20,6E6645,HYD,13:00,A320neo,186,Domestic
OCC000039,2026-03-30,Mon,BDT-F013,IndiGo,6E7064,TIR,13:25,6E7063,TIR,13:50,ATR 72-600,78,Domestic
OCC000040,2026-03-30,Mon,BDT-F014,IndiGo,6E6336,BLR,14:10,6E5309,BLR,14:55,A321neo,232,Domestic
OCC000041,2026-03-30,Mon,BDT-F015,IndiGo,6E409,HYD,14:25,6E5247,BOM,15:05,A321neo,232,Domestic
OCC000042,2026-03-30,Mon,BDT-F016,IndiGo,6E504,HYD,15:45,6E783,HYD,16:25,A321neo,232,Domestic
OCC000043,2026-03-30,Mon,BDT-F017,Air India Express,IX2819,HYD,15:55,IX2744,HYD,16:35,B737-800,189,Domestic
OCC000044,2026-03-30,Mon,BDT-F018,Air India,AI419,DEL,16:05,AI420,DEL,16:45,A321neo,182,Domestic
OCC000045,2026-03-30,Mon,BDT-F019,IndiGo,6E2698,MAA,17:55,6E6089,MAA,18:35,A321neo,232,Domestic
OCC000046,2026-03-30,Mon,BDT-F020,IndiGo,6E7361,UNK,18:20,6E7362,BBI,18:50,ATR 72-600,78,Domestic
OCC000047,2026-03-30,Mon,BDT-F021,Air India Express,IX2023,BLR,18:30,IX1358,VGA,19:00,B737-800,189,Domestic
OCC000048,2026-03-30,Mon,BDT-F022,IndiGo,6E208,HYD,18:40,6E216,HYD,19:20,A321neo,232,Domestic
OCC000049,2026-03-30,Mon,BDT-F023,IndiGo,6E616,CCU,19:10,6E617,CCU,19:50,A321neo,232,Domestic
OCC000050,2026-03-30,Mon,BDT-F024,IndiGo,6E5248,NMI,20:00,6E883,HYD,20:40,A321neo,232,Domestic
OCC000051,2026-03-30,Mon,BDT-F025,IndiGo,6E969,BLR,20:30,6E2772,BLR,21:10,A321neo,232,Domestic
OCC000052,2026-03-30,Mon,BDT-F026,IndiGo,6E384,HYD,20:40,6E385,HYD,21:20,A320neo,186,Domestic
OCC000053,2026-03-30,Mon,BDT-F027,Air India,AI1702,DEL,20:50,AI1802,DEL,21:30,A320ceo,180,Domestic
OCC000054,2026-03-30,Mon,BDT-F028,Air India Express,IX1373,VGA,21:40,IX1373,BLR,22:10,B737-800,189,Domestic
OCC000055,2026-03-30,Mon,BDT-F029,IndiGo,6E2213,DEL,22:05,6E6631,DEL,22:45,A321neo,232,Domestic
OCC000056,2026-03-30,Mon,BDT-F030,Scoot,TR784,SIN,22:15,TR785,SIN,23:00,A320neo,186,International
OCC000057,2026-03-31,Tue,BDT-F001,Air India Express,IX2064,BLR,07:30,IX2065,BLR,08:00,B737-800,189,Domestic
OCC000058,2026-03-31,Tue,BDT-F002,IndiGo,6E6425,DEL,07:40,6E6426,DEL,08:20,A320neo,186,Domestic
OCC000059,2026-03-31,Tue,BDT-F003,IndiGo,6E557,MAA,07:50,6E845,MAA,08:30,A320ceo,186,Domestic
OCC000060,2026-03-31,Tue,BDT-F004,Air India Express,IX2837,HYD,08:20,IX2745,HYD,08:50,B737-800,189,Domestic
OCC000061,2026-03-31,Tue,BDT-F005,IndiGo,6E6408,HYD,08:25,6E915,HYD,08:55,A320neo,186,Domestic
OCC000062,2026-03-31,Tue,BDT-F007,Alliance Air,I7105,PYB,09:25,I7205,PYB,09:40,Cessna 208B,9,Domestic
OCC000063,2026-03-31,Tue,BDT-F008,IndiGo,6E714,HYD,10:05,6E6294,HYD,10:40,A320ceo,186,Domestic
OCC000064,2026-03-31,Tue,BDT-F009,IndiGo,6E7128,VGA,10:30,6E7129,VGA,11:00,ATR 72-600,78,Domestic
OCC000065,2026-03-31,Tue,BDT-F010,IndiGo,6E6181,MAA,11:35,6E881,MAA,12:15,A320neo,186,Domestic
OCC000066,2026-03-31,Tue,BDT-F011,IndiGo,6E879,HYD,12:20,6E6645,HYD,13:00,A320neo,186,Domestic
OCC000067,2026-03-31,Tue,BDT-F012,IndiGo,6E7176,KJB,13:20,6E7177,KJB,13:40,ATR 72-600,78,Domestic
OCC000068,2026-03-31,Tue,BDT-F013,IndiGo,6E7064,TIR,13:25,6E7063,TIR,13:50,ATR 72-600,78,Domestic
OCC000069,2026-03-31,Tue,BDT-F014,IndiGo,6E6336,BLR,14:10,6E5309,BLR,14:55,A321neo,232,Domestic
OCC000070,2026-03-31,Tue,BDT-F015,IndiGo,6E409,HYD,14:25,6E5247,BOM,15:05,A321neo,232,Domestic
OCC000071,2026-03-31,Tue,BDT-F016,IndiGo,6E504,HYD,15:45,6E783,HYD,16:25,A321neo,232,Domestic
OCC000072,2026-03-31,Tue,BDT-F017,Air India Express,IX2819,HYD,15:55,IX2744,HYD,16:35,B737-800,189,Domestic
OCC000073,2026-03-31,Tue,BDT-F018,Air India,AI419,DEL,16:05,AI420,DEL,16:45,A321neo,182,Domestic
OCC000074,2026-03-31,Tue,BDT-F019,IndiGo,6E2698,MAA,17:55,6E6089,MAA,18:35,A321neo,232,Domestic
OCC000075,2026-03-31,Tue,BDT-F021,Air India Express,IX2023,BLR,18:30,IX1358,VGA,19:00,B737-800,189,Domestic
OCC000076,2026-03-31,Tue,BDT-F022,IndiGo,6E208,HYD,18:40,6E216,HYD,19:20,A321neo,232,Domestic
OCC000077,2026-03-31,Tue,BDT-F023,IndiGo,6E616,CCU,19:10,6E617,CCU,19:50,A321neo,232,Domestic
OCC000078,2026-03-31,Tue,BDT-F024,IndiGo,6E5248,NMI,20:00,6E883,HYD,20:40,A321neo,232,Domestic
OCC000079,2026-03-31,Tue,BDT-F025,IndiGo,6E969,BLR,20:30,6E2772,BLR,21:10,A321neo,232,Domestic
OCC000080,2026-03-31,Tue,BDT-F026,IndiGo,6E384,HYD,20:40,6E385,HYD,21:20,A320neo,186,Domestic
OCC000081,2026-03-31,Tue,BDT-F027,Air India,AI1702,DEL,20:50,AI1802,DEL,21:30,A320ceo,180,Domestic
OCC000082,2026-03-31,Tue,BDT-F028,Air India Express,IX1373,VGA,21:40,IX1373,BLR,22:10,B737-800,189,Domestic
OCC000083,2026-03-31,Tue,BDT-F029,IndiGo,6E2213,DEL,22:05,6E6631,DEL,22:45,A321neo,232,Domestic
OCC000084,2026-04-01,Wed,BDT-F002,IndiGo,6E6425,DEL,07:40,6E6426,DEL,08:20,A320neo,186,Domestic
OCC000085,2026-04-01,Wed,BDT-F003,IndiGo,6E557,MAA,07:50,6E845,MAA,08:30,A320ceo,186,Domestic
OCC000086,2026-04-01,Wed,BDT-F004,Air India Express,IX2837,HYD,08:20,IX2745,HYD,08:50,B737-800,189,Domestic
OCC000087,2026-04-01,Wed,BDT-F005,IndiGo,6E6408,HYD,08:25,6E915,HYD,08:55,A320neo,186,Domestic
OCC000088,2026-04-01,Wed,BDT-F006,IndiGo,6E1443,AUH,08:20,6E1444,AUH,09:50,A320neo,186,International
OCC000089,2026-04-01,Wed,BDT-F007,Alliance Air,I7105,PYB,09:25,I7205,PYB,09:40,Cessna 208B,9,Domestic
OCC000090,2026-04-01,Wed,BDT-F008,IndiGo,6E714,HYD,10:05,6E6294,HYD,10:40,A320ceo,186,Domestic
OCC000091,2026-04-01,Wed,BDT-F009,IndiGo,6E7128,VGA,10:30,6E7129,VGA,11:00,ATR 72-600,78,Domestic
OCC000092,2026-04-01,Wed,BDT-F010,IndiGo,6E6181,MAA,11:35,6E881,MAA,12:15,A320neo,186,Domestic
OCC000093,2026-04-01,Wed,BDT-F011,IndiGo,6E879,HYD,12:20,6E6645,HYD,13:00,A320neo,186,Domestic
OCC000094,2026-04-01,Wed,BDT-F013,IndiGo,6E7064,TIR,13:25,6E7063,TIR,13:50,ATR 72-600,78,Domestic
OCC000095,2026-04-01,Wed,BDT-F014,IndiGo,6E6336,BLR,14:10,6E5309,BLR,14:55,A321neo,232,Domestic
OCC000096,2026-04-01,Wed,BDT-F015,IndiGo,6E409,HYD,14:25,6E5247,BOM,15:05,A321neo,232,Domestic
OCC000097,2026-04-01,Wed,BDT-F016,IndiGo,6E504,HYD,15:45,6E783,HYD,16:25,A321neo,232,Domestic
OCC000098,2026-04-01,Wed,BDT-F017,Air India Express,IX2819,HYD,15:55,IX2744,HYD,16:35,B737-800,189,Domestic
OCC000099,2026-04-01,Wed,BDT-F018,Air India,AI419,DEL,16:05,AI420,DEL,16:45,A321neo,182,Domestic
OCC000100,2026-04-01,Wed,BDT-F019,IndiGo,6E2698,MAA,17:55,6E6089,MAA,18:35,A321neo,232,Domestic
OCC000101,2026-04-01,Wed,BDT-F020,IndiGo,6E7361,UNK,18:20,6E7362,BBI,18:50,ATR 72-600,78,Domestic
OCC000102,2026-04-01,Wed,BDT-F021,Air India Express,IX2023,BLR,18:30,IX1358,VGA,19:00,B737-800,189,Domestic
OCC000103,2026-04-01,Wed,BDT-F022,IndiGo,6E208,HYD,18:40,6E216,HYD,19:20,A321neo,232,Domestic
OCC000104,2026-04-01,Wed,BDT-F023,IndiGo,6E616,CCU,19:10,6E617,CCU,19:50,A321neo,232,Domestic
OCC000105,2026-04-01,Wed,BDT-F024,IndiGo,6E5248,NMI,20:00,6E883,HYD,20:40,A321neo,232,Domestic
OCC000106,2026-04-01,Wed,BDT-F025,IndiGo,6E969,BLR,20:30,6E2772,BLR,21:10,A321neo,232,Domestic
OCC000107,2026-04-01,Wed,BDT-F026,IndiGo,6E384,HYD,20:40,6E385,HYD,21:20,A320neo,186,Domestic
OCC000108,2026-04-01,Wed,BDT-F027,Air India,AI1702,DEL,20:50,AI1802,DEL,21:30,A320ceo,180,Domestic
OCC000109,2026-04-01,Wed,BDT-F028,Air India Express,IX1373,VGA,21:40,IX1373,BLR,22:10,B737-800,189,Domestic
OCC000110,2026-04-01,Wed,BDT-F029,IndiGo,6E2213,DEL,22:05,6E6631,DEL,22:45,A321neo,232,Domestic
OCC000111,2026-04-01,Wed,BDT-F030,Scoot,TR784,SIN,22:15,TR785,SIN,23:00,A320neo,186,International
OCC000112,2026-04-02,Thu,BDT-F001,Air India Express,IX2064,BLR,07:30,IX2065,BLR,08:00,B737-800,189,Domestic
OCC000113,2026-04-02,Thu,BDT-F002,IndiGo,6E6425,DEL,07:40,6E6426,DEL,08:20,A320neo,186,Domestic
OCC000114,2026-04-02,Thu,BDT-F003,IndiGo,6E557,MAA,07:50,6E845,MAA,08:30,A320ceo,186,Domestic
OCC000115,2026-04-02,Thu,BDT-F004,Air India Express,IX2837,HYD,08:20,IX2745,HYD,08:50,B737-800,189,Domestic
OCC000116,2026-04-02,Thu,BDT-F005,IndiGo,6E6408,HYD,08:25,6E915,HYD,08:55,A320neo,186,Domestic
OCC000117,2026-04-02,Thu,BDT-F007,Alliance Air,I7105,PYB,09:25,I7205,PYB,09:40,Cessna 208B,9,Domestic
OCC000118,2026-04-02,Thu,BDT-F008,IndiGo,6E714,HYD,10:05,6E6294,HYD,10:40,A320ceo,186,Domestic
OCC000119,2026-04-02,Thu,BDT-F009,IndiGo,6E7128,VGA,10:30,6E7129,VGA,11:00,ATR 72-600,78,Domestic
OCC000120,2026-04-02,Thu,BDT-F010,IndiGo,6E6181,MAA,11:35,6E881,MAA,12:15,A320neo,186,Domestic
OCC000121,2026-04-02,Thu,BDT-F011,IndiGo,6E879,HYD,12:20,6E6645,HYD,13:00,A320neo,186,Domestic
OCC000122,2026-04-02,Thu,BDT-F012,IndiGo,6E7176,KJB,13:20,6E7177,KJB,13:40,ATR 72-600,78,Domestic
OCC000123,2026-04-02,Thu,BDT-F013,IndiGo,6E7064,TIR,13:25,6E7063,TIR,13:50,ATR 72-600,78,Domestic
OCC000124,2026-04-02,Thu,BDT-F014,IndiGo,6E6336,BLR,14:10,6E5309,BLR,14:55,A321neo,232,Domestic
OCC000125,2026-04-02,Thu,BDT-F015,IndiGo,6E409,HYD,14:25,6E5247,BOM,15:05,A321neo,232,Domestic
OCC000126,2026-04-02,Thu,BDT-F016,IndiGo,6E504,HYD,15:45,6E783,HYD,16:25,A321neo,232,Domestic
OCC000127,2026-04-02,Thu,BDT-F017,Air India Express,IX2819,HYD,15:55,IX2744,HYD,16:35,B737-800,189,Domestic
OCC000128,2026-04-02,Thu,BDT-F018,Air India,AI419,DEL,16:05,AI420,DEL,16:45,A321neo,182,Domestic
OCC000129,2026-04-02,Thu,BDT-F019,IndiGo,6E2698,MAA,17:55,6E6089,MAA,18:35,A321neo,232,Domestic
OCC000130,2026-04-02,Thu,BDT-F021,Air India Express,IX2023,BLR,18:30,IX1358,VGA,19:00,B737-800,189,Domestic
OCC000131,2026-04-02,Thu,BDT-F022,IndiGo,6E208,HYD,18:40,6E216,HYD,19:20,A321neo,232,Domestic
OCC000132,2026-04-02,Thu,BDT-F023,IndiGo,6E616,CCU,19:10,6E617,CCU,19:50,A321neo,232,Domestic
OCC000133,2026-04-02,Thu,BDT-F024,IndiGo,6E5248,NMI,20:00,6E883,HYD,20:40,A321neo,232,Domestic
OCC000134,2026-04-02,Thu,BDT-F025,IndiGo,6E969,BLR,20:30,6E2772,BLR,21:10,A321neo,232,Domestic
OCC000135,2026-04-02,Thu,BDT-F026,IndiGo,6E384,HYD,20:40,6E385,HYD,21:20,A320neo,186,Domestic
OCC000136,2026-04-02,Thu,BDT-F027,Air India,AI1702,DEL,20:50,AI1802,DEL,21:30,A320ceo,180,Domestic
OCC000137,2026-04-02,Thu,BDT-F028,Air India Express,IX1373,VGA,21:40,IX1373,BLR,22:10,B737-800,189,Domestic
OCC000138,2026-04-02,Thu,BDT-F029,IndiGo,6E2213,DEL,22:05,6E6631,DEL,22:45,A321neo,232,Domestic
OCC000139,2026-04-03,Fri,BDT-F002,IndiGo,6E6425,DEL,07:40,6E6426,DEL,08:20,A320neo,186,Domestic
OCC000140,2026-04-03,Fri,BDT-F003,IndiGo,6E557,MAA,07:50,6E845,MAA,08:30,A320ceo,186,Domestic
OCC000141,2026-04-03,Fri,BDT-F004,Air India Express,IX2837,HYD,08:20,IX2745,HYD,08:50,B737-800,189,Domestic
OCC000142,2026-04-03,Fri,BDT-F005,IndiGo,6E6408,HYD,08:25,6E915,HYD,08:55,A320neo,186,Domestic
OCC000143,2026-04-03,Fri,BDT-F006,IndiGo,6E1443,AUH,08:20,6E1444,AUH,09:50,A320neo,186,International
OCC000144,2026-04-03,Fri,BDT-F007,Alliance Air,I7105,PYB,09:25,I7205,PYB,09:40,Cessna 208B,9,Domestic
OCC000145,2026-04-03,Fri,BDT-F008,IndiGo,6E714,HYD,10:05,6E6294,HYD,10:40,A320ceo,186,Domestic
OCC000146,2026-04-03,Fri,BDT-F009,IndiGo,6E7128,VGA,10:30,6E7129,VGA,11:00,ATR 72-600,78,Domestic
OCC000147,2026-04-03,Fri,BDT-F010,IndiGo,6E6181,MAA,11:35,6E881,MAA,12:15,A320neo,186,Domestic
OCC000148,2026-04-03,Fri,BDT-F011,IndiGo,6E879,HYD,12:20,6E6645,HYD,13:00,A320neo,186,Domestic
OCC000149,2026-04-03,Fri,BDT-F013,IndiGo,6E7064,TIR,13:25,6E7063,TIR,13:50,ATR 72-600,78,Domestic
OCC000150,2026-04-03,Fri,BDT-F014,IndiGo,6E6336,BLR,14:10,6E5309,BLR,14:55,A321neo,232,Domestic
OCC000151,2026-04-03,Fri,BDT-F015,IndiGo,6E409,HYD,14:25,6E5247,BOM,15:05,A321neo,232,Domestic
OCC000152,2026-04-03,Fri,BDT-F016,IndiGo,6E504,HYD,15:45,6E783,HYD,16:25,A321neo,232,Domestic
OCC000153,2026-04-03,Fri,BDT-F017,Air India Express,IX2819,HYD,15:55,IX2744,HYD,16:35,B737-800,189,Domestic
OCC000154,2026-04-03,Fri,BDT-F018,Air India,AI419,DEL,16:05,AI420,DEL,16:45,A321neo,182,Domestic
OCC000155,2026-04-03,Fri,BDT-F019,IndiGo,6E2698,MAA,17:55,6E6089,MAA,18:35,A321neo,232,Domestic
OCC000156,2026-04-03,Fri,BDT-F020,IndiGo,6E7361,UNK,18:20,6E7362,BBI,18:50,ATR 72-600,78,Domestic
OCC000157,2026-04-03,Fri,BDT-F021,Air India Express,IX2023,BLR,18:30,IX1358,VGA,19:00,B737-800,189,Domestic
OCC000158,2026-04-03,Fri,BDT-F022,IndiGo,6E208,HYD,18:40,6E216,HYD,19:20,A321neo,232,Domestic
OCC000159,2026-04-03,Fri,BDT-F023,IndiGo,6E616,CCU,19:10,6E617,CCU,19:50,A321neo,232,Domestic
OCC000160,2026-04-03,Fri,BDT-F024,IndiGo,6E5248,NMI,20:00,6E883,HYD,20:40,A321neo,232,Domestic
OCC000161,2026-04-03,Fri,BDT-F025,IndiGo,6E969,BLR,20:30,6E2772,BLR,21:10,A321neo,232,Domestic
OCC000162,2026-04-03,Fri,BDT-F026,IndiGo,6E384,HYD,20:40,6E385,HYD,21:20,A320neo,186,Domestic
OCC000163,2026-04-03,Fri,BDT-F027,Air India,AI1702,DEL,20:50,AI1802,DEL,21:30,A320ceo,180,Domestic
OCC000164,2026-04-03,Fri,BDT-F028,Air India Express,IX1373,VGA,21:40,IX1373,BLR,22:10,B737-800,189,Domestic
OCC000165,2026-04-03,Fri,BDT-F029,IndiGo,6E2213,DEL,22:05,6E6631,DEL,22:45,A321neo,232,Domestic
OCC000166,2026-04-03,Fri,BDT-F030,Scoot,TR784,SIN,22:15,TR785,SIN,23:00,A320neo,186,International
OCC000167,2026-04-04,Sat,BDT-F001,Air India Express,IX2064,BLR,07:30,IX2065,BLR,08:00,B737-800,189,Domestic
OCC000168,2026-04-04,Sat,BDT-F002,IndiGo,6E6425,DEL,07:40,6E6426,DEL,08:20,A320neo,186,Domestic
OCC000169,2026-04-04,Sat,BDT-F003,IndiGo,6E557,MAA,07:50,6E845,MAA,08:30,A320ceo,186,Domestic
OCC000170,2026-04-04,Sat,BDT-F004,Air India Express,IX2837,HYD,08:20,IX2745,HYD,08:50,B737-800,189,Domestic
OCC000171,2026-04-04,Sat,BDT-F005,IndiGo,6E6408,HYD,08:25,6E915,HYD,08:55,A320neo,186,Domestic
OCC000172,2026-04-04,Sat,BDT-F007,Alliance Air,I7105,PYB,09:25,I7205,PYB,09:40,Cessna 208B,9,Domestic
OCC000173,2026-04-04,Sat,BDT-F008,IndiGo,6E714,HYD,10:05,6E6294,HYD,10:40,A320ceo,186,Domestic
OCC000174,2026-04-04,Sat,BDT-F009,IndiGo,6E7128,VGA,10:30,6E7129,VGA,11:00,ATR 72-600,78,Domestic
OCC000175,2026-04-04,Sat,BDT-F010,IndiGo,6E6181,MAA,11:35,6E881,MAA,12:15,A320neo,186,Domestic
OCC000176,2026-04-04,Sat,BDT-F011,IndiGo,6E879,HYD,12:20,6E6645,HYD,13:00,A320neo,186,Domestic
OCC000177,2026-04-04,Sat,BDT-F012,IndiGo,6E7176,KJB,13:20,6E7177,KJB,13:40,ATR 72-600,78,Domestic
OCC000178,2026-04-04,Sat,BDT-F013,IndiGo,6E7064,TIR,13:25,6E7063,TIR,13:50,ATR 72-600,78,Domestic
OCC000179,2026-04-04,Sat,BDT-F014,IndiGo,6E6336,BLR,14:10,6E5309,BLR,14:55,A321neo,232,Domestic
OCC000180,2026-04-04,Sat,BDT-F015,IndiGo,6E409,HYD,14:25,6E5247,BOM,15:05,A321neo,232,Domestic
OCC000181,2026-04-04,Sat,BDT-F016,IndiGo,6E504,HYD,15:45,6E783,HYD,16:25,A321neo,232,Domestic
OCC000182,2026-04-04,Sat,BDT-F017,Air India Express,IX2819,HYD,15:55,IX2744,HYD,16:35,B737-800,189,Domestic
OCC000183,2026-04-04,Sat,BDT-F018,Air India,AI419,DEL,16:05,AI420,DEL,16:45,A321neo,182,Domestic
OCC000184,2026-04-04,Sat,BDT-F019,IndiGo,6E2698,MAA,17:55,6E6089,MAA,18:35,A321neo,232,Domestic
OCC000185,2026-04-04,Sat,BDT-F021,Air India Express,IX2023,BLR,18:30,IX1358,VGA,19:00,B737-800,189,Domestic
OCC000186,2026-04-04,Sat,BDT-F022,IndiGo,6E208,HYD,18:40,6E216,HYD,19:20,A321neo,232,Domestic
OCC000187,2026-04-04,Sat,BDT-F023,IndiGo,6E616,CCU,19:10,6E617,CCU,19:50,A321neo,232,Domestic
OCC000188,2026-04-04,Sat,BDT-F024,IndiGo,6E5248,NMI,20:00,6E883,HYD,20:40,A321neo,232,Domestic
OCC000189,2026-04-04,Sat,BDT-F025,IndiGo,6E969,BLR,20:30,6E2772,BLR,21:10,A321neo,232,Domestic
OCC000190,2026-04-04,Sat,BDT-F026,IndiGo,6E384,HYD,20:40,6E385,HYD,21:20,A320neo,186,Domestic
OCC000191,2026-04-04,Sat,BDT-F027,Air India,AI1702,DEL,20:50,AI1802,DEL,21:30,A320ceo,180,Domestic
OCC000192,2026-04-04,Sat,BDT-F028,Air India Express,IX1373,VGA,21:40,IX1373,BLR,22:10,B737-800,189,Domestic
OCC000193,2026-04-04,Sat,BDT-F029,IndiGo,6E2213,DEL,22:05,6E6631,DEL,22:45,A321neo,232,Domestic
OCC000194,2026-04-04,Sat,BDT-F030,Scoot,TR784,SIN,22:15,TR785,SIN,23:00,A320neo,186,International
OCC000195,2026-04-05,Sun,BDT-F002,IndiGo,6E6425,DEL,07:40,6E6426,DEL,08:20,A320neo,186,Domestic
OCC000196,2026-04-05,Sun,BDT-F003,IndiGo,6E557,MAA,07:50,6E845,MAA,08:30,A320ceo,186,Domestic
OCC000197,2026-04-05,Sun,BDT-F004,Air India Express,IX2837,HYD,08:20,IX2745,HYD,08:50,B737-800,189,Domestic
OCC000198,2026-04-05,Sun,BDT-F005,IndiGo,6E6408,HYD,08:25,6E915,HYD,08:55,A320neo,186,Domestic
OCC000199,2026-04-05,Sun,BDT-F006,IndiGo,6E1443,AUH,08:20,6E1444,AUH,09:50,A320neo,186,International
OCC000200,2026-04-05,Sun,BDT-F007,Alliance Air,I7105,PYB,09:25,I7205,PYB,09:40,Cessna 208B,9,Domestic
OCC000201,2026-04-05,Sun,BDT-F008,IndiGo,6E714,HYD,10:05,6E6294,HYD,10:40,A320ceo,186,Domestic
OCC000202,2026-04-05,Sun,BDT-F009,IndiGo,6E7128,VGA,10:30,6E7129,VGA,11:00,ATR 72-600,78,Domestic
OCC000203,2026-04-05,Sun,BDT-F010,IndiGo,6E6181,MAA,11:35,6E881,MAA,12:15,A320neo,186,Domestic
OCC000204,2026-04-05,Sun,BDT-F011,IndiGo,6E879,HYD,12:20,6E6645,HYD,13:00,A320neo,186,Domestic
OCC000205,2026-04-05,Sun,BDT-F013,IndiGo,6E7064,TIR,13:25,6E7063,TIR,13:50,ATR 72-600,78,Domestic
OCC000206,2026-04-05,Sun,BDT-F014,IndiGo,6E6336,BLR,14:10,6E5309,BLR,14:55,A321neo,232,Domestic
OCC000207,2026-04-05,Sun,BDT-F015,IndiGo,6E409,HYD,14:25,6E5247,BOM,15:05,A321neo,232,Domestic
OCC000208,2026-04-05,Sun,BDT-F016,IndiGo,6E504,HYD,15:45,6E783,HYD,16:25,A321neo,232,Domestic
OCC000209,2026-04-05,Sun,BDT-F017,Air India Express,IX2819,HYD,15:55,IX2744,HYD,16:35,B737-800,189,Domestic
OCC000210,2026-04-05,Sun,BDT-F018,Air India,AI419,DEL,16:05,AI420,DEL,16:45,A321neo,182,Domestic
OCC000211,2026-04-05,Sun,BDT-F019,IndiGo,6E2698,MAA,17:55,6E6089,MAA,18:35,A321neo,232,Domestic
OCC000212,2026-04-05,Sun,BDT-F020,IndiGo,6E7361,UNK,18:20,6E7362,BBI,18:50,ATR 72-600,78,Domestic
OCC000213,2026-04-05,Sun,BDT-F021,Air India Express,IX2023,BLR,18:30,IX1358,VGA,19:00,B737-800,189,Domestic
OCC000214,2026-04-05,Sun,BDT-F022,IndiGo,6E208,HYD,18:40,6E216,HYD,19:20,A321neo,232,Domestic
OCC000215,2026-04-05,Sun,BDT-F023,IndiGo,6E616,CCU,19:10,6E617,CCU,19:50,A321neo,232,Domestic
OCC000216,2026-04-05,Sun,BDT-F024,IndiGo,6E5248,NMI,20:00,6E883,HYD,20:40,A321neo,232,Domestic
OCC000217,2026-04-05,Sun,BDT-F025,IndiGo,6E969,BLR,20:30,6E2772,BLR,21:10,A321neo,232,Domestic
OCC000218,2026-04-05,Sun,BDT-F026,IndiGo,6E384,HYD,20:40,6E385,HYD,21:20,A320neo,186,Domestic
OCC000219,2026-04-05,Sun,BDT-F027,Air India,AI1702,DEL,20:50,AI1802,DEL,21:30,A320ceo,180,Domestic
OCC000220,2026-04-05,Sun,BDT-F028,Air India Express,IX1373,VGA,21:40,IX1373,BLR,22:10,B737-800,189,Domestic
OCC000221,2026-04-05,Sun,BDT-F029,IndiGo,6E2213,DEL,22:05,6E6631,DEL,22:45,A321neo,232,Domestic
OCC000222,2026-04-06,Mon,BDT-F001,Air India Express,IX2064,BLR,07:30,IX2065,BLR,08:00,B737-800,189,Domestic
OCC000223,2026-04-06,Mon,BDT-F002,IndiGo,6E6425,DEL,07:40,6E6426,DEL,08:20,A320neo,186,Domestic
OCC000224,2026-04-06,Mon,BDT-F003,IndiGo,6E557,MAA,07:50,6E845,MAA,08:30,A320ceo,186,Domestic
OCC000225,2026-04-06,Mon,BDT-F004,Air India Express,IX2837,HYD,08:20,IX2745,HYD,08:50,B737-800,189,Domestic
OCC000226,2026-04-06,Mon,BDT-F005,IndiGo,6E6408,HYD,08:25,6E915,HYD,08:55,A320neo,186,Domestic
OCC000227,2026-04-06,Mon,BDT-F006,IndiGo,6E1443,AUH,08:20,6E1444,AUH,09:50,A320neo,186,International
OCC000228,2026-04-06,Mon,BDT-F007,Alliance Air,I7105,PYB,09:25,I7205,PYB,09:40,Cessna 208B,9,Domestic
OCC000229,2026-04-06,Mon,BDT-F008,IndiGo,6E714,HYD,10:05,6E6294,HYD,10:40,A320ceo,186,Domestic
OCC000230,2026-04-06,Mon,BDT-F009,IndiGo,6E7128,VGA,10:30,6E7129,VGA,11:00,ATR 72-600,78,Domestic
OCC000231,2026-04-06,Mon,BDT-F010,IndiGo,6E6181,MAA,11:35,6E881,MAA,12:15,A320neo,186,Domestic
OCC000232,2026-04-06,Mon,BDT-F011,IndiGo,6E879,HYD,12:20,6E6645,HYD,13:00,A320neo,186,Domestic
OCC000233,2026-04-06,Mon,BDT-F013,IndiGo,6E7064,TIR,13:25,6E7063,TIR,13:50,ATR 72-600,78,Domestic
OCC000234,2026-04-06,Mon,BDT-F014,IndiGo,6E6336,BLR,14:10,6E5309,BLR,14:55,A321neo,232,Domestic
OCC000235,2026-04-06,Mon,BDT-F015,IndiGo,6E409,HYD,14:25,6E5247,BOM,15:05,A321neo,232,Domestic
OCC000236,2026-04-06,Mon,BDT-F016,IndiGo,6E504,HYD,15:45,6E783,HYD,16:25,A321neo,232,Domestic
OCC000237,2026-04-06,Mon,BDT-F017,Air India Express,IX2819,HYD,15:55,IX2744,HYD,16:35,B737-800,189,Domestic
OCC000238,2026-04-06,Mon,BDT-F018,Air India,AI419,DEL,16:05,AI420,DEL,16:45,A321neo,182,Domestic
OCC000239,2026-04-06,Mon,BDT-F019,IndiGo,6E2698,MAA,17:55,6E6089,MAA,18:35,A321neo,232,Domestic
OCC000240,2026-04-06,Mon,BDT-F020,IndiGo,6E7361,UNK,18:20,6E7362,BBI,18:50,ATR 72-600,78,Domestic
OCC000241,2026-04-06,Mon,BDT-F021,Air India Express,IX2023,BLR,18:30,IX1358,VGA,19:00,B737-800,189,Domestic
OCC000242,2026-04-06,Mon,BDT-F022,IndiGo,6E208,HYD,18:40,6E216,HYD,19:20,A321neo,232,Domestic
OCC000243,2026-04-06,Mon,BDT-F023,IndiGo,6E616,CCU,19:10,6E617,CCU,19:50,A321neo,232,Domestic
OCC000244,2026-04-06,Mon,BDT-F024,IndiGo,6E5248,NMI,20:00,6E883,HYD,20:40,A321neo,232,Domestic
OCC000245,2026-04-06,Mon,BDT-F025,IndiGo,6E969,BLR,20:30,6E2772,BLR,21:10,A321neo,232,Domestic
OCC000246,2026-04-06,Mon,BDT-F026,IndiGo,6E384,HYD,20:40,6E385,HYD,21:20,A320neo,186,Domestic
OCC000247,2026-04-06,Mon,BDT-F027,Air India,AI1702,DEL,20:50,AI1802,DEL,21:30,A320ceo,180,Domestic
OCC000248,2026-04-06,Mon,BDT-F028,Air India Express,IX1373,VGA,21:40,IX1373,BLR,22:10,B737-800,189,Domestic
OCC000249,2026-04-06,Mon,BDT-F029,IndiGo,6E2213,DEL,22:05,6E6631,DEL,22:45,A321neo,232,Domestic
OCC000250,2026-04-06,Mon,BDT-F030,Scoot,TR784,SIN,22:15,TR785,SIN,23:00,A320neo,186,International
OCC000251,2026-04-07,Tue,BDT-F001,Air India Express,IX2064,BLR,07:30,IX2065,BLR,08:00,B737-800,189,Domestic
OCC000252,2026-04-07,Tue,BDT-F002,IndiGo,6E6425,DEL,07:40,6E6426,DEL,08:20,A320neo,186,Domestic
OCC000253,2026-04-07,Tue,BDT-F003,IndiGo,6E557,MAA,07:50,6E845,MAA,08:30,A320ceo,186,Domestic
OCC000254,2026-04-07,Tue,BDT-F004,Air India Express,IX2837,HYD,08:20,IX2745,HYD,08:50,B737-800,189,Domestic
OCC000255,2026-04-07,Tue,BDT-F005,IndiGo,6E6408,HYD,08:25,6E915,HYD,08:55,A320neo,186,Domestic
OCC000256,2026-04-07,Tue,BDT-F007,Alliance Air,I7105,PYB,09:25,I7205,PYB,09:40,Cessna 208B,9,Domestic
OCC000257,2026-04-07,Tue,BDT-F008,IndiGo,6E714,HYD,10:05,6E6294,HYD,10:40,A320ceo,186,Domestic
OCC000258,2026-04-07,Tue,BDT-F009,IndiGo,6E7128,VGA,10:30,6E7129,VGA,11:00,ATR 72-600,78,Domestic
OCC000259,2026-04-07,Tue,BDT-F010,IndiGo,6E6181,MAA,11:35,6E881,MAA,12:15,A320neo,186,Domestic
OCC000260,2026-04-07,Tue,BDT-F011,IndiGo,6E879,HYD,12:20,6E6645,HYD,13:00,A320neo,186,Domestic
OCC000261,2026-04-07,Tue,BDT-F012,IndiGo,6E7176,KJB,13:20,6E7177,KJB,13:40,ATR 72-600,78,Domestic
OCC000262,2026-04-07,Tue,BDT-F013,IndiGo,6E7064,TIR,13:25,6E7063,TIR,13:50,ATR 72-600,78,Domestic
OCC000263,2026-04-07,Tue,BDT-F014,IndiGo,6E6336,BLR,14:10,6E5309,BLR,14:55,A321neo,232,Domestic
OCC000264,2026-04-07,Tue,BDT-F015,IndiGo,6E409,HYD,14:25,6E5247,BOM,15:05,A321neo,232,Domestic
OCC000265,2026-04-07,Tue,BDT-F016,IndiGo,6E504,HYD,15:45,6E783,HYD,16:25,A321neo,232,Domestic
OCC000266,2026-04-07,Tue,BDT-F017,Air India Express,IX2819,HYD,15:55,IX2744,HYD,16:35,B737-800,189,Domestic
OCC000267,2026-04-07,Tue,BDT-F018,Air India,AI419,DEL,16:05,AI420,DEL,16:45,A321neo,182,Domestic
OCC000268,2026-04-07,Tue,BDT-F019,IndiGo,6E2698,MAA,17:55,6E6089,MAA,18:35,A321neo,232,Domestic
OCC000269,2026-04-07,Tue,BDT-F021,Air India Express,IX2023,BLR,18:30,IX1358,VGA,19:00,B737-800,189,Domestic
OCC000270,2026-04-07,Tue,BDT-F022,IndiGo,6E208,HYD,18:40,6E216,HYD,19:20,A321neo,232,Domestic
OCC000271,2026-04-07,Tue,BDT-F023,IndiGo,6E616,CCU,19:10,6E617,CCU,19:50,A321neo,232,Domestic
OCC000272,2026-04-07,Tue,BDT-F024,IndiGo,6E5248,NMI,20:00,6E883,HYD,20:40,A321neo,232,Domestic
OCC000273,2026-04-07,Tue,BDT-F025,IndiGo,6E969,BLR,20:30,6E2772,BLR,21:10,A321neo,232,Domestic
OCC000274,2026-04-07,Tue,BDT-F026,IndiGo,6E384,HYD,20:40,6E385,HYD,21:20,A320neo,186,Domestic
OCC000275,2026-04-07,Tue,BDT-F027,Air India,AI1702,DEL,20:50,AI1802,DEL,21:30,A320ceo,180,Domestic
OCC000276,2026-04-07,Tue,BDT-F028,Air India Express,IX1373,VGA,21:40,IX1373,BLR,22:10,B737-800,189,Domestic
OCC000277,2026-04-07,Tue,BDT-F029,IndiGo,6E2213,DEL,22:05,6E6631,DEL,22:45,A321neo,232,Domestic
OCC000278,2026-04-08,Wed,BDT-F002,IndiGo,6E6425,DEL,07:40,6E6426,DEL,08:20,A320neo,186,Domestic
OCC000279,2026-04-08,Wed,BDT-F003,IndiGo,6E557,MAA,07:50,6E845,MAA,08:30,A320ceo,186,Domestic
OCC000280,2026-04-08,Wed,BDT-F004,Air India Express,IX2837,HYD,08:20,IX2745,HYD,08:50,B737-800,189,Domestic
OCC000281,2026-04-08,Wed,BDT-F005,IndiGo,6E6408,HYD,08:25,6E915,HYD,08:55,A320neo,186,Domestic
OCC000282,2026-04-08,Wed,BDT-F006,IndiGo,6E1443,AUH,08:20,6E1444,AUH,09:50,A320neo,186,International
OCC000283,2026-04-08,Wed,BDT-F007,Alliance Air,I7105,PYB,09:25,I7205,PYB,09:40,Cessna 208B,9,Domestic
OCC000284,2026-04-08,Wed,BDT-F008,IndiGo,6E714,HYD,10:05,6E6294,HYD,10:40,A320ceo,186,Domestic
OCC000285,2026-04-08,Wed,BDT-F009,IndiGo,6E7128,VGA,10:30,6E7129,VGA,11:00,ATR 72-600,78,Domestic
OCC000286,2026-04-08,Wed,BDT-F010,IndiGo,6E6181,MAA,11:35,6E881,MAA,12:15,A320neo,186,Domestic
OCC000287,2026-04-08,Wed,BDT-F011,IndiGo,6E879,HYD,12:20,6E6645,HYD,13:00,A320neo,186,Domestic
OCC000288,2026-04-08,Wed,BDT-F013,IndiGo,6E7064,TIR,13:25,6E7063,TIR,13:50,ATR 72-600,78,Domestic
OCC000289,2026-04-08,Wed,BDT-F014,IndiGo,6E6336,BLR,14:10,6E5309,BLR,14:55,A321neo,232,Domestic
OCC000290,2026-04-08,Wed,BDT-F015,IndiGo,6E409,HYD,14:25,6E5247,BOM,15:05,A321neo,232,Domestic
OCC000291,2026-04-08,Wed,BDT-F016,IndiGo,6E504,HYD,15:45,6E783,HYD,16:25,A321neo,232,Domestic
OCC000292,2026-04-08,Wed,BDT-F017,Air India Express,IX2819,HYD,15:55,IX2744,HYD,16:35,B737-800,189,Domestic
OCC000293,2026-04-08,Wed,BDT-F018,Air India,AI419,DEL,16:05,AI420,DEL,16:45,A321neo,182,Domestic
OCC000294,2026-04-08,Wed,BDT-F019,IndiGo,6E2698,MAA,17:55,6E6089,MAA,18:35,A321neo,232,Domestic
OCC000295,2026-04-08,Wed,BDT-F020,IndiGo,6E7361,UNK,18:20,6E7362,BBI,18:50,ATR 72-600,78,Domestic
OCC000296,2026-04-08,Wed,BDT-F021,Air India Express,IX2023,BLR,18:30,IX1358,VGA,19:00,B737-800,189,Domestic
OCC000297,2026-04-08,Wed,BDT-F022,IndiGo,6E208,HYD,18:40,6E216,HYD,19:20,A321neo,232,Domestic
OCC000298,2026-04-08,Wed,BDT-F023,IndiGo,6E616,CCU,19:10,6E617,CCU,19:50,A321neo,232,Domestic
OCC000299,2026-04-08,Wed,BDT-F024,IndiGo,6E5248,NMI,20:00,6E883,HYD,20:40,A321neo,232,Domestic
OCC000300,2026-04-08,Wed,BDT-F025,IndiGo,6E969,BLR,20:30,6E2772,BLR,21:10,A321neo,232,Domestic
OCC000301,2026-04-08,Wed,BDT-F026,IndiGo,6E384,HYD,20:40,6E385,HYD,21:20,A320neo,186,Domestic
OCC000302,2026-04-08,Wed,BDT-F027,Air India,AI1702,DEL,20:50,AI1802,DEL,21:30,A320ceo,180,Domestic
OCC000303,2026-04-08,Wed,BDT-F028,Air India Express,IX1373,VGA,21:40,IX1373,BLR,22:10,B737-800,189,Domestic
OCC000304,2026-04-08,Wed,BDT-F029,IndiGo,6E2213,DEL,22:05,6E6631,DEL,22:45,A321neo,232,Domestic
OCC000305,2026-04-08,Wed,BDT-F030,Scoot,TR784,SIN,22:15,TR785,SIN,23:00,A320neo,186,International
OCC000306,2026-04-09,Thu,BDT-F001,Air India Express,IX2064,BLR,07:30,IX2065,BLR,08:00,B737-800,189,Domestic
OCC000307,2026-04-09,Thu,BDT-F002,IndiGo,6E6425,DEL,07:40,6E6426,DEL,08:20,A320neo,186,Domestic
OCC000308,2026-04-09,Thu,BDT-F003,IndiGo,6E557,MAA,07:50,6E845,MAA,08:30,A320ceo,186,Domestic
OCC000309,2026-04-09,Thu,BDT-F004,Air India Express,IX2837,HYD,08:20,IX2745,HYD,08:50,B737-800,189,Domestic
OCC000310,2026-04-09,Thu,BDT-F005,IndiGo,6E6408,HYD,08:25,6E915,HYD,08:55,A320neo,186,Domestic
OCC000311,2026-04-09,Thu,BDT-F007,Alliance Air,I7105,PYB,09:25,I7205,PYB,09:40,Cessna 208B,9,Domestic
OCC000312,2026-04-09,Thu,BDT-F008,IndiGo,6E714,HYD,10:05,6E6294,HYD,10:40,A320ceo,186,Domestic
OCC000313,2026-04-09,Thu,BDT-F009,IndiGo,6E7128,VGA,10:30,6E7129,VGA,11:00,ATR 72-600,78,Domestic
OCC000314,2026-04-09,Thu,BDT-F010,IndiGo,6E6181,MAA,11:35,6E881,MAA,12:15,A320neo,186,Domestic
OCC000315,2026-04-09,Thu,BDT-F011,IndiGo,6E879,HYD,12:20,6E6645,HYD,13:00,A320neo,186,Domestic
OCC000316,2026-04-09,Thu,BDT-F012,IndiGo,6E7176,KJB,13:20,6E7177,KJB,13:40,ATR 72-600,78,Domestic
OCC000317,2026-04-09,Thu,BDT-F013,IndiGo,6E7064,TIR,13:25,6E7063,TIR,13:50,ATR 72-600,78,Domestic
OCC000318,2026-04-09,Thu,BDT-F014,IndiGo,6E6336,BLR,14:10,6E5309,BLR,14:55,A321neo,232,Domestic
OCC000319,2026-04-09,Thu,BDT-F015,IndiGo,6E409,HYD,14:25,6E5247,BOM,15:05,A321neo,232,Domestic
OCC000320,2026-04-09,Thu,BDT-F016,IndiGo,6E504,HYD,15:45,6E783,HYD,16:25,A321neo,232,Domestic
OCC000321,2026-04-09,Thu,BDT-F017,Air India Express,IX2819,HYD,15:55,IX2744,HYD,16:35,B737-800,189,Domestic
OCC000322,2026-04-09,Thu,BDT-F018,Air India,AI419,DEL,16:05,AI420,DEL,16:45,A321neo,182,Domestic
OCC000323,2026-04-09,Thu,BDT-F019,IndiGo,6E2698,MAA,17:55,6E6089,MAA,18:35,A321neo,232,Domestic
OCC000324,2026-04-09,Thu,BDT-F021,Air India Express,IX2023,BLR,18:30,IX1358,VGA,19:00,B737-800,189,Domestic
OCC000325,2026-04-09,Thu,BDT-F022,IndiGo,6E208,HYD,18:40,6E216,HYD,19:20,A321neo,232,Domestic
OCC000326,2026-04-09,Thu,BDT-F023,IndiGo,6E616,CCU,19:10,6E617,CCU,19:50,A321neo,232,Domestic
OCC000327,2026-04-09,Thu,BDT-F024,IndiGo,6E5248,NMI,20:00,6E883,HYD,20:40,A321neo,232,Domestic
OCC000328,2026-04-09,Thu,BDT-F025,IndiGo,6E969,BLR,20:30,6E2772,BLR,21:10,A321neo,232,Domestic
OCC000329,2026-04-09,Thu,BDT-F026,IndiGo,6E384,HYD,20:40,6E385,HYD,21:20,A320neo,186,Domestic
OCC000330,2026-04-09,Thu,BDT-F027,Air India,AI1702,DEL,20:50,AI1802,DEL,21:30,A320ceo,180,Domestic
OCC000331,2026-04-09,Thu,BDT-F028,Air India Express,IX1373,VGA,21:40,IX1373,BLR,22:10,B737-800,189,Domestic
OCC000332,2026-04-09,Thu,BDT-F029,IndiGo,6E2213,DEL,22:05,6E6631,DEL,22:45,A321neo,232,Domestic
OCC000333,2026-04-10,Fri,BDT-F002,IndiGo,6E6425,DEL,07:40,6E6426,DEL,08:20,A320neo,186,Domestic
OCC000334,2026-04-10,Fri,BDT-F003,IndiGo,6E557,MAA,07:50,6E845,MAA,08:30,A320ceo,186,Domestic
OCC000335,2026-04-10,Fri,BDT-F004,Air India Express,IX2837,HYD,08:20,IX2745,HYD,08:50,B737-800,189,Domestic
OCC000336,2026-04-10,Fri,BDT-F005,IndiGo,6E6408,HYD,08:25,6E915,HYD,08:55,A320neo,186,Domestic
OCC000337,2026-04-10,Fri,BDT-F006,IndiGo,6E1443,AUH,08:20,6E1444,AUH,09:50,A320neo,186,International
OCC000338,2026-04-10,Fri,BDT-F007,Alliance Air,I7105,PYB,09:25,I7205,PYB,09:40,Cessna 208B,9,Domestic
OCC000339,2026-04-10,Fri,BDT-F008,IndiGo,6E714,HYD,10:05,6E6294,HYD,10:40,A320ceo,186,Domestic
OCC000340,2026-04-10,Fri,BDT-F009,IndiGo,6E7128,VGA,10:30,6E7129,VGA,11:00,ATR 72-600,78,Domestic
OCC000341,2026-04-10,Fri,BDT-F010,IndiGo,6E6181,MAA,11:35,6E881,MAA,12:15,A320neo,186,Domestic
OCC000342,2026-04-10,Fri,BDT-F011,IndiGo,6E879,HYD,12:20,6E6645,HYD,13:00,A320neo,186,Domestic
OCC000343,2026-04-10,Fri,BDT-F013,IndiGo,6E7064,TIR,13:25,6E7063,TIR,13:50,ATR 72-600,78,Domestic
OCC000344,2026-04-10,Fri,BDT-F014,IndiGo,6E6336,BLR,14:10,6E5309,BLR,14:55,A321neo,232,Domestic
OCC000345,2026-04-10,Fri,BDT-F015,IndiGo,6E409,HYD,14:25,6E5247,BOM,15:05,A321neo,232,Domestic
OCC000346,2026-04-10,Fri,BDT-F016,IndiGo,6E504,HYD,15:45,6E783,HYD,16:25,A321neo,232,Domestic
OCC000347,2026-04-10,Fri,BDT-F017,Air India Express,IX2819,HYD,15:55,IX2744,HYD,16:35,B737-800,189,Domestic
OCC000348,2026-04-10,Fri,BDT-F018,Air India,AI419,DEL,16:05,AI420,DEL,16:45,A321neo,182,Domestic
OCC000349,2026-04-10,Fri,BDT-F019,IndiGo,6E2698,MAA,17:55,6E6089,MAA,18:35,A321neo,232,Domestic
OCC000350,2026-04-10,Fri,BDT-F020,IndiGo,6E7361,UNK,18:20,6E7362,BBI,18:50,ATR 72-600,78,Domestic
OCC000351,2026-04-10,Fri,BDT-F021,Air India Express,IX2023,BLR,18:30,IX1358,VGA,19:00,B737-800,189,Domestic
OCC000352,2026-04-10,Fri,BDT-F022,IndiGo,6E208,HYD,18:40,6E216,HYD,19:20,A321neo,232,Domestic
OCC000353,2026-04-10,Fri,BDT-F023,IndiGo,6E616,CCU,19:10,6E617,CCU,19:50,A321neo,232,Domestic
OCC000354,2026-04-10,Fri,BDT-F024,IndiGo,6E5248,NMI,20:00,6E883,HYD,20:40,A321neo,232,Domestic
OCC000355,2026-04-10,Fri,BDT-F025,IndiGo,6E969,BLR,20:30,6E2772,BLR,21:10,A321neo,232,Domestic
OCC000356,2026-04-10,Fri,BDT-F026,IndiGo,6E384,HYD,20:40,6E385,HYD,21:20,A320neo,186,Domestic
OCC000357,2026-04-10,Fri,BDT-F027,Air India,AI1702,DEL,20:50,AI1802,DEL,21:30,A320ceo,180,Domestic
OCC000358,2026-04-10,Fri,BDT-F028,Air India Express,IX1373,VGA,21:40,IX1373,BLR,22:10,B737-800,189,Domestic
OCC000359,2026-04-10,Fri,BDT-F029,IndiGo,6E2213,DEL,22:05,6E6631,DEL,22:45,A321neo,232,Domestic
OCC000360,2026-04-10,Fri,BDT-F030,Scoot,TR784,SIN,22:15,TR785,SIN,23:00,A320neo,186,International
OCC000361,2026-04-11,Sat,BDT-F001,Air India Express,IX2064,BLR,07:30,IX2065,BLR,08:00,B737-800,189,Domestic
OCC000362,2026-04-11,Sat,BDT-F002,IndiGo,6E6425,DEL,07:40,6E6426,DEL,08:20,A320neo,186,Domestic
OCC000363,2026-04-11,Sat,BDT-F003,IndiGo,6E557,MAA,07:50,6E845,MAA,08:30,A320ceo,186,Domestic
OCC000364,2026-04-11,Sat,BDT-F004,Air India Express,IX2837,HYD,08:20,IX2745,HYD,08:50,B737-800,189,Domestic
OCC000365,2026-04-11,Sat,BDT-F005,IndiGo,6E6408,HYD,08:25,6E915,HYD,08:55,A320neo,186,Domestic
OCC000366,2026-04-11,Sat,BDT-F007,Alliance Air,I7105,PYB,09:25,I7205,PYB,09:40,Cessna 208B,9,Domestic
OCC000367,2026-04-11,Sat,BDT-F008,IndiGo,6E714,HYD,10:05,6E6294,HYD,10:40,A320ceo,186,Domestic
OCC000368,2026-04-11,Sat,BDT-F009,IndiGo,6E7128,VGA,10:30,6E7129,VGA,11:00,ATR 72-600,78,Domestic
OCC000369,2026-04-11,Sat,BDT-F010,IndiGo,6E6181,MAA,11:35,6E881,MAA,12:15,A320neo,186,Domestic
OCC000370,2026-04-11,Sat,BDT-F011,IndiGo,6E879,HYD,12:20,6E6645,HYD,13:00,A320neo,186,Domestic
OCC000371,2026-04-11,Sat,BDT-F012,IndiGo,6E7176,KJB,13:20,6E7177,KJB,13:40,ATR 72-600,78,Domestic
OCC000372,2026-04-11,Sat,BDT-F013,IndiGo,6E7064,TIR,13:25,6E7063,TIR,13:50,ATR 72-600,78,Domestic
OCC000373,2026-04-11,Sat,BDT-F014,IndiGo,6E6336,BLR,14:10,6E5309,BLR,14:55,A321neo,232,Domestic
OCC000374,2026-04-11,Sat,BDT-F015,IndiGo,6E409,HYD,14:25,6E5247,BOM,15:05,A321neo,232,Domestic
OCC000375,2026-04-11,Sat,BDT-F016,IndiGo,6E504,HYD,15:45,6E783,HYD,16:25,A321neo,232,Domestic
OCC000376,2026-04-11,Sat,BDT-F017,Air India Express,IX2819,HYD,15:55,IX2744,HYD,16:35,B737-800,189,Domestic
OCC000377,2026-04-11,Sat,BDT-F018,Air India,AI419,DEL,16:05,AI420,DEL,16:45,A321neo,182,Domestic
OCC000378,2026-04-11,Sat,BDT-F019,IndiGo,6E2698,MAA,17:55,6E6089,MAA,18:35,A321neo,232,Domestic
OCC000379,2026-04-11,Sat,BDT-F021,Air India Express,IX2023,BLR,18:30,IX1358,VGA,19:00,B737-800,189,Domestic
OCC000380,2026-04-11,Sat,BDT-F022,IndiGo,6E208,HYD,18:40,6E216,HYD,19:20,A321neo,232,Domestic
OCC000381,2026-04-11,Sat,BDT-F023,IndiGo,6E616,CCU,19:10,6E617,CCU,19:50,A321neo,232,Domestic
OCC000382,2026-04-11,Sat,BDT-F024,IndiGo,6E5248,NMI,20:00,6E883,HYD,20:40,A321neo,232,Domestic
OCC000383,2026-04-11,Sat,BDT-F025,IndiGo,6E969,BLR,20:30,6E2772,BLR,21:10,A321neo,232,Domestic
OCC000384,2026-04-11,Sat,BDT-F026,IndiGo,6E384,HYD,20:40,6E385,HYD,21:20,A320neo,186,Domestic
OCC000385,2026-04-11,Sat,BDT-F027,Air India,AI1702,DEL,20:50,AI1802,DEL,21:30,A320ceo,180,Domestic
OCC000386,2026-04-11,Sat,BDT-F028,Air India Express,IX1373,VGA,21:40,IX1373,BLR,22:10,B737-800,189,Domestic
OCC000387,2026-04-11,Sat,BDT-F029,IndiGo,6E2213,DEL,22:05,6E6631,DEL,22:45,A321neo,232,Domestic
OCC000388,2026-04-11,Sat,BDT-F030,Scoot,TR784,SIN,22:15,TR785,SIN,23:00,A320neo,186,International
OCC000389,2026-04-12,Sun,BDT-F002,IndiGo,6E6425,DEL,07:40,6E6426,DEL,08:20,A320neo,186,Domestic
OCC000390,2026-04-12,Sun,BDT-F003,IndiGo,6E557,MAA,07:50,6E845,MAA,08:30,A320ceo,186,Domestic
OCC000391,2026-04-12,Sun,BDT-F004,Air India Express,IX2837,HYD,08:20,IX2745,HYD,08:50,B737-800,189,Domestic
OCC000392,2026-04-12,Sun,BDT-F005,IndiGo,6E6408,HYD,08:25,6E915,HYD,08:55,A320neo,186,Domestic
OCC000393,2026-04-12,Sun,BDT-F006,IndiGo,6E1443,AUH,08:20,6E1444,AUH,09:50,A320neo,186,International
OCC000394,2026-04-12,Sun,BDT-F007,Alliance Air,I7105,PYB,09:25,I7205,PYB,09:40,Cessna 208B,9,Domestic
OCC000395,2026-04-12,Sun,BDT-F008,IndiGo,6E714,HYD,10:05,6E6294,HYD,10:40,A320ceo,186,Domestic
OCC000396,2026-04-12,Sun,BDT-F009,IndiGo,6E7128,VGA,10:30,6E7129,VGA,11:00,ATR 72-600,78,Domestic
OCC000397,2026-04-12,Sun,BDT-F010,IndiGo,6E6181,MAA,11:35,6E881,MAA,12:15,A320neo,186,Domestic
OCC000398,2026-04-12,Sun,BDT-F011,IndiGo,6E879,HYD,12:20,6E6645,HYD,13:00,A320neo,186,Domestic
OCC000399,2026-04-12,Sun,BDT-F013,IndiGo,6E7064,TIR,13:25,6E7063,TIR,13:50,ATR 72-600,78,Domestic
OCC000400,2026-04-12,Sun,BDT-F014,IndiGo,6E6336,BLR,14:10,6E5309,BLR,14:55,A321neo,232,Domestic
OCC000401,2026-04-12,Sun,BDT-F015,IndiGo,6E409,HYD,14:25,6E5247,BOM,15:05,A321neo,232,Domestic
OCC000402,2026-04-12,Sun,BDT-F016,IndiGo,6E504,HYD,15:45,6E783,HYD,16:25,A321neo,232,Domestic
OCC000403,2026-04-12,Sun,BDT-F017,Air India Express,IX2819,HYD,15:55,IX2744,HYD,16:35,B737-800,189,Domestic
OCC000404,2026-04-12,Sun,BDT-F018,Air India,AI419,DEL,16:05,AI420,DEL,16:45,A321neo,182,Domestic
OCC000405,2026-04-12,Sun,BDT-F019,IndiGo,6E2698,MAA,17:55,6E6089,MAA,18:35,A321neo,232,Domestic
OCC000406,2026-04-12,Sun,BDT-F020,IndiGo,6E7361,UNK,18:20,6E7362,BBI,18:50,ATR 72-600,78,Domestic
OCC000407,2026-04-12,Sun,BDT-F021,Air India Express,IX2023,BLR,18:30,IX1358,VGA,19:00,B737-800,189,Domestic
OCC000408,2026-04-12,Sun,BDT-F022,IndiGo,6E208,HYD,18:40,6E216,HYD,19:20,A321neo,232,Domestic
OCC000409,2026-04-12,Sun,BDT-F023,IndiGo,6E616,CCU,19:10,6E617,CCU,19:50,A321neo,232,Domestic
OCC000410,2026-04-12,Sun,BDT-F024,IndiGo,6E5248,NMI,20:00,6E883,HYD,20:40,A321neo,232,Domestic
OCC000411,2026-04-12,Sun,BDT-F025,IndiGo,6E969,BLR,20:30,6E2772,BLR,21:10,A321neo,232,Domestic
OCC000412,2026-04-12,Sun,BDT-F026,IndiGo,6E384,HYD,20:40,6E385,HYD,21:20,A320neo,186,Domestic
OCC000413,2026-04-12,Sun,BDT-F027,Air India,AI1702,DEL,20:50,AI1802,DEL,21:30,A320ceo,180,Domestic
OCC000414,2026-04-12,Sun,BDT-F028,Air India Express,IX1373,VGA,21:40,IX1373,BLR,22:10,B737-800,189,Domestic
OCC000415,2026-04-12,Sun,BDT-F029,IndiGo,6E2213,DEL,22:05,6E6631,DEL,22:45,A321neo,232,Domestic
OCC000416,2026-04-13,Mon,BDT-F001,Air India Express,IX2064,BLR,07:30,IX2065,BLR,08:00,B737-800,189,Domestic
OCC000417,2026-04-13,Mon,BDT-F002,IndiGo,6E6425,DEL,07:40,6E6426,DEL,08:20,A320neo,186,Domestic
OCC000418,2026-04-13,Mon,BDT-F003,IndiGo,6E557,MAA,07:50,6E845,MAA,08:30,A320ceo,186,Domestic
OCC000419,2026-04-13,Mon,BDT-F004,Air India Express,IX2837,HYD,08:20,IX2745,HYD,08:50,B737-800,189,Domestic
OCC000420,2026-04-13,Mon,BDT-F005,IndiGo,6E6408,HYD,08:25,6E915,HYD,08:55,A320neo,186,Domestic
OCC000421,2026-04-13,Mon,BDT-F006,IndiGo,6E1443,AUH,08:20,6E1444,AUH,09:50,A320neo,186,International
OCC000422,2026-04-13,Mon,BDT-F007,Alliance Air,I7105,PYB,09:25,I7205,PYB,09:40,Cessna 208B,9,Domestic
OCC000423,2026-04-13,Mon,BDT-F008,IndiGo,6E714,HYD,10:05,6E6294,HYD,10:40,A320ceo,186,Domestic
OCC000424,2026-04-13,Mon,BDT-F009,IndiGo,6E7128,VGA,10:30,6E7129,VGA,11:00,ATR 72-600,78,Domestic
OCC000425,2026-04-13,Mon,BDT-F010,IndiGo,6E6181,MAA,11:35,6E881,MAA,12:15,A320neo,186,Domestic
OCC000426,2026-04-13,Mon,BDT-F011,IndiGo,6E879,HYD,12:20,6E6645,HYD,13:00,A320neo,186,Domestic
OCC000427,2026-04-13,Mon,BDT-F013,IndiGo,6E7064,TIR,13:25,6E7063,TIR,13:50,ATR 72-600,78,Domestic
OCC000428,2026-04-13,Mon,BDT-F014,IndiGo,6E6336,BLR,14:10,6E5309,BLR,14:55,A321neo,232,Domestic
OCC000429,2026-04-13,Mon,BDT-F015,IndiGo,6E409,HYD,14:25,6E5247,BOM,15:05,A321neo,232,Domestic
OCC000430,2026-04-13,Mon,BDT-F016,IndiGo,6E504,HYD,15:45,6E783,HYD,16:25,A321neo,232,Domestic
OCC000431,2026-04-13,Mon,BDT-F017,Air India Express,IX2819,HYD,15:55,IX2744,HYD,16:35,B737-800,189,Domestic
OCC000432,2026-04-13,Mon,BDT-F018,Air India,AI419,DEL,16:05,AI420,DEL,16:45,A321neo,182,Domestic
OCC000433,2026-04-13,Mon,BDT-F019,IndiGo,6E2698,MAA,17:55,6E6089,MAA,18:35,A321neo,232,Domestic
OCC000434,2026-04-13,Mon,BDT-F020,IndiGo,6E7361,UNK,18:20,6E7362,BBI,18:50,ATR 72-600,78,Domestic
OCC000435,2026-04-13,Mon,BDT-F021,Air India Express,IX2023,BLR,18:30,IX1358,VGA,19:00,B737-800,189,Domestic
OCC000436,2026-04-13,Mon,BDT-F022,IndiGo,6E208,HYD,18:40,6E216,HYD,19:20,A321neo,232,Domestic
OCC000437,2026-04-13,Mon,BDT-F023,IndiGo,6E616,CCU,19:10,6E617,CCU,19:50,A321neo,232,Domestic
OCC000438,2026-04-13,Mon,BDT-F024,IndiGo,6E5248,NMI,20:00,6E883,HYD,20:40,A321neo,232,Domestic
OCC000439,2026-04-13,Mon,BDT-F025,IndiGo,6E969,BLR,20:30,6E2772,BLR,21:10,A321neo,232,Domestic
OCC000440,2026-04-13,Mon,BDT-F026,IndiGo,6E384,HYD,20:40,6E385,HYD,21:20,A320neo,186,Domestic
OCC000441,2026-04-13,Mon,BDT-F027,Air India,AI1702,DEL,20:50,AI1802,DEL,21:30,A320ceo,180,Domestic
OCC000442,2026-04-13,Mon,BDT-F028,Air India Express,IX1373,VGA,21:40,IX1373,BLR,22:10,B737-800,189,Domestic
OCC000443,2026-04-13,Mon,BDT-F029,IndiGo,6E2213,DEL,22:05,6E6631,DEL,22:45,A321neo,232,Domestic
OCC000444,2026-04-13,Mon,BDT-F030,Scoot,TR784,SIN,22:15,TR785,SIN,23:00,A320neo,186,International
OCC000445,2026-04-14,Tue,BDT-F001,Air India Express,IX2064,BLR,07:30,IX2065,BLR,08:00,B737-800,189,Domestic
OCC000446,2026-04-14,Tue,BDT-F002,IndiGo,6E6425,DEL,07:40,6E6426,DEL,08:20,A320neo,186,Domestic
OCC000447,2026-04-14,Tue,BDT-F003,IndiGo,6E557,MAA,07:50,6E845,MAA,08:30,A320ceo,186,Domestic
OCC000448,2026-04-14,Tue,BDT-F004,Air India Express,IX2837,HYD,08:20,IX2745,HYD,08:50,B737-800,189,Domestic
OCC000449,2026-04-14,Tue,BDT-F005,IndiGo,6E6408,HYD,08:25,6E915,HYD,08:55,A320neo,186,Domestic
OCC000450,2026-04-14,Tue,BDT-F007,Alliance Air,I7105,PYB,09:25,I7205,PYB,09:40,Cessna 208B,9,Domestic
OCC000451,2026-04-14,Tue,BDT-F008,IndiGo,6E714,HYD,10:05,6E6294,HYD,10:40,A320ceo,186,Domestic
OCC000452,2026-04-14,Tue,BDT-F009,IndiGo,6E7128,VGA,10:30,6E7129,VGA,11:00,ATR 72-600,78,Domestic
OCC000453,2026-04-14,Tue,BDT-F010,IndiGo,6E6181,MAA,11:35,6E881,MAA,12:15,A320neo,186,Domestic
OCC000454,2026-04-14,Tue,BDT-F011,IndiGo,6E879,HYD,12:20,6E6645,HYD,13:00,A320neo,186,Domestic
OCC000455,2026-04-14,Tue,BDT-F012,IndiGo,6E7176,KJB,13:20,6E7177,KJB,13:40,ATR 72-600,78,Domestic
OCC000456,2026-04-14,Tue,BDT-F013,IndiGo,6E7064,TIR,13:25,6E7063,TIR,13:50,ATR 72-600,78,Domestic
OCC000457,2026-04-14,Tue,BDT-F014,IndiGo,6E6336,BLR,14:10,6E5309,BLR,14:55,A321neo,232,Domestic
OCC000458,2026-04-14,Tue,BDT-F015,IndiGo,6E409,HYD,14:25,6E5247,BOM,15:05,A321neo,232,Domestic
OCC000459,2026-04-14,Tue,BDT-F016,IndiGo,6E504,HYD,15:45,6E783,HYD,16:25,A321neo,232,Domestic
OCC000460,2026-04-14,Tue,BDT-F017,Air India Express,IX2819,HYD,15:55,IX2744,HYD,16:35,B737-800,189,Domestic
OCC000461,2026-04-14,Tue,BDT-F018,Air India,AI419,DEL,16:05,AI420,DEL,16:45,A321neo,182,Domestic
OCC000462,2026-04-14,Tue,BDT-F019,IndiGo,6E2698,MAA,17:55,6E6089,MAA,18:35,A321neo,232,Domestic
OCC000463,2026-04-14,Tue,BDT-F021,Air India Express,IX2023,BLR,18:30,IX1358,VGA,19:00,B737-800,189,Domestic
OCC000464,2026-04-14,Tue,BDT-F022,IndiGo,6E208,HYD,18:40,6E216,HYD,19:20,A321neo,232,Domestic
OCC000465,2026-04-14,Tue,BDT-F023,IndiGo,6E616,CCU,19:10,6E617,CCU,19:50,A321neo,232,Domestic
OCC000466,2026-04-14,Tue,BDT-F024,IndiGo,6E5248,NMI,20:00,6E883,HYD,20:40,A321neo,232,Domestic
OCC000467,2026-04-14,Tue,BDT-F025,IndiGo,6E969,BLR,20:30,6E2772,BLR,21:10,A321neo,232,Domestic
OCC000468,2026-04-14,Tue,BDT-F026,IndiGo,6E384,HYD,20:40,6E385,HYD,21:20,A320neo,186,Domestic
OCC000469,2026-04-14,Tue,BDT-F027,Air India,AI1702,DEL,20:50,AI1802,DEL,21:30,A320ceo,180,Domestic
OCC000470,2026-04-14,Tue,BDT-F028,Air India Express,IX1373,VGA,21:40,IX1373,BLR,22:10,B737-800,189,Domestic
OCC000471,2026-04-14,Tue,BDT-F029,IndiGo,6E2213,DEL,22:05,6E6631,DEL,22:45,A321neo,232,Domestic
OCC000472,2026-04-15,Wed,BDT-F002,IndiGo,6E6425,DEL,07:40,6E6426,DEL,08:20,A320neo,186,Domestic
OCC000473,2026-04-15,Wed,BDT-F003,IndiGo,6E557,MAA,07:50,6E845,MAA,08:30,A320ceo,186,Domestic
OCC000474,2026-04-15,Wed,BDT-F004,Air India Express,IX2837,HYD,08:20,IX2745,HYD,08:50,B737-800,189,Domestic
OCC000475,2026-04-15,Wed,BDT-F005,IndiGo,6E6408,HYD,08:25,6E915,HYD,08:55,A320neo,186,Domestic
OCC000476,2026-04-15,Wed,BDT-F006,IndiGo,6E1443,AUH,08:20,6E1444,AUH,09:50,A320neo,186,International
OCC000477,2026-04-15,Wed,BDT-F007,Alliance Air,I7105,PYB,09:25,I7205,PYB,09:40,Cessna 208B,9,Domestic
OCC000478,2026-04-15,Wed,BDT-F008,IndiGo,6E714,HYD,10:05,6E6294,HYD,10:40,A320ceo,186,Domestic
OCC000479,2026-04-15,Wed,BDT-F009,IndiGo,6E7128,VGA,10:30,6E7129,VGA,11:00,ATR 72-600,78,Domestic
OCC000480,2026-04-15,Wed,BDT-F010,IndiGo,6E6181,MAA,11:35,6E881,MAA,12:15,A320neo,186,Domestic
OCC000481,2026-04-15,Wed,BDT-F011,IndiGo,6E879,HYD,12:20,6E6645,HYD,13:00,A320neo,186,Domestic
OCC000482,2026-04-15,Wed,BDT-F013,IndiGo,6E7064,TIR,13:25,6E7063,TIR,13:50,ATR 72-600,78,Domestic
OCC000483,2026-04-15,Wed,BDT-F014,IndiGo,6E6336,BLR,14:10,6E5309,BLR,14:55,A321neo,232,Domestic
OCC000484,2026-04-15,Wed,BDT-F015,IndiGo,6E409,HYD,14:25,6E5247,BOM,15:05,A321neo,232,Domestic
OCC000485,2026-04-15,Wed,BDT-F016,IndiGo,6E504,HYD,15:45,6E783,HYD,16:25,A321neo,232,Domestic
OCC000486,2026-04-15,Wed,BDT-F017,Air India Express,IX2819,HYD,15:55,IX2744,HYD,16:35,B737-800,189,Domestic
OCC000487,2026-04-15,Wed,BDT-F018,Air India,AI419,DEL,16:05,AI420,DEL,16:45,A321neo,182,Domestic
OCC000488,2026-04-15,Wed,BDT-F019,IndiGo,6E2698,MAA,17:55,6E6089,MAA,18:35,A321neo,232,Domestic
OCC000489,2026-04-15,Wed,BDT-F020,IndiGo,6E7361,UNK,18:20,6E7362,BBI,18:50,ATR 72-600,78,Domestic
OCC000490,2026-04-15,Wed,BDT-F021,Air India Express,IX2023,BLR,18:30,IX1358,VGA,19:00,B737-800,189,Domestic
OCC000491,2026-04-15,Wed,BDT-F022,IndiGo,6E208,HYD,18:40,6E216,HYD,19:20,A321neo,232,Domestic
OCC000492,2026-04-15,Wed,BDT-F023,IndiGo,6E616,CCU,19:10,6E617,CCU,19:50,A321neo,232,Domestic
OCC000493,2026-04-15,Wed,BDT-F024,IndiGo,6E5248,NMI,20:00,6E883,HYD,20:40,A321neo,232,Domestic
OCC000494,2026-04-15,Wed,BDT-F025,IndiGo,6E969,BLR,20:30,6E2772,BLR,21:10,A321neo,232,Domestic
OCC000495,2026-04-15,Wed,BDT-F026,IndiGo,6E384,HYD,20:40,6E385,HYD,21:20,A320neo,186,Domestic
OCC000496,2026-04-15,Wed,BDT-F027,Air India,AI1702,DEL,20:50,AI1802,DEL,21:30,A320ceo,180,Domestic
OCC000497,2026-04-15,Wed,BDT-F028,Air India Express,IX1373,VGA,21:40,IX1373,BLR,22:10,B737-800,189,Domestic
OCC000498,2026-04-15,Wed,BDT-F029,IndiGo,6E2213,DEL,22:05,6E6631,DEL,22:45,A321neo,232,Domestic
OCC000499,2026-04-15,Wed,BDT-F030,Scoot,TR784,SIN,22:15,TR785,SIN,23:00,A320neo,186,International
OCC000500,2026-04-16,Thu,BDT-F001,Air India Express,IX2064,BLR,07:30,IX2065,BLR,08:00,B737-800,189,Domestic
OCC000501,2026-04-16,Thu,BDT-F002,IndiGo,6E6425,DEL,07:40,6E6426,DEL,08:20,A320neo,186,Domestic
OCC000502,2026-04-16,Thu,BDT-F003,IndiGo,6E557,MAA,07:50,6E845,MAA,08:30,A320ceo,186,Domestic
OCC000503,2026-04-16,Thu,BDT-F004,Air India Express,IX2837,HYD,08:20,IX2745,HYD,08:50,B737-800,189,Domestic
OCC000504,2026-04-16,Thu,BDT-F005,IndiGo,6E6408,HYD,08:25,6E915,HYD,08:55,A320neo,186,Domestic
OCC000505,2026-04-16,Thu,BDT-F007,Alliance Air,I7105,PYB,09:25,I7205,PYB,09:40,Cessna 208B,9,Domestic
OCC000506,2026-04-16,Thu,BDT-F008,IndiGo,6E714,HYD,10:05,6E6294,HYD,10:40,A320ceo,186,Domestic
OCC000507,2026-04-16,Thu,BDT-F009,IndiGo,6E7128,VGA,10:30,6E7129,VGA,11:00,ATR 72-600,78,Domestic
OCC000508,2026-04-16,Thu,BDT-F010,IndiGo,6E6181,MAA,11:35,6E881,MAA,12:15,A320neo,186,Domestic
OCC000509,2026-04-16,Thu,BDT-F011,IndiGo,6E879,HYD,12:20,6E6645,HYD,13:00,A320neo,186,Domestic
OCC000510,2026-04-16,Thu,BDT-F012,IndiGo,6E7176,KJB,13:20,6E7177,KJB,13:40,ATR 72-600,78,Domestic
OCC000511,2026-04-16,Thu,BDT-F013,IndiGo,6E7064,TIR,13:25,6E7063,TIR,13:50,ATR 72-600,78,Domestic
OCC000512,2026-04-16,Thu,BDT-F014,IndiGo,6E6336,BLR,14:10,6E5309,BLR,14:55,A321neo,232,Domestic
OCC000513,2026-04-16,Thu,BDT-F015,IndiGo,6E409,HYD,14:25,6E5247,BOM,15:05,A321neo,232,Domestic
OCC000514,2026-04-16,Thu,BDT-F016,IndiGo,6E504,HYD,15:45,6E783,HYD,16:25,A321neo,232,Domestic
OCC000515,2026-04-16,Thu,BDT-F017,Air India Express,IX2819,HYD,15:55,IX2744,HYD,16:35,B737-800,189,Domestic
OCC000516,2026-04-16,Thu,BDT-F018,Air India,AI419,DEL,16:05,AI420,DEL,16:45,A321neo,182,Domestic
OCC000517,2026-04-16,Thu,BDT-F019,IndiGo,6E2698,MAA,17:55,6E6089,MAA,18:35,A321neo,232,Domestic
OCC000518,2026-04-16,Thu,BDT-F021,Air India Express,IX2023,BLR,18:30,IX1358,VGA,19:00,B737-800,189,Domestic
OCC000519,2026-04-16,Thu,BDT-F022,IndiGo,6E208,HYD,18:40,6E216,HYD,19:20,A321neo,232,Domestic
OCC000520,2026-04-16,Thu,BDT-F023,IndiGo,6E616,CCU,19:10,6E617,CCU,19:50,A321neo,232,Domestic
OCC000521,2026-04-16,Thu,BDT-F024,IndiGo,6E5248,NMI,20:00,6E883,HYD,20:40,A321neo,232,Domestic
OCC000522,2026-04-16,Thu,BDT-F025,IndiGo,6E969,BLR,20:30,6E2772,BLR,21:10,A321neo,232,Domestic
OCC000523,2026-04-16,Thu,BDT-F026,IndiGo,6E384,HYD,20:40,6E385,HYD,21:20,A320neo,186,Domestic
OCC000524,2026-04-16,Thu,BDT-F027,Air India,AI1702,DEL,20:50,AI1802,DEL,21:30,A320ceo,180,Domestic
OCC000525,2026-04-16,Thu,BDT-F028,Air India Express,IX1373,VGA,21:40,IX1373,BLR,22:10,B737-800,189,Domestic
OCC000526,2026-04-16,Thu,BDT-F029,IndiGo,6E2213,DEL,22:05,6E6631,DEL,22:45,A321neo,232,Domestic
OCC000527,2026-04-17,Fri,BDT-F002,IndiGo,6E6425,DEL,07:40,6E6426,DEL,08:20,A320neo,186,Domestic
OCC000528,2026-04-17,Fri,BDT-F003,IndiGo,6E557,MAA,07:50,6E845,MAA,08:30,A320ceo,186,Domestic
OCC000529,2026-04-17,Fri,BDT-F004,Air India Express,IX2837,HYD,08:20,IX2745,HYD,08:50,B737-800,189,Domestic
OCC000530,2026-04-17,Fri,BDT-F005,IndiGo,6E6408,HYD,08:25,6E915,HYD,08:55,A320neo,186,Domestic
OCC000531,2026-04-17,Fri,BDT-F006,IndiGo,6E1443,AUH,08:20,6E1444,AUH,09:50,A320neo,186,International
OCC000532,2026-04-17,Fri,BDT-F007,Alliance Air,I7105,PYB,09:25,I7205,PYB,09:40,Cessna 208B,9,Domestic
OCC000533,2026-04-17,Fri,BDT-F008,IndiGo,6E714,HYD,10:05,6E6294,HYD,10:40,A320ceo,186,Domestic
OCC000534,2026-04-17,Fri,BDT-F009,IndiGo,6E7128,VGA,10:30,6E7129,VGA,11:00,ATR 72-600,78,Domestic
OCC000535,2026-04-17,Fri,BDT-F010,IndiGo,6E6181,MAA,11:35,6E881,MAA,12:15,A320neo,186,Domestic
OCC000536,2026-04-17,Fri,BDT-F011,IndiGo,6E879,HYD,12:20,6E6645,HYD,13:00,A320neo,186,Domestic
OCC000537,2026-04-17,Fri,BDT-F013,IndiGo,6E7064,TIR,13:25,6E7063,TIR,13:50,ATR 72-600,78,Domestic
OCC000538,2026-04-17,Fri,BDT-F014,IndiGo,6E6336,BLR,14:10,6E5309,BLR,14:55,A321neo,232,Domestic
OCC000539,2026-04-17,Fri,BDT-F015,IndiGo,6E409,HYD,14:25,6E5247,BOM,15:05,A321neo,232,Domestic
OCC000540,2026-04-17,Fri,BDT-F016,IndiGo,6E504,HYD,15:45,6E783,HYD,16:25,A321neo,232,Domestic
OCC000541,2026-04-17,Fri,BDT-F017,Air India Express,IX2819,HYD,15:55,IX2744,HYD,16:35,B737-800,189,Domestic
OCC000542,2026-04-17,Fri,BDT-F018,Air India,AI419,DEL,16:05,AI420,DEL,16:45,A321neo,182,Domestic
OCC000543,2026-04-17,Fri,BDT-F019,IndiGo,6E2698,MAA,17:55,6E6089,MAA,18:35,A321neo,232,Domestic
OCC000544,2026-04-17,Fri,BDT-F020,IndiGo,6E7361,UNK,18:20,6E7362,BBI,18:50,ATR 72-600,78,Domestic
OCC000545,2026-04-17,Fri,BDT-F021,Air India Express,IX2023,BLR,18:30,IX1358,VGA,19:00,B737-800,189,Domestic
OCC000546,2026-04-17,Fri,BDT-F022,IndiGo,6E208,HYD,18:40,6E216,HYD,19:20,A321neo,232,Domestic
OCC000547,2026-04-17,Fri,BDT-F023,IndiGo,6E616,CCU,19:10,6E617,CCU,19:50,A321neo,232,Domestic
OCC000548,2026-04-17,Fri,BDT-F024,IndiGo,6E5248,NMI,20:00,6E883,HYD,20:40,A321neo,232,Domestic
OCC000549,2026-04-17,Fri,BDT-F025,IndiGo,6E969,BLR,20:30,6E2772,BLR,21:10,A321neo,232,Domestic
OCC000550,2026-04-17,Fri,BDT-F026,IndiGo,6E384,HYD,20:40,6E385,HYD,21:20,A320neo,186,Domestic
OCC000551,2026-04-17,Fri,BDT-F027,Air India,AI1702,DEL,20:50,AI1802,DEL,21:30,A320ceo,180,Domestic
OCC000552,2026-04-17,Fri,BDT-F028,Air India Express,IX1373,VGA,21:40,IX1373,BLR,22:10,B737-800,189,Domestic
OCC000553,2026-04-17,Fri,BDT-F029,IndiGo,6E2213,DEL,22:05,6E6631,DEL,22:45,A321neo,232,Domestic
OCC000554,2026-04-17,Fri,BDT-F030,Scoot,TR784,SIN,22:15,TR785,SIN,23:00,A320neo,186,International
OCC000555,2026-04-18,Sat,BDT-F001,Air India Express,IX2064,BLR,07:30,IX2065,BLR,08:00,B737-800,189,Domestic
OCC000556,2026-04-18,Sat,BDT-F002,IndiGo,6E6425,DEL,07:40,6E6426,DEL,08:20,A320neo,186,Domestic
OCC000557,2026-04-18,Sat,BDT-F003,IndiGo,6E557,MAA,07:50,6E845,MAA,08:30,A320ceo,186,Domestic
OCC000558,2026-04-18,Sat,BDT-F004,Air India Express,IX2837,HYD,08:20,IX2745,HYD,08:50,B737-800,189,Domestic
OCC000559,2026-04-18,Sat,BDT-F005,IndiGo,6E6408,HYD,08:25,6E915,HYD,08:55,A320neo,186,Domestic
OCC000560,2026-04-18,Sat,BDT-F007,Alliance Air,I7105,PYB,09:25,I7205,PYB,09:40,Cessna 208B,9,Domestic
OCC000561,2026-04-18,Sat,BDT-F008,IndiGo,6E714,HYD,10:05,6E6294,HYD,10:40,A320ceo,186,Domestic
OCC000562,2026-04-18,Sat,BDT-F009,IndiGo,6E7128,VGA,10:30,6E7129,VGA,11:00,ATR 72-600,78,Domestic
OCC000563,2026-04-18,Sat,BDT-F010,IndiGo,6E6181,MAA,11:35,6E881,MAA,12:15,A320neo,186,Domestic
OCC000564,2026-04-18,Sat,BDT-F011,IndiGo,6E879,HYD,12:20,6E6645,HYD,13:00,A320neo,186,Domestic
OCC000565,2026-04-18,Sat,BDT-F012,IndiGo,6E7176,KJB,13:20,6E7177,KJB,13:40,ATR 72-600,78,Domestic
OCC000566,2026-04-18,Sat,BDT-F013,IndiGo,6E7064,TIR,13:25,6E7063,TIR,13:50,ATR 72-600,78,Domestic
OCC000567,2026-04-18,Sat,BDT-F014,IndiGo,6E6336,BLR,14:10,6E5309,BLR,14:55,A321neo,232,Domestic
OCC000568,2026-04-18,Sat,BDT-F015,IndiGo,6E409,HYD,14:25,6E5247,BOM,15:05,A321neo,232,Domestic
OCC000569,2026-04-18,Sat,BDT-F016,IndiGo,6E504,HYD,15:45,6E783,HYD,16:25,A321neo,232,Domestic
OCC000570,2026-04-18,Sat,BDT-F017,Air India Express,IX2819,HYD,15:55,IX2744,HYD,16:35,B737-800,189,Domestic
OCC000571,2026-04-18,Sat,BDT-F018,Air India,AI419,DEL,16:05,AI420,DEL,16:45,A321neo,182,Domestic
OCC000572,2026-04-18,Sat,BDT-F019,IndiGo,6E2698,MAA,17:55,6E6089,MAA,18:35,A321neo,232,Domestic
OCC000573,2026-04-18,Sat,BDT-F021,Air India Express,IX2023,BLR,18:30,IX1358,VGA,19:00,B737-800,189,Domestic
OCC000574,2026-04-18,Sat,BDT-F022,IndiGo,6E208,HYD,18:40,6E216,HYD,19:20,A321neo,232,Domestic
OCC000575,2026-04-18,Sat,BDT-F023,IndiGo,6E616,CCU,19:10,6E617,CCU,19:50,A321neo,232,Domestic
OCC000576,2026-04-18,Sat,BDT-F024,IndiGo,6E5248,NMI,20:00,6E883,HYD,20:40,A321neo,232,Domestic
OCC000577,2026-04-18,Sat,BDT-F025,IndiGo,6E969,BLR,20:30,6E2772,BLR,21:10,A321neo,232,Domestic
OCC000578,2026-04-18,Sat,BDT-F026,IndiGo,6E384,HYD,20:40,6E385,HYD,21:20,A320neo,186,Domestic
OCC000579,2026-04-18,Sat,BDT-F027,Air India,AI1702,DEL,20:50,AI1802,DEL,21:30,A320ceo,180,Domestic
OCC000580,2026-04-18,Sat,BDT-F028,Air India Express,IX1373,VGA,21:40,IX1373,BLR,22:10,B737-800,189,Domestic
OCC000581,2026-04-18,Sat,BDT-F029,IndiGo,6E2213,DEL,22:05,6E6631,DEL,22:45,A321neo,232,Domestic
OCC000582,2026-04-18,Sat,BDT-F030,Scoot,TR784,SIN,22:15,TR785,SIN,23:00,A320neo,186,International
OCC000583,2026-04-19,Sun,BDT-F002,IndiGo,6E6425,DEL,07:40,6E6426,DEL,08:20,A320neo,186,Domestic
OCC000584,2026-04-19,Sun,BDT-F003,IndiGo,6E557,MAA,07:50,6E845,MAA,08:30,A320ceo,186,Domestic
OCC000585,2026-04-19,Sun,BDT-F004,Air India Express,IX2837,HYD,08:20,IX2745,HYD,08:50,B737-800,189,Domestic
OCC000586,2026-04-19,Sun,BDT-F005,IndiGo,6E6408,HYD,08:25,6E915,HYD,08:55,A320neo,186,Domestic
OCC000587,2026-04-19,Sun,BDT-F006,IndiGo,6E1443,AUH,08:20,6E1444,AUH,09:50,A320neo,186,International
OCC000588,2026-04-19,Sun,BDT-F007,Alliance Air,I7105,PYB,09:25,I7205,PYB,09:40,Cessna 208B,9,Domestic
OCC000589,2026-04-19,Sun,BDT-F008,IndiGo,6E714,HYD,10:05,6E6294,HYD,10:40,A320ceo,186,Domestic
OCC000590,2026-04-19,Sun,BDT-F009,IndiGo,6E7128,VGA,10:30,6E7129,VGA,11:00,ATR 72-600,78,Domestic
OCC000591,2026-04-19,Sun,BDT-F010,IndiGo,6E6181,MAA,11:35,6E881,MAA,12:15,A320neo,186,Domestic
OCC000592,2026-04-19,Sun,BDT-F011,IndiGo,6E879,HYD,12:20,6E6645,HYD,13:00,A320neo,186,Domestic
OCC000593,2026-04-19,Sun,BDT-F013,IndiGo,6E7064,TIR,13:25,6E7063,TIR,13:50,ATR 72-600,78,Domestic
OCC000594,2026-04-19,Sun,BDT-F014,IndiGo,6E6336,BLR,14:10,6E5309,BLR,14:55,A321neo,232,Domestic
OCC000595,2026-04-19,Sun,BDT-F015,IndiGo,6E409,HYD,14:25,6E5247,BOM,15:05,A321neo,232,Domestic
OCC000596,2026-04-19,Sun,BDT-F016,IndiGo,6E504,HYD,15:45,6E783,HYD,16:25,A321neo,232,Domestic
OCC000597,2026-04-19,Sun,BDT-F017,Air India Express,IX2819,HYD,15:55,IX2744,HYD,16:35,B737-800,189,Domestic
OCC000598,2026-04-19,Sun,BDT-F018,Air India,AI419,DEL,16:05,AI420,DEL,16:45,A321neo,182,Domestic
OCC000599,2026-04-19,Sun,BDT-F019,IndiGo,6E2698,MAA,17:55,6E6089,MAA,18:35,A321neo,232,Domestic
OCC000600,2026-04-19,Sun,BDT-F020,IndiGo,6E7361,UNK,18:20,6E7362,BBI,18:50,ATR 72-600,78,Domestic
OCC000601,2026-04-19,Sun,BDT-F021,Air India Express,IX2023,BLR,18:30,IX1358,VGA,19:00,B737-800,189,Domestic
OCC000602,2026-04-19,Sun,BDT-F022,IndiGo,6E208,HYD,18:40,6E216,HYD,19:20,A321neo,232,Domestic
OCC000603,2026-04-19,Sun,BDT-F023,IndiGo,6E616,CCU,19:10,6E617,CCU,19:50,A321neo,232,Domestic
OCC000604,2026-04-19,Sun,BDT-F024,IndiGo,6E5248,NMI,20:00,6E883,HYD,20:40,A321neo,232,Domestic
OCC000605,2026-04-19,Sun,BDT-F025,IndiGo,6E969,BLR,20:30,6E2772,BLR,21:10,A321neo,232,Domestic
OCC000606,2026-04-19,Sun,BDT-F026,IndiGo,6E384,HYD,20:40,6E385,HYD,21:20,A320neo,186,Domestic
OCC000607,2026-04-19,Sun,BDT-F027,Air India,AI1702,DEL,20:50,AI1802,DEL,21:30,A320ceo,180,Domestic
OCC000608,2026-04-19,Sun,BDT-F028,Air India Express,IX1373,VGA,21:40,IX1373,BLR,22:10,B737-800,189,Domestic
OCC000609,2026-04-19,Sun,BDT-F029,IndiGo,6E2213,DEL,22:05,6E6631,DEL,22:45,A321neo,232,Domestic
OCC000610,2026-04-20,Mon,BDT-F001,Air India Express,IX2064,BLR,07:30,IX2065,BLR,08:00,B737-800,189,Domestic
OCC000611,2026-04-20,Mon,BDT-F002,IndiGo,6E6425,DEL,07:40,6E6426,DEL,08:20,A320neo,186,Domestic
OCC000612,2026-04-20,Mon,BDT-F003,IndiGo,6E557,MAA,07:50,6E845,MAA,08:30,A320ceo,186,Domestic
OCC000613,2026-04-20,Mon,BDT-F004,Air India Express,IX2837,HYD,08:20,IX2745,HYD,08:50,B737-800,189,Domestic
OCC000614,2026-04-20,Mon,BDT-F005,IndiGo,6E6408,HYD,08:25,6E915,HYD,08:55,A320neo,186,Domestic
OCC000615,2026-04-20,Mon,BDT-F006,IndiGo,6E1443,AUH,08:20,6E1444,AUH,09:50,A320neo,186,International
OCC000616,2026-04-20,Mon,BDT-F007,Alliance Air,I7105,PYB,09:25,I7205,PYB,09:40,Cessna 208B,9,Domestic
OCC000617,2026-04-20,Mon,BDT-F008,IndiGo,6E714,HYD,10:05,6E6294,HYD,10:40,A320ceo,186,Domestic
OCC000618,2026-04-20,Mon,BDT-F009,IndiGo,6E7128,VGA,10:30,6E7129,VGA,11:00,ATR 72-600,78,Domestic
OCC000619,2026-04-20,Mon,BDT-F010,IndiGo,6E6181,MAA,11:35,6E881,MAA,12:15,A320neo,186,Domestic
OCC000620,2026-04-20,Mon,BDT-F011,IndiGo,6E879,HYD,12:20,6E6645,HYD,13:00,A320neo,186,Domestic
OCC000621,2026-04-20,Mon,BDT-F013,IndiGo,6E7064,TIR,13:25,6E7063,TIR,13:50,ATR 72-600,78,Domestic
OCC000622,2026-04-20,Mon,BDT-F014,IndiGo,6E6336,BLR,14:10,6E5309,BLR,14:55,A321neo,232,Domestic
OCC000623,2026-04-20,Mon,BDT-F015,IndiGo,6E409,HYD,14:25,6E5247,BOM,15:05,A321neo,232,Domestic
OCC000624,2026-04-20,Mon,BDT-F016,IndiGo,6E504,HYD,15:45,6E783,HYD,16:25,A321neo,232,Domestic
OCC000625,2026-04-20,Mon,BDT-F017,Air India Express,IX2819,HYD,15:55,IX2744,HYD,16:35,B737-800,189,Domestic
OCC000626,2026-04-20,Mon,BDT-F018,Air India,AI419,DEL,16:05,AI420,DEL,16:45,A321neo,182,Domestic
OCC000627,2026-04-20,Mon,BDT-F019,IndiGo,6E2698,MAA,17:55,6E6089,MAA,18:35,A321neo,232,Domestic
OCC000628,2026-04-20,Mon,BDT-F020,IndiGo,6E7361,UNK,18:20,6E7362,BBI,18:50,ATR 72-600,78,Domestic
OCC000629,2026-04-20,Mon,BDT-F021,Air India Express,IX2023,BLR,18:30,IX1358,VGA,19:00,B737-800,189,Domestic
OCC000630,2026-04-20,Mon,BDT-F022,IndiGo,6E208,HYD,18:40,6E216,HYD,19:20,A321neo,232,Domestic
OCC000631,2026-04-20,Mon,BDT-F023,IndiGo,6E616,CCU,19:10,6E617,CCU,19:50,A321neo,232,Domestic
OCC000632,2026-04-20,Mon,BDT-F024,IndiGo,6E5248,NMI,20:00,6E883,HYD,20:40,A321neo,232,Domestic
OCC000633,2026-04-20,Mon,BDT-F025,IndiGo,6E969,BLR,20:30,6E2772,BLR,21:10,A321neo,232,Domestic
OCC000634,2026-04-20,Mon,BDT-F026,IndiGo,6E384,HYD,20:40,6E385,HYD,21:20,A320neo,186,Domestic
OCC000635,2026-04-20,Mon,BDT-F027,Air India,AI1702,DEL,20:50,AI1802,DEL,21:30,A320ceo,180,Domestic
OCC000636,2026-04-20,Mon,BDT-F028,Air India Express,IX1373,VGA,21:40,IX1373,BLR,22:10,B737-800,189,Domestic
OCC000637,2026-04-20,Mon,BDT-F029,IndiGo,6E2213,DEL,22:05,6E6631,DEL,22:45,A321neo,232,Domestic
OCC000638,2026-04-20,Mon,BDT-F030,Scoot,TR784,SIN,22:15,TR785,SIN,23:00,A320neo,186,International
OCC000639,2026-04-21,Tue,BDT-F001,Air India Express,IX2064,BLR,07:30,IX2065,BLR,08:00,B737-800,189,Domestic
OCC000640,2026-04-21,Tue,BDT-F002,IndiGo,6E6425,DEL,07:40,6E6426,DEL,08:20,A320neo,186,Domestic
OCC000641,2026-04-21,Tue,BDT-F003,IndiGo,6E557,MAA,07:50,6E845,MAA,08:30,A320ceo,186,Domestic
OCC000642,2026-04-21,Tue,BDT-F004,Air India Express,IX2837,HYD,08:20,IX2745,HYD,08:50,B737-800,189,Domestic
OCC000643,2026-04-21,Tue,BDT-F005,IndiGo,6E6408,HYD,08:25,6E915,HYD,08:55,A320neo,186,Domestic
OCC000644,2026-04-21,Tue,BDT-F007,Alliance Air,I7105,PYB,09:25,I7205,PYB,09:40,Cessna 208B,9,Domestic
OCC000645,2026-04-21,Tue,BDT-F008,IndiGo,6E714,HYD,10:05,6E6294,HYD,10:40,A320ceo,186,Domestic
OCC000646,2026-04-21,Tue,BDT-F009,IndiGo,6E7128,VGA,10:30,6E7129,VGA,11:00,ATR 72-600,78,Domestic
OCC000647,2026-04-21,Tue,BDT-F010,IndiGo,6E6181,MAA,11:35,6E881,MAA,12:15,A320neo,186,Domestic
OCC000648,2026-04-21,Tue,BDT-F011,IndiGo,6E879,HYD,12:20,6E6645,HYD,13:00,A320neo,186,Domestic
OCC000649,2026-04-21,Tue,BDT-F012,IndiGo,6E7176,KJB,13:20,6E7177,KJB,13:40,ATR 72-600,78,Domestic
OCC000650,2026-04-21,Tue,BDT-F013,IndiGo,6E7064,TIR,13:25,6E7063,TIR,13:50,ATR 72-600,78,Domestic
OCC000651,2026-04-21,Tue,BDT-F014,IndiGo,6E6336,BLR,14:10,6E5309,BLR,14:55,A321neo,232,Domestic
OCC000652,2026-04-21,Tue,BDT-F015,IndiGo,6E409,HYD,14:25,6E5247,BOM,15:05,A321neo,232,Domestic
OCC000653,2026-04-21,Tue,BDT-F016,IndiGo,6E504,HYD,15:45,6E783,HYD,16:25,A321neo,232,Domestic
OCC000654,2026-04-21,Tue,BDT-F017,Air India Express,IX2819,HYD,15:55,IX2744,HYD,16:35,B737-800,189,Domestic
OCC000655,2026-04-21,Tue,BDT-F018,Air India,AI419,DEL,16:05,AI420,DEL,16:45,A321neo,182,Domestic
OCC000656,2026-04-21,Tue,BDT-F019,IndiGo,6E2698,MAA,17:55,6E6089,MAA,18:35,A321neo,232,Domestic
OCC000657,2026-04-21,Tue,BDT-F021,Air India Express,IX2023,BLR,18:30,IX1358,VGA,19:00,B737-800,189,Domestic
OCC000658,2026-04-21,Tue,BDT-F022,IndiGo,6E208,HYD,18:40,6E216,HYD,19:20,A321neo,232,Domestic
OCC000659,2026-04-21,Tue,BDT-F023,IndiGo,6E616,CCU,19:10,6E617,CCU,19:50,A321neo,232,Domestic
OCC000660,2026-04-21,Tue,BDT-F024,IndiGo,6E5248,NMI,20:00,6E883,HYD,20:40,A321neo,232,Domestic
OCC000661,2026-04-21,Tue,BDT-F025,IndiGo,6E969,BLR,20:30,6E2772,BLR,21:10,A321neo,232,Domestic
OCC000662,2026-04-21,Tue,BDT-F026,IndiGo,6E384,HYD,20:40,6E385,HYD,21:20,A320neo,186,Domestic
OCC000663,2026-04-21,Tue,BDT-F027,Air India,AI1702,DEL,20:50,AI1802,DEL,21:30,A320ceo,180,Domestic
OCC000664,2026-04-21,Tue,BDT-F028,Air India Express,IX1373,VGA,21:40,IX1373,BLR,22:10,B737-800,189,Domestic
OCC000665,2026-04-21,Tue,BDT-F029,IndiGo,6E2213,DEL,22:05,6E6631,DEL,22:45,A321neo,232,Domestic
OCC000666,2026-04-22,Wed,BDT-F002,IndiGo,6E6425,DEL,07:40,6E6426,DEL,08:20,A320neo,186,Domestic
OCC000667,2026-04-22,Wed,BDT-F003,IndiGo,6E557,MAA,07:50,6E845,MAA,08:30,A320ceo,186,Domestic
OCC000668,2026-04-22,Wed,BDT-F004,Air India Express,IX2837,HYD,08:20,IX2745,HYD,08:50,B737-800,189,Domestic
OCC000669,2026-04-22,Wed,BDT-F005,IndiGo,6E6408,HYD,08:25,6E915,HYD,08:55,A320neo,186,Domestic
OCC000670,2026-04-22,Wed,BDT-F006,IndiGo,6E1443,AUH,08:20,6E1444,AUH,09:50,A320neo,186,International
OCC000671,2026-04-22,Wed,BDT-F007,Alliance Air,I7105,PYB,09:25,I7205,PYB,09:40,Cessna 208B,9,Domestic
OCC000672,2026-04-22,Wed,BDT-F008,IndiGo,6E714,HYD,10:05,6E6294,HYD,10:40,A320ceo,186,Domestic
OCC000673,2026-04-22,Wed,BDT-F009,IndiGo,6E7128,VGA,10:30,6E7129,VGA,11:00,ATR 72-600,78,Domestic
OCC000674,2026-04-22,Wed,BDT-F010,IndiGo,6E6181,MAA,11:35,6E881,MAA,12:15,A320neo,186,Domestic
OCC000675,2026-04-22,Wed,BDT-F011,IndiGo,6E879,HYD,12:20,6E6645,HYD,13:00,A320neo,186,Domestic
OCC000676,2026-04-22,Wed,BDT-F013,IndiGo,6E7064,TIR,13:25,6E7063,TIR,13:50,ATR 72-600,78,Domestic
OCC000677,2026-04-22,Wed,BDT-F014,IndiGo,6E6336,BLR,14:10,6E5309,BLR,14:55,A321neo,232,Domestic
OCC000678,2026-04-22,Wed,BDT-F015,IndiGo,6E409,HYD,14:25,6E5247,BOM,15:05,A321neo,232,Domestic
OCC000679,2026-04-22,Wed,BDT-F016,IndiGo,6E504,HYD,15:45,6E783,HYD,16:25,A321neo,232,Domestic
OCC000680,2026-04-22,Wed,BDT-F017,Air India Express,IX2819,HYD,15:55,IX2744,HYD,16:35,B737-800,189,Domestic
OCC000681,2026-04-22,Wed,BDT-F018,Air India,AI419,DEL,16:05,AI420,DEL,16:45,A321neo,182,Domestic
OCC000682,2026-04-22,Wed,BDT-F019,IndiGo,6E2698,MAA,17:55,6E6089,MAA,18:35,A321neo,232,Domestic
OCC000683,2026-04-22,Wed,BDT-F020,IndiGo,6E7361,UNK,18:20,6E7362,BBI,18:50,ATR 72-600,78,Domestic
OCC000684,2026-04-22,Wed,BDT-F021,Air India Express,IX2023,BLR,18:30,IX1358,VGA,19:00,B737-800,189,Domestic
OCC000685,2026-04-22,Wed,BDT-F022,IndiGo,6E208,HYD,18:40,6E216,HYD,19:20,A321neo,232,Domestic
OCC000686,2026-04-22,Wed,BDT-F023,IndiGo,6E616,CCU,19:10,6E617,CCU,19:50,A321neo,232,Domestic
OCC000687,2026-04-22,Wed,BDT-F024,IndiGo,6E5248,NMI,20:00,6E883,HYD,20:40,A321neo,232,Domestic
OCC000688,2026-04-22,Wed,BDT-F025,IndiGo,6E969,BLR,20:30,6E2772,BLR,21:10,A321neo,232,Domestic
OCC000689,2026-04-22,Wed,BDT-F026,IndiGo,6E384,HYD,20:40,6E385,HYD,21:20,A320neo,186,Domestic
OCC000690,2026-04-22,Wed,BDT-F027,Air India,AI1702,DEL,20:50,AI1802,DEL,21:30,A320ceo,180,Domestic
OCC000691,2026-04-22,Wed,BDT-F028,Air India Express,IX1373,VGA,21:40,IX1373,BLR,22:10,B737-800,189,Domestic
OCC000692,2026-04-22,Wed,BDT-F029,IndiGo,6E2213,DEL,22:05,6E6631,DEL,22:45,A321neo,232,Domestic
OCC000693,2026-04-22,Wed,BDT-F030,Scoot,TR784,SIN,22:15,TR785,SIN,23:00,A320neo,186,International
OCC000694,2026-04-23,Thu,BDT-F001,Air India Express,IX2064,BLR,07:30,IX2065,BLR,08:00,B737-800,189,Domestic
OCC000695,2026-04-23,Thu,BDT-F002,IndiGo,6E6425,DEL,07:40,6E6426,DEL,08:20,A320neo,186,Domestic
OCC000696,2026-04-23,Thu,BDT-F003,IndiGo,6E557,MAA,07:50,6E845,MAA,08:30,A320ceo,186,Domestic
OCC000697,2026-04-23,Thu,BDT-F004,Air India Express,IX2837,HYD,08:20,IX2745,HYD,08:50,B737-800,189,Domestic
OCC000698,2026-04-23,Thu,BDT-F005,IndiGo,6E6408,HYD,08:25,6E915,HYD,08:55,A320neo,186,Domestic
OCC000699,2026-04-23,Thu,BDT-F007,Alliance Air,I7105,PYB,09:25,I7205,PYB,09:40,Cessna 208B,9,Domestic
OCC000700,2026-04-23,Thu,BDT-F008,IndiGo,6E714,HYD,10:05,6E6294,HYD,10:40,A320ceo,186,Domestic
OCC000701,2026-04-23,Thu,BDT-F009,IndiGo,6E7128,VGA,10:30,6E7129,VGA,11:00,ATR 72-600,78,Domestic
OCC000702,2026-04-23,Thu,BDT-F010,IndiGo,6E6181,MAA,11:35,6E881,MAA,12:15,A320neo,186,Domestic
OCC000703,2026-04-23,Thu,BDT-F011,IndiGo,6E879,HYD,12:20,6E6645,HYD,13:00,A320neo,186,Domestic
OCC000704,2026-04-23,Thu,BDT-F012,IndiGo,6E7176,KJB,13:20,6E7177,KJB,13:40,ATR 72-600,78,Domestic
OCC000705,2026-04-23,Thu,BDT-F013,IndiGo,6E7064,TIR,13:25,6E7063,TIR,13:50,ATR 72-600,78,Domestic
OCC000706,2026-04-23,Thu,BDT-F014,IndiGo,6E6336,BLR,14:10,6E5309,BLR,14:55,A321neo,232,Domestic
OCC000707,2026-04-23,Thu,BDT-F015,IndiGo,6E409,HYD,14:25,6E5247,BOM,15:05,A321neo,232,Domestic
OCC000708,2026-04-23,Thu,BDT-F016,IndiGo,6E504,HYD,15:45,6E783,HYD,16:25,A321neo,232,Domestic
OCC000709,2026-04-23,Thu,BDT-F017,Air India Express,IX2819,HYD,15:55,IX2744,HYD,16:35,B737-800,189,Domestic
OCC000710,2026-04-23,Thu,BDT-F018,Air India,AI419,DEL,16:05,AI420,DEL,16:45,A321neo,182,Domestic
OCC000711,2026-04-23,Thu,BDT-F019,IndiGo,6E2698,MAA,17:55,6E6089,MAA,18:35,A321neo,232,Domestic
OCC000712,2026-04-23,Thu,BDT-F021,Air India Express,IX2023,BLR,18:30,IX1358,VGA,19:00,B737-800,189,Domestic
OCC000713,2026-04-23,Thu,BDT-F022,IndiGo,6E208,HYD,18:40,6E216,HYD,19:20,A321neo,232,Domestic
OCC000714,2026-04-23,Thu,BDT-F023,IndiGo,6E616,CCU,19:10,6E617,CCU,19:50,A321neo,232,Domestic
OCC000715,2026-04-23,Thu,BDT-F024,IndiGo,6E5248,NMI,20:00,6E883,HYD,20:40,A321neo,232,Domestic
OCC000716,2026-04-23,Thu,BDT-F025,IndiGo,6E969,BLR,20:30,6E2772,BLR,21:10,A321neo,232,Domestic
OCC000717,2026-04-23,Thu,BDT-F026,IndiGo,6E384,HYD,20:40,6E385,HYD,21:20,A320neo,186,Domestic
OCC000718,2026-04-23,Thu,BDT-F027,Air India,AI1702,DEL,20:50,AI1802,DEL,21:30,A320ceo,180,Domestic
OCC000719,2026-04-23,Thu,BDT-F028,Air India Express,IX1373,VGA,21:40,IX1373,BLR,22:10,B737-800,189,Domestic
OCC000720,2026-04-23,Thu,BDT-F029,IndiGo,6E2213,DEL,22:05,6E6631,DEL,22:45,A321neo,232,Domestic
OCC000721,2026-04-24,Fri,BDT-F002,IndiGo,6E6425,DEL,07:40,6E6426,DEL,08:20,A320neo,186,Domestic
OCC000722,2026-04-24,Fri,BDT-F003,IndiGo,6E557,MAA,07:50,6E845,MAA,08:30,A320ceo,186,Domestic
OCC000723,2026-04-24,Fri,BDT-F004,Air India Express,IX2837,HYD,08:20,IX2745,HYD,08:50,B737-800,189,Domestic
OCC000724,2026-04-24,Fri,BDT-F005,IndiGo,6E6408,HYD,08:25,6E915,HYD,08:55,A320neo,186,Domestic
OCC000725,2026-04-24,Fri,BDT-F006,IndiGo,6E1443,AUH,08:20,6E1444,AUH,09:50,A320neo,186,International
OCC000726,2026-04-24,Fri,BDT-F007,Alliance Air,I7105,PYB,09:25,I7205,PYB,09:40,Cessna 208B,9,Domestic
OCC000727,2026-04-24,Fri,BDT-F008,IndiGo,6E714,HYD,10:05,6E6294,HYD,10:40,A320ceo,186,Domestic
OCC000728,2026-04-24,Fri,BDT-F009,IndiGo,6E7128,VGA,10:30,6E7129,VGA,11:00,ATR 72-600,78,Domestic
OCC000729,2026-04-24,Fri,BDT-F010,IndiGo,6E6181,MAA,11:35,6E881,MAA,12:15,A320neo,186,Domestic
OCC000730,2026-04-24,Fri,BDT-F011,IndiGo,6E879,HYD,12:20,6E6645,HYD,13:00,A320neo,186,Domestic
OCC000731,2026-04-24,Fri,BDT-F013,IndiGo,6E7064,TIR,13:25,6E7063,TIR,13:50,ATR 72-600,78,Domestic
OCC000732,2026-04-24,Fri,BDT-F014,IndiGo,6E6336,BLR,14:10,6E5309,BLR,14:55,A321neo,232,Domestic
OCC000733,2026-04-24,Fri,BDT-F015,IndiGo,6E409,HYD,14:25,6E5247,BOM,15:05,A321neo,232,Domestic
OCC000734,2026-04-24,Fri,BDT-F016,IndiGo,6E504,HYD,15:45,6E783,HYD,16:25,A321neo,232,Domestic
OCC000735,2026-04-24,Fri,BDT-F017,Air India Express,IX2819,HYD,15:55,IX2744,HYD,16:35,B737-800,189,Domestic
OCC000736,2026-04-24,Fri,BDT-F018,Air India,AI419,DEL,16:05,AI420,DEL,16:45,A321neo,182,Domestic
OCC000737,2026-04-24,Fri,BDT-F019,IndiGo,6E2698,MAA,17:55,6E6089,MAA,18:35,A321neo,232,Domestic
OCC000738,2026-04-24,Fri,BDT-F020,IndiGo,6E7361,UNK,18:20,6E7362,BBI,18:50,ATR 72-600,78,Domestic
OCC000739,2026-04-24,Fri,BDT-F021,Air India Express,IX2023,BLR,18:30,IX1358,VGA,19:00,B737-800,189,Domestic
OCC000740,2026-04-24,Fri,BDT-F022,IndiGo,6E208,HYD,18:40,6E216,HYD,19:20,A321neo,232,Domestic
OCC000741,2026-04-24,Fri,BDT-F023,IndiGo,6E616,CCU,19:10,6E617,CCU,19:50,A321neo,232,Domestic
OCC000742,2026-04-24,Fri,BDT-F024,IndiGo,6E5248,NMI,20:00,6E883,HYD,20:40,A321neo,232,Domestic
OCC000743,2026-04-24,Fri,BDT-F025,IndiGo,6E969,BLR,20:30,6E2772,BLR,21:10,A321neo,232,Domestic
OCC000744,2026-04-24,Fri,BDT-F026,IndiGo,6E384,HYD,20:40,6E385,HYD,21:20,A320neo,186,Domestic
OCC000745,2026-04-24,Fri,BDT-F027,Air India,AI1702,DEL,20:50,AI1802,DEL,21:30,A320ceo,180,Domestic
OCC000746,2026-04-24,Fri,BDT-F028,Air India Express,IX1373,VGA,21:40,IX1373,BLR,22:10,B737-800,189,Domestic
OCC000747,2026-04-24,Fri,BDT-F029,IndiGo,6E2213,DEL,22:05,6E6631,DEL,22:45,A321neo,232,Domestic
OCC000748,2026-04-24,Fri,BDT-F030,Scoot,TR784,SIN,22:15,TR785,SIN,23:00,A320neo,186,International
OCC000749,2026-04-25,Sat,BDT-F001,Air India Express,IX2064,BLR,07:30,IX2065,BLR,08:00,B737-800,189,Domestic
OCC000750,2026-04-25,Sat,BDT-F002,IndiGo,6E6425,DEL,07:40,6E6426,DEL,08:20,A320neo,186,Domestic
OCC000751,2026-04-25,Sat,BDT-F003,IndiGo,6E557,MAA,07:50,6E845,MAA,08:30,A320ceo,186,Domestic
OCC000752,2026-04-25,Sat,BDT-F004,Air India Express,IX2837,HYD,08:20,IX2745,HYD,08:50,B737-800,189,Domestic
OCC000753,2026-04-25,Sat,BDT-F005,IndiGo,6E6408,HYD,08:25,6E915,HYD,08:55,A320neo,186,Domestic
OCC000754,2026-04-25,Sat,BDT-F007,Alliance Air,I7105,PYB,09:25,I7205,PYB,09:40,Cessna 208B,9,Domestic
OCC000755,2026-04-25,Sat,BDT-F008,IndiGo,6E714,HYD,10:05,6E6294,HYD,10:40,A320ceo,186,Domestic
OCC000756,2026-04-25,Sat,BDT-F009,IndiGo,6E7128,VGA,10:30,6E7129,VGA,11:00,ATR 72-600,78,Domestic
OCC000757,2026-04-25,Sat,BDT-F010,IndiGo,6E6181,MAA,11:35,6E881,MAA,12:15,A320neo,186,Domestic
OCC000758,2026-04-25,Sat,BDT-F011,IndiGo,6E879,HYD,12:20,6E6645,HYD,13:00,A320neo,186,Domestic
OCC000759,2026-04-25,Sat,BDT-F012,IndiGo,6E7176,KJB,13:20,6E7177,KJB,13:40,ATR 72-600,78,Domestic
OCC000760,2026-04-25,Sat,BDT-F013,IndiGo,6E7064,TIR,13:25,6E7063,TIR,13:50,ATR 72-600,78,Domestic
OCC000761,2026-04-25,Sat,BDT-F014,IndiGo,6E6336,BLR,14:10,6E5309,BLR,14:55,A321neo,232,Domestic
OCC000762,2026-04-25,Sat,BDT-F015,IndiGo,6E409,HYD,14:25,6E5247,BOM,15:05,A321neo,232,Domestic
OCC000763,2026-04-25,Sat,BDT-F016,IndiGo,6E504,HYD,15:45,6E783,HYD,16:25,A321neo,232,Domestic
OCC000764,2026-04-25,Sat,BDT-F017,Air India Express,IX2819,HYD,15:55,IX2744,HYD,16:35,B737-800,189,Domestic
OCC000765,2026-04-25,Sat,BDT-F018,Air India,AI419,DEL,16:05,AI420,DEL,16:45,A321neo,182,Domestic
OCC000766,2026-04-25,Sat,BDT-F019,IndiGo,6E2698,MAA,17:55,6E6089,MAA,18:35,A321neo,232,Domestic
OCC000767,2026-04-25,Sat,BDT-F021,Air India Express,IX2023,BLR,18:30,IX1358,VGA,19:00,B737-800,189,Domestic
OCC000768,2026-04-25,Sat,BDT-F022,IndiGo,6E208,HYD,18:40,6E216,HYD,19:20,A321neo,232,Domestic
OCC000769,2026-04-25,Sat,BDT-F023,IndiGo,6E616,CCU,19:10,6E617,CCU,19:50,A321neo,232,Domestic
OCC000770,2026-04-25,Sat,BDT-F024,IndiGo,6E5248,NMI,20:00,6E883,HYD,20:40,A321neo,232,Domestic
OCC000771,2026-04-25,Sat,BDT-F025,IndiGo,6E969,BLR,20:30,6E2772,BLR,21:10,A321neo,232,Domestic
OCC000772,2026-04-25,Sat,BDT-F026,IndiGo,6E384,HYD,20:40,6E385,HYD,21:20,A320neo,186,Domestic
OCC000773,2026-04-25,Sat,BDT-F027,Air India,AI1702,DEL,20:50,AI1802,DEL,21:30,A320ceo,180,Domestic
OCC000774,2026-04-25,Sat,BDT-F028,Air India Express,IX1373,VGA,21:40,IX1373,BLR,22:10,B737-800,189,Domestic
OCC000775,2026-04-25,Sat,BDT-F029,IndiGo,6E2213,DEL,22:05,6E6631,DEL,22:45,A321neo,232,Domestic
OCC000776,2026-04-25,Sat,BDT-F030,Scoot,TR784,SIN,22:15,TR785,SIN,23:00,A320neo,186,International
OCC000777,2026-04-26,Sun,BDT-F002,IndiGo,6E6425,DEL,07:40,6E6426,DEL,08:20,A320neo,186,Domestic
OCC000778,2026-04-26,Sun,BDT-F003,IndiGo,6E557,MAA,07:50,6E845,MAA,08:30,A320ceo,186,Domestic
OCC000779,2026-04-26,Sun,BDT-F004,Air India Express,IX2837,HYD,08:20,IX2745,HYD,08:50,B737-800,189,Domestic
OCC000780,2026-04-26,Sun,BDT-F005,IndiGo,6E6408,HYD,08:25,6E915,HYD,08:55,A320neo,186,Domestic
OCC000781,2026-04-26,Sun,BDT-F006,IndiGo,6E1443,AUH,08:20,6E1444,AUH,09:50,A320neo,186,International
OCC000782,2026-04-26,Sun,BDT-F007,Alliance Air,I7105,PYB,09:25,I7205,PYB,09:40,Cessna 208B,9,Domestic
OCC000783,2026-04-26,Sun,BDT-F008,IndiGo,6E714,HYD,10:05,6E6294,HYD,10:40,A320ceo,186,Domestic
OCC000784,2026-04-26,Sun,BDT-F009,IndiGo,6E7128,VGA,10:30,6E7129,VGA,11:00,ATR 72-600,78,Domestic
OCC000785,2026-04-26,Sun,BDT-F010,IndiGo,6E6181,MAA,11:35,6E881,MAA,12:15,A320neo,186,Domestic
OCC000786,2026-04-26,Sun,BDT-F011,IndiGo,6E879,HYD,12:20,6E6645,HYD,13:00,A320neo,186,Domestic
OCC000787,2026-04-26,Sun,BDT-F013,IndiGo,6E7064,TIR,13:25,6E7063,TIR,13:50,ATR 72-600,78,Domestic
OCC000788,2026-04-26,Sun,BDT-F014,IndiGo,6E6336,BLR,14:10,6E5309,BLR,14:55,A321neo,232,Domestic
OCC000789,2026-04-26,Sun,BDT-F015,IndiGo,6E409,HYD,14:25,6E5247,BOM,15:05,A321neo,232,Domestic
OCC000790,2026-04-26,Sun,BDT-F016,IndiGo,6E504,HYD,15:45,6E783,HYD,16:25,A321neo,232,Domestic
OCC000791,2026-04-26,Sun,BDT-F017,Air India Express,IX2819,HYD,15:55,IX2744,HYD,16:35,B737-800,189,Domestic
OCC000792,2026-04-26,Sun,BDT-F018,Air India,AI419,DEL,16:05,AI420,DEL,16:45,A321neo,182,Domestic
OCC000793,2026-04-26,Sun,BDT-F019,IndiGo,6E2698,MAA,17:55,6E6089,MAA,18:35,A321neo,232,Domestic
OCC000794,2026-04-26,Sun,BDT-F020,IndiGo,6E7361,UNK,18:20,6E7362,BBI,18:50,ATR 72-600,78,Domestic
OCC000795,2026-04-26,Sun,BDT-F021,Air India Express,IX2023,BLR,18:30,IX1358,VGA,19:00,B737-800,189,Domestic
OCC000796,2026-04-26,Sun,BDT-F022,IndiGo,6E208,HYD,18:40,6E216,HYD,19:20,A321neo,232,Domestic
OCC000797,2026-04-26,Sun,BDT-F023,IndiGo,6E616,CCU,19:10,6E617,CCU,19:50,A321neo,232,Domestic
OCC000798,2026-04-26,Sun,BDT-F024,IndiGo,6E5248,NMI,20:00,6E883,HYD,20:40,A321neo,232,Domestic
OCC000799,2026-04-26,Sun,BDT-F025,IndiGo,6E969,BLR,20:30,6E2772,BLR,21:10,A321neo,232,Domestic
OCC000800,2026-04-26,Sun,BDT-F026,IndiGo,6E384,HYD,20:40,6E385,HYD,21:20,A320neo,186,Domestic
OCC000801,2026-04-26,Sun,BDT-F027,Air India,AI1702,DEL,20:50,AI1802,DEL,21:30,A320ceo,180,Domestic
OCC000802,2026-04-26,Sun,BDT-F028,Air India Express,IX1373,VGA,21:40,IX1373,BLR,22:10,B737-800,189,Domestic
OCC000803,2026-04-26,Sun,BDT-F029,IndiGo,6E2213,DEL,22:05,6E6631,DEL,22:45,A321neo,232,Domestic
OCC000804,2026-04-27,Mon,BDT-F001,Air India Express,IX2064,BLR,07:30,IX2065,BLR,08:00,B737-800,189,Domestic
OCC000805,2026-04-27,Mon,BDT-F002,IndiGo,6E6425,DEL,07:40,6E6426,DEL,08:20,A320neo,186,Domestic
OCC000806,2026-04-27,Mon,BDT-F003,IndiGo,6E557,MAA,07:50,6E845,MAA,08:30,A320ceo,186,Domestic
OCC000807,2026-04-27,Mon,BDT-F004,Air India Express,IX2837,HYD,08:20,IX2745,HYD,08:50,B737-800,189,Domestic
OCC000808,2026-04-27,Mon,BDT-F005,IndiGo,6E6408,HYD,08:25,6E915,HYD,08:55,A320neo,186,Domestic
OCC000809,2026-04-27,Mon,BDT-F006,IndiGo,6E1443,AUH,08:20,6E1444,AUH,09:50,A320neo,186,International
OCC000810,2026-04-27,Mon,BDT-F007,Alliance Air,I7105,PYB,09:25,I7205,PYB,09:40,Cessna 208B,9,Domestic
OCC000811,2026-04-27,Mon,BDT-F008,IndiGo,6E714,HYD,10:05,6E6294,HYD,10:40,A320ceo,186,Domestic
OCC000812,2026-04-27,Mon,BDT-F009,IndiGo,6E7128,VGA,10:30,6E7129,VGA,11:00,ATR 72-600,78,Domestic
OCC000813,2026-04-27,Mon,BDT-F010,IndiGo,6E6181,MAA,11:35,6E881,MAA,12:15,A320neo,186,Domestic
OCC000814,2026-04-27,Mon,BDT-F011,IndiGo,6E879,HYD,12:20,6E6645,HYD,13:00,A320neo,186,Domestic
OCC000815,2026-04-27,Mon,BDT-F013,IndiGo,6E7064,TIR,13:25,6E7063,TIR,13:50,ATR 72-600,78,Domestic
OCC000816,2026-04-27,Mon,BDT-F014,IndiGo,6E6336,BLR,14:10,6E5309,BLR,14:55,A321neo,232,Domestic
OCC000817,2026-04-27,Mon,BDT-F015,IndiGo,6E409,HYD,14:25,6E5247,BOM,15:05,A321neo,232,Domestic
OCC000818,2026-04-27,Mon,BDT-F016,IndiGo,6E504,HYD,15:45,6E783,HYD,16:25,A321neo,232,Domestic
OCC000819,2026-04-27,Mon,BDT-F017,Air India Express,IX2819,HYD,15:55,IX2744,HYD,16:35,B737-800,189,Domestic
OCC000820,2026-04-27,Mon,BDT-F018,Air India,AI419,DEL,16:05,AI420,DEL,16:45,A321neo,182,Domestic
OCC000821,2026-04-27,Mon,BDT-F019,IndiGo,6E2698,MAA,17:55,6E6089,MAA,18:35,A321neo,232,Domestic
OCC000822,2026-04-27,Mon,BDT-F020,IndiGo,6E7361,UNK,18:20,6E7362,BBI,18:50,ATR 72-600,78,Domestic
OCC000823,2026-04-27,Mon,BDT-F021,Air India Express,IX2023,BLR,18:30,IX1358,VGA,19:00,B737-800,189,Domestic
OCC000824,2026-04-27,Mon,BDT-F022,IndiGo,6E208,HYD,18:40,6E216,HYD,19:20,A321neo,232,Domestic
OCC000825,2026-04-27,Mon,BDT-F023,IndiGo,6E616,CCU,19:10,6E617,CCU,19:50,A321neo,232,Domestic
OCC000826,2026-04-27,Mon,BDT-F024,IndiGo,6E5248,NMI,20:00,6E883,HYD,20:40,A321neo,232,Domestic
OCC000827,2026-04-27,Mon,BDT-F025,IndiGo,6E969,BLR,20:30,6E2772,BLR,21:10,A321neo,232,Domestic
OCC000828,2026-04-27,Mon,BDT-F026,IndiGo,6E384,HYD,20:40,6E385,HYD,21:20,A320neo,186,Domestic
OCC000829,2026-04-27,Mon,BDT-F027,Air India,AI1702,DEL,20:50,AI1802,DEL,21:30,A320ceo,180,Domestic
OCC000830,2026-04-27,Mon,BDT-F028,Air India Express,IX1373,VGA,21:40,IX1373,BLR,22:10,B737-800,189,Domestic
OCC000831,2026-04-27,Mon,BDT-F029,IndiGo,6E2213,DEL,22:05,6E6631,DEL,22:45,A321neo,232,Domestic
OCC000832,2026-04-27,Mon,BDT-F030,Scoot,TR784,SIN,22:15,TR785,SIN,23:00,A320neo,186,International
OCC000833,2026-04-28,Tue,BDT-F001,Air India Express,IX2064,BLR,07:30,IX2065,BLR,08:00,B737-800,189,Domestic
OCC000834,2026-04-28,Tue,BDT-F002,IndiGo,6E6425,DEL,07:40,6E6426,DEL,08:20,A320neo,186,Domestic
OCC000835,2026-04-28,Tue,BDT-F003,IndiGo,6E557,MAA,07:50,6E845,MAA,08:30,A320ceo,186,Domestic
OCC000836,2026-04-28,Tue,BDT-F004,Air India Express,IX2837,HYD,08:20,IX2745,HYD,08:50,B737-800,189,Domestic
OCC000837,2026-04-28,Tue,BDT-F005,IndiGo,6E6408,HYD,08:25,6E915,HYD,08:55,A320neo,186,Domestic
OCC000838,2026-04-28,Tue,BDT-F007,Alliance Air,I7105,PYB,09:25,I7205,PYB,09:40,Cessna 208B,9,Domestic
OCC000839,2026-04-28,Tue,BDT-F008,IndiGo,6E714,HYD,10:05,6E6294,HYD,10:40,A320ceo,186,Domestic
OCC000840,2026-04-28,Tue,BDT-F009,IndiGo,6E7128,VGA,10:30,6E7129,VGA,11:00,ATR 72-600,78,Domestic
OCC000841,2026-04-28,Tue,BDT-F010,IndiGo,6E6181,MAA,11:35,6E881,MAA,12:15,A320neo,186,Domestic
OCC000842,2026-04-28,Tue,BDT-F011,IndiGo,6E879,HYD,12:20,6E6645,HYD,13:00,A320neo,186,Domestic
OCC000843,2026-04-28,Tue,BDT-F012,IndiGo,6E7176,KJB,13:20,6E7177,KJB,13:40,ATR 72-600,78,Domestic
OCC000844,2026-04-28,Tue,BDT-F013,IndiGo,6E7064,TIR,13:25,6E7063,TIR,13:50,ATR 72-600,78,Domestic
OCC000845,2026-04-28,Tue,BDT-F014,IndiGo,6E6336,BLR,14:10,6E5309,BLR,14:55,A321neo,232,Domestic
OCC000846,2026-04-28,Tue,BDT-F015,IndiGo,6E409,HYD,14:25,6E5247,BOM,15:05,A321neo,232,Domestic
OCC000847,2026-04-28,Tue,BDT-F016,IndiGo,6E504,HYD,15:45,6E783,HYD,16:25,A321neo,232,Domestic
OCC000848,2026-04-28,Tue,BDT-F017,Air India Express,IX2819,HYD,15:55,IX2744,HYD,16:35,B737-800,189,Domestic
OCC000849,2026-04-28,Tue,BDT-F018,Air India,AI419,DEL,16:05,AI420,DEL,16:45,A321neo,182,Domestic
OCC000850,2026-04-28,Tue,BDT-F019,IndiGo,6E2698,MAA,17:55,6E6089,MAA,18:35,A321neo,232,Domestic
OCC000851,2026-04-28,Tue,BDT-F021,Air India Express,IX2023,BLR,18:30,IX1358,VGA,19:00,B737-800,189,Domestic
OCC000852,2026-04-28,Tue,BDT-F022,IndiGo,6E208,HYD,18:40,6E216,HYD,19:20,A321neo,232,Domestic
OCC000853,2026-04-28,Tue,BDT-F023,IndiGo,6E616,CCU,19:10,6E617,CCU,19:50,A321neo,232,Domestic
OCC000854,2026-04-28,Tue,BDT-F024,IndiGo,6E5248,NMI,20:00,6E883,HYD,20:40,A321neo,232,Domestic
OCC000855,2026-04-28,Tue,BDT-F025,IndiGo,6E969,BLR,20:30,6E2772,BLR,21:10,A321neo,232,Domestic
OCC000856,2026-04-28,Tue,BDT-F026,IndiGo,6E384,HYD,20:40,6E385,HYD,21:20,A320neo,186,Domestic
OCC000857,2026-04-28,Tue,BDT-F027,Air India,AI1702,DEL,20:50,AI1802,DEL,21:30,A320ceo,180,Domestic
OCC000858,2026-04-28,Tue,BDT-F028,Air India Express,IX1373,VGA,21:40,IX1373,BLR,22:10,B737-800,189,Domestic
OCC000859,2026-04-28,Tue,BDT-F029,IndiGo,6E2213,DEL,22:05,6E6631,DEL,22:45,A321neo,232,Domestic
OCC000860,2026-04-29,Wed,BDT-F002,IndiGo,6E6425,DEL,07:40,6E6426,DEL,08:20,A320neo,186,Domestic
OCC000861,2026-04-29,Wed,BDT-F003,IndiGo,6E557,MAA,07:50,6E845,MAA,08:30,A320ceo,186,Domestic
OCC000862,2026-04-29,Wed,BDT-F004,Air India Express,IX2837,HYD,08:20,IX2745,HYD,08:50,B737-800,189,Domestic
OCC000863,2026-04-29,Wed,BDT-F005,IndiGo,6E6408,HYD,08:25,6E915,HYD,08:55,A320neo,186,Domestic
OCC000864,2026-04-29,Wed,BDT-F006,IndiGo,6E1443,AUH,08:20,6E1444,AUH,09:50,A320neo,186,International
OCC000865,2026-04-29,Wed,BDT-F007,Alliance Air,I7105,PYB,09:25,I7205,PYB,09:40,Cessna 208B,9,Domestic
OCC000866,2026-04-29,Wed,BDT-F008,IndiGo,6E714,HYD,10:05,6E6294,HYD,10:40,A320ceo,186,Domestic
OCC000867,2026-04-29,Wed,BDT-F009,IndiGo,6E7128,VGA,10:30,6E7129,VGA,11:00,ATR 72-600,78,Domestic
OCC000868,2026-04-29,Wed,BDT-F010,IndiGo,6E6181,MAA,11:35,6E881,MAA,12:15,A320neo,186,Domestic
OCC000869,2026-04-29,Wed,BDT-F011,IndiGo,6E879,HYD,12:20,6E6645,HYD,13:00,A320neo,186,Domestic
OCC000870,2026-04-29,Wed,BDT-F013,IndiGo,6E7064,TIR,13:25,6E7063,TIR,13:50,ATR 72-600,78,Domestic
OCC000871,2026-04-29,Wed,BDT-F014,IndiGo,6E6336,BLR,14:10,6E5309,BLR,14:55,A321neo,232,Domestic
OCC000872,2026-04-29,Wed,BDT-F015,IndiGo,6E409,HYD,14:25,6E5247,BOM,15:05,A321neo,232,Domestic
OCC000873,2026-04-29,Wed,BDT-F016,IndiGo,6E504,HYD,15:45,6E783,HYD,16:25,A321neo,232,Domestic
OCC000874,2026-04-29,Wed,BDT-F017,Air India Express,IX2819,HYD,15:55,IX2744,HYD,16:35,B737-800,189,Domestic
OCC000875,2026-04-29,Wed,BDT-F018,Air India,AI419,DEL,16:05,AI420,DEL,16:45,A321neo,182,Domestic
OCC000876,2026-04-29,Wed,BDT-F019,IndiGo,6E2698,MAA,17:55,6E6089,MAA,18:35,A321neo,232,Domestic
OCC000877,2026-04-29,Wed,BDT-F020,IndiGo,6E7361,UNK,18:20,6E7362,BBI,18:50,ATR 72-600,78,Domestic
OCC000878,2026-04-29,Wed,BDT-F021,Air India Express,IX2023,BLR,18:30,IX1358,VGA,19:00,B737-800,189,Domestic
OCC000879,2026-04-29,Wed,BDT-F022,IndiGo,6E208,HYD,18:40,6E216,HYD,19:20,A321neo,232,Domestic
OCC000880,2026-04-29,Wed,BDT-F023,IndiGo,6E616,CCU,19:10,6E617,CCU,19:50,A321neo,232,Domestic
OCC000881,2026-04-29,Wed,BDT-F024,IndiGo,6E5248,NMI,20:00,6E883,HYD,20:40,A321neo,232,Domestic
OCC000882,2026-04-29,Wed,BDT-F025,IndiGo,6E969,BLR,20:30,6E2772,BLR,21:10,A321neo,232,Domestic
OCC000883,2026-04-29,Wed,BDT-F026,IndiGo,6E384,HYD,20:40,6E385,HYD,21:20,A320neo,186,Domestic
OCC000884,2026-04-29,Wed,BDT-F027,Air India,AI1702,DEL,20:50,AI1802,DEL,21:30,A320ceo,180,Domestic
OCC000885,2026-04-29,Wed,BDT-F028,Air India Express,IX1373,VGA,21:40,IX1373,BLR,22:10,B737-800,189,Domestic
OCC000886,2026-04-29,Wed,BDT-F029,IndiGo,6E2213,DEL,22:05,6E6631,DEL,22:45,A321neo,232,Domestic
OCC000887,2026-04-29,Wed,BDT-F030,Scoot,TR784,SIN,22:15,TR785,SIN,23:00,A320neo,186,International
OCC000888,2026-04-30,Thu,BDT-F001,Air India Express,IX2064,BLR,07:30,IX2065,BLR,08:00,B737-800,189,Domestic
OCC000889,2026-04-30,Thu,BDT-F002,IndiGo,6E6425,DEL,07:40,6E6426,DEL,08:20,A320neo,186,Domestic
OCC000890,2026-04-30,Thu,BDT-F003,IndiGo,6E557,MAA,07:50,6E845,MAA,08:30,A320ceo,186,Domestic
OCC000891,2026-04-30,Thu,BDT-F004,Air India Express,IX2837,HYD,08:20,IX2745,HYD,08:50,B737-800,189,Domestic
OCC000892,2026-04-30,Thu,BDT-F005,IndiGo,6E6408,HYD,08:25,6E915,HYD,08:55,A320neo,186,Domestic
OCC000893,2026-04-30,Thu,BDT-F007,Alliance Air,I7105,PYB,09:25,I7205,PYB,09:40,Cessna 208B,9,Domestic
OCC000894,2026-04-30,Thu,BDT-F008,IndiGo,6E714,HYD,10:05,6E6294,HYD,10:40,A320ceo,186,Domestic
OCC000895,2026-04-30,Thu,BDT-F009,IndiGo,6E7128,VGA,10:30,6E7129,VGA,11:00,ATR 72-600,78,Domestic
OCC000896,2026-04-30,Thu,BDT-F010,IndiGo,6E6181,MAA,11:35,6E881,MAA,12:15,A320neo,186,Domestic
OCC000897,2026-04-30,Thu,BDT-F011,IndiGo,6E879,HYD,12:20,6E6645,HYD,13:00,A320neo,186,Domestic
OCC000898,2026-04-30,Thu,BDT-F012,IndiGo,6E7176,KJB,13:20,6E7177,KJB,13:40,ATR 72-600,78,Domestic
OCC000899,2026-04-30,Thu,BDT-F013,IndiGo,6E7064,TIR,13:25,6E7063,TIR,13:50,ATR 72-600,78,Domestic
OCC000900,2026-04-30,Thu,BDT-F014,IndiGo,6E6336,BLR,14:10,6E5309,BLR,14:55,A321neo,232,Domestic
OCC000901,2026-04-30,Thu,BDT-F015,IndiGo,6E409,HYD,14:25,6E5247,BOM,15:05,A321neo,232,Domestic
OCC000902,2026-04-30,Thu,BDT-F016,IndiGo,6E504,HYD,15:45,6E783,HYD,16:25,A321neo,232,Domestic
OCC000903,2026-04-30,Thu,BDT-F017,Air India Express,IX2819,HYD,15:55,IX2744,HYD,16:35,B737-800,189,Domestic
OCC000904,2026-04-30,Thu,BDT-F018,Air India,AI419,DEL,16:05,AI420,DEL,16:45,A321neo,182,Domestic
OCC000905,2026-04-30,Thu,BDT-F019,IndiGo,6E2698,MAA,17:55,6E6089,MAA,18:35,A321neo,232,Domestic
OCC000906,2026-04-30,Thu,BDT-F021,Air India Express,IX2023,BLR,18:30,IX1358,VGA,19:00,B737-800,189,Domestic
OCC000907,2026-04-30,Thu,BDT-F022,IndiGo,6E208,HYD,18:40,6E216,HYD,19:20,A321neo,232,Domestic
OCC000908,2026-04-30,Thu,BDT-F023,IndiGo,6E616,CCU,19:10,6E617,CCU,19:50,A321neo,232,Domestic
OCC000909,2026-04-30,Thu,BDT-F024,IndiGo,6E5248,NMI,20:00,6E883,HYD,20:40,A321neo,232,Domestic
OCC000910,2026-04-30,Thu,BDT-F025,IndiGo,6E969,BLR,20:30,6E2772,BLR,21:10,A321neo,232,Domestic
OCC000911,2026-04-30,Thu,BDT-F026,IndiGo,6E384,HYD,20:40,6E385,HYD,21:20,A320neo,186,Domestic
OCC000912,2026-04-30,Thu,BDT-F027,Air India,AI1702,DEL,20:50,AI1802,DEL,21:30,A320ceo,180,Domestic
OCC000913,2026-04-30,Thu,BDT-F028,Air India Express,IX1373,VGA,21:40,IX1373,BLR,22:10,B737-800,189,Domestic
OCC000914,2026-04-30,Thu,BDT-F029,IndiGo,6E2213,DEL,22:05,6E6631,DEL,22:45,A321neo,232,Domestic
OCC000915,2026-05-01,Fri,BDT-F002,IndiGo,6E6425,DEL,07:40,6E6426,DEL,08:20,A320neo,186,Domestic
OCC000916,2026-05-01,Fri,BDT-F003,IndiGo,6E557,MAA,07:50,6E845,MAA,08:30,A320ceo,186,Domestic
OCC000917,2026-05-01,Fri,BDT-F004,Air India Express,IX2837,HYD,08:20,IX2745,HYD,08:50,B737-800,189,Domestic
OCC000918,2026-05-01,Fri,BDT-F005,IndiGo,6E6408,HYD,08:25,6E915,HYD,08:55,A320neo,186,Domestic
OCC000919,2026-05-01,Fri,BDT-F006,IndiGo,6E1443,AUH,08:20,6E1444,AUH,09:50,A320neo,186,International
OCC000920,2026-05-01,Fri,BDT-F007,Alliance Air,I7105,PYB,09:25,I7205,PYB,09:40,Cessna 208B,9,Domestic
OCC000921,2026-05-01,Fri,BDT-F008,IndiGo,6E714,HYD,10:05,6E6294,HYD,10:40,A320ceo,186,Domestic
OCC000922,2026-05-01,Fri,BDT-F009,IndiGo,6E7128,VGA,10:30,6E7129,VGA,11:00,ATR 72-600,78,Domestic
OCC000923,2026-05-01,Fri,BDT-F010,IndiGo,6E6181,MAA,11:35,6E881,MAA,12:15,A320neo,186,Domestic
OCC000924,2026-05-01,Fri,BDT-F011,IndiGo,6E879,HYD,12:20,6E6645,HYD,13:00,A320neo,186,Domestic
OCC000925,2026-05-01,Fri,BDT-F013,IndiGo,6E7064,TIR,13:25,6E7063,TIR,13:50,ATR 72-600,78,Domestic
OCC000926,2026-05-01,Fri,BDT-F014,IndiGo,6E6336,BLR,14:10,6E5309,BLR,14:55,A321neo,232,Domestic
OCC000927,2026-05-01,Fri,BDT-F015,IndiGo,6E409,HYD,14:25,6E5247,BOM,15:05,A321neo,232,Domestic
OCC000928,2026-05-01,Fri,BDT-F016,IndiGo,6E504,HYD,15:45,6E783,HYD,16:25,A321neo,232,Domestic
OCC000929,2026-05-01,Fri,BDT-F017,Air India Express,IX2819,HYD,15:55,IX2744,HYD,16:35,B737-800,189,Domestic
OCC000930,2026-05-01,Fri,BDT-F018,Air India,AI419,DEL,16:05,AI420,DEL,16:45,A321neo,182,Domestic
OCC000931,2026-05-01,Fri,BDT-F019,IndiGo,6E2698,MAA,17:55,6E6089,MAA,18:35,A321neo,232,Domestic
OCC000932,2026-05-01,Fri,BDT-F020,IndiGo,6E7361,UNK,18:20,6E7362,BBI,18:50,ATR 72-600,78,Domestic
OCC000933,2026-05-01,Fri,BDT-F021,Air India Express,IX2023,BLR,18:30,IX1358,VGA,19:00,B737-800,189,Domestic
OCC000934,2026-05-01,Fri,BDT-F022,IndiGo,6E208,HYD,18:40,6E216,HYD,19:20,A321neo,232,Domestic
OCC000935,2026-05-01,Fri,BDT-F023,IndiGo,6E616,CCU,19:10,6E617,CCU,19:50,A321neo,232,Domestic
OCC000936,2026-05-01,Fri,BDT-F024,IndiGo,6E5248,NMI,20:00,6E883,HYD,20:40,A321neo,232,Domestic
OCC000937,2026-05-01,Fri,BDT-F025,IndiGo,6E969,BLR,20:30,6E2772,BLR,21:10,A321neo,232,Domestic
OCC000938,2026-05-01,Fri,BDT-F026,IndiGo,6E384,HYD,20:40,6E385,HYD,21:20,A320neo,186,Domestic
OCC000939,2026-05-01,Fri,BDT-F027,Air India,AI1702,DEL,20:50,AI1802,DEL,21:30,A320ceo,180,Domestic
OCC000940,2026-05-01,Fri,BDT-F028,Air India Express,IX1373,VGA,21:40,IX1373,BLR,22:10,B737-800,189,Domestic
OCC000941,2026-05-01,Fri,BDT-F029,IndiGo,6E2213,DEL,22:05,6E6631,DEL,22:45,A321neo,232,Domestic
OCC000942,2026-05-01,Fri,BDT-F030,Scoot,TR784,SIN,22:15,TR785,SIN,23:00,A320neo,186,International
OCC000943,2026-05-02,Sat,BDT-F001,Air India Express,IX2064,BLR,07:30,IX2065,BLR,08:00,B737-800,189,Domestic
OCC000944,2026-05-02,Sat,BDT-F002,IndiGo,6E6425,DEL,07:40,6E6426,DEL,08:20,A320neo,186,Domestic
OCC000945,2026-05-02,Sat,BDT-F003,IndiGo,6E557,MAA,07:50,6E845,MAA,08:30,A320ceo,186,Domestic
OCC000946,2026-05-02,Sat,BDT-F004,Air India Express,IX2837,HYD,08:20,IX2745,HYD,08:50,B737-800,189,Domestic
OCC000947,2026-05-02,Sat,BDT-F005,IndiGo,6E6408,HYD,08:25,6E915,HYD,08:55,A320neo,186,Domestic
OCC000948,2026-05-02,Sat,BDT-F007,Alliance Air,I7105,PYB,09:25,I7205,PYB,09:40,Cessna 208B,9,Domestic
OCC000949,2026-05-02,Sat,BDT-F008,IndiGo,6E714,HYD,10:05,6E6294,HYD,10:40,A320ceo,186,Domestic
OCC000950,2026-05-02,Sat,BDT-F009,IndiGo,6E7128,VGA,10:30,6E7129,VGA,11:00,ATR 72-600,78,Domestic
OCC000951,2026-05-02,Sat,BDT-F010,IndiGo,6E6181,MAA,11:35,6E881,MAA,12:15,A320neo,186,Domestic
OCC000952,2026-05-02,Sat,BDT-F011,IndiGo,6E879,HYD,12:20,6E6645,HYD,13:00,A320neo,186,Domestic
OCC000953,2026-05-02,Sat,BDT-F012,IndiGo,6E7176,KJB,13:20,6E7177,KJB,13:40,ATR 72-600,78,Domestic
OCC000954,2026-05-02,Sat,BDT-F013,IndiGo,6E7064,TIR,13:25,6E7063,TIR,13:50,ATR 72-600,78,Domestic
OCC000955,2026-05-02,Sat,BDT-F014,IndiGo,6E6336,BLR,14:10,6E5309,BLR,14:55,A321neo,232,Domestic
OCC000956,2026-05-02,Sat,BDT-F015,IndiGo,6E409,HYD,14:25,6E5247,BOM,15:05,A321neo,232,Domestic
OCC000957,2026-05-02,Sat,BDT-F016,IndiGo,6E504,HYD,15:45,6E783,HYD,16:25,A321neo,232,Domestic
OCC000958,2026-05-02,Sat,BDT-F017,Air India Express,IX2819,HYD,15:55,IX2744,HYD,16:35,B737-800,189,Domestic
OCC000959,2026-05-02,Sat,BDT-F018,Air India,AI419,DEL,16:05,AI420,DEL,16:45,A321neo,182,Domestic
OCC000960,2026-05-02,Sat,BDT-F019,IndiGo,6E2698,MAA,17:55,6E6089,MAA,18:35,A321neo,232,Domestic
OCC000961,2026-05-02,Sat,BDT-F021,Air India Express,IX2023,BLR,18:30,IX1358,VGA,19:00,B737-800,189,Domestic
OCC000962,2026-05-02,Sat,BDT-F022,IndiGo,6E208,HYD,18:40,6E216,HYD,19:20,A321neo,232,Domestic
OCC000963,2026-05-02,Sat,BDT-F023,IndiGo,6E616,CCU,19:10,6E617,CCU,19:50,A321neo,232,Domestic
OCC000964,2026-05-02,Sat,BDT-F024,IndiGo,6E5248,NMI,20:00,6E883,HYD,20:40,A321neo,232,Domestic
OCC000965,2026-05-02,Sat,BDT-F025,IndiGo,6E969,BLR,20:30,6E2772,BLR,21:10,A321neo,232,Domestic
OCC000966,2026-05-02,Sat,BDT-F026,IndiGo,6E384,HYD,20:40,6E385,HYD,21:20,A320neo,186,Domestic
OCC000967,2026-05-02,Sat,BDT-F027,Air India,AI1702,DEL,20:50,AI1802,DEL,21:30,A320ceo,180,Domestic
OCC000968,2026-05-02,Sat,BDT-F028,Air India Express,IX1373,VGA,21:40,IX1373,BLR,22:10,B737-800,189,Domestic
OCC000969,2026-05-02,Sat,BDT-F029,IndiGo,6E2213,DEL,22:05,6E6631,DEL,22:45,A321neo,232,Domestic
OCC000970,2026-05-02,Sat,BDT-F030,Scoot,TR784,SIN,22:15,TR785,SIN,23:00,A320neo,186,International
OCC000971,2026-05-03,Sun,BDT-F002,IndiGo,6E6425,DEL,07:40,6E6426,DEL,08:20,A320neo,186,Domestic
OCC000972,2026-05-03,Sun,BDT-F003,IndiGo,6E557,MAA,07:50,6E845,MAA,08:30,A320ceo,186,Domestic
OCC000973,2026-05-03,Sun,BDT-F004,Air India Express,IX2837,HYD,08:20,IX2745,HYD,08:50,B737-800,189,Domestic
OCC000974,2026-05-03,Sun,BDT-F005,IndiGo,6E6408,HYD,08:25,6E915,HYD,08:55,A320neo,186,Domestic
OCC000975,2026-05-03,Sun,BDT-F006,IndiGo,6E1443,AUH,08:20,6E1444,AUH,09:50,A320neo,186,International
OCC000976,2026-05-03,Sun,BDT-F007,Alliance Air,I7105,PYB,09:25,I7205,PYB,09:40,Cessna 208B,9,Domestic
OCC000977,2026-05-03,Sun,BDT-F008,IndiGo,6E714,HYD,10:05,6E6294,HYD,10:40,A320ceo,186,Domestic
OCC000978,2026-05-03,Sun,BDT-F009,IndiGo,6E7128,VGA,10:30,6E7129,VGA,11:00,ATR 72-600,78,Domestic
OCC000979,2026-05-03,Sun,BDT-F010,IndiGo,6E6181,MAA,11:35,6E881,MAA,12:15,A320neo,186,Domestic
OCC000980,2026-05-03,Sun,BDT-F011,IndiGo,6E879,HYD,12:20,6E6645,HYD,13:00,A320neo,186,Domestic
OCC000981,2026-05-03,Sun,BDT-F013,IndiGo,6E7064,TIR,13:25,6E7063,TIR,13:50,ATR 72-600,78,Domestic
OCC000982,2026-05-03,Sun,BDT-F014,IndiGo,6E6336,BLR,14:10,6E5309,BLR,14:55,A321neo,232,Domestic
OCC000983,2026-05-03,Sun,BDT-F015,IndiGo,6E409,HYD,14:25,6E5247,BOM,15:05,A321neo,232,Domestic
OCC000984,2026-05-03,Sun,BDT-F016,IndiGo,6E504,HYD,15:45,6E783,HYD,16:25,A321neo,232,Domestic
OCC000985,2026-05-03,Sun,BDT-F017,Air India Express,IX2819,HYD,15:55,IX2744,HYD,16:35,B737-800,189,Domestic
OCC000986,2026-05-03,Sun,BDT-F018,Air India,AI419,DEL,16:05,AI420,DEL,16:45,A321neo,182,Domestic
OCC000987,2026-05-03,Sun,BDT-F019,IndiGo,6E2698,MAA,17:55,6E6089,MAA,18:35,A321neo,232,Domestic
OCC000988,2026-05-03,Sun,BDT-F020,IndiGo,6E7361,UNK,18:20,6E7362,BBI,18:50,ATR 72-600,78,Domestic
OCC000989,2026-05-03,Sun,BDT-F021,Air India Express,IX2023,BLR,18:30,IX1358,VGA,19:00,B737-800,189,Domestic
OCC000990,2026-05-03,Sun,BDT-F022,IndiGo,6E208,HYD,18:40,6E216,HYD,19:20,A321neo,232,Domestic
OCC000991,2026-05-03,Sun,BDT-F023,IndiGo,6E616,CCU,19:10,6E617,CCU,19:50,A321neo,232,Domestic
OCC000992,2026-05-03,Sun,BDT-F024,IndiGo,6E5248,NMI,20:00,6E883,HYD,20:40,A321neo,232,Domestic
OCC000993,2026-05-03,Sun,BDT-F025,IndiGo,6E969,BLR,20:30,6E2772,BLR,21:10,A321neo,232,Domestic
OCC000994,2026-05-03,Sun,BDT-F026,IndiGo,6E384,HYD,20:40,6E385,HYD,21:20,A320neo,186,Domestic
OCC000995,2026-05-03,Sun,BDT-F027,Air India,AI1702,DEL,20:50,AI1802,DEL,21:30,A320ceo,180,Domestic
OCC000996,2026-05-03,Sun,BDT-F028,Air India Express,IX1373,VGA,21:40,IX1373,BLR,22:10,B737-800,189,Domestic
OCC000997,2026-05-03,Sun,BDT-F029,IndiGo,6E2213,DEL,22:05,6E6631,DEL,22:45,A321neo,232,Domestic
OCC000998,2026-05-04,Mon,BDT-F001,Air India Express,IX2064,BLR,07:30,IX2065,BLR,08:00,B737-800,189,Domestic
OCC000999,2026-05-04,Mon,BDT-F002,IndiGo,6E6425,DEL,07:40,6E6426,DEL,08:20,A320neo,186,Domestic
OCC001000,2026-05-04,Mon,BDT-F003,IndiGo,6E557,MAA,07:50,6E845,MAA,08:30,A320ceo,186,Domestic
OCC001001,2026-05-04,Mon,BDT-F004,Air India Express,IX2837,HYD,08:20,IX2745,HYD,08:50,B737-800,189,Domestic
OCC001002,2026-05-04,Mon,BDT-F005,IndiGo,6E6408,HYD,08:25,6E915,HYD,08:55,A320neo,186,Domestic
OCC001003,2026-05-04,Mon,BDT-F006,IndiGo,6E1443,AUH,08:20,6E1444,AUH,09:50,A320neo,186,International
OCC001004,2026-05-04,Mon,BDT-F007,Alliance Air,I7105,PYB,09:25,I7205,PYB,09:40,Cessna 208B,9,Domestic
OCC001005,2026-05-04,Mon,BDT-F008,IndiGo,6E714,HYD,10:05,6E6294,HYD,10:40,A320ceo,186,Domestic
OCC001006,2026-05-04,Mon,BDT-F009,IndiGo,6E7128,VGA,10:30,6E7129,VGA,11:00,ATR 72-600,78,Domestic
OCC001007,2026-05-04,Mon,BDT-F010,IndiGo,6E6181,MAA,11:35,6E881,MAA,12:15,A320neo,186,Domestic
OCC001008,2026-05-04,Mon,BDT-F011,IndiGo,6E879,HYD,12:20,6E6645,HYD,13:00,A320neo,186,Domestic
OCC001009,2026-05-04,Mon,BDT-F013,IndiGo,6E7064,TIR,13:25,6E7063,TIR,13:50,ATR 72-600,78,Domestic
OCC001010,2026-05-04,Mon,BDT-F014,IndiGo,6E6336,BLR,14:10,6E5309,BLR,14:55,A321neo,232,Domestic
OCC001011,2026-05-04,Mon,BDT-F015,IndiGo,6E409,HYD,14:25,6E5247,BOM,15:05,A321neo,232,Domestic
OCC001012,2026-05-04,Mon,BDT-F016,IndiGo,6E504,HYD,15:45,6E783,HYD,16:25,A321neo,232,Domestic
OCC001013,2026-05-04,Mon,BDT-F017,Air India Express,IX2819,HYD,15:55,IX2744,HYD,16:35,B737-800,189,Domestic
OCC001014,2026-05-04,Mon,BDT-F018,Air India,AI419,DEL,16:05,AI420,DEL,16:45,A321neo,182,Domestic
OCC001015,2026-05-04,Mon,BDT-F019,IndiGo,6E2698,MAA,17:55,6E6089,MAA,18:35,A321neo,232,Domestic
OCC001016,2026-05-04,Mon,BDT-F020,IndiGo,6E7361,UNK,18:20,6E7362,BBI,18:50,ATR 72-600,78,Domestic
OCC001017,2026-05-04,Mon,BDT-F021,Air India Express,IX2023,BLR,18:30,IX1358,VGA,19:00,B737-800,189,Domestic
OCC001018,2026-05-04,Mon,BDT-F022,IndiGo,6E208,HYD,18:40,6E216,HYD,19:20,A321neo,232,Domestic
OCC001019,2026-05-04,Mon,BDT-F023,IndiGo,6E616,CCU,19:10,6E617,CCU,19:50,A321neo,232,Domestic
OCC001020,2026-05-04,Mon,BDT-F024,IndiGo,6E5248,NMI,20:00,6E883,HYD,20:40,A321neo,232,Domestic
OCC001021,2026-05-04,Mon,BDT-F025,IndiGo,6E969,BLR,20:30,6E2772,BLR,21:10,A321neo,232,Domestic
OCC001022,2026-05-04,Mon,BDT-F026,IndiGo,6E384,HYD,20:40,6E385,HYD,21:20,A320neo,186,Domestic
OCC001023,2026-05-04,Mon,BDT-F027,Air India,AI1702,DEL,20:50,AI1802,DEL,21:30,A320ceo,180,Domestic
OCC001024,2026-05-04,Mon,BDT-F028,Air India Express,IX1373,VGA,21:40,IX1373,BLR,22:10,B737-800,189,Domestic
OCC001025,2026-05-04,Mon,BDT-F029,IndiGo,6E2213,DEL,22:05,6E6631,DEL,22:45,A321neo,232,Domestic
OCC001026,2026-05-04,Mon,BDT-F030,Scoot,TR784,SIN,22:15,TR785,SIN,23:00,A320neo,186,International
OCC001027,2026-05-05,Tue,BDT-F001,Air India Express,IX2064,BLR,07:30,IX2065,BLR,08:00,B737-800,189,Domestic
OCC001028,2026-05-05,Tue,BDT-F002,IndiGo,6E6425,DEL,07:40,6E6426,DEL,08:20,A320neo,186,Domestic
OCC001029,2026-05-05,Tue,BDT-F003,IndiGo,6E557,MAA,07:50,6E845,MAA,08:30,A320ceo,186,Domestic
OCC001030,2026-05-05,Tue,BDT-F004,Air India Express,IX2837,HYD,08:20,IX2745,HYD,08:50,B737-800,189,Domestic
OCC001031,2026-05-05,Tue,BDT-F005,IndiGo,6E6408,HYD,08:25,6E915,HYD,08:55,A320neo,186,Domestic
OCC001032,2026-05-05,Tue,BDT-F007,Alliance Air,I7105,PYB,09:25,I7205,PYB,09:40,Cessna 208B,9,Domestic
OCC001033,2026-05-05,Tue,BDT-F008,IndiGo,6E714,HYD,10:05,6E6294,HYD,10:40,A320ceo,186,Domestic
OCC001034,2026-05-05,Tue,BDT-F009,IndiGo,6E7128,VGA,10:30,6E7129,VGA,11:00,ATR 72-600,78,Domestic
OCC001035,2026-05-05,Tue,BDT-F010,IndiGo,6E6181,MAA,11:35,6E881,MAA,12:15,A320neo,186,Domestic
OCC001036,2026-05-05,Tue,BDT-F011,IndiGo,6E879,HYD,12:20,6E6645,HYD,13:00,A320neo,186,Domestic
OCC001037,2026-05-05,Tue,BDT-F012,IndiGo,6E7176,KJB,13:20,6E7177,KJB,13:40,ATR 72-600,78,Domestic
OCC001038,2026-05-05,Tue,BDT-F013,IndiGo,6E7064,TIR,13:25,6E7063,TIR,13:50,ATR 72-600,78,Domestic
OCC001039,2026-05-05,Tue,BDT-F014,IndiGo,6E6336,BLR,14:10,6E5309,BLR,14:55,A321neo,232,Domestic
OCC001040,2026-05-05,Tue,BDT-F015,IndiGo,6E409,HYD,14:25,6E5247,BOM,15:05,A321neo,232,Domestic
OCC001041,2026-05-05,Tue,BDT-F016,IndiGo,6E504,HYD,15:45,6E783,HYD,16:25,A321neo,232,Domestic
OCC001042,2026-05-05,Tue,BDT-F017,Air India Express,IX2819,HYD,15:55,IX2744,HYD,16:35,B737-800,189,Domestic
OCC001043,2026-05-05,Tue,BDT-F018,Air India,AI419,DEL,16:05,AI420,DEL,16:45,A321neo,182,Domestic
OCC001044,2026-05-05,Tue,BDT-F019,IndiGo,6E2698,MAA,17:55,6E6089,MAA,18:35,A321neo,232,Domestic
OCC001045,2026-05-05,Tue,BDT-F021,Air India Express,IX2023,BLR,18:30,IX1358,VGA,19:00,B737-800,189,Domestic
OCC001046,2026-05-05,Tue,BDT-F022,IndiGo,6E208,HYD,18:40,6E216,HYD,19:20,A321neo,232,Domestic
OCC001047,2026-05-05,Tue,BDT-F023,IndiGo,6E616,CCU,19:10,6E617,CCU,19:50,A321neo,232,Domestic
OCC001048,2026-05-05,Tue,BDT-F024,IndiGo,6E5248,NMI,20:00,6E883,HYD,20:40,A321neo,232,Domestic
OCC001049,2026-05-05,Tue,BDT-F025,IndiGo,6E969,BLR,20:30,6E2772,BLR,21:10,A321neo,232,Domestic
OCC001050,2026-05-05,Tue,BDT-F026,IndiGo,6E384,HYD,20:40,6E385,HYD,21:20,A320neo,186,Domestic
OCC001051,2026-05-05,Tue,BDT-F027,Air India,AI1702,DEL,20:50,AI1802,DEL,21:30,A320ceo,180,Domestic
OCC001052,2026-05-05,Tue,BDT-F028,Air India Express,IX1373,VGA,21:40,IX1373,BLR,22:10,B737-800,189,Domestic
OCC001053,2026-05-05,Tue,BDT-F029,IndiGo,6E2213,DEL,22:05,6E6631,DEL,22:45,A321neo,232,Domestic
OCC001054,2026-05-06,Wed,BDT-F002,IndiGo,6E6425,DEL,07:40,6E6426,DEL,08:20,A320neo,186,Domestic
OCC001055,2026-05-06,Wed,BDT-F003,IndiGo,6E557,MAA,07:50,6E845,MAA,08:30,A320ceo,186,Domestic
OCC001056,2026-05-06,Wed,BDT-F004,Air India Express,IX2837,HYD,08:20,IX2745,HYD,08:50,B737-800,189,Domestic
OCC001057,2026-05-06,Wed,BDT-F005,IndiGo,6E6408,HYD,08:25,6E915,HYD,08:55,A320neo,186,Domestic
OCC001058,2026-05-06,Wed,BDT-F006,IndiGo,6E1443,AUH,08:20,6E1444,AUH,09:50,A320neo,186,International
OCC001059,2026-05-06,Wed,BDT-F007,Alliance Air,I7105,PYB,09:25,I7205,PYB,09:40,Cessna 208B,9,Domestic
OCC001060,2026-05-06,Wed,BDT-F008,IndiGo,6E714,HYD,10:05,6E6294,HYD,10:40,A320ceo,186,Domestic
OCC001061,2026-05-06,Wed,BDT-F009,IndiGo,6E7128,VGA,10:30,6E7129,VGA,11:00,ATR 72-600,78,Domestic
OCC001062,2026-05-06,Wed,BDT-F010,IndiGo,6E6181,MAA,11:35,6E881,MAA,12:15,A320neo,186,Domestic
OCC001063,2026-05-06,Wed,BDT-F011,IndiGo,6E879,HYD,12:20,6E6645,HYD,13:00,A320neo,186,Domestic
OCC001064,2026-05-06,Wed,BDT-F013,IndiGo,6E7064,TIR,13:25,6E7063,TIR,13:50,ATR 72-600,78,Domestic
OCC001065,2026-05-06,Wed,BDT-F014,IndiGo,6E6336,BLR,14:10,6E5309,BLR,14:55,A321neo,232,Domestic
OCC001066,2026-05-06,Wed,BDT-F015,IndiGo,6E409,HYD,14:25,6E5247,BOM,15:05,A321neo,232,Domestic
OCC001067,2026-05-06,Wed,BDT-F016,IndiGo,6E504,HYD,15:45,6E783,HYD,16:25,A321neo,232,Domestic
OCC001068,2026-05-06,Wed,BDT-F017,Air India Express,IX2819,HYD,15:55,IX2744,HYD,16:35,B737-800,189,Domestic
OCC001069,2026-05-06,Wed,BDT-F018,Air India,AI419,DEL,16:05,AI420,DEL,16:45,A321neo,182,Domestic
OCC001070,2026-05-06,Wed,BDT-F019,IndiGo,6E2698,MAA,17:55,6E6089,MAA,18:35,A321neo,232,Domestic
OCC001071,2026-05-06,Wed,BDT-F020,IndiGo,6E7361,UNK,18:20,6E7362,BBI,18:50,ATR 72-600,78,Domestic
OCC001072,2026-05-06,Wed,BDT-F021,Air India Express,IX2023,BLR,18:30,IX1358,VGA,19:00,B737-800,189,Domestic
OCC001073,2026-05-06,Wed,BDT-F022,IndiGo,6E208,HYD,18:40,6E216,HYD,19:20,A321neo,232,Domestic
OCC001074,2026-05-06,Wed,BDT-F023,IndiGo,6E616,CCU,19:10,6E617,CCU,19:50,A321neo,232,Domestic
OCC001075,2026-05-06,Wed,BDT-F024,IndiGo,6E5248,NMI,20:00,6E883,HYD,20:40,A321neo,232,Domestic
OCC001076,2026-05-06,Wed,BDT-F025,IndiGo,6E969,BLR,20:30,6E2772,BLR,21:10,A321neo,232,Domestic
OCC001077,2026-05-06,Wed,BDT-F026,IndiGo,6E384,HYD,20:40,6E385,HYD,21:20,A320neo,186,Domestic
OCC001078,2026-05-06,Wed,BDT-F027,Air India,AI1702,DEL,20:50,AI1802,DEL,21:30,A320ceo,180,Domestic
OCC001079,2026-05-06,Wed,BDT-F028,Air India Express,IX1373,VGA,21:40,IX1373,BLR,22:10,B737-800,189,Domestic
OCC001080,2026-05-06,Wed,BDT-F029,IndiGo,6E2213,DEL,22:05,6E6631,DEL,22:45,A321neo,232,Domestic
OCC001081,2026-05-06,Wed,BDT-F030,Scoot,TR784,SIN,22:15,TR785,SIN,23:00,A320neo,186,International
OCC001082,2026-05-07,Thu,BDT-F001,Air India Express,IX2064,BLR,07:30,IX2065,BLR,08:00,B737-800,189,Domestic
OCC001083,2026-05-07,Thu,BDT-F002,IndiGo,6E6425,DEL,07:40,6E6426,DEL,08:20,A320neo,186,Domestic
OCC001084,2026-05-07,Thu,BDT-F003,IndiGo,6E557,MAA,07:50,6E845,MAA,08:30,A320ceo,186,Domestic
OCC001085,2026-05-07,Thu,BDT-F004,Air India Express,IX2837,HYD,08:20,IX2745,HYD,08:50,B737-800,189,Domestic
OCC001086,2026-05-07,Thu,BDT-F005,IndiGo,6E6408,HYD,08:25,6E915,HYD,08:55,A320neo,186,Domestic
OCC001087,2026-05-07,Thu,BDT-F007,Alliance Air,I7105,PYB,09:25,I7205,PYB,09:40,Cessna 208B,9,Domestic
OCC001088,2026-05-07,Thu,BDT-F008,IndiGo,6E714,HYD,10:05,6E6294,HYD,10:40,A320ceo,186,Domestic
OCC001089,2026-05-07,Thu,BDT-F009,IndiGo,6E7128,VGA,10:30,6E7129,VGA,11:00,ATR 72-600,78,Domestic
OCC001090,2026-05-07,Thu,BDT-F010,IndiGo,6E6181,MAA,11:35,6E881,MAA,12:15,A320neo,186,Domestic
OCC001091,2026-05-07,Thu,BDT-F011,IndiGo,6E879,HYD,12:20,6E6645,HYD,13:00,A320neo,186,Domestic
OCC001092,2026-05-07,Thu,BDT-F012,IndiGo,6E7176,KJB,13:20,6E7177,KJB,13:40,ATR 72-600,78,Domestic
OCC001093,2026-05-07,Thu,BDT-F013,IndiGo,6E7064,TIR,13:25,6E7063,TIR,13:50,ATR 72-600,78,Domestic
OCC001094,2026-05-07,Thu,BDT-F014,IndiGo,6E6336,BLR,14:10,6E5309,BLR,14:55,A321neo,232,Domestic
OCC001095,2026-05-07,Thu,BDT-F015,IndiGo,6E409,HYD,14:25,6E5247,BOM,15:05,A321neo,232,Domestic
OCC001096,2026-05-07,Thu,BDT-F016,IndiGo,6E504,HYD,15:45,6E783,HYD,16:25,A321neo,232,Domestic
OCC001097,2026-05-07,Thu,BDT-F017,Air India Express,IX2819,HYD,15:55,IX2744,HYD,16:35,B737-800,189,Domestic
OCC001098,2026-05-07,Thu,BDT-F018,Air India,AI419,DEL,16:05,AI420,DEL,16:45,A321neo,182,Domestic
OCC001099,2026-05-07,Thu,BDT-F019,IndiGo,6E2698,MAA,17:55,6E6089,MAA,18:35,A321neo,232,Domestic
OCC001100,2026-05-07,Thu,BDT-F021,Air India Express,IX2023,BLR,18:30,IX1358,VGA,19:00,B737-800,189,Domestic
OCC001101,2026-05-07,Thu,BDT-F022,IndiGo,6E208,HYD,18:40,6E216,HYD,19:20,A321neo,232,Domestic
OCC001102,2026-05-07,Thu,BDT-F023,IndiGo,6E616,CCU,19:10,6E617,CCU,19:50,A321neo,232,Domestic
OCC001103,2026-05-07,Thu,BDT-F024,IndiGo,6E5248,NMI,20:00,6E883,HYD,20:40,A321neo,232,Domestic
OCC001104,2026-05-07,Thu,BDT-F025,IndiGo,6E969,BLR,20:30,6E2772,BLR,21:10,A321neo,232,Domestic
OCC001105,2026-05-07,Thu,BDT-F026,IndiGo,6E384,HYD,20:40,6E385,HYD,21:20,A320neo,186,Domestic
OCC001106,2026-05-07,Thu,BDT-F027,Air India,AI1702,DEL,20:50,AI1802,DEL,21:30,A320ceo,180,Domestic
OCC001107,2026-05-07,Thu,BDT-F028,Air India Express,IX1373,VGA,21:40,IX1373,BLR,22:10,B737-800,189,Domestic
OCC001108,2026-05-07,Thu,BDT-F029,IndiGo,6E2213,DEL,22:05,6E6631,DEL,22:45,A321neo,232,Domestic
OCC001109,2026-05-08,Fri,BDT-F002,IndiGo,6E6425,DEL,07:40,6E6426,DEL,08:20,A320neo,186,Domestic
OCC001110,2026-05-08,Fri,BDT-F003,IndiGo,6E557,MAA,07:50,6E845,MAA,08:30,A320ceo,186,Domestic
OCC001111,2026-05-08,Fri,BDT-F004,Air India Express,IX2837,HYD,08:20,IX2745,HYD,08:50,B737-800,189,Domestic
OCC001112,2026-05-08,Fri,BDT-F005,IndiGo,6E6408,HYD,08:25,6E915,HYD,08:55,A320neo,186,Domestic
OCC001113,2026-05-08,Fri,BDT-F006,IndiGo,6E1443,AUH,08:20,6E1444,AUH,09:50,A320neo,186,International
OCC001114,2026-05-08,Fri,BDT-F007,Alliance Air,I7105,PYB,09:25,I7205,PYB,09:40,Cessna 208B,9,Domestic
OCC001115,2026-05-08,Fri,BDT-F008,IndiGo,6E714,HYD,10:05,6E6294,HYD,10:40,A320ceo,186,Domestic
OCC001116,2026-05-08,Fri,BDT-F009,IndiGo,6E7128,VGA,10:30,6E7129,VGA,11:00,ATR 72-600,78,Domestic
OCC001117,2026-05-08,Fri,BDT-F010,IndiGo,6E6181,MAA,11:35,6E881,MAA,12:15,A320neo,186,Domestic
OCC001118,2026-05-08,Fri,BDT-F011,IndiGo,6E879,HYD,12:20,6E6645,HYD,13:00,A320neo,186,Domestic
OCC001119,2026-05-08,Fri,BDT-F013,IndiGo,6E7064,TIR,13:25,6E7063,TIR,13:50,ATR 72-600,78,Domestic
OCC001120,2026-05-08,Fri,BDT-F014,IndiGo,6E6336,BLR,14:10,6E5309,BLR,14:55,A321neo,232,Domestic
OCC001121,2026-05-08,Fri,BDT-F015,IndiGo,6E409,HYD,14:25,6E5247,BOM,15:05,A321neo,232,Domestic
OCC001122,2026-05-08,Fri,BDT-F016,IndiGo,6E504,HYD,15:45,6E783,HYD,16:25,A321neo,232,Domestic
OCC001123,2026-05-08,Fri,BDT-F017,Air India Express,IX2819,HYD,15:55,IX2744,HYD,16:35,B737-800,189,Domestic
OCC001124,2026-05-08,Fri,BDT-F018,Air India,AI419,DEL,16:05,AI420,DEL,16:45,A321neo,182,Domestic
OCC001125,2026-05-08,Fri,BDT-F019,IndiGo,6E2698,MAA,17:55,6E6089,MAA,18:35,A321neo,232,Domestic
OCC001126,2026-05-08,Fri,BDT-F020,IndiGo,6E7361,UNK,18:20,6E7362,BBI,18:50,ATR 72-600,78,Domestic
OCC001127,2026-05-08,Fri,BDT-F021,Air India Express,IX2023,BLR,18:30,IX1358,VGA,19:00,B737-800,189,Domestic
OCC001128,2026-05-08,Fri,BDT-F022,IndiGo,6E208,HYD,18:40,6E216,HYD,19:20,A321neo,232,Domestic
OCC001129,2026-05-08,Fri,BDT-F023,IndiGo,6E616,CCU,19:10,6E617,CCU,19:50,A321neo,232,Domestic
OCC001130,2026-05-08,Fri,BDT-F024,IndiGo,6E5248,NMI,20:00,6E883,HYD,20:40,A321neo,232,Domestic
OCC001131,2026-05-08,Fri,BDT-F025,IndiGo,6E969,BLR,20:30,6E2772,BLR,21:10,A321neo,232,Domestic
OCC001132,2026-05-08,Fri,BDT-F026,IndiGo,6E384,HYD,20:40,6E385,HYD,21:20,A320neo,186,Domestic
OCC001133,2026-05-08,Fri,BDT-F027,Air India,AI1702,DEL,20:50,AI1802,DEL,21:30,A320ceo,180,Domestic
OCC001134,2026-05-08,Fri,BDT-F028,Air India Express,IX1373,VGA,21:40,IX1373,BLR,22:10,B737-800,189,Domestic
OCC001135,2026-05-08,Fri,BDT-F029,IndiGo,6E2213,DEL,22:05,6E6631,DEL,22:45,A321neo,232,Domestic
OCC001136,2026-05-08,Fri,BDT-F030,Scoot,TR784,SIN,22:15,TR785,SIN,23:00,A320neo,186,International
OCC001137,2026-05-09,Sat,BDT-F001,Air India Express,IX2064,BLR,07:30,IX2065,BLR,08:00,B737-800,189,Domestic
OCC001138,2026-05-09,Sat,BDT-F002,IndiGo,6E6425,DEL,07:40,6E6426,DEL,08:20,A320neo,186,Domestic
OCC001139,2026-05-09,Sat,BDT-F003,IndiGo,6E557,MAA,07:50,6E845,MAA,08:30,A320ceo,186,Domestic
OCC001140,2026-05-09,Sat,BDT-F004,Air India Express,IX2837,HYD,08:20,IX2745,HYD,08:50,B737-800,189,Domestic
OCC001141,2026-05-09,Sat,BDT-F005,IndiGo,6E6408,HYD,08:25,6E915,HYD,08:55,A320neo,186,Domestic
OCC001142,2026-05-09,Sat,BDT-F007,Alliance Air,I7105,PYB,09:25,I7205,PYB,09:40,Cessna 208B,9,Domestic
OCC001143,2026-05-09,Sat,BDT-F008,IndiGo,6E714,HYD,10:05,6E6294,HYD,10:40,A320ceo,186,Domestic
OCC001144,2026-05-09,Sat,BDT-F009,IndiGo,6E7128,VGA,10:30,6E7129,VGA,11:00,ATR 72-600,78,Domestic
OCC001145,2026-05-09,Sat,BDT-F010,IndiGo,6E6181,MAA,11:35,6E881,MAA,12:15,A320neo,186,Domestic
OCC001146,2026-05-09,Sat,BDT-F011,IndiGo,6E879,HYD,12:20,6E6645,HYD,13:00,A320neo,186,Domestic
OCC001147,2026-05-09,Sat,BDT-F012,IndiGo,6E7176,KJB,13:20,6E7177,KJB,13:40,ATR 72-600,78,Domestic
OCC001148,2026-05-09,Sat,BDT-F013,IndiGo,6E7064,TIR,13:25,6E7063,TIR,13:50,ATR 72-600,78,Domestic
OCC001149,2026-05-09,Sat,BDT-F014,IndiGo,6E6336,BLR,14:10,6E5309,BLR,14:55,A321neo,232,Domestic
OCC001150,2026-05-09,Sat,BDT-F015,IndiGo,6E409,HYD,14:25,6E5247,BOM,15:05,A321neo,232,Domestic
OCC001151,2026-05-09,Sat,BDT-F016,IndiGo,6E504,HYD,15:45,6E783,HYD,16:25,A321neo,232,Domestic
OCC001152,2026-05-09,Sat,BDT-F017,Air India Express,IX2819,HYD,15:55,IX2744,HYD,16:35,B737-800,189,Domestic
OCC001153,2026-05-09,Sat,BDT-F018,Air India,AI419,DEL,16:05,AI420,DEL,16:45,A321neo,182,Domestic
OCC001154,2026-05-09,Sat,BDT-F019,IndiGo,6E2698,MAA,17:55,6E6089,MAA,18:35,A321neo,232,Domestic
OCC001155,2026-05-09,Sat,BDT-F021,Air India Express,IX2023,BLR,18:30,IX1358,VGA,19:00,B737-800,189,Domestic
OCC001156,2026-05-09,Sat,BDT-F022,IndiGo,6E208,HYD,18:40,6E216,HYD,19:20,A321neo,232,Domestic
OCC001157,2026-05-09,Sat,BDT-F023,IndiGo,6E616,CCU,19:10,6E617,CCU,19:50,A321neo,232,Domestic
OCC001158,2026-05-09,Sat,BDT-F024,IndiGo,6E5248,NMI,20:00,6E883,HYD,20:40,A321neo,232,Domestic
OCC001159,2026-05-09,Sat,BDT-F025,IndiGo,6E969,BLR,20:30,6E2772,BLR,21:10,A321neo,232,Domestic
OCC001160,2026-05-09,Sat,BDT-F026,IndiGo,6E384,HYD,20:40,6E385,HYD,21:20,A320neo,186,Domestic
OCC001161,2026-05-09,Sat,BDT-F027,Air India,AI1702,DEL,20:50,AI1802,DEL,21:30,A320ceo,180,Domestic
OCC001162,2026-05-09,Sat,BDT-F028,Air India Express,IX1373,VGA,21:40,IX1373,BLR,22:10,B737-800,189,Domestic
OCC001163,2026-05-09,Sat,BDT-F029,IndiGo,6E2213,DEL,22:05,6E6631,DEL,22:45,A321neo,232,Domestic
OCC001164,2026-05-09,Sat,BDT-F030,Scoot,TR784,SIN,22:15,TR785,SIN,23:00,A320neo,186,International
OCC001165,2026-05-10,Sun,BDT-F002,IndiGo,6E6425,DEL,07:40,6E6426,DEL,08:20,A320neo,186,Domestic
OCC001166,2026-05-10,Sun,BDT-F003,IndiGo,6E557,MAA,07:50,6E845,MAA,08:30,A320ceo,186,Domestic
OCC001167,2026-05-10,Sun,BDT-F004,Air India Express,IX2837,HYD,08:20,IX2745,HYD,08:50,B737-800,189,Domestic
OCC001168,2026-05-10,Sun,BDT-F005,IndiGo,6E6408,HYD,08:25,6E915,HYD,08:55,A320neo,186,Domestic
OCC001169,2026-05-10,Sun,BDT-F006,IndiGo,6E1443,AUH,08:20,6E1444,AUH,09:50,A320neo,186,International
OCC001170,2026-05-10,Sun,BDT-F007,Alliance Air,I7105,PYB,09:25,I7205,PYB,09:40,Cessna 208B,9,Domestic
OCC001171,2026-05-10,Sun,BDT-F008,IndiGo,6E714,HYD,10:05,6E6294,HYD,10:40,A320ceo,186,Domestic
OCC001172,2026-05-10,Sun,BDT-F009,IndiGo,6E7128,VGA,10:30,6E7129,VGA,11:00,ATR 72-600,78,Domestic
OCC001173,2026-05-10,Sun,BDT-F010,IndiGo,6E6181,MAA,11:35,6E881,MAA,12:15,A320neo,186,Domestic
OCC001174,2026-05-10,Sun,BDT-F011,IndiGo,6E879,HYD,12:20,6E6645,HYD,13:00,A320neo,186,Domestic
OCC001175,2026-05-10,Sun,BDT-F013,IndiGo,6E7064,TIR,13:25,6E7063,TIR,13:50,ATR 72-600,78,Domestic
OCC001176,2026-05-10,Sun,BDT-F014,IndiGo,6E6336,BLR,14:10,6E5309,BLR,14:55,A321neo,232,Domestic
OCC001177,2026-05-10,Sun,BDT-F015,IndiGo,6E409,HYD,14:25,6E5247,BOM,15:05,A321neo,232,Domestic
OCC001178,2026-05-10,Sun,BDT-F016,IndiGo,6E504,HYD,15:45,6E783,HYD,16:25,A321neo,232,Domestic
OCC001179,2026-05-10,Sun,BDT-F017,Air India Express,IX2819,HYD,15:55,IX2744,HYD,16:35,B737-800,189,Domestic
OCC001180,2026-05-10,Sun,BDT-F018,Air India,AI419,DEL,16:05,AI420,DEL,16:45,A321neo,182,Domestic
OCC001181,2026-05-10,Sun,BDT-F019,IndiGo,6E2698,MAA,17:55,6E6089,MAA,18:35,A321neo,232,Domestic
OCC001182,2026-05-10,Sun,BDT-F020,IndiGo,6E7361,UNK,18:20,6E7362,BBI,18:50,ATR 72-600,78,Domestic
OCC001183,2026-05-10,Sun,BDT-F021,Air India Express,IX2023,BLR,18:30,IX1358,VGA,19:00,B737-800,189,Domestic
OCC001184,2026-05-10,Sun,BDT-F022,IndiGo,6E208,HYD,18:40,6E216,HYD,19:20,A321neo,232,Domestic
OCC001185,2026-05-10,Sun,BDT-F023,IndiGo,6E616,CCU,19:10,6E617,CCU,19:50,A321neo,232,Domestic
OCC001186,2026-05-10,Sun,BDT-F024,IndiGo,6E5248,NMI,20:00,6E883,HYD,20:40,A321neo,232,Domestic
OCC001187,2026-05-10,Sun,BDT-F025,IndiGo,6E969,BLR,20:30,6E2772,BLR,21:10,A321neo,232,Domestic
OCC001188,2026-05-10,Sun,BDT-F026,IndiGo,6E384,HYD,20:40,6E385,HYD,21:20,A320neo,186,Domestic
OCC001189,2026-05-10,Sun,BDT-F027,Air India,AI1702,DEL,20:50,AI1802,DEL,21:30,A320ceo,180,Domestic
OCC001190,2026-05-10,Sun,BDT-F028,Air India Express,IX1373,VGA,21:40,IX1373,BLR,22:10,B737-800,189,Domestic
OCC001191,2026-05-10,Sun,BDT-F029,IndiGo,6E2213,DEL,22:05,6E6631,DEL,22:45,A321neo,232,Domestic
OCC001192,2026-05-11,Mon,BDT-F001,Air India Express,IX2064,BLR,07:30,IX2065,BLR,08:00,B737-800,189,Domestic
OCC001193,2026-05-11,Mon,BDT-F002,IndiGo,6E6425,DEL,07:40,6E6426,DEL,08:20,A320neo,186,Domestic
OCC001194,2026-05-11,Mon,BDT-F003,IndiGo,6E557,MAA,07:50,6E845,MAA,08:30,A320ceo,186,Domestic
OCC001195,2026-05-11,Mon,BDT-F004,Air India Express,IX2837,HYD,08:20,IX2745,HYD,08:50,B737-800,189,Domestic
OCC001196,2026-05-11,Mon,BDT-F005,IndiGo,6E6408,HYD,08:25,6E915,HYD,08:55,A320neo,186,Domestic
OCC001197,2026-05-11,Mon,BDT-F006,IndiGo,6E1443,AUH,08:20,6E1444,AUH,09:50,A320neo,186,International
OCC001198,2026-05-11,Mon,BDT-F007,Alliance Air,I7105,PYB,09:25,I7205,PYB,09:40,Cessna 208B,9,Domestic
OCC001199,2026-05-11,Mon,BDT-F008,IndiGo,6E714,HYD,10:05,6E6294,HYD,10:40,A320ceo,186,Domestic
OCC001200,2026-05-11,Mon,BDT-F009,IndiGo,6E7128,VGA,10:30,6E7129,VGA,11:00,ATR 72-600,78,Domestic
OCC001201,2026-05-11,Mon,BDT-F010,IndiGo,6E6181,MAA,11:35,6E881,MAA,12:15,A320neo,186,Domestic
OCC001202,2026-05-11,Mon,BDT-F011,IndiGo,6E879,HYD,12:20,6E6645,HYD,13:00,A320neo,186,Domestic
OCC001203,2026-05-11,Mon,BDT-F013,IndiGo,6E7064,TIR,13:25,6E7063,TIR,13:50,ATR 72-600,78,Domestic
OCC001204,2026-05-11,Mon,BDT-F014,IndiGo,6E6336,BLR,14:10,6E5309,BLR,14:55,A321neo,232,Domestic
OCC001205,2026-05-11,Mon,BDT-F015,IndiGo,6E409,HYD,14:25,6E5247,BOM,15:05,A321neo,232,Domestic
OCC001206,2026-05-11,Mon,BDT-F016,IndiGo,6E504,HYD,15:45,6E783,HYD,16:25,A321neo,232,Domestic
OCC001207,2026-05-11,Mon,BDT-F017,Air India Express,IX2819,HYD,15:55,IX2744,HYD,16:35,B737-800,189,Domestic
OCC001208,2026-05-11,Mon,BDT-F018,Air India,AI419,DEL,16:05,AI420,DEL,16:45,A321neo,182,Domestic
OCC001209,2026-05-11,Mon,BDT-F019,IndiGo,6E2698,MAA,17:55,6E6089,MAA,18:35,A321neo,232,Domestic
OCC001210,2026-05-11,Mon,BDT-F020,IndiGo,6E7361,UNK,18:20,6E7362,BBI,18:50,ATR 72-600,78,Domestic
OCC001211,2026-05-11,Mon,BDT-F021,Air India Express,IX2023,BLR,18:30,IX1358,VGA,19:00,B737-800,189,Domestic
OCC001212,2026-05-11,Mon,BDT-F022,IndiGo,6E208,HYD,18:40,6E216,HYD,19:20,A321neo,232,Domestic
OCC001213,2026-05-11,Mon,BDT-F023,IndiGo,6E616,CCU,19:10,6E617,CCU,19:50,A321neo,232,Domestic
OCC001214,2026-05-11,Mon,BDT-F024,IndiGo,6E5248,NMI,20:00,6E883,HYD,20:40,A321neo,232,Domestic
OCC001215,2026-05-11,Mon,BDT-F025,IndiGo,6E969,BLR,20:30,6E2772,BLR,21:10,A321neo,232,Domestic
OCC001216,2026-05-11,Mon,BDT-F026,IndiGo,6E384,HYD,20:40,6E385,HYD,21:20,A320neo,186,Domestic
OCC001217,2026-05-11,Mon,BDT-F027,Air India,AI1702,DEL,20:50,AI1802,DEL,21:30,A320ceo,180,Domestic
OCC001218,2026-05-11,Mon,BDT-F028,Air India Express,IX1373,VGA,21:40,IX1373,BLR,22:10,B737-800,189,Domestic
OCC001219,2026-05-11,Mon,BDT-F029,IndiGo,6E2213,DEL,22:05,6E6631,DEL,22:45,A321neo,232,Domestic
OCC001220,2026-05-11,Mon,BDT-F030,Scoot,TR784,SIN,22:15,TR785,SIN,23:00,A320neo,186,International
OCC001221,2026-05-12,Tue,BDT-F001,Air India Express,IX2064,BLR,07:30,IX2065,BLR,08:00,B737-800,189,Domestic
OCC001222,2026-05-12,Tue,BDT-F002,IndiGo,6E6425,DEL,07:40,6E6426,DEL,08:20,A320neo,186,Domestic
OCC001223,2026-05-12,Tue,BDT-F003,IndiGo,6E557,MAA,07:50,6E845,MAA,08:30,A320ceo,186,Domestic
OCC001224,2026-05-12,Tue,BDT-F004,Air India Express,IX2837,HYD,08:20,IX2745,HYD,08:50,B737-800,189,Domestic
OCC001225,2026-05-12,Tue,BDT-F005,IndiGo,6E6408,HYD,08:25,6E915,HYD,08:55,A320neo,186,Domestic
OCC001226,2026-05-12,Tue,BDT-F007,Alliance Air,I7105,PYB,09:25,I7205,PYB,09:40,Cessna 208B,9,Domestic
OCC001227,2026-05-12,Tue,BDT-F008,IndiGo,6E714,HYD,10:05,6E6294,HYD,10:40,A320ceo,186,Domestic
OCC001228,2026-05-12,Tue,BDT-F009,IndiGo,6E7128,VGA,10:30,6E7129,VGA,11:00,ATR 72-600,78,Domestic
OCC001229,2026-05-12,Tue,BDT-F010,IndiGo,6E6181,MAA,11:35,6E881,MAA,12:15,A320neo,186,Domestic
OCC001230,2026-05-12,Tue,BDT-F011,IndiGo,6E879,HYD,12:20,6E6645,HYD,13:00,A320neo,186,Domestic
OCC001231,2026-05-12,Tue,BDT-F012,IndiGo,6E7176,KJB,13:20,6E7177,KJB,13:40,ATR 72-600,78,Domestic
OCC001232,2026-05-12,Tue,BDT-F013,IndiGo,6E7064,TIR,13:25,6E7063,TIR,13:50,ATR 72-600,78,Domestic
OCC001233,2026-05-12,Tue,BDT-F014,IndiGo,6E6336,BLR,14:10,6E5309,BLR,14:55,A321neo,232,Domestic
OCC001234,2026-05-12,Tue,BDT-F015,IndiGo,6E409,HYD,14:25,6E5247,BOM,15:05,A321neo,232,Domestic
OCC001235,2026-05-12,Tue,BDT-F016,IndiGo,6E504,HYD,15:45,6E783,HYD,16:25,A321neo,232,Domestic
OCC001236,2026-05-12,Tue,BDT-F017,Air India Express,IX2819,HYD,15:55,IX2744,HYD,16:35,B737-800,189,Domestic
OCC001237,2026-05-12,Tue,BDT-F018,Air India,AI419,DEL,16:05,AI420,DEL,16:45,A321neo,182,Domestic
OCC001238,2026-05-12,Tue,BDT-F019,IndiGo,6E2698,MAA,17:55,6E6089,MAA,18:35,A321neo,232,Domestic
OCC001239,2026-05-12,Tue,BDT-F021,Air India Express,IX2023,BLR,18:30,IX1358,VGA,19:00,B737-800,189,Domestic
OCC001240,2026-05-12,Tue,BDT-F022,IndiGo,6E208,HYD,18:40,6E216,HYD,19:20,A321neo,232,Domestic
OCC001241,2026-05-12,Tue,BDT-F023,IndiGo,6E616,CCU,19:10,6E617,CCU,19:50,A321neo,232,Domestic
OCC001242,2026-05-12,Tue,BDT-F024,IndiGo,6E5248,NMI,20:00,6E883,HYD,20:40,A321neo,232,Domestic
OCC001243,2026-05-12,Tue,BDT-F025,IndiGo,6E969,BLR,20:30,6E2772,BLR,21:10,A321neo,232,Domestic
OCC001244,2026-05-12,Tue,BDT-F026,IndiGo,6E384,HYD,20:40,6E385,HYD,21:20,A320neo,186,Domestic
OCC001245,2026-05-12,Tue,BDT-F027,Air India,AI1702,DEL,20:50,AI1802,DEL,21:30,A320ceo,180,Domestic
OCC001246,2026-05-12,Tue,BDT-F028,Air India Express,IX1373,VGA,21:40,IX1373,BLR,22:10,B737-800,189,Domestic
OCC001247,2026-05-12,Tue,BDT-F029,IndiGo,6E2213,DEL,22:05,6E6631,DEL,22:45,A321neo,232,Domestic
OCC001248,2026-05-13,Wed,BDT-F002,IndiGo,6E6425,DEL,07:40,6E6426,DEL,08:20,A320neo,186,Domestic
OCC001249,2026-05-13,Wed,BDT-F003,IndiGo,6E557,MAA,07:50,6E845,MAA,08:30,A320ceo,186,Domestic
OCC001250,2026-05-13,Wed,BDT-F004,Air India Express,IX2837,HYD,08:20,IX2745,HYD,08:50,B737-800,189,Domestic
OCC001251,2026-05-13,Wed,BDT-F005,IndiGo,6E6408,HYD,08:25,6E915,HYD,08:55,A320neo,186,Domestic
OCC001252,2026-05-13,Wed,BDT-F006,IndiGo,6E1443,AUH,08:20,6E1444,AUH,09:50,A320neo,186,International
OCC001253,2026-05-13,Wed,BDT-F007,Alliance Air,I7105,PYB,09:25,I7205,PYB,09:40,Cessna 208B,9,Domestic
OCC001254,2026-05-13,Wed,BDT-F008,IndiGo,6E714,HYD,10:05,6E6294,HYD,10:40,A320ceo,186,Domestic
OCC001255,2026-05-13,Wed,BDT-F009,IndiGo,6E7128,VGA,10:30,6E7129,VGA,11:00,ATR 72-600,78,Domestic
OCC001256,2026-05-13,Wed,BDT-F010,IndiGo,6E6181,MAA,11:35,6E881,MAA,12:15,A320neo,186,Domestic
OCC001257,2026-05-13,Wed,BDT-F011,IndiGo,6E879,HYD,12:20,6E6645,HYD,13:00,A320neo,186,Domestic
OCC001258,2026-05-13,Wed,BDT-F013,IndiGo,6E7064,TIR,13:25,6E7063,TIR,13:50,ATR 72-600,78,Domestic
OCC001259,2026-05-13,Wed,BDT-F014,IndiGo,6E6336,BLR,14:10,6E5309,BLR,14:55,A321neo,232,Domestic
OCC001260,2026-05-13,Wed,BDT-F015,IndiGo,6E409,HYD,14:25,6E5247,BOM,15:05,A321neo,232,Domestic
OCC001261,2026-05-13,Wed,BDT-F016,IndiGo,6E504,HYD,15:45,6E783,HYD,16:25,A321neo,232,Domestic
OCC001262,2026-05-13,Wed,BDT-F017,Air India Express,IX2819,HYD,15:55,IX2744,HYD,16:35,B737-800,189,Domestic
OCC001263,2026-05-13,Wed,BDT-F018,Air India,AI419,DEL,16:05,AI420,DEL,16:45,A321neo,182,Domestic
OCC001264,2026-05-13,Wed,BDT-F019,IndiGo,6E2698,MAA,17:55,6E6089,MAA,18:35,A321neo,232,Domestic
OCC001265,2026-05-13,Wed,BDT-F020,IndiGo,6E7361,UNK,18:20,6E7362,BBI,18:50,ATR 72-600,78,Domestic
OCC001266,2026-05-13,Wed,BDT-F021,Air India Express,IX2023,BLR,18:30,IX1358,VGA,19:00,B737-800,189,Domestic
OCC001267,2026-05-13,Wed,BDT-F022,IndiGo,6E208,HYD,18:40,6E216,HYD,19:20,A321neo,232,Domestic
OCC001268,2026-05-13,Wed,BDT-F023,IndiGo,6E616,CCU,19:10,6E617,CCU,19:50,A321neo,232,Domestic
OCC001269,2026-05-13,Wed,BDT-F024,IndiGo,6E5248,NMI,20:00,6E883,HYD,20:40,A321neo,232,Domestic
OCC001270,2026-05-13,Wed,BDT-F025,IndiGo,6E969,BLR,20:30,6E2772,BLR,21:10,A321neo,232,Domestic
OCC001271,2026-05-13,Wed,BDT-F026,IndiGo,6E384,HYD,20:40,6E385,HYD,21:20,A320neo,186,Domestic
OCC001272,2026-05-13,Wed,BDT-F027,Air India,AI1702,DEL,20:50,AI1802,DEL,21:30,A320ceo,180,Domestic
OCC001273,2026-05-13,Wed,BDT-F028,Air India Express,IX1373,VGA,21:40,IX1373,BLR,22:10,B737-800,189,Domestic
OCC001274,2026-05-13,Wed,BDT-F029,IndiGo,6E2213,DEL,22:05,6E6631,DEL,22:45,A321neo,232,Domestic
OCC001275,2026-05-13,Wed,BDT-F030,Scoot,TR784,SIN,22:15,TR785,SIN,23:00,A320neo,186,International
OCC001276,2026-05-14,Thu,BDT-F001,Air India Express,IX2064,BLR,07:30,IX2065,BLR,08:00,B737-800,189,Domestic
OCC001277,2026-05-14,Thu,BDT-F002,IndiGo,6E6425,DEL,07:40,6E6426,DEL,08:20,A320neo,186,Domestic
OCC001278,2026-05-14,Thu,BDT-F003,IndiGo,6E557,MAA,07:50,6E845,MAA,08:30,A320ceo,186,Domestic
OCC001279,2026-05-14,Thu,BDT-F004,Air India Express,IX2837,HYD,08:20,IX2745,HYD,08:50,B737-800,189,Domestic
OCC001280,2026-05-14,Thu,BDT-F005,IndiGo,6E6408,HYD,08:25,6E915,HYD,08:55,A320neo,186,Domestic
OCC001281,2026-05-14,Thu,BDT-F007,Alliance Air,I7105,PYB,09:25,I7205,PYB,09:40,Cessna 208B,9,Domestic
OCC001282,2026-05-14,Thu,BDT-F008,IndiGo,6E714,HYD,10:05,6E6294,HYD,10:40,A320ceo,186,Domestic
OCC001283,2026-05-14,Thu,BDT-F009,IndiGo,6E7128,VGA,10:30,6E7129,VGA,11:00,ATR 72-600,78,Domestic
OCC001284,2026-05-14,Thu,BDT-F010,IndiGo,6E6181,MAA,11:35,6E881,MAA,12:15,A320neo,186,Domestic
OCC001285,2026-05-14,Thu,BDT-F011,IndiGo,6E879,HYD,12:20,6E6645,HYD,13:00,A320neo,186,Domestic
OCC001286,2026-05-14,Thu,BDT-F012,IndiGo,6E7176,KJB,13:20,6E7177,KJB,13:40,ATR 72-600,78,Domestic
OCC001287,2026-05-14,Thu,BDT-F013,IndiGo,6E7064,TIR,13:25,6E7063,TIR,13:50,ATR 72-600,78,Domestic
OCC001288,2026-05-14,Thu,BDT-F014,IndiGo,6E6336,BLR,14:10,6E5309,BLR,14:55,A321neo,232,Domestic
OCC001289,2026-05-14,Thu,BDT-F015,IndiGo,6E409,HYD,14:25,6E5247,BOM,15:05,A321neo,232,Domestic
OCC001290,2026-05-14,Thu,BDT-F016,IndiGo,6E504,HYD,15:45,6E783,HYD,16:25,A321neo,232,Domestic
OCC001291,2026-05-14,Thu,BDT-F017,Air India Express,IX2819,HYD,15:55,IX2744,HYD,16:35,B737-800,189,Domestic
OCC001292,2026-05-14,Thu,BDT-F018,Air India,AI419,DEL,16:05,AI420,DEL,16:45,A321neo,182,Domestic
OCC001293,2026-05-14,Thu,BDT-F019,IndiGo,6E2698,MAA,17:55,6E6089,MAA,18:35,A321neo,232,Domestic
OCC001294,2026-05-14,Thu,BDT-F021,Air India Express,IX2023,BLR,18:30,IX1358,VGA,19:00,B737-800,189,Domestic
OCC001295,2026-05-14,Thu,BDT-F022,IndiGo,6E208,HYD,18:40,6E216,HYD,19:20,A321neo,232,Domestic
OCC001296,2026-05-14,Thu,BDT-F023,IndiGo,6E616,CCU,19:10,6E617,CCU,19:50,A321neo,232,Domestic
OCC001297,2026-05-14,Thu,BDT-F024,IndiGo,6E5248,NMI,20:00,6E883,HYD,20:40,A321neo,232,Domestic
OCC001298,2026-05-14,Thu,BDT-F025,IndiGo,6E969,BLR,20:30,6E2772,BLR,21:10,A321neo,232,Domestic
OCC001299,2026-05-14,Thu,BDT-F026,IndiGo,6E384,HYD,20:40,6E385,HYD,21:20,A320neo,186,Domestic
OCC001300,2026-05-14,Thu,BDT-F027,Air India,AI1702,DEL,20:50,AI1802,DEL,21:30,A320ceo,180,Domestic
OCC001301,2026-05-14,Thu,BDT-F028,Air India Express,IX1373,VGA,21:40,IX1373,BLR,22:10,B737-800,189,Domestic
OCC001302,2026-05-14,Thu,BDT-F029,IndiGo,6E2213,DEL,22:05,6E6631,DEL,22:45,A321neo,232,Domestic
OCC001303,2026-05-15,Fri,BDT-F002,IndiGo,6E6425,DEL,07:40,6E6426,DEL,08:20,A320neo,186,Domestic
OCC001304,2026-05-15,Fri,BDT-F003,IndiGo,6E557,MAA,07:50,6E845,MAA,08:30,A320ceo,186,Domestic
OCC001305,2026-05-15,Fri,BDT-F004,Air India Express,IX2837,HYD,08:20,IX2745,HYD,08:50,B737-800,189,Domestic
OCC001306,2026-05-15,Fri,BDT-F005,IndiGo,6E6408,HYD,08:25,6E915,HYD,08:55,A320neo,186,Domestic
OCC001307,2026-05-15,Fri,BDT-F006,IndiGo,6E1443,AUH,08:20,6E1444,AUH,09:50,A320neo,186,International
OCC001308,2026-05-15,Fri,BDT-F007,Alliance Air,I7105,PYB,09:25,I7205,PYB,09:40,Cessna 208B,9,Domestic
OCC001309,2026-05-15,Fri,BDT-F008,IndiGo,6E714,HYD,10:05,6E6294,HYD,10:40,A320ceo,186,Domestic
OCC001310,2026-05-15,Fri,BDT-F009,IndiGo,6E7128,VGA,10:30,6E7129,VGA,11:00,ATR 72-600,78,Domestic
OCC001311,2026-05-15,Fri,BDT-F010,IndiGo,6E6181,MAA,11:35,6E881,MAA,12:15,A320neo,186,Domestic
OCC001312,2026-05-15,Fri,BDT-F011,IndiGo,6E879,HYD,12:20,6E6645,HYD,13:00,A320neo,186,Domestic
OCC001313,2026-05-15,Fri,BDT-F013,IndiGo,6E7064,TIR,13:25,6E7063,TIR,13:50,ATR 72-600,78,Domestic
OCC001314,2026-05-15,Fri,BDT-F014,IndiGo,6E6336,BLR,14:10,6E5309,BLR,14:55,A321neo,232,Domestic
OCC001315,2026-05-15,Fri,BDT-F015,IndiGo,6E409,HYD,14:25,6E5247,BOM,15:05,A321neo,232,Domestic
OCC001316,2026-05-15,Fri,BDT-F016,IndiGo,6E504,HYD,15:45,6E783,HYD,16:25,A321neo,232,Domestic
OCC001317,2026-05-15,Fri,BDT-F017,Air India Express,IX2819,HYD,15:55,IX2744,HYD,16:35,B737-800,189,Domestic
OCC001318,2026-05-15,Fri,BDT-F018,Air India,AI419,DEL,16:05,AI420,DEL,16:45,A321neo,182,Domestic
OCC001319,2026-05-15,Fri,BDT-F019,IndiGo,6E2698,MAA,17:55,6E6089,MAA,18:35,A321neo,232,Domestic
OCC001320,2026-05-15,Fri,BDT-F020,IndiGo,6E7361,UNK,18:20,6E7362,BBI,18:50,ATR 72-600,78,Domestic
OCC001321,2026-05-15,Fri,BDT-F021,Air India Express,IX2023,BLR,18:30,IX1358,VGA,19:00,B737-800,189,Domestic
OCC001322,2026-05-15,Fri,BDT-F022,IndiGo,6E208,HYD,18:40,6E216,HYD,19:20,A321neo,232,Domestic
OCC001323,2026-05-15,Fri,BDT-F023,IndiGo,6E616,CCU,19:10,6E617,CCU,19:50,A321neo,232,Domestic
OCC001324,2026-05-15,Fri,BDT-F024,IndiGo,6E5248,NMI,20:00,6E883,HYD,20:40,A321neo,232,Domestic
OCC001325,2026-05-15,Fri,BDT-F025,IndiGo,6E969,BLR,20:30,6E2772,BLR,21:10,A321neo,232,Domestic
OCC001326,2026-05-15,Fri,BDT-F026,IndiGo,6E384,HYD,20:40,6E385,HYD,21:20,A320neo,186,Domestic
OCC001327,2026-05-15,Fri,BDT-F027,Air India,AI1702,DEL,20:50,AI1802,DEL,21:30,A320ceo,180,Domestic
OCC001328,2026-05-15,Fri,BDT-F028,Air India Express,IX1373,VGA,21:40,IX1373,BLR,22:10,B737-800,189,Domestic
OCC001329,2026-05-15,Fri,BDT-F029,IndiGo,6E2213,DEL,22:05,6E6631,DEL,22:45,A321neo,232,Domestic
OCC001330,2026-05-15,Fri,BDT-F030,Scoot,TR784,SIN,22:15,TR785,SIN,23:00,A320neo,186,International
OCC001331,2026-05-16,Sat,BDT-F001,Air India Express,IX2064,BLR,07:30,IX2065,BLR,08:00,B737-800,189,Domestic
OCC001332,2026-05-16,Sat,BDT-F002,IndiGo,6E6425,DEL,07:40,6E6426,DEL,08:20,A320neo,186,Domestic
OCC001333,2026-05-16,Sat,BDT-F003,IndiGo,6E557,MAA,07:50,6E845,MAA,08:30,A320ceo,186,Domestic
OCC001334,2026-05-16,Sat,BDT-F004,Air India Express,IX2837,HYD,08:20,IX2745,HYD,08:50,B737-800,189,Domestic
OCC001335,2026-05-16,Sat,BDT-F005,IndiGo,6E6408,HYD,08:25,6E915,HYD,08:55,A320neo,186,Domestic
OCC001336,2026-05-16,Sat,BDT-F007,Alliance Air,I7105,PYB,09:25,I7205,PYB,09:40,Cessna 208B,9,Domestic
OCC001337,2026-05-16,Sat,BDT-F008,IndiGo,6E714,HYD,10:05,6E6294,HYD,10:40,A320ceo,186,Domestic
OCC001338,2026-05-16,Sat,BDT-F009,IndiGo,6E7128,VGA,10:30,6E7129,VGA,11:00,ATR 72-600,78,Domestic
OCC001339,2026-05-16,Sat,BDT-F010,IndiGo,6E6181,MAA,11:35,6E881,MAA,12:15,A320neo,186,Domestic
OCC001340,2026-05-16,Sat,BDT-F011,IndiGo,6E879,HYD,12:20,6E6645,HYD,13:00,A320neo,186,Domestic
OCC001341,2026-05-16,Sat,BDT-F012,IndiGo,6E7176,KJB,13:20,6E7177,KJB,13:40,ATR 72-600,78,Domestic
OCC001342,2026-05-16,Sat,BDT-F013,IndiGo,6E7064,TIR,13:25,6E7063,TIR,13:50,ATR 72-600,78,Domestic
OCC001343,2026-05-16,Sat,BDT-F014,IndiGo,6E6336,BLR,14:10,6E5309,BLR,14:55,A321neo,232,Domestic
OCC001344,2026-05-16,Sat,BDT-F015,IndiGo,6E409,HYD,14:25,6E5247,BOM,15:05,A321neo,232,Domestic
OCC001345,2026-05-16,Sat,BDT-F016,IndiGo,6E504,HYD,15:45,6E783,HYD,16:25,A321neo,232,Domestic
OCC001346,2026-05-16,Sat,BDT-F017,Air India Express,IX2819,HYD,15:55,IX2744,HYD,16:35,B737-800,189,Domestic
OCC001347,2026-05-16,Sat,BDT-F018,Air India,AI419,DEL,16:05,AI420,DEL,16:45,A321neo,182,Domestic
OCC001348,2026-05-16,Sat,BDT-F019,IndiGo,6E2698,MAA,17:55,6E6089,MAA,18:35,A321neo,232,Domestic
OCC001349,2026-05-16,Sat,BDT-F021,Air India Express,IX2023,BLR,18:30,IX1358,VGA,19:00,B737-800,189,Domestic
OCC001350,2026-05-16,Sat,BDT-F022,IndiGo,6E208,HYD,18:40,6E216,HYD,19:20,A321neo,232,Domestic
OCC001351,2026-05-16,Sat,BDT-F023,IndiGo,6E616,CCU,19:10,6E617,CCU,19:50,A321neo,232,Domestic
OCC001352,2026-05-16,Sat,BDT-F024,IndiGo,6E5248,NMI,20:00,6E883,HYD,20:40,A321neo,232,Domestic
OCC001353,2026-05-16,Sat,BDT-F025,IndiGo,6E969,BLR,20:30,6E2772,BLR,21:10,A321neo,232,Domestic
OCC001354,2026-05-16,Sat,BDT-F026,IndiGo,6E384,HYD,20:40,6E385,HYD,21:20,A320neo,186,Domestic
OCC001355,2026-05-16,Sat,BDT-F027,Air India,AI1702,DEL,20:50,AI1802,DEL,21:30,A320ceo,180,Domestic
OCC001356,2026-05-16,Sat,BDT-F028,Air India Express,IX1373,VGA,21:40,IX1373,BLR,22:10,B737-800,189,Domestic
OCC001357,2026-05-16,Sat,BDT-F029,IndiGo,6E2213,DEL,22:05,6E6631,DEL,22:45,A321neo,232,Domestic
OCC001358,2026-05-16,Sat,BDT-F030,Scoot,TR784,SIN,22:15,TR785,SIN,23:00,A320neo,186,International
OCC001359,2026-05-17,Sun,BDT-F002,IndiGo,6E6425,DEL,07:40,6E6426,DEL,08:20,A320neo,186,Domestic
OCC001360,2026-05-17,Sun,BDT-F003,IndiGo,6E557,MAA,07:50,6E845,MAA,08:30,A320ceo,186,Domestic
OCC001361,2026-05-17,Sun,BDT-F004,Air India Express,IX2837,HYD,08:20,IX2745,HYD,08:50,B737-800,189,Domestic
OCC001362,2026-05-17,Sun,BDT-F005,IndiGo,6E6408,HYD,08:25,6E915,HYD,08:55,A320neo,186,Domestic
OCC001363,2026-05-17,Sun,BDT-F006,IndiGo,6E1443,AUH,08:20,6E1444,AUH,09:50,A320neo,186,International
OCC001364,2026-05-17,Sun,BDT-F007,Alliance Air,I7105,PYB,09:25,I7205,PYB,09:40,Cessna 208B,9,Domestic
OCC001365,2026-05-17,Sun,BDT-F008,IndiGo,6E714,HYD,10:05,6E6294,HYD,10:40,A320ceo,186,Domestic
OCC001366,2026-05-17,Sun,BDT-F009,IndiGo,6E7128,VGA,10:30,6E7129,VGA,11:00,ATR 72-600,78,Domestic
OCC001367,2026-05-17,Sun,BDT-F010,IndiGo,6E6181,MAA,11:35,6E881,MAA,12:15,A320neo,186,Domestic
OCC001368,2026-05-17,Sun,BDT-F011,IndiGo,6E879,HYD,12:20,6E6645,HYD,13:00,A320neo,186,Domestic
OCC001369,2026-05-17,Sun,BDT-F013,IndiGo,6E7064,TIR,13:25,6E7063,TIR,13:50,ATR 72-600,78,Domestic
OCC001370,2026-05-17,Sun,BDT-F014,IndiGo,6E6336,BLR,14:10,6E5309,BLR,14:55,A321neo,232,Domestic
OCC001371,2026-05-17,Sun,BDT-F015,IndiGo,6E409,HYD,14:25,6E5247,BOM,15:05,A321neo,232,Domestic
OCC001372,2026-05-17,Sun,BDT-F016,IndiGo,6E504,HYD,15:45,6E783,HYD,16:25,A321neo,232,Domestic
OCC001373,2026-05-17,Sun,BDT-F017,Air India Express,IX2819,HYD,15:55,IX2744,HYD,16:35,B737-800,189,Domestic
OCC001374,2026-05-17,Sun,BDT-F018,Air India,AI419,DEL,16:05,AI420,DEL,16:45,A321neo,182,Domestic
OCC001375,2026-05-17,Sun,BDT-F019,IndiGo,6E2698,MAA,17:55,6E6089,MAA,18:35,A321neo,232,Domestic
OCC001376,2026-05-17,Sun,BDT-F020,IndiGo,6E7361,UNK,18:20,6E7362,BBI,18:50,ATR 72-600,78,Domestic
OCC001377,2026-05-17,Sun,BDT-F021,Air India Express,IX2023,BLR,18:30,IX1358,VGA,19:00,B737-800,189,Domestic
OCC001378,2026-05-17,Sun,BDT-F022,IndiGo,6E208,HYD,18:40,6E216,HYD,19:20,A321neo,232,Domestic
OCC001379,2026-05-17,Sun,BDT-F023,IndiGo,6E616,CCU,19:10,6E617,CCU,19:50,A321neo,232,Domestic
OCC001380,2026-05-17,Sun,BDT-F024,IndiGo,6E5248,NMI,20:00,6E883,HYD,20:40,A321neo,232,Domestic
OCC001381,2026-05-17,Sun,BDT-F025,IndiGo,6E969,BLR,20:30,6E2772,BLR,21:10,A321neo,232,Domestic
OCC001382,2026-05-17,Sun,BDT-F026,IndiGo,6E384,HYD,20:40,6E385,HYD,21:20,A320neo,186,Domestic
OCC001383,2026-05-17,Sun,BDT-F027,Air India,AI1702,DEL,20:50,AI1802,DEL,21:30,A320ceo,180,Domestic
OCC001384,2026-05-17,Sun,BDT-F028,Air India Express,IX1373,VGA,21:40,IX1373,BLR,22:10,B737-800,189,Domestic
OCC001385,2026-05-17,Sun,BDT-F029,IndiGo,6E2213,DEL,22:05,6E6631,DEL,22:45,A321neo,232,Domestic
OCC001386,2026-05-18,Mon,BDT-F001,Air India Express,IX2064,BLR,07:30,IX2065,BLR,08:00,B737-800,189,Domestic
OCC001387,2026-05-18,Mon,BDT-F002,IndiGo,6E6425,DEL,07:40,6E6426,DEL,08:20,A320neo,186,Domestic
OCC001388,2026-05-18,Mon,BDT-F003,IndiGo,6E557,MAA,07:50,6E845,MAA,08:30,A320ceo,186,Domestic
OCC001389,2026-05-18,Mon,BDT-F004,Air India Express,IX2837,HYD,08:20,IX2745,HYD,08:50,B737-800,189,Domestic
OCC001390,2026-05-18,Mon,BDT-F005,IndiGo,6E6408,HYD,08:25,6E915,HYD,08:55,A320neo,186,Domestic
OCC001391,2026-05-18,Mon,BDT-F006,IndiGo,6E1443,AUH,08:20,6E1444,AUH,09:50,A320neo,186,International
OCC001392,2026-05-18,Mon,BDT-F007,Alliance Air,I7105,PYB,09:25,I7205,PYB,09:40,Cessna 208B,9,Domestic
OCC001393,2026-05-18,Mon,BDT-F008,IndiGo,6E714,HYD,10:05,6E6294,HYD,10:40,A320ceo,186,Domestic
OCC001394,2026-05-18,Mon,BDT-F009,IndiGo,6E7128,VGA,10:30,6E7129,VGA,11:00,ATR 72-600,78,Domestic
OCC001395,2026-05-18,Mon,BDT-F010,IndiGo,6E6181,MAA,11:35,6E881,MAA,12:15,A320neo,186,Domestic
OCC001396,2026-05-18,Mon,BDT-F011,IndiGo,6E879,HYD,12:20,6E6645,HYD,13:00,A320neo,186,Domestic
OCC001397,2026-05-18,Mon,BDT-F013,IndiGo,6E7064,TIR,13:25,6E7063,TIR,13:50,ATR 72-600,78,Domestic
OCC001398,2026-05-18,Mon,BDT-F014,IndiGo,6E6336,BLR,14:10,6E5309,BLR,14:55,A321neo,232,Domestic
OCC001399,2026-05-18,Mon,BDT-F015,IndiGo,6E409,HYD,14:25,6E5247,BOM,15:05,A321neo,232,Domestic
OCC001400,2026-05-18,Mon,BDT-F016,IndiGo,6E504,HYD,15:45,6E783,HYD,16:25,A321neo,232,Domestic
OCC001401,2026-05-18,Mon,BDT-F017,Air India Express,IX2819,HYD,15:55,IX2744,HYD,16:35,B737-800,189,Domestic
OCC001402,2026-05-18,Mon,BDT-F018,Air India,AI419,DEL,16:05,AI420,DEL,16:45,A321neo,182,Domestic
OCC001403,2026-05-18,Mon,BDT-F019,IndiGo,6E2698,MAA,17:55,6E6089,MAA,18:35,A321neo,232,Domestic
OCC001404,2026-05-18,Mon,BDT-F020,IndiGo,6E7361,UNK,18:20,6E7362,BBI,18:50,ATR 72-600,78,Domestic
OCC001405,2026-05-18,Mon,BDT-F021,Air India Express,IX2023,BLR,18:30,IX1358,VGA,19:00,B737-800,189,Domestic
OCC001406,2026-05-18,Mon,BDT-F022,IndiGo,6E208,HYD,18:40,6E216,HYD,19:20,A321neo,232,Domestic
OCC001407,2026-05-18,Mon,BDT-F023,IndiGo,6E616,CCU,19:10,6E617,CCU,19:50,A321neo,232,Domestic
OCC001408,2026-05-18,Mon,BDT-F024,IndiGo,6E5248,NMI,20:00,6E883,HYD,20:40,A321neo,232,Domestic
OCC001409,2026-05-18,Mon,BDT-F025,IndiGo,6E969,BLR,20:30,6E2772,BLR,21:10,A321neo,232,Domestic
OCC001410,2026-05-18,Mon,BDT-F026,IndiGo,6E384,HYD,20:40,6E385,HYD,21:20,A320neo,186,Domestic
OCC001411,2026-05-18,Mon,BDT-F027,Air India,AI1702,DEL,20:50,AI1802,DEL,21:30,A320ceo,180,Domestic
OCC001412,2026-05-18,Mon,BDT-F028,Air India Express,IX1373,VGA,21:40,IX1373,BLR,22:10,B737-800,189,Domestic
OCC001413,2026-05-18,Mon,BDT-F029,IndiGo,6E2213,DEL,22:05,6E6631,DEL,22:45,A321neo,232,Domestic
OCC001414,2026-05-18,Mon,BDT-F030,Scoot,TR784,SIN,22:15,TR785,SIN,23:00,A320neo,186,International
OCC001415,2026-05-19,Tue,BDT-F001,Air India Express,IX2064,BLR,07:30,IX2065,BLR,08:00,B737-800,189,Domestic
OCC001416,2026-05-19,Tue,BDT-F002,IndiGo,6E6425,DEL,07:40,6E6426,DEL,08:20,A320neo,186,Domestic
OCC001417,2026-05-19,Tue,BDT-F003,IndiGo,6E557,MAA,07:50,6E845,MAA,08:30,A320ceo,186,Domestic
OCC001418,2026-05-19,Tue,BDT-F004,Air India Express,IX2837,HYD,08:20,IX2745,HYD,08:50,B737-800,189,Domestic
OCC001419,2026-05-19,Tue,BDT-F005,IndiGo,6E6408,HYD,08:25,6E915,HYD,08:55,A320neo,186,Domestic
OCC001420,2026-05-19,Tue,BDT-F007,Alliance Air,I7105,PYB,09:25,I7205,PYB,09:40,Cessna 208B,9,Domestic
OCC001421,2026-05-19,Tue,BDT-F008,IndiGo,6E714,HYD,10:05,6E6294,HYD,10:40,A320ceo,186,Domestic
OCC001422,2026-05-19,Tue,BDT-F009,IndiGo,6E7128,VGA,10:30,6E7129,VGA,11:00,ATR 72-600,78,Domestic
OCC001423,2026-05-19,Tue,BDT-F010,IndiGo,6E6181,MAA,11:35,6E881,MAA,12:15,A320neo,186,Domestic
OCC001424,2026-05-19,Tue,BDT-F011,IndiGo,6E879,HYD,12:20,6E6645,HYD,13:00,A320neo,186,Domestic
OCC001425,2026-05-19,Tue,BDT-F012,IndiGo,6E7176,KJB,13:20,6E7177,KJB,13:40,ATR 72-600,78,Domestic
OCC001426,2026-05-19,Tue,BDT-F013,IndiGo,6E7064,TIR,13:25,6E7063,TIR,13:50,ATR 72-600,78,Domestic
OCC001427,2026-05-19,Tue,BDT-F014,IndiGo,6E6336,BLR,14:10,6E5309,BLR,14:55,A321neo,232,Domestic
OCC001428,2026-05-19,Tue,BDT-F015,IndiGo,6E409,HYD,14:25,6E5247,BOM,15:05,A321neo,232,Domestic
OCC001429,2026-05-19,Tue,BDT-F016,IndiGo,6E504,HYD,15:45,6E783,HYD,16:25,A321neo,232,Domestic
OCC001430,2026-05-19,Tue,BDT-F017,Air India Express,IX2819,HYD,15:55,IX2744,HYD,16:35,B737-800,189,Domestic
OCC001431,2026-05-19,Tue,BDT-F018,Air India,AI419,DEL,16:05,AI420,DEL,16:45,A321neo,182,Domestic
OCC001432,2026-05-19,Tue,BDT-F019,IndiGo,6E2698,MAA,17:55,6E6089,MAA,18:35,A321neo,232,Domestic
OCC001433,2026-05-19,Tue,BDT-F021,Air India Express,IX2023,BLR,18:30,IX1358,VGA,19:00,B737-800,189,Domestic
OCC001434,2026-05-19,Tue,BDT-F022,IndiGo,6E208,HYD,18:40,6E216,HYD,19:20,A321neo,232,Domestic
OCC001435,2026-05-19,Tue,BDT-F023,IndiGo,6E616,CCU,19:10,6E617,CCU,19:50,A321neo,232,Domestic
OCC001436,2026-05-19,Tue,BDT-F024,IndiGo,6E5248,NMI,20:00,6E883,HYD,20:40,A321neo,232,Domestic
OCC001437,2026-05-19,Tue,BDT-F025,IndiGo,6E969,BLR,20:30,6E2772,BLR,21:10,A321neo,232,Domestic
OCC001438,2026-05-19,Tue,BDT-F026,IndiGo,6E384,HYD,20:40,6E385,HYD,21:20,A320neo,186,Domestic
OCC001439,2026-05-19,Tue,BDT-F027,Air India,AI1702,DEL,20:50,AI1802,DEL,21:30,A320ceo,180,Domestic
OCC001440,2026-05-19,Tue,BDT-F028,Air India Express,IX1373,VGA,21:40,IX1373,BLR,22:10,B737-800,189,Domestic
OCC001441,2026-05-19,Tue,BDT-F029,IndiGo,6E2213,DEL,22:05,6E6631,DEL,22:45,A321neo,232,Domestic
OCC001442,2026-05-20,Wed,BDT-F002,IndiGo,6E6425,DEL,07:40,6E6426,DEL,08:20,A320neo,186,Domestic
OCC001443,2026-05-20,Wed,BDT-F003,IndiGo,6E557,MAA,07:50,6E845,MAA,08:30,A320ceo,186,Domestic
OCC001444,2026-05-20,Wed,BDT-F004,Air India Express,IX2837,HYD,08:20,IX2745,HYD,08:50,B737-800,189,Domestic
OCC001445,2026-05-20,Wed,BDT-F005,IndiGo,6E6408,HYD,08:25,6E915,HYD,08:55,A320neo,186,Domestic
OCC001446,2026-05-20,Wed,BDT-F006,IndiGo,6E1443,AUH,08:20,6E1444,AUH,09:50,A320neo,186,International
OCC001447,2026-05-20,Wed,BDT-F007,Alliance Air,I7105,PYB,09:25,I7205,PYB,09:40,Cessna 208B,9,Domestic
OCC001448,2026-05-20,Wed,BDT-F008,IndiGo,6E714,HYD,10:05,6E6294,HYD,10:40,A320ceo,186,Domestic
OCC001449,2026-05-20,Wed,BDT-F009,IndiGo,6E7128,VGA,10:30,6E7129,VGA,11:00,ATR 72-600,78,Domestic
OCC001450,2026-05-20,Wed,BDT-F010,IndiGo,6E6181,MAA,11:35,6E881,MAA,12:15,A320neo,186,Domestic
OCC001451,2026-05-20,Wed,BDT-F011,IndiGo,6E879,HYD,12:20,6E6645,HYD,13:00,A320neo,186,Domestic
OCC001452,2026-05-20,Wed,BDT-F013,IndiGo,6E7064,TIR,13:25,6E7063,TIR,13:50,ATR 72-600,78,Domestic
OCC001453,2026-05-20,Wed,BDT-F014,IndiGo,6E6336,BLR,14:10,6E5309,BLR,14:55,A321neo,232,Domestic
OCC001454,2026-05-20,Wed,BDT-F015,IndiGo,6E409,HYD,14:25,6E5247,BOM,15:05,A321neo,232,Domestic
OCC001455,2026-05-20,Wed,BDT-F016,IndiGo,6E504,HYD,15:45,6E783,HYD,16:25,A321neo,232,Domestic
OCC001456,2026-05-20,Wed,BDT-F017,Air India Express,IX2819,HYD,15:55,IX2744,HYD,16:35,B737-800,189,Domestic
OCC001457,2026-05-20,Wed,BDT-F018,Air India,AI419,DEL,16:05,AI420,DEL,16:45,A321neo,182,Domestic
OCC001458,2026-05-20,Wed,BDT-F019,IndiGo,6E2698,MAA,17:55,6E6089,MAA,18:35,A321neo,232,Domestic
OCC001459,2026-05-20,Wed,BDT-F020,IndiGo,6E7361,UNK,18:20,6E7362,BBI,18:50,ATR 72-600,78,Domestic
OCC001460,2026-05-20,Wed,BDT-F021,Air India Express,IX2023,BLR,18:30,IX1358,VGA,19:00,B737-800,189,Domestic
OCC001461,2026-05-20,Wed,BDT-F022,IndiGo,6E208,HYD,18:40,6E216,HYD,19:20,A321neo,232,Domestic
OCC001462,2026-05-20,Wed,BDT-F023,IndiGo,6E616,CCU,19:10,6E617,CCU,19:50,A321neo,232,Domestic
OCC001463,2026-05-20,Wed,BDT-F024,IndiGo,6E5248,NMI,20:00,6E883,HYD,20:40,A321neo,232,Domestic
OCC001464,2026-05-20,Wed,BDT-F025,IndiGo,6E969,BLR,20:30,6E2772,BLR,21:10,A321neo,232,Domestic
OCC001465,2026-05-20,Wed,BDT-F026,IndiGo,6E384,HYD,20:40,6E385,HYD,21:20,A320neo,186,Domestic
OCC001466,2026-05-20,Wed,BDT-F027,Air India,AI1702,DEL,20:50,AI1802,DEL,21:30,A320ceo,180,Domestic
OCC001467,2026-05-20,Wed,BDT-F028,Air India Express,IX1373,VGA,21:40,IX1373,BLR,22:10,B737-800,189,Domestic
OCC001468,2026-05-20,Wed,BDT-F029,IndiGo,6E2213,DEL,22:05,6E6631,DEL,22:45,A321neo,232,Domestic
OCC001469,2026-05-20,Wed,BDT-F030,Scoot,TR784,SIN,22:15,TR785,SIN,23:00,A320neo,186,International
OCC001470,2026-05-21,Thu,BDT-F001,Air India Express,IX2064,BLR,07:30,IX2065,BLR,08:00,B737-800,189,Domestic
OCC001471,2026-05-21,Thu,BDT-F002,IndiGo,6E6425,DEL,07:40,6E6426,DEL,08:20,A320neo,186,Domestic
OCC001472,2026-05-21,Thu,BDT-F003,IndiGo,6E557,MAA,07:50,6E845,MAA,08:30,A320ceo,186,Domestic
OCC001473,2026-05-21,Thu,BDT-F004,Air India Express,IX2837,HYD,08:20,IX2745,HYD,08:50,B737-800,189,Domestic
OCC001474,2026-05-21,Thu,BDT-F005,IndiGo,6E6408,HYD,08:25,6E915,HYD,08:55,A320neo,186,Domestic
OCC001475,2026-05-21,Thu,BDT-F007,Alliance Air,I7105,PYB,09:25,I7205,PYB,09:40,Cessna 208B,9,Domestic
OCC001476,2026-05-21,Thu,BDT-F008,IndiGo,6E714,HYD,10:05,6E6294,HYD,10:40,A320ceo,186,Domestic
OCC001477,2026-05-21,Thu,BDT-F009,IndiGo,6E7128,VGA,10:30,6E7129,VGA,11:00,ATR 72-600,78,Domestic
OCC001478,2026-05-21,Thu,BDT-F010,IndiGo,6E6181,MAA,11:35,6E881,MAA,12:15,A320neo,186,Domestic
OCC001479,2026-05-21,Thu,BDT-F011,IndiGo,6E879,HYD,12:20,6E6645,HYD,13:00,A320neo,186,Domestic
OCC001480,2026-05-21,Thu,BDT-F012,IndiGo,6E7176,KJB,13:20,6E7177,KJB,13:40,ATR 72-600,78,Domestic
OCC001481,2026-05-21,Thu,BDT-F013,IndiGo,6E7064,TIR,13:25,6E7063,TIR,13:50,ATR 72-600,78,Domestic
OCC001482,2026-05-21,Thu,BDT-F014,IndiGo,6E6336,BLR,14:10,6E5309,BLR,14:55,A321neo,232,Domestic
OCC001483,2026-05-21,Thu,BDT-F015,IndiGo,6E409,HYD,14:25,6E5247,BOM,15:05,A321neo,232,Domestic
OCC001484,2026-05-21,Thu,BDT-F016,IndiGo,6E504,HYD,15:45,6E783,HYD,16:25,A321neo,232,Domestic
OCC001485,2026-05-21,Thu,BDT-F017,Air India Express,IX2819,HYD,15:55,IX2744,HYD,16:35,B737-800,189,Domestic
OCC001486,2026-05-21,Thu,BDT-F018,Air India,AI419,DEL,16:05,AI420,DEL,16:45,A321neo,182,Domestic
OCC001487,2026-05-21,Thu,BDT-F019,IndiGo,6E2698,MAA,17:55,6E6089,MAA,18:35,A321neo,232,Domestic
OCC001488,2026-05-21,Thu,BDT-F021,Air India Express,IX2023,BLR,18:30,IX1358,VGA,19:00,B737-800,189,Domestic
OCC001489,2026-05-21,Thu,BDT-F022,IndiGo,6E208,HYD,18:40,6E216,HYD,19:20,A321neo,232,Domestic
OCC001490,2026-05-21,Thu,BDT-F023,IndiGo,6E616,CCU,19:10,6E617,CCU,19:50,A321neo,232,Domestic
OCC001491,2026-05-21,Thu,BDT-F024,IndiGo,6E5248,NMI,20:00,6E883,HYD,20:40,A321neo,232,Domestic
OCC001492,2026-05-21,Thu,BDT-F025,IndiGo,6E969,BLR,20:30,6E2772,BLR,21:10,A321neo,232,Domestic
OCC001493,2026-05-21,Thu,BDT-F026,IndiGo,6E384,HYD,20:40,6E385,HYD,21:20,A320neo,186,Domestic
OCC001494,2026-05-21,Thu,BDT-F027,Air India,AI1702,DEL,20:50,AI1802,DEL,21:30,A320ceo,180,Domestic
OCC001495,2026-05-21,Thu,BDT-F028,Air India Express,IX1373,VGA,21:40,IX1373,BLR,22:10,B737-800,189,Domestic
OCC001496,2026-05-21,Thu,BDT-F029,IndiGo,6E2213,DEL,22:05,6E6631,DEL,22:45,A321neo,232,Domestic
OCC001497,2026-05-22,Fri,BDT-F002,IndiGo,6E6425,DEL,07:40,6E6426,DEL,08:20,A320neo,186,Domestic
OCC001498,2026-05-22,Fri,BDT-F003,IndiGo,6E557,MAA,07:50,6E845,MAA,08:30,A320ceo,186,Domestic
OCC001499,2026-05-22,Fri,BDT-F004,Air India Express,IX2837,HYD,08:20,IX2745,HYD,08:50,B737-800,189,Domestic
OCC001500,2026-05-22,Fri,BDT-F005,IndiGo,6E6408,HYD,08:25,6E915,HYD,08:55,A320neo,186,Domestic
OCC001501,2026-05-22,Fri,BDT-F006,IndiGo,6E1443,AUH,08:20,6E1444,AUH,09:50,A320neo,186,International
OCC001502,2026-05-22,Fri,BDT-F007,Alliance Air,I7105,PYB,09:25,I7205,PYB,09:40,Cessna 208B,9,Domestic
OCC001503,2026-05-22,Fri,BDT-F008,IndiGo,6E714,HYD,10:05,6E6294,HYD,10:40,A320ceo,186,Domestic
OCC001504,2026-05-22,Fri,BDT-F009,IndiGo,6E7128,VGA,10:30,6E7129,VGA,11:00,ATR 72-600,78,Domestic
OCC001505,2026-05-22,Fri,BDT-F010,IndiGo,6E6181,MAA,11:35,6E881,MAA,12:15,A320neo,186,Domestic
OCC001506,2026-05-22,Fri,BDT-F011,IndiGo,6E879,HYD,12:20,6E6645,HYD,13:00,A320neo,186,Domestic
OCC001507,2026-05-22,Fri,BDT-F013,IndiGo,6E7064,TIR,13:25,6E7063,TIR,13:50,ATR 72-600,78,Domestic
OCC001508,2026-05-22,Fri,BDT-F014,IndiGo,6E6336,BLR,14:10,6E5309,BLR,14:55,A321neo,232,Domestic
OCC001509,2026-05-22,Fri,BDT-F015,IndiGo,6E409,HYD,14:25,6E5247,BOM,15:05,A321neo,232,Domestic
OCC001510,2026-05-22,Fri,BDT-F016,IndiGo,6E504,HYD,15:45,6E783,HYD,16:25,A321neo,232,Domestic
OCC001511,2026-05-22,Fri,BDT-F017,Air India Express,IX2819,HYD,15:55,IX2744,HYD,16:35,B737-800,189,Domestic
OCC001512,2026-05-22,Fri,BDT-F018,Air India,AI419,DEL,16:05,AI420,DEL,16:45,A321neo,182,Domestic
OCC001513,2026-05-22,Fri,BDT-F019,IndiGo,6E2698,MAA,17:55,6E6089,MAA,18:35,A321neo,232,Domestic
OCC001514,2026-05-22,Fri,BDT-F020,IndiGo,6E7361,UNK,18:20,6E7362,BBI,18:50,ATR 72-600,78,Domestic
OCC001515,2026-05-22,Fri,BDT-F021,Air India Express,IX2023,BLR,18:30,IX1358,VGA,19:00,B737-800,189,Domestic
OCC001516,2026-05-22,Fri,BDT-F022,IndiGo,6E208,HYD,18:40,6E216,HYD,19:20,A321neo,232,Domestic
OCC001517,2026-05-22,Fri,BDT-F023,IndiGo,6E616,CCU,19:10,6E617,CCU,19:50,A321neo,232,Domestic
OCC001518,2026-05-22,Fri,BDT-F024,IndiGo,6E5248,NMI,20:00,6E883,HYD,20:40,A321neo,232,Domestic
OCC001519,2026-05-22,Fri,BDT-F025,IndiGo,6E969,BLR,20:30,6E2772,BLR,21:10,A321neo,232,Domestic
OCC001520,2026-05-22,Fri,BDT-F026,IndiGo,6E384,HYD,20:40,6E385,HYD,21:20,A320neo,186,Domestic
OCC001521,2026-05-22,Fri,BDT-F027,Air India,AI1702,DEL,20:50,AI1802,DEL,21:30,A320ceo,180,Domestic
OCC001522,2026-05-22,Fri,BDT-F028,Air India Express,IX1373,VGA,21:40,IX1373,BLR,22:10,B737-800,189,Domestic
OCC001523,2026-05-22,Fri,BDT-F029,IndiGo,6E2213,DEL,22:05,6E6631,DEL,22:45,A321neo,232,Domestic
OCC001524,2026-05-22,Fri,BDT-F030,Scoot,TR784,SIN,22:15,TR785,SIN,23:00,A320neo,186,International
OCC001525,2026-05-23,Sat,BDT-F001,Air India Express,IX2064,BLR,07:30,IX2065,BLR,08:00,B737-800,189,Domestic
OCC001526,2026-05-23,Sat,BDT-F002,IndiGo,6E6425,DEL,07:40,6E6426,DEL,08:20,A320neo,186,Domestic
OCC001527,2026-05-23,Sat,BDT-F003,IndiGo,6E557,MAA,07:50,6E845,MAA,08:30,A320ceo,186,Domestic
OCC001528,2026-05-23,Sat,BDT-F004,Air India Express,IX2837,HYD,08:20,IX2745,HYD,08:50,B737-800,189,Domestic
OCC001529,2026-05-23,Sat,BDT-F005,IndiGo,6E6408,HYD,08:25,6E915,HYD,08:55,A320neo,186,Domestic
OCC001530,2026-05-23,Sat,BDT-F007,Alliance Air,I7105,PYB,09:25,I7205,PYB,09:40,Cessna 208B,9,Domestic
OCC001531,2026-05-23,Sat,BDT-F008,IndiGo,6E714,HYD,10:05,6E6294,HYD,10:40,A320ceo,186,Domestic
OCC001532,2026-05-23,Sat,BDT-F009,IndiGo,6E7128,VGA,10:30,6E7129,VGA,11:00,ATR 72-600,78,Domestic
OCC001533,2026-05-23,Sat,BDT-F010,IndiGo,6E6181,MAA,11:35,6E881,MAA,12:15,A320neo,186,Domestic
OCC001534,2026-05-23,Sat,BDT-F011,IndiGo,6E879,HYD,12:20,6E6645,HYD,13:00,A320neo,186,Domestic
OCC001535,2026-05-23,Sat,BDT-F012,IndiGo,6E7176,KJB,13:20,6E7177,KJB,13:40,ATR 72-600,78,Domestic
OCC001536,2026-05-23,Sat,BDT-F013,IndiGo,6E7064,TIR,13:25,6E7063,TIR,13:50,ATR 72-600,78,Domestic
OCC001537,2026-05-23,Sat,BDT-F014,IndiGo,6E6336,BLR,14:10,6E5309,BLR,14:55,A321neo,232,Domestic
OCC001538,2026-05-23,Sat,BDT-F015,IndiGo,6E409,HYD,14:25,6E5247,BOM,15:05,A321neo,232,Domestic
OCC001539,2026-05-23,Sat,BDT-F016,IndiGo,6E504,HYD,15:45,6E783,HYD,16:25,A321neo,232,Domestic
OCC001540,2026-05-23,Sat,BDT-F017,Air India Express,IX2819,HYD,15:55,IX2744,HYD,16:35,B737-800,189,Domestic
OCC001541,2026-05-23,Sat,BDT-F018,Air India,AI419,DEL,16:05,AI420,DEL,16:45,A321neo,182,Domestic
OCC001542,2026-05-23,Sat,BDT-F019,IndiGo,6E2698,MAA,17:55,6E6089,MAA,18:35,A321neo,232,Domestic
OCC001543,2026-05-23,Sat,BDT-F021,Air India Express,IX2023,BLR,18:30,IX1358,VGA,19:00,B737-800,189,Domestic
OCC001544,2026-05-23,Sat,BDT-F022,IndiGo,6E208,HYD,18:40,6E216,HYD,19:20,A321neo,232,Domestic
OCC001545,2026-05-23,Sat,BDT-F023,IndiGo,6E616,CCU,19:10,6E617,CCU,19:50,A321neo,232,Domestic
OCC001546,2026-05-23,Sat,BDT-F024,IndiGo,6E5248,NMI,20:00,6E883,HYD,20:40,A321neo,232,Domestic
OCC001547,2026-05-23,Sat,BDT-F025,IndiGo,6E969,BLR,20:30,6E2772,BLR,21:10,A321neo,232,Domestic
OCC001548,2026-05-23,Sat,BDT-F026,IndiGo,6E384,HYD,20:40,6E385,HYD,21:20,A320neo,186,Domestic
OCC001549,2026-05-23,Sat,BDT-F027,Air India,AI1702,DEL,20:50,AI1802,DEL,21:30,A320ceo,180,Domestic
OCC001550,2026-05-23,Sat,BDT-F028,Air India Express,IX1373,VGA,21:40,IX1373,BLR,22:10,B737-800,189,Domestic
OCC001551,2026-05-23,Sat,BDT-F029,IndiGo,6E2213,DEL,22:05,6E6631,DEL,22:45,A321neo,232,Domestic
OCC001552,2026-05-23,Sat,BDT-F030,Scoot,TR784,SIN,22:15,TR785,SIN,23:00,A320neo,186,International
OCC001553,2026-05-24,Sun,BDT-F002,IndiGo,6E6425,DEL,07:40,6E6426,DEL,08:20,A320neo,186,Domestic
OCC001554,2026-05-24,Sun,BDT-F003,IndiGo,6E557,MAA,07:50,6E845,MAA,08:30,A320ceo,186,Domestic
OCC001555,2026-05-24,Sun,BDT-F004,Air India Express,IX2837,HYD,08:20,IX2745,HYD,08:50,B737-800,189,Domestic
OCC001556,2026-05-24,Sun,BDT-F005,IndiGo,6E6408,HYD,08:25,6E915,HYD,08:55,A320neo,186,Domestic
OCC001557,2026-05-24,Sun,BDT-F006,IndiGo,6E1443,AUH,08:20,6E1444,AUH,09:50,A320neo,186,International
OCC001558,2026-05-24,Sun,BDT-F007,Alliance Air,I7105,PYB,09:25,I7205,PYB,09:40,Cessna 208B,9,Domestic
OCC001559,2026-05-24,Sun,BDT-F008,IndiGo,6E714,HYD,10:05,6E6294,HYD,10:40,A320ceo,186,Domestic
OCC001560,2026-05-24,Sun,BDT-F009,IndiGo,6E7128,VGA,10:30,6E7129,VGA,11:00,ATR 72-600,78,Domestic
OCC001561,2026-05-24,Sun,BDT-F010,IndiGo,6E6181,MAA,11:35,6E881,MAA,12:15,A320neo,186,Domestic
OCC001562,2026-05-24,Sun,BDT-F011,IndiGo,6E879,HYD,12:20,6E6645,HYD,13:00,A320neo,186,Domestic
OCC001563,2026-05-24,Sun,BDT-F013,IndiGo,6E7064,TIR,13:25,6E7063,TIR,13:50,ATR 72-600,78,Domestic
OCC001564,2026-05-24,Sun,BDT-F014,IndiGo,6E6336,BLR,14:10,6E5309,BLR,14:55,A321neo,232,Domestic
OCC001565,2026-05-24,Sun,BDT-F015,IndiGo,6E409,HYD,14:25,6E5247,BOM,15:05,A321neo,232,Domestic
OCC001566,2026-05-24,Sun,BDT-F016,IndiGo,6E504,HYD,15:45,6E783,HYD,16:25,A321neo,232,Domestic
OCC001567,2026-05-24,Sun,BDT-F017,Air India Express,IX2819,HYD,15:55,IX2744,HYD,16:35,B737-800,189,Domestic
OCC001568,2026-05-24,Sun,BDT-F018,Air India,AI419,DEL,16:05,AI420,DEL,16:45,A321neo,182,Domestic
OCC001569,2026-05-24,Sun,BDT-F019,IndiGo,6E2698,MAA,17:55,6E6089,MAA,18:35,A321neo,232,Domestic
OCC001570,2026-05-24,Sun,BDT-F020,IndiGo,6E7361,UNK,18:20,6E7362,BBI,18:50,ATR 72-600,78,Domestic
OCC001571,2026-05-24,Sun,BDT-F021,Air India Express,IX2023,BLR,18:30,IX1358,VGA,19:00,B737-800,189,Domestic
OCC001572,2026-05-24,Sun,BDT-F022,IndiGo,6E208,HYD,18:40,6E216,HYD,19:20,A321neo,232,Domestic
OCC001573,2026-05-24,Sun,BDT-F023,IndiGo,6E616,CCU,19:10,6E617,CCU,19:50,A321neo,232,Domestic
OCC001574,2026-05-24,Sun,BDT-F024,IndiGo,6E5248,NMI,20:00,6E883,HYD,20:40,A321neo,232,Domestic
OCC001575,2026-05-24,Sun,BDT-F025,IndiGo,6E969,BLR,20:30,6E2772,BLR,21:10,A321neo,232,Domestic
OCC001576,2026-05-24,Sun,BDT-F026,IndiGo,6E384,HYD,20:40,6E385,HYD,21:20,A320neo,186,Domestic
OCC001577,2026-05-24,Sun,BDT-F027,Air India,AI1702,DEL,20:50,AI1802,DEL,21:30,A320ceo,180,Domestic
OCC001578,2026-05-24,Sun,BDT-F028,Air India Express,IX1373,VGA,21:40,IX1373,BLR,22:10,B737-800,189,Domestic
OCC001579,2026-05-24,Sun,BDT-F029,IndiGo,6E2213,DEL,22:05,6E6631,DEL,22:45,A321neo,232,Domestic
OCC001580,2026-05-25,Mon,BDT-F001,Air India Express,IX2064,BLR,07:30,IX2065,BLR,08:00,B737-800,189,Domestic
OCC001581,2026-05-25,Mon,BDT-F002,IndiGo,6E6425,DEL,07:40,6E6426,DEL,08:20,A320neo,186,Domestic
OCC001582,2026-05-25,Mon,BDT-F003,IndiGo,6E557,MAA,07:50,6E845,MAA,08:30,A320ceo,186,Domestic
OCC001583,2026-05-25,Mon,BDT-F004,Air India Express,IX2837,HYD,08:20,IX2745,HYD,08:50,B737-800,189,Domestic
OCC001584,2026-05-25,Mon,BDT-F005,IndiGo,6E6408,HYD,08:25,6E915,HYD,08:55,A320neo,186,Domestic
OCC001585,2026-05-25,Mon,BDT-F006,IndiGo,6E1443,AUH,08:20,6E1444,AUH,09:50,A320neo,186,International
OCC001586,2026-05-25,Mon,BDT-F007,Alliance Air,I7105,PYB,09:25,I7205,PYB,09:40,Cessna 208B,9,Domestic
OCC001587,2026-05-25,Mon,BDT-F008,IndiGo,6E714,HYD,10:05,6E6294,HYD,10:40,A320ceo,186,Domestic
OCC001588,2026-05-25,Mon,BDT-F009,IndiGo,6E7128,VGA,10:30,6E7129,VGA,11:00,ATR 72-600,78,Domestic
OCC001589,2026-05-25,Mon,BDT-F010,IndiGo,6E6181,MAA,11:35,6E881,MAA,12:15,A320neo,186,Domestic
OCC001590,2026-05-25,Mon,BDT-F011,IndiGo,6E879,HYD,12:20,6E6645,HYD,13:00,A320neo,186,Domestic
OCC001591,2026-05-25,Mon,BDT-F013,IndiGo,6E7064,TIR,13:25,6E7063,TIR,13:50,ATR 72-600,78,Domestic
OCC001592,2026-05-25,Mon,BDT-F014,IndiGo,6E6336,BLR,14:10,6E5309,BLR,14:55,A321neo,232,Domestic
OCC001593,2026-05-25,Mon,BDT-F015,IndiGo,6E409,HYD,14:25,6E5247,BOM,15:05,A321neo,232,Domestic
OCC001594,2026-05-25,Mon,BDT-F016,IndiGo,6E504,HYD,15:45,6E783,HYD,16:25,A321neo,232,Domestic
OCC001595,2026-05-25,Mon,BDT-F017,Air India Express,IX2819,HYD,15:55,IX2744,HYD,16:35,B737-800,189,Domestic
OCC001596,2026-05-25,Mon,BDT-F018,Air India,AI419,DEL,16:05,AI420,DEL,16:45,A321neo,182,Domestic
OCC001597,2026-05-25,Mon,BDT-F019,IndiGo,6E2698,MAA,17:55,6E6089,MAA,18:35,A321neo,232,Domestic
OCC001598,2026-05-25,Mon,BDT-F020,IndiGo,6E7361,UNK,18:20,6E7362,BBI,18:50,ATR 72-600,78,Domestic
OCC001599,2026-05-25,Mon,BDT-F021,Air India Express,IX2023,BLR,18:30,IX1358,VGA,19:00,B737-800,189,Domestic
OCC001600,2026-05-25,Mon,BDT-F022,IndiGo,6E208,HYD,18:40,6E216,HYD,19:20,A321neo,232,Domestic
OCC001601,2026-05-25,Mon,BDT-F023,IndiGo,6E616,CCU,19:10,6E617,CCU,19:50,A321neo,232,Domestic
OCC001602,2026-05-25,Mon,BDT-F024,IndiGo,6E5248,NMI,20:00,6E883,HYD,20:40,A321neo,232,Domestic
OCC001603,2026-05-25,Mon,BDT-F025,IndiGo,6E969,BLR,20:30,6E2772,BLR,21:10,A321neo,232,Domestic
OCC001604,2026-05-25,Mon,BDT-F026,IndiGo,6E384,HYD,20:40,6E385,HYD,21:20,A320neo,186,Domestic
OCC001605,2026-05-25,Mon,BDT-F027,Air India,AI1702,DEL,20:50,AI1802,DEL,21:30,A320ceo,180,Domestic
OCC001606,2026-05-25,Mon,BDT-F028,Air India Express,IX1373,VGA,21:40,IX1373,BLR,22:10,B737-800,189,Domestic
OCC001607,2026-05-25,Mon,BDT-F029,IndiGo,6E2213,DEL,22:05,6E6631,DEL,22:45,A321neo,232,Domestic
OCC001608,2026-05-25,Mon,BDT-F030,Scoot,TR784,SIN,22:15,TR785,SIN,23:00,A320neo,186,International
OCC001609,2026-05-26,Tue,BDT-F001,Air India Express,IX2064,BLR,07:30,IX2065,BLR,08:00,B737-800,189,Domestic
OCC001610,2026-05-26,Tue,BDT-F002,IndiGo,6E6425,DEL,07:40,6E6426,DEL,08:20,A320neo,186,Domestic
OCC001611,2026-05-26,Tue,BDT-F003,IndiGo,6E557,MAA,07:50,6E845,MAA,08:30,A320ceo,186,Domestic
OCC001612,2026-05-26,Tue,BDT-F004,Air India Express,IX2837,HYD,08:20,IX2745,HYD,08:50,B737-800,189,Domestic
OCC001613,2026-05-26,Tue,BDT-F005,IndiGo,6E6408,HYD,08:25,6E915,HYD,08:55,A320neo,186,Domestic
OCC001614,2026-05-26,Tue,BDT-F007,Alliance Air,I7105,PYB,09:25,I7205,PYB,09:40,Cessna 208B,9,Domestic
OCC001615,2026-05-26,Tue,BDT-F008,IndiGo,6E714,HYD,10:05,6E6294,HYD,10:40,A320ceo,186,Domestic
OCC001616,2026-05-26,Tue,BDT-F009,IndiGo,6E7128,VGA,10:30,6E7129,VGA,11:00,ATR 72-600,78,Domestic
OCC001617,2026-05-26,Tue,BDT-F010,IndiGo,6E6181,MAA,11:35,6E881,MAA,12:15,A320neo,186,Domestic
OCC001618,2026-05-26,Tue,BDT-F011,IndiGo,6E879,HYD,12:20,6E6645,HYD,13:00,A320neo,186,Domestic
OCC001619,2026-05-26,Tue,BDT-F012,IndiGo,6E7176,KJB,13:20,6E7177,KJB,13:40,ATR 72-600,78,Domestic
OCC001620,2026-05-26,Tue,BDT-F013,IndiGo,6E7064,TIR,13:25,6E7063,TIR,13:50,ATR 72-600,78,Domestic
OCC001621,2026-05-26,Tue,BDT-F014,IndiGo,6E6336,BLR,14:10,6E5309,BLR,14:55,A321neo,232,Domestic
OCC001622,2026-05-26,Tue,BDT-F015,IndiGo,6E409,HYD,14:25,6E5247,BOM,15:05,A321neo,232,Domestic
OCC001623,2026-05-26,Tue,BDT-F016,IndiGo,6E504,HYD,15:45,6E783,HYD,16:25,A321neo,232,Domestic
OCC001624,2026-05-26,Tue,BDT-F017,Air India Express,IX2819,HYD,15:55,IX2744,HYD,16:35,B737-800,189,Domestic
OCC001625,2026-05-26,Tue,BDT-F018,Air India,AI419,DEL,16:05,AI420,DEL,16:45,A321neo,182,Domestic
OCC001626,2026-05-26,Tue,BDT-F019,IndiGo,6E2698,MAA,17:55,6E6089,MAA,18:35,A321neo,232,Domestic
OCC001627,2026-05-26,Tue,BDT-F021,Air India Express,IX2023,BLR,18:30,IX1358,VGA,19:00,B737-800,189,Domestic
OCC001628,2026-05-26,Tue,BDT-F022,IndiGo,6E208,HYD,18:40,6E216,HYD,19:20,A321neo,232,Domestic
OCC001629,2026-05-26,Tue,BDT-F023,IndiGo,6E616,CCU,19:10,6E617,CCU,19:50,A321neo,232,Domestic
OCC001630,2026-05-26,Tue,BDT-F024,IndiGo,6E5248,NMI,20:00,6E883,HYD,20:40,A321neo,232,Domestic
OCC001631,2026-05-26,Tue,BDT-F025,IndiGo,6E969,BLR,20:30,6E2772,BLR,21:10,A321neo,232,Domestic
OCC001632,2026-05-26,Tue,BDT-F026,IndiGo,6E384,HYD,20:40,6E385,HYD,21:20,A320neo,186,Domestic
OCC001633,2026-05-26,Tue,BDT-F027,Air India,AI1702,DEL,20:50,AI1802,DEL,21:30,A320ceo,180,Domestic
OCC001634,2026-05-26,Tue,BDT-F028,Air India Express,IX1373,VGA,21:40,IX1373,BLR,22:10,B737-800,189,Domestic
OCC001635,2026-05-26,Tue,BDT-F029,IndiGo,6E2213,DEL,22:05,6E6631,DEL,22:45,A321neo,232,Domestic
OCC001636,2026-05-27,Wed,BDT-F002,IndiGo,6E6425,DEL,07:40,6E6426,DEL,08:20,A320neo,186,Domestic
OCC001637,2026-05-27,Wed,BDT-F003,IndiGo,6E557,MAA,07:50,6E845,MAA,08:30,A320ceo,186,Domestic
OCC001638,2026-05-27,Wed,BDT-F004,Air India Express,IX2837,HYD,08:20,IX2745,HYD,08:50,B737-800,189,Domestic
OCC001639,2026-05-27,Wed,BDT-F005,IndiGo,6E6408,HYD,08:25,6E915,HYD,08:55,A320neo,186,Domestic
OCC001640,2026-05-27,Wed,BDT-F006,IndiGo,6E1443,AUH,08:20,6E1444,AUH,09:50,A320neo,186,International
OCC001641,2026-05-27,Wed,BDT-F007,Alliance Air,I7105,PYB,09:25,I7205,PYB,09:40,Cessna 208B,9,Domestic
OCC001642,2026-05-27,Wed,BDT-F008,IndiGo,6E714,HYD,10:05,6E6294,HYD,10:40,A320ceo,186,Domestic
OCC001643,2026-05-27,Wed,BDT-F009,IndiGo,6E7128,VGA,10:30,6E7129,VGA,11:00,ATR 72-600,78,Domestic
OCC001644,2026-05-27,Wed,BDT-F010,IndiGo,6E6181,MAA,11:35,6E881,MAA,12:15,A320neo,186,Domestic
OCC001645,2026-05-27,Wed,BDT-F011,IndiGo,6E879,HYD,12:20,6E6645,HYD,13:00,A320neo,186,Domestic
OCC001646,2026-05-27,Wed,BDT-F013,IndiGo,6E7064,TIR,13:25,6E7063,TIR,13:50,ATR 72-600,78,Domestic
OCC001647,2026-05-27,Wed,BDT-F014,IndiGo,6E6336,BLR,14:10,6E5309,BLR,14:55,A321neo,232,Domestic
OCC001648,2026-05-27,Wed,BDT-F015,IndiGo,6E409,HYD,14:25,6E5247,BOM,15:05,A321neo,232,Domestic
OCC001649,2026-05-27,Wed,BDT-F016,IndiGo,6E504,HYD,15:45,6E783,HYD,16:25,A321neo,232,Domestic
OCC001650,2026-05-27,Wed,BDT-F017,Air India Express,IX2819,HYD,15:55,IX2744,HYD,16:35,B737-800,189,Domestic
OCC001651,2026-05-27,Wed,BDT-F018,Air India,AI419,DEL,16:05,AI420,DEL,16:45,A321neo,182,Domestic
OCC001652,2026-05-27,Wed,BDT-F019,IndiGo,6E2698,MAA,17:55,6E6089,MAA,18:35,A321neo,232,Domestic
OCC001653,2026-05-27,Wed,BDT-F020,IndiGo,6E7361,UNK,18:20,6E7362,BBI,18:50,ATR 72-600,78,Domestic
OCC001654,2026-05-27,Wed,BDT-F021,Air India Express,IX2023,BLR,18:30,IX1358,VGA,19:00,B737-800,189,Domestic
OCC001655,2026-05-27,Wed,BDT-F022,IndiGo,6E208,HYD,18:40,6E216,HYD,19:20,A321neo,232,Domestic
OCC001656,2026-05-27,Wed,BDT-F023,IndiGo,6E616,CCU,19:10,6E617,CCU,19:50,A321neo,232,Domestic
OCC001657,2026-05-27,Wed,BDT-F024,IndiGo,6E5248,NMI,20:00,6E883,HYD,20:40,A321neo,232,Domestic
OCC001658,2026-05-27,Wed,BDT-F025,IndiGo,6E969,BLR,20:30,6E2772,BLR,21:10,A321neo,232,Domestic
OCC001659,2026-05-27,Wed,BDT-F026,IndiGo,6E384,HYD,20:40,6E385,HYD,21:20,A320neo,186,Domestic
OCC001660,2026-05-27,Wed,BDT-F027,Air India,AI1702,DEL,20:50,AI1802,DEL,21:30,A320ceo,180,Domestic
OCC001661,2026-05-27,Wed,BDT-F028,Air India Express,IX1373,VGA,21:40,IX1373,BLR,22:10,B737-800,189,Domestic
OCC001662,2026-05-27,Wed,BDT-F029,IndiGo,6E2213,DEL,22:05,6E6631,DEL,22:45,A321neo,232,Domestic
OCC001663,2026-05-27,Wed,BDT-F030,Scoot,TR784,SIN,22:15,TR785,SIN,23:00,A320neo,186,International
OCC001664,2026-05-28,Thu,BDT-F001,Air India Express,IX2064,BLR,07:30,IX2065,BLR,08:00,B737-800,189,Domestic
OCC001665,2026-05-28,Thu,BDT-F002,IndiGo,6E6425,DEL,07:40,6E6426,DEL,08:20,A320neo,186,Domestic
OCC001666,2026-05-28,Thu,BDT-F003,IndiGo,6E557,MAA,07:50,6E845,MAA,08:30,A320ceo,186,Domestic
OCC001667,2026-05-28,Thu,BDT-F004,Air India Express,IX2837,HYD,08:20,IX2745,HYD,08:50,B737-800,189,Domestic
OCC001668,2026-05-28,Thu,BDT-F005,IndiGo,6E6408,HYD,08:25,6E915,HYD,08:55,A320neo,186,Domestic
OCC001669,2026-05-28,Thu,BDT-F007,Alliance Air,I7105,PYB,09:25,I7205,PYB,09:40,Cessna 208B,9,Domestic
OCC001670,2026-05-28,Thu,BDT-F008,IndiGo,6E714,HYD,10:05,6E6294,HYD,10:40,A320ceo,186,Domestic
OCC001671,2026-05-28,Thu,BDT-F009,IndiGo,6E7128,VGA,10:30,6E7129,VGA,11:00,ATR 72-600,78,Domestic
OCC001672,2026-05-28,Thu,BDT-F010,IndiGo,6E6181,MAA,11:35,6E881,MAA,12:15,A320neo,186,Domestic
OCC001673,2026-05-28,Thu,BDT-F011,IndiGo,6E879,HYD,12:20,6E6645,HYD,13:00,A320neo,186,Domestic
OCC001674,2026-05-28,Thu,BDT-F012,IndiGo,6E7176,KJB,13:20,6E7177,KJB,13:40,ATR 72-600,78,Domestic
OCC001675,2026-05-28,Thu,BDT-F013,IndiGo,6E7064,TIR,13:25,6E7063,TIR,13:50,ATR 72-600,78,Domestic
OCC001676,2026-05-28,Thu,BDT-F014,IndiGo,6E6336,BLR,14:10,6E5309,BLR,14:55,A321neo,232,Domestic
OCC001677,2026-05-28,Thu,BDT-F015,IndiGo,6E409,HYD,14:25,6E5247,BOM,15:05,A321neo,232,Domestic
OCC001678,2026-05-28,Thu,BDT-F016,IndiGo,6E504,HYD,15:45,6E783,HYD,16:25,A321neo,232,Domestic
OCC001679,2026-05-28,Thu,BDT-F017,Air India Express,IX2819,HYD,15:55,IX2744,HYD,16:35,B737-800,189,Domestic
OCC001680,2026-05-28,Thu,BDT-F018,Air India,AI419,DEL,16:05,AI420,DEL,16:45,A321neo,182,Domestic
OCC001681,2026-05-28,Thu,BDT-F019,IndiGo,6E2698,MAA,17:55,6E6089,MAA,18:35,A321neo,232,Domestic
OCC001682,2026-05-28,Thu,BDT-F021,Air India Express,IX2023,BLR,18:30,IX1358,VGA,19:00,B737-800,189,Domestic
OCC001683,2026-05-28,Thu,BDT-F022,IndiGo,6E208,HYD,18:40,6E216,HYD,19:20,A321neo,232,Domestic
OCC001684,2026-05-28,Thu,BDT-F023,IndiGo,6E616,CCU,19:10,6E617,CCU,19:50,A321neo,232,Domestic
OCC001685,2026-05-28,Thu,BDT-F024,IndiGo,6E5248,NMI,20:00,6E883,HYD,20:40,A321neo,232,Domestic
OCC001686,2026-05-28,Thu,BDT-F025,IndiGo,6E969,BLR,20:30,6E2772,BLR,21:10,A321neo,232,Domestic
OCC001687,2026-05-28,Thu,BDT-F026,IndiGo,6E384,HYD,20:40,6E385,HYD,21:20,A320neo,186,Domestic
OCC001688,2026-05-28,Thu,BDT-F027,Air India,AI1702,DEL,20:50,AI1802,DEL,21:30,A320ceo,180,Domestic
OCC001689,2026-05-28,Thu,BDT-F028,Air India Express,IX1373,VGA,21:40,IX1373,BLR,22:10,B737-800,189,Domestic
OCC001690,2026-05-28,Thu,BDT-F029,IndiGo,6E2213,DEL,22:05,6E6631,DEL,22:45,A321neo,232,Domestic
OCC001691,2026-05-29,Fri,BDT-F002,IndiGo,6E6425,DEL,07:40,6E6426,DEL,08:20,A320neo,186,Domestic
OCC001692,2026-05-29,Fri,BDT-F003,IndiGo,6E557,MAA,07:50,6E845,MAA,08:30,A320ceo,186,Domestic
OCC001693,2026-05-29,Fri,BDT-F004,Air India Express,IX2837,HYD,08:20,IX2745,HYD,08:50,B737-800,189,Domestic
OCC001694,2026-05-29,Fri,BDT-F005,IndiGo,6E6408,HYD,08:25,6E915,HYD,08:55,A320neo,186,Domestic
OCC001695,2026-05-29,Fri,BDT-F006,IndiGo,6E1443,AUH,08:20,6E1444,AUH,09:50,A320neo,186,International
OCC001696,2026-05-29,Fri,BDT-F007,Alliance Air,I7105,PYB,09:25,I7205,PYB,09:40,Cessna 208B,9,Domestic
OCC001697,2026-05-29,Fri,BDT-F008,IndiGo,6E714,HYD,10:05,6E6294,HYD,10:40,A320ceo,186,Domestic
OCC001698,2026-05-29,Fri,BDT-F009,IndiGo,6E7128,VGA,10:30,6E7129,VGA,11:00,ATR 72-600,78,Domestic
OCC001699,2026-05-29,Fri,BDT-F010,IndiGo,6E6181,MAA,11:35,6E881,MAA,12:15,A320neo,186,Domestic
OCC001700,2026-05-29,Fri,BDT-F011,IndiGo,6E879,HYD,12:20,6E6645,HYD,13:00,A320neo,186,Domestic
OCC001701,2026-05-29,Fri,BDT-F013,IndiGo,6E7064,TIR,13:25,6E7063,TIR,13:50,ATR 72-600,78,Domestic
OCC001702,2026-05-29,Fri,BDT-F014,IndiGo,6E6336,BLR,14:10,6E5309,BLR,14:55,A321neo,232,Domestic
OCC001703,2026-05-29,Fri,BDT-F015,IndiGo,6E409,HYD,14:25,6E5247,BOM,15:05,A321neo,232,Domestic
OCC001704,2026-05-29,Fri,BDT-F016,IndiGo,6E504,HYD,15:45,6E783,HYD,16:25,A321neo,232,Domestic
OCC001705,2026-05-29,Fri,BDT-F017,Air India Express,IX2819,HYD,15:55,IX2744,HYD,16:35,B737-800,189,Domestic
OCC001706,2026-05-29,Fri,BDT-F018,Air India,AI419,DEL,16:05,AI420,DEL,16:45,A321neo,182,Domestic
OCC001707,2026-05-29,Fri,BDT-F019,IndiGo,6E2698,MAA,17:55,6E6089,MAA,18:35,A321neo,232,Domestic
OCC001708,2026-05-29,Fri,BDT-F020,IndiGo,6E7361,UNK,18:20,6E7362,BBI,18:50,ATR 72-600,78,Domestic
OCC001709,2026-05-29,Fri,BDT-F021,Air India Express,IX2023,BLR,18:30,IX1358,VGA,19:00,B737-800,189,Domestic
OCC001710,2026-05-29,Fri,BDT-F022,IndiGo,6E208,HYD,18:40,6E216,HYD,19:20,A321neo,232,Domestic
OCC001711,2026-05-29,Fri,BDT-F023,IndiGo,6E616,CCU,19:10,6E617,CCU,19:50,A321neo,232,Domestic
OCC001712,2026-05-29,Fri,BDT-F024,IndiGo,6E5248,NMI,20:00,6E883,HYD,20:40,A321neo,232,Domestic
OCC001713,2026-05-29,Fri,BDT-F025,IndiGo,6E969,BLR,20:30,6E2772,BLR,21:10,A321neo,232,Domestic
OCC001714,2026-05-29,Fri,BDT-F026,IndiGo,6E384,HYD,20:40,6E385,HYD,21:20,A320neo,186,Domestic
OCC001715,2026-05-29,Fri,BDT-F027,Air India,AI1702,DEL,20:50,AI1802,DEL,21:30,A320ceo,180,Domestic
OCC001716,2026-05-29,Fri,BDT-F028,Air India Express,IX1373,VGA,21:40,IX1373,BLR,22:10,B737-800,189,Domestic
OCC001717,2026-05-29,Fri,BDT-F029,IndiGo,6E2213,DEL,22:05,6E6631,DEL,22:45,A321neo,232,Domestic
OCC001718,2026-05-29,Fri,BDT-F030,Scoot,TR784,SIN,22:15,TR785,SIN,23:00,A320neo,186,International
OCC001719,2026-05-30,Sat,BDT-F001,Air India Express,IX2064,BLR,07:30,IX2065,BLR,08:00,B737-800,189,Domestic
OCC001720,2026-05-30,Sat,BDT-F002,IndiGo,6E6425,DEL,07:40,6E6426,DEL,08:20,A320neo,186,Domestic
OCC001721,2026-05-30,Sat,BDT-F003,IndiGo,6E557,MAA,07:50,6E845,MAA,08:30,A320ceo,186,Domestic
OCC001722,2026-05-30,Sat,BDT-F004,Air India Express,IX2837,HYD,08:20,IX2745,HYD,08:50,B737-800,189,Domestic
OCC001723,2026-05-30,Sat,BDT-F005,IndiGo,6E6408,HYD,08:25,6E915,HYD,08:55,A320neo,186,Domestic
OCC001724,2026-05-30,Sat,BDT-F007,Alliance Air,I7105,PYB,09:25,I7205,PYB,09:40,Cessna 208B,9,Domestic
OCC001725,2026-05-30,Sat,BDT-F008,IndiGo,6E714,HYD,10:05,6E6294,HYD,10:40,A320ceo,186,Domestic
OCC001726,2026-05-30,Sat,BDT-F009,IndiGo,6E7128,VGA,10:30,6E7129,VGA,11:00,ATR 72-600,78,Domestic
OCC001727,2026-05-30,Sat,BDT-F010,IndiGo,6E6181,MAA,11:35,6E881,MAA,12:15,A320neo,186,Domestic
OCC001728,2026-05-30,Sat,BDT-F011,IndiGo,6E879,HYD,12:20,6E6645,HYD,13:00,A320neo,186,Domestic
OCC001729,2026-05-30,Sat,BDT-F012,IndiGo,6E7176,KJB,13:20,6E7177,KJB,13:40,ATR 72-600,78,Domestic
OCC001730,2026-05-30,Sat,BDT-F013,IndiGo,6E7064,TIR,13:25,6E7063,TIR,13:50,ATR 72-600,78,Domestic
OCC001731,2026-05-30,Sat,BDT-F014,IndiGo,6E6336,BLR,14:10,6E5309,BLR,14:55,A321neo,232,Domestic
OCC001732,2026-05-30,Sat,BDT-F015,IndiGo,6E409,HYD,14:25,6E5247,BOM,15:05,A321neo,232,Domestic
OCC001733,2026-05-30,Sat,BDT-F016,IndiGo,6E504,HYD,15:45,6E783,HYD,16:25,A321neo,232,Domestic
OCC001734,2026-05-30,Sat,BDT-F017,Air India Express,IX2819,HYD,15:55,IX2744,HYD,16:35,B737-800,189,Domestic
OCC001735,2026-05-30,Sat,BDT-F018,Air India,AI419,DEL,16:05,AI420,DEL,16:45,A321neo,182,Domestic
OCC001736,2026-05-30,Sat,BDT-F019,IndiGo,6E2698,MAA,17:55,6E6089,MAA,18:35,A321neo,232,Domestic
OCC001737,2026-05-30,Sat,BDT-F021,Air India Express,IX2023,BLR,18:30,IX1358,VGA,19:00,B737-800,189,Domestic
OCC001738,2026-05-30,Sat,BDT-F022,IndiGo,6E208,HYD,18:40,6E216,HYD,19:20,A321neo,232,Domestic
OCC001739,2026-05-30,Sat,BDT-F023,IndiGo,6E616,CCU,19:10,6E617,CCU,19:50,A321neo,232,Domestic
OCC001740,2026-05-30,Sat,BDT-F024,IndiGo,6E5248,NMI,20:00,6E883,HYD,20:40,A321neo,232,Domestic
OCC001741,2026-05-30,Sat,BDT-F025,IndiGo,6E969,BLR,20:30,6E2772,BLR,21:10,A321neo,232,Domestic
OCC001742,2026-05-30,Sat,BDT-F026,IndiGo,6E384,HYD,20:40,6E385,HYD,21:20,A320neo,186,Domestic
OCC001743,2026-05-30,Sat,BDT-F027,Air India,AI1702,DEL,20:50,AI1802,DEL,21:30,A320ceo,180,Domestic
OCC001744,2026-05-30,Sat,BDT-F028,Air India Express,IX1373,VGA,21:40,IX1373,BLR,22:10,B737-800,189,Domestic
OCC001745,2026-05-30,Sat,BDT-F029,IndiGo,6E2213,DEL,22:05,6E6631,DEL,22:45,A321neo,232,Domestic
OCC001746,2026-05-30,Sat,BDT-F030,Scoot,TR784,SIN,22:15,TR785,SIN,23:00,A320neo,186,International
OCC001747,2026-05-31,Sun,BDT-F002,IndiGo,6E6425,DEL,07:40,6E6426,DEL,08:20,A320neo,186,Domestic
OCC001748,2026-05-31,Sun,BDT-F003,IndiGo,6E557,MAA,07:50,6E845,MAA,08:30,A320ceo,186,Domestic
OCC001749,2026-05-31,Sun,BDT-F004,Air India Express,IX2837,HYD,08:20,IX2745,HYD,08:50,B737-800,189,Domestic
OCC001750,2026-05-31,Sun,BDT-F005,IndiGo,6E6408,HYD,08:25,6E915,HYD,08:55,A320neo,186,Domestic
OCC001751,2026-05-31,Sun,BDT-F006,IndiGo,6E1443,AUH,08:20,6E1444,AUH,09:50,A320neo,186,International
OCC001752,2026-05-31,Sun,BDT-F007,Alliance Air,I7105,PYB,09:25,I7205,PYB,09:40,Cessna 208B,9,Domestic
OCC001753,2026-05-31,Sun,BDT-F008,IndiGo,6E714,HYD,10:05,6E6294,HYD,10:40,A320ceo,186,Domestic
OCC001754,2026-05-31,Sun,BDT-F009,IndiGo,6E7128,VGA,10:30,6E7129,VGA,11:00,ATR 72-600,78,Domestic
OCC001755,2026-05-31,Sun,BDT-F010,IndiGo,6E6181,MAA,11:35,6E881,MAA,12:15,A320neo,186,Domestic
OCC001756,2026-05-31,Sun,BDT-F011,IndiGo,6E879,HYD,12:20,6E6645,HYD,13:00,A320neo,186,Domestic
OCC001757,2026-05-31,Sun,BDT-F013,IndiGo,6E7064,TIR,13:25,6E7063,TIR,13:50,ATR 72-600,78,Domestic
OCC001758,2026-05-31,Sun,BDT-F014,IndiGo,6E6336,BLR,14:10,6E5309,BLR,14:55,A321neo,232,Domestic
OCC001759,2026-05-31,Sun,BDT-F015,IndiGo,6E409,HYD,14:25,6E5247,BOM,15:05,A321neo,232,Domestic
OCC001760,2026-05-31,Sun,BDT-F016,IndiGo,6E504,HYD,15:45,6E783,HYD,16:25,A321neo,232,Domestic
OCC001761,2026-05-31,Sun,BDT-F017,Air India Express,IX2819,HYD,15:55,IX2744,HYD,16:35,B737-800,189,Domestic
OCC001762,2026-05-31,Sun,BDT-F018,Air India,AI419,DEL,16:05,AI420,DEL,16:45,A321neo,182,Domestic
OCC001763,2026-05-31,Sun,BDT-F019,IndiGo,6E2698,MAA,17:55,6E6089,MAA,18:35,A321neo,232,Domestic
OCC001764,2026-05-31,Sun,BDT-F020,IndiGo,6E7361,UNK,18:20,6E7362,BBI,18:50,ATR 72-600,78,Domestic
OCC001765,2026-05-31,Sun,BDT-F021,Air India Express,IX2023,BLR,18:30,IX1358,VGA,19:00,B737-800,189,Domestic
OCC001766,2026-05-31,Sun,BDT-F022,IndiGo,6E208,HYD,18:40,6E216,HYD,19:20,A321neo,232,Domestic
OCC001767,2026-05-31,Sun,BDT-F023,IndiGo,6E616,CCU,19:10,6E617,CCU,19:50,A321neo,232,Domestic
OCC001768,2026-05-31,Sun,BDT-F024,IndiGo,6E5248,NMI,20:00,6E883,HYD,20:40,A321neo,232,Domestic
OCC001769,2026-05-31,Sun,BDT-F025,IndiGo,6E969,BLR,20:30,6E2772,BLR,21:10,A321neo,232,Domestic
OCC001770,2026-05-31,Sun,BDT-F026,IndiGo,6E384,HYD,20:40,6E385,HYD,21:20,A320neo,186,Domestic
OCC001771,2026-05-31,Sun,BDT-F027,Air India,AI1702,DEL,20:50,AI1802,DEL,21:30,A320ceo,180,Domestic
OCC001772,2026-05-31,Sun,BDT-F028,Air India Express,IX1373,VGA,21:40,IX1373,BLR,22:10,B737-800,189,Domestic
OCC001773,2026-05-31,Sun,BDT-F029,IndiGo,6E2213,DEL,22:05,6E6631,DEL,22:45,A321neo,232,Domestic
OCC001774,2026-06-01,Mon,BDT-F001,Air India Express,IX2064,BLR,07:30,IX2065,BLR,08:00,B737-800,189,Domestic
OCC001775,2026-06-01,Mon,BDT-F002,IndiGo,6E6425,DEL,07:40,6E6426,DEL,08:20,A320neo,186,Domestic
OCC001776,2026-06-01,Mon,BDT-F003,IndiGo,6E557,MAA,07:50,6E845,MAA,08:30,A320ceo,186,Domestic
OCC001777,2026-06-01,Mon,BDT-F004,Air India Express,IX2837,HYD,08:20,IX2745,HYD,08:50,B737-800,189,Domestic
OCC001778,2026-06-01,Mon,BDT-F005,IndiGo,6E6408,HYD,08:25,6E915,HYD,08:55,A320neo,186,Domestic
OCC001779,2026-06-01,Mon,BDT-F006,IndiGo,6E1443,AUH,08:20,6E1444,AUH,09:50,A320neo,186,International
OCC001780,2026-06-01,Mon,BDT-F007,Alliance Air,I7105,PYB,09:25,I7205,PYB,09:40,Cessna 208B,9,Domestic
OCC001781,2026-06-01,Mon,BDT-F008,IndiGo,6E714,HYD,10:05,6E6294,HYD,10:40,A320ceo,186,Domestic
OCC001782,2026-06-01,Mon,BDT-F009,IndiGo,6E7128,VGA,10:30,6E7129,VGA,11:00,ATR 72-600,78,Domestic
OCC001783,2026-06-01,Mon,BDT-F010,IndiGo,6E6181,MAA,11:35,6E881,MAA,12:15,A320neo,186,Domestic
OCC001784,2026-06-01,Mon,BDT-F011,IndiGo,6E879,HYD,12:20,6E6645,HYD,13:00,A320neo,186,Domestic
OCC001785,2026-06-01,Mon,BDT-F013,IndiGo,6E7064,TIR,13:25,6E7063,TIR,13:50,ATR 72-600,78,Domestic
OCC001786,2026-06-01,Mon,BDT-F014,IndiGo,6E6336,BLR,14:10,6E5309,BLR,14:55,A321neo,232,Domestic
OCC001787,2026-06-01,Mon,BDT-F015,IndiGo,6E409,HYD,14:25,6E5247,BOM,15:05,A321neo,232,Domestic
OCC001788,2026-06-01,Mon,BDT-F016,IndiGo,6E504,HYD,15:45,6E783,HYD,16:25,A321neo,232,Domestic
OCC001789,2026-06-01,Mon,BDT-F017,Air India Express,IX2819,HYD,15:55,IX2744,HYD,16:35,B737-800,189,Domestic
OCC001790,2026-06-01,Mon,BDT-F018,Air India,AI419,DEL,16:05,AI420,DEL,16:45,A321neo,182,Domestic
OCC001791,2026-06-01,Mon,BDT-F019,IndiGo,6E2698,MAA,17:55,6E6089,MAA,18:35,A321neo,232,Domestic
OCC001792,2026-06-01,Mon,BDT-F020,IndiGo,6E7361,UNK,18:20,6E7362,BBI,18:50,ATR 72-600,78,Domestic
OCC001793,2026-06-01,Mon,BDT-F021,Air India Express,IX2023,BLR,18:30,IX1358,VGA,19:00,B737-800,189,Domestic
OCC001794,2026-06-01,Mon,BDT-F022,IndiGo,6E208,HYD,18:40,6E216,HYD,19:20,A321neo,232,Domestic
OCC001795,2026-06-01,Mon,BDT-F023,IndiGo,6E616,CCU,19:10,6E617,CCU,19:50,A321neo,232,Domestic
OCC001796,2026-06-01,Mon,BDT-F024,IndiGo,6E5248,NMI,20:00,6E883,HYD,20:40,A321neo,232,Domestic
OCC001797,2026-06-01,Mon,BDT-F025,IndiGo,6E969,BLR,20:30,6E2772,BLR,21:10,A321neo,232,Domestic
OCC001798,2026-06-01,Mon,BDT-F026,IndiGo,6E384,HYD,20:40,6E385,HYD,21:20,A320neo,186,Domestic
OCC001799,2026-06-01,Mon,BDT-F027,Air India,AI1702,DEL,20:50,AI1802,DEL,21:30,A320ceo,180,Domestic
OCC001800,2026-06-01,Mon,BDT-F028,Air India Express,IX1373,VGA,21:40,IX1373,BLR,22:10,B737-800,189,Domestic
OCC001801,2026-06-01,Mon,BDT-F029,IndiGo,6E2213,DEL,22:05,6E6631,DEL,22:45,A321neo,232,Domestic
OCC001802,2026-06-01,Mon,BDT-F030,Scoot,TR784,SIN,22:15,TR785,SIN,23:00,A320neo,186,International
OCC001803,2026-06-02,Tue,BDT-F001,Air India Express,IX2064,BLR,07:30,IX2065,BLR,08:00,B737-800,189,Domestic
OCC001804,2026-06-02,Tue,BDT-F002,IndiGo,6E6425,DEL,07:40,6E6426,DEL,08:20,A320neo,186,Domestic
OCC001805,2026-06-02,Tue,BDT-F003,IndiGo,6E557,MAA,07:50,6E845,MAA,08:30,A320ceo,186,Domestic
OCC001806,2026-06-02,Tue,BDT-F004,Air India Express,IX2837,HYD,08:20,IX2745,HYD,08:50,B737-800,189,Domestic
OCC001807,2026-06-02,Tue,BDT-F005,IndiGo,6E6408,HYD,08:25,6E915,HYD,08:55,A320neo,186,Domestic
OCC001808,2026-06-02,Tue,BDT-F007,Alliance Air,I7105,PYB,09:25,I7205,PYB,09:40,Cessna 208B,9,Domestic
OCC001809,2026-06-02,Tue,BDT-F008,IndiGo,6E714,HYD,10:05,6E6294,HYD,10:40,A320ceo,186,Domestic
OCC001810,2026-06-02,Tue,BDT-F009,IndiGo,6E7128,VGA,10:30,6E7129,VGA,11:00,ATR 72-600,78,Domestic
OCC001811,2026-06-02,Tue,BDT-F010,IndiGo,6E6181,MAA,11:35,6E881,MAA,12:15,A320neo,186,Domestic
OCC001812,2026-06-02,Tue,BDT-F011,IndiGo,6E879,HYD,12:20,6E6645,HYD,13:00,A320neo,186,Domestic
OCC001813,2026-06-02,Tue,BDT-F012,IndiGo,6E7176,KJB,13:20,6E7177,KJB,13:40,ATR 72-600,78,Domestic
OCC001814,2026-06-02,Tue,BDT-F013,IndiGo,6E7064,TIR,13:25,6E7063,TIR,13:50,ATR 72-600,78,Domestic
OCC001815,2026-06-02,Tue,BDT-F014,IndiGo,6E6336,BLR,14:10,6E5309,BLR,14:55,A321neo,232,Domestic
OCC001816,2026-06-02,Tue,BDT-F015,IndiGo,6E409,HYD,14:25,6E5247,BOM,15:05,A321neo,232,Domestic
OCC001817,2026-06-02,Tue,BDT-F016,IndiGo,6E504,HYD,15:45,6E783,HYD,16:25,A321neo,232,Domestic
OCC001818,2026-06-02,Tue,BDT-F017,Air India Express,IX2819,HYD,15:55,IX2744,HYD,16:35,B737-800,189,Domestic
OCC001819,2026-06-02,Tue,BDT-F018,Air India,AI419,DEL,16:05,AI420,DEL,16:45,A321neo,182,Domestic
OCC001820,2026-06-02,Tue,BDT-F019,IndiGo,6E2698,MAA,17:55,6E6089,MAA,18:35,A321neo,232,Domestic
OCC001821,2026-06-02,Tue,BDT-F021,Air India Express,IX2023,BLR,18:30,IX1358,VGA,19:00,B737-800,189,Domestic
OCC001822,2026-06-02,Tue,BDT-F022,IndiGo,6E208,HYD,18:40,6E216,HYD,19:20,A321neo,232,Domestic
OCC001823,2026-06-02,Tue,BDT-F023,IndiGo,6E616,CCU,19:10,6E617,CCU,19:50,A321neo,232,Domestic
OCC001824,2026-06-02,Tue,BDT-F024,IndiGo,6E5248,NMI,20:00,6E883,HYD,20:40,A321neo,232,Domestic
OCC001825,2026-06-02,Tue,BDT-F025,IndiGo,6E969,BLR,20:30,6E2772,BLR,21:10,A321neo,232,Domestic
OCC001826,2026-06-02,Tue,BDT-F026,IndiGo,6E384,HYD,20:40,6E385,HYD,21:20,A320neo,186,Domestic
OCC001827,2026-06-02,Tue,BDT-F027,Air India,AI1702,DEL,20:50,AI1802,DEL,21:30,A320ceo,180,Domestic
OCC001828,2026-06-02,Tue,BDT-F028,Air India Express,IX1373,VGA,21:40,IX1373,BLR,22:10,B737-800,189,Domestic
OCC001829,2026-06-02,Tue,BDT-F029,IndiGo,6E2213,DEL,22:05,6E6631,DEL,22:45,A321neo,232,Domestic
OCC001830,2026-06-03,Wed,BDT-F002,IndiGo,6E6425,DEL,07:40,6E6426,DEL,08:20,A320neo,186,Domestic
OCC001831,2026-06-03,Wed,BDT-F003,IndiGo,6E557,MAA,07:50,6E845,MAA,08:30,A320ceo,186,Domestic
OCC001832,2026-06-03,Wed,BDT-F004,Air India Express,IX2837,HYD,08:20,IX2745,HYD,08:50,B737-800,189,Domestic
OCC001833,2026-06-03,Wed,BDT-F005,IndiGo,6E6408,HYD,08:25,6E915,HYD,08:55,A320neo,186,Domestic
OCC001834,2026-06-03,Wed,BDT-F006,IndiGo,6E1443,AUH,08:20,6E1444,AUH,09:50,A320neo,186,International
OCC001835,2026-06-03,Wed,BDT-F007,Alliance Air,I7105,PYB,09:25,I7205,PYB,09:40,Cessna 208B,9,Domestic
OCC001836,2026-06-03,Wed,BDT-F008,IndiGo,6E714,HYD,10:05,6E6294,HYD,10:40,A320ceo,186,Domestic
OCC001837,2026-06-03,Wed,BDT-F009,IndiGo,6E7128,VGA,10:30,6E7129,VGA,11:00,ATR 72-600,78,Domestic
OCC001838,2026-06-03,Wed,BDT-F010,IndiGo,6E6181,MAA,11:35,6E881,MAA,12:15,A320neo,186,Domestic
OCC001839,2026-06-03,Wed,BDT-F011,IndiGo,6E879,HYD,12:20,6E6645,HYD,13:00,A320neo,186,Domestic
OCC001840,2026-06-03,Wed,BDT-F013,IndiGo,6E7064,TIR,13:25,6E7063,TIR,13:50,ATR 72-600,78,Domestic
OCC001841,2026-06-03,Wed,BDT-F014,IndiGo,6E6336,BLR,14:10,6E5309,BLR,14:55,A321neo,232,Domestic
OCC001842,2026-06-03,Wed,BDT-F015,IndiGo,6E409,HYD,14:25,6E5247,BOM,15:05,A321neo,232,Domestic
OCC001843,2026-06-03,Wed,BDT-F016,IndiGo,6E504,HYD,15:45,6E783,HYD,16:25,A321neo,232,Domestic
OCC001844,2026-06-03,Wed,BDT-F017,Air India Express,IX2819,HYD,15:55,IX2744,HYD,16:35,B737-800,189,Domestic
OCC001845,2026-06-03,Wed,BDT-F018,Air India,AI419,DEL,16:05,AI420,DEL,16:45,A321neo,182,Domestic
OCC001846,2026-06-03,Wed,BDT-F019,IndiGo,6E2698,MAA,17:55,6E6089,MAA,18:35,A321neo,232,Domestic
OCC001847,2026-06-03,Wed,BDT-F020,IndiGo,6E7361,UNK,18:20,6E7362,BBI,18:50,ATR 72-600,78,Domestic
OCC001848,2026-06-03,Wed,BDT-F021,Air India Express,IX2023,BLR,18:30,IX1358,VGA,19:00,B737-800,189,Domestic
OCC001849,2026-06-03,Wed,BDT-F022,IndiGo,6E208,HYD,18:40,6E216,HYD,19:20,A321neo,232,Domestic
OCC001850,2026-06-03,Wed,BDT-F023,IndiGo,6E616,CCU,19:10,6E617,CCU,19:50,A321neo,232,Domestic
OCC001851,2026-06-03,Wed,BDT-F024,IndiGo,6E5248,NMI,20:00,6E883,HYD,20:40,A321neo,232,Domestic
OCC001852,2026-06-03,Wed,BDT-F025,IndiGo,6E969,BLR,20:30,6E2772,BLR,21:10,A321neo,232,Domestic
OCC001853,2026-06-03,Wed,BDT-F026,IndiGo,6E384,HYD,20:40,6E385,HYD,21:20,A320neo,186,Domestic
OCC001854,2026-06-03,Wed,BDT-F027,Air India,AI1702,DEL,20:50,AI1802,DEL,21:30,A320ceo,180,Domestic
OCC001855,2026-06-03,Wed,BDT-F028,Air India Express,IX1373,VGA,21:40,IX1373,BLR,22:10,B737-800,189,Domestic
OCC001856,2026-06-03,Wed,BDT-F029,IndiGo,6E2213,DEL,22:05,6E6631,DEL,22:45,A321neo,232,Domestic
OCC001857,2026-06-03,Wed,BDT-F030,Scoot,TR784,SIN,22:15,TR785,SIN,23:00,A320neo,186,International
OCC001858,2026-06-04,Thu,BDT-F001,Air India Express,IX2064,BLR,07:30,IX2065,BLR,08:00,B737-800,189,Domestic
OCC001859,2026-06-04,Thu,BDT-F002,IndiGo,6E6425,DEL,07:40,6E6426,DEL,08:20,A320neo,186,Domestic
OCC001860,2026-06-04,Thu,BDT-F003,IndiGo,6E557,MAA,07:50,6E845,MAA,08:30,A320ceo,186,Domestic
OCC001861,2026-06-04,Thu,BDT-F004,Air India Express,IX2837,HYD,08:20,IX2745,HYD,08:50,B737-800,189,Domestic
OCC001862,2026-06-04,Thu,BDT-F005,IndiGo,6E6408,HYD,08:25,6E915,HYD,08:55,A320neo,186,Domestic
OCC001863,2026-06-04,Thu,BDT-F007,Alliance Air,I7105,PYB,09:25,I7205,PYB,09:40,Cessna 208B,9,Domestic
OCC001864,2026-06-04,Thu,BDT-F008,IndiGo,6E714,HYD,10:05,6E6294,HYD,10:40,A320ceo,186,Domestic
OCC001865,2026-06-04,Thu,BDT-F009,IndiGo,6E7128,VGA,10:30,6E7129,VGA,11:00,ATR 72-600,78,Domestic
OCC001866,2026-06-04,Thu,BDT-F010,IndiGo,6E6181,MAA,11:35,6E881,MAA,12:15,A320neo,186,Domestic
OCC001867,2026-06-04,Thu,BDT-F011,IndiGo,6E879,HYD,12:20,6E6645,HYD,13:00,A320neo,186,Domestic
OCC001868,2026-06-04,Thu,BDT-F012,IndiGo,6E7176,KJB,13:20,6E7177,KJB,13:40,ATR 72-600,78,Domestic
OCC001869,2026-06-04,Thu,BDT-F013,IndiGo,6E7064,TIR,13:25,6E7063,TIR,13:50,ATR 72-600,78,Domestic
OCC001870,2026-06-04,Thu,BDT-F014,IndiGo,6E6336,BLR,14:10,6E5309,BLR,14:55,A321neo,232,Domestic
OCC001871,2026-06-04,Thu,BDT-F015,IndiGo,6E409,HYD,14:25,6E5247,BOM,15:05,A321neo,232,Domestic
OCC001872,2026-06-04,Thu,BDT-F016,IndiGo,6E504,HYD,15:45,6E783,HYD,16:25,A321neo,232,Domestic
OCC001873,2026-06-04,Thu,BDT-F017,Air India Express,IX2819,HYD,15:55,IX2744,HYD,16:35,B737-800,189,Domestic
OCC001874,2026-06-04,Thu,BDT-F018,Air India,AI419,DEL,16:05,AI420,DEL,16:45,A321neo,182,Domestic
OCC001875,2026-06-04,Thu,BDT-F019,IndiGo,6E2698,MAA,17:55,6E6089,MAA,18:35,A321neo,232,Domestic
OCC001876,2026-06-04,Thu,BDT-F021,Air India Express,IX2023,BLR,18:30,IX1358,VGA,19:00,B737-800,189,Domestic
OCC001877,2026-06-04,Thu,BDT-F022,IndiGo,6E208,HYD,18:40,6E216,HYD,19:20,A321neo,232,Domestic
OCC001878,2026-06-04,Thu,BDT-F023,IndiGo,6E616,CCU,19:10,6E617,CCU,19:50,A321neo,232,Domestic
OCC001879,2026-06-04,Thu,BDT-F024,IndiGo,6E5248,NMI,20:00,6E883,HYD,20:40,A321neo,232,Domestic
OCC001880,2026-06-04,Thu,BDT-F025,IndiGo,6E969,BLR,20:30,6E2772,BLR,21:10,A321neo,232,Domestic
OCC001881,2026-06-04,Thu,BDT-F026,IndiGo,6E384,HYD,20:40,6E385,HYD,21:20,A320neo,186,Domestic
OCC001882,2026-06-04,Thu,BDT-F027,Air India,AI1702,DEL,20:50,AI1802,DEL,21:30,A320ceo,180,Domestic
OCC001883,2026-06-04,Thu,BDT-F028,Air India Express,IX1373,VGA,21:40,IX1373,BLR,22:10,B737-800,189,Domestic
OCC001884,2026-06-04,Thu,BDT-F029,IndiGo,6E2213,DEL,22:05,6E6631,DEL,22:45,A321neo,232,Domestic
OCC001885,2026-06-05,Fri,BDT-F002,IndiGo,6E6425,DEL,07:40,6E6426,DEL,08:20,A320neo,186,Domestic
OCC001886,2026-06-05,Fri,BDT-F003,IndiGo,6E557,MAA,07:50,6E845,MAA,08:30,A320ceo,186,Domestic
OCC001887,2026-06-05,Fri,BDT-F004,Air India Express,IX2837,HYD,08:20,IX2745,HYD,08:50,B737-800,189,Domestic
OCC001888,2026-06-05,Fri,BDT-F005,IndiGo,6E6408,HYD,08:25,6E915,HYD,08:55,A320neo,186,Domestic
OCC001889,2026-06-05,Fri,BDT-F006,IndiGo,6E1443,AUH,08:20,6E1444,AUH,09:50,A320neo,186,International
OCC001890,2026-06-05,Fri,BDT-F007,Alliance Air,I7105,PYB,09:25,I7205,PYB,09:40,Cessna 208B,9,Domestic
OCC001891,2026-06-05,Fri,BDT-F008,IndiGo,6E714,HYD,10:05,6E6294,HYD,10:40,A320ceo,186,Domestic
OCC001892,2026-06-05,Fri,BDT-F009,IndiGo,6E7128,VGA,10:30,6E7129,VGA,11:00,ATR 72-600,78,Domestic
OCC001893,2026-06-05,Fri,BDT-F010,IndiGo,6E6181,MAA,11:35,6E881,MAA,12:15,A320neo,186,Domestic
OCC001894,2026-06-05,Fri,BDT-F011,IndiGo,6E879,HYD,12:20,6E6645,HYD,13:00,A320neo,186,Domestic
OCC001895,2026-06-05,Fri,BDT-F013,IndiGo,6E7064,TIR,13:25,6E7063,TIR,13:50,ATR 72-600,78,Domestic
OCC001896,2026-06-05,Fri,BDT-F014,IndiGo,6E6336,BLR,14:10,6E5309,BLR,14:55,A321neo,232,Domestic
OCC001897,2026-06-05,Fri,BDT-F015,IndiGo,6E409,HYD,14:25,6E5247,BOM,15:05,A321neo,232,Domestic
OCC001898,2026-06-05,Fri,BDT-F016,IndiGo,6E504,HYD,15:45,6E783,HYD,16:25,A321neo,232,Domestic
OCC001899,2026-06-05,Fri,BDT-F017,Air India Express,IX2819,HYD,15:55,IX2744,HYD,16:35,B737-800,189,Domestic
OCC001900,2026-06-05,Fri,BDT-F018,Air India,AI419,DEL,16:05,AI420,DEL,16:45,A321neo,182,Domestic
OCC001901,2026-06-05,Fri,BDT-F019,IndiGo,6E2698,MAA,17:55,6E6089,MAA,18:35,A321neo,232,Domestic
OCC001902,2026-06-05,Fri,BDT-F020,IndiGo,6E7361,UNK,18:20,6E7362,BBI,18:50,ATR 72-600,78,Domestic
OCC001903,2026-06-05,Fri,BDT-F021,Air India Express,IX2023,BLR,18:30,IX1358,VGA,19:00,B737-800,189,Domestic
OCC001904,2026-06-05,Fri,BDT-F022,IndiGo,6E208,HYD,18:40,6E216,HYD,19:20,A321neo,232,Domestic
OCC001905,2026-06-05,Fri,BDT-F023,IndiGo,6E616,CCU,19:10,6E617,CCU,19:50,A321neo,232,Domestic
OCC001906,2026-06-05,Fri,BDT-F024,IndiGo,6E5248,NMI,20:00,6E883,HYD,20:40,A321neo,232,Domestic
OCC001907,2026-06-05,Fri,BDT-F025,IndiGo,6E969,BLR,20:30,6E2772,BLR,21:10,A321neo,232,Domestic
OCC001908,2026-06-05,Fri,BDT-F026,IndiGo,6E384,HYD,20:40,6E385,HYD,21:20,A320neo,186,Domestic
OCC001909,2026-06-05,Fri,BDT-F027,Air India,AI1702,DEL,20:50,AI1802,DEL,21:30,A320ceo,180,Domestic
OCC001910,2026-06-05,Fri,BDT-F028,Air India Express,IX1373,VGA,21:40,IX1373,BLR,22:10,B737-800,189,Domestic
OCC001911,2026-06-05,Fri,BDT-F029,IndiGo,6E2213,DEL,22:05,6E6631,DEL,22:45,A321neo,232,Domestic
OCC001912,2026-06-05,Fri,BDT-F030,Scoot,TR784,SIN,22:15,TR785,SIN,23:00,A320neo,186,International
OCC001913,2026-06-06,Sat,BDT-F001,Air India Express,IX2064,BLR,07:30,IX2065,BLR,08:00,B737-800,189,Domestic
OCC001914,2026-06-06,Sat,BDT-F002,IndiGo,6E6425,DEL,07:40,6E6426,DEL,08:20,A320neo,186,Domestic
OCC001915,2026-06-06,Sat,BDT-F003,IndiGo,6E557,MAA,07:50,6E845,MAA,08:30,A320ceo,186,Domestic
OCC001916,2026-06-06,Sat,BDT-F004,Air India Express,IX2837,HYD,08:20,IX2745,HYD,08:50,B737-800,189,Domestic
OCC001917,2026-06-06,Sat,BDT-F005,IndiGo,6E6408,HYD,08:25,6E915,HYD,08:55,A320neo,186,Domestic
OCC001918,2026-06-06,Sat,BDT-F007,Alliance Air,I7105,PYB,09:25,I7205,PYB,09:40,Cessna 208B,9,Domestic
OCC001919,2026-06-06,Sat,BDT-F008,IndiGo,6E714,HYD,10:05,6E6294,HYD,10:40,A320ceo,186,Domestic
OCC001920,2026-06-06,Sat,BDT-F009,IndiGo,6E7128,VGA,10:30,6E7129,VGA,11:00,ATR 72-600,78,Domestic
OCC001921,2026-06-06,Sat,BDT-F010,IndiGo,6E6181,MAA,11:35,6E881,MAA,12:15,A320neo,186,Domestic
OCC001922,2026-06-06,Sat,BDT-F011,IndiGo,6E879,HYD,12:20,6E6645,HYD,13:00,A320neo,186,Domestic
OCC001923,2026-06-06,Sat,BDT-F012,IndiGo,6E7176,KJB,13:20,6E7177,KJB,13:40,ATR 72-600,78,Domestic
OCC001924,2026-06-06,Sat,BDT-F013,IndiGo,6E7064,TIR,13:25,6E7063,TIR,13:50,ATR 72-600,78,Domestic
OCC001925,2026-06-06,Sat,BDT-F014,IndiGo,6E6336,BLR,14:10,6E5309,BLR,14:55,A321neo,232,Domestic
OCC001926,2026-06-06,Sat,BDT-F015,IndiGo,6E409,HYD,14:25,6E5247,BOM,15:05,A321neo,232,Domestic
OCC001927,2026-06-06,Sat,BDT-F016,IndiGo,6E504,HYD,15:45,6E783,HYD,16:25,A321neo,232,Domestic
OCC001928,2026-06-06,Sat,BDT-F017,Air India Express,IX2819,HYD,15:55,IX2744,HYD,16:35,B737-800,189,Domestic
OCC001929,2026-06-06,Sat,BDT-F018,Air India,AI419,DEL,16:05,AI420,DEL,16:45,A321neo,182,Domestic
OCC001930,2026-06-06,Sat,BDT-F019,IndiGo,6E2698,MAA,17:55,6E6089,MAA,18:35,A321neo,232,Domestic
OCC001931,2026-06-06,Sat,BDT-F021,Air India Express,IX2023,BLR,18:30,IX1358,VGA,19:00,B737-800,189,Domestic
OCC001932,2026-06-06,Sat,BDT-F022,IndiGo,6E208,HYD,18:40,6E216,HYD,19:20,A321neo,232,Domestic
OCC001933,2026-06-06,Sat,BDT-F023,IndiGo,6E616,CCU,19:10,6E617,CCU,19:50,A321neo,232,Domestic
OCC001934,2026-06-06,Sat,BDT-F024,IndiGo,6E5248,NMI,20:00,6E883,HYD,20:40,A321neo,232,Domestic
OCC001935,2026-06-06,Sat,BDT-F025,IndiGo,6E969,BLR,20:30,6E2772,BLR,21:10,A321neo,232,Domestic
OCC001936,2026-06-06,Sat,BDT-F026,IndiGo,6E384,HYD,20:40,6E385,HYD,21:20,A320neo,186,Domestic
OCC001937,2026-06-06,Sat,BDT-F027,Air India,AI1702,DEL,20:50,AI1802,DEL,21:30,A320ceo,180,Domestic
OCC001938,2026-06-06,Sat,BDT-F028,Air India Express,IX1373,VGA,21:40,IX1373,BLR,22:10,B737-800,189,Domestic
OCC001939,2026-06-06,Sat,BDT-F029,IndiGo,6E2213,DEL,22:05,6E6631,DEL,22:45,A321neo,232,Domestic
OCC001940,2026-06-06,Sat,BDT-F030,Scoot,TR784,SIN,22:15,TR785,SIN,23:00,A320neo,186,International
OCC001941,2026-06-07,Sun,BDT-F002,IndiGo,6E6425,DEL,07:40,6E6426,DEL,08:20,A320neo,186,Domestic
OCC001942,2026-06-07,Sun,BDT-F003,IndiGo,6E557,MAA,07:50,6E845,MAA,08:30,A320ceo,186,Domestic
OCC001943,2026-06-07,Sun,BDT-F004,Air India Express,IX2837,HYD,08:20,IX2745,HYD,08:50,B737-800,189,Domestic
OCC001944,2026-06-07,Sun,BDT-F005,IndiGo,6E6408,HYD,08:25,6E915,HYD,08:55,A320neo,186,Domestic
OCC001945,2026-06-07,Sun,BDT-F006,IndiGo,6E1443,AUH,08:20,6E1444,AUH,09:50,A320neo,186,International
OCC001946,2026-06-07,Sun,BDT-F007,Alliance Air,I7105,PYB,09:25,I7205,PYB,09:40,Cessna 208B,9,Domestic
OCC001947,2026-06-07,Sun,BDT-F008,IndiGo,6E714,HYD,10:05,6E6294,HYD,10:40,A320ceo,186,Domestic
OCC001948,2026-06-07,Sun,BDT-F009,IndiGo,6E7128,VGA,10:30,6E7129,VGA,11:00,ATR 72-600,78,Domestic
OCC001949,2026-06-07,Sun,BDT-F010,IndiGo,6E6181,MAA,11:35,6E881,MAA,12:15,A320neo,186,Domestic
OCC001950,2026-06-07,Sun,BDT-F011,IndiGo,6E879,HYD,12:20,6E6645,HYD,13:00,A320neo,186,Domestic
OCC001951,2026-06-07,Sun,BDT-F013,IndiGo,6E7064,TIR,13:25,6E7063,TIR,13:50,ATR 72-600,78,Domestic
OCC001952,2026-06-07,Sun,BDT-F014,IndiGo,6E6336,BLR,14:10,6E5309,BLR,14:55,A321neo,232,Domestic
OCC001953,2026-06-07,Sun,BDT-F015,IndiGo,6E409,HYD,14:25,6E5247,BOM,15:05,A321neo,232,Domestic
OCC001954,2026-06-07,Sun,BDT-F016,IndiGo,6E504,HYD,15:45,6E783,HYD,16:25,A321neo,232,Domestic
OCC001955,2026-06-07,Sun,BDT-F017,Air India Express,IX2819,HYD,15:55,IX2744,HYD,16:35,B737-800,189,Domestic
OCC001956,2026-06-07,Sun,BDT-F018,Air India,AI419,DEL,16:05,AI420,DEL,16:45,A321neo,182,Domestic
OCC001957,2026-06-07,Sun,BDT-F019,IndiGo,6E2698,MAA,17:55,6E6089,MAA,18:35,A321neo,232,Domestic
OCC001958,2026-06-07,Sun,BDT-F020,IndiGo,6E7361,UNK,18:20,6E7362,BBI,18:50,ATR 72-600,78,Domestic
OCC001959,2026-06-07,Sun,BDT-F021,Air India Express,IX2023,BLR,18:30,IX1358,VGA,19:00,B737-800,189,Domestic
OCC001960,2026-06-07,Sun,BDT-F022,IndiGo,6E208,HYD,18:40,6E216,HYD,19:20,A321neo,232,Domestic
OCC001961,2026-06-07,Sun,BDT-F023,IndiGo,6E616,CCU,19:10,6E617,CCU,19:50,A321neo,232,Domestic
OCC001962,2026-06-07,Sun,BDT-F024,IndiGo,6E5248,NMI,20:00,6E883,HYD,20:40,A321neo,232,Domestic
OCC001963,2026-06-07,Sun,BDT-F025,IndiGo,6E969,BLR,20:30,6E2772,BLR,21:10,A321neo,232,Domestic
OCC001964,2026-06-07,Sun,BDT-F026,IndiGo,6E384,HYD,20:40,6E385,HYD,21:20,A320neo,186,Domestic
OCC001965,2026-06-07,Sun,BDT-F027,Air India,AI1702,DEL,20:50,AI1802,DEL,21:30,A320ceo,180,Domestic
OCC001966,2026-06-07,Sun,BDT-F028,Air India Express,IX1373,VGA,21:40,IX1373,BLR,22:10,B737-800,189,Domestic
OCC001967,2026-06-07,Sun,BDT-F029,IndiGo,6E2213,DEL,22:05,6E6631,DEL,22:45,A321neo,232,Domestic
OCC001968,2026-06-08,Mon,BDT-F001,Air India Express,IX2064,BLR,07:30,IX2065,BLR,08:00,B737-800,189,Domestic
OCC001969,2026-06-08,Mon,BDT-F002,IndiGo,6E6425,DEL,07:40,6E6426,DEL,08:20,A320neo,186,Domestic
OCC001970,2026-06-08,Mon,BDT-F003,IndiGo,6E557,MAA,07:50,6E845,MAA,08:30,A320ceo,186,Domestic
OCC001971,2026-06-08,Mon,BDT-F004,Air India Express,IX2837,HYD,08:20,IX2745,HYD,08:50,B737-800,189,Domestic
OCC001972,2026-06-08,Mon,BDT-F005,IndiGo,6E6408,HYD,08:25,6E915,HYD,08:55,A320neo,186,Domestic
OCC001973,2026-06-08,Mon,BDT-F006,IndiGo,6E1443,AUH,08:20,6E1444,AUH,09:50,A320neo,186,International
OCC001974,2026-06-08,Mon,BDT-F007,Alliance Air,I7105,PYB,09:25,I7205,PYB,09:40,Cessna 208B,9,Domestic
OCC001975,2026-06-08,Mon,BDT-F008,IndiGo,6E714,HYD,10:05,6E6294,HYD,10:40,A320ceo,186,Domestic
OCC001976,2026-06-08,Mon,BDT-F009,IndiGo,6E7128,VGA,10:30,6E7129,VGA,11:00,ATR 72-600,78,Domestic
OCC001977,2026-06-08,Mon,BDT-F010,IndiGo,6E6181,MAA,11:35,6E881,MAA,12:15,A320neo,186,Domestic
OCC001978,2026-06-08,Mon,BDT-F011,IndiGo,6E879,HYD,12:20,6E6645,HYD,13:00,A320neo,186,Domestic
OCC001979,2026-06-08,Mon,BDT-F013,IndiGo,6E7064,TIR,13:25,6E7063,TIR,13:50,ATR 72-600,78,Domestic
OCC001980,2026-06-08,Mon,BDT-F014,IndiGo,6E6336,BLR,14:10,6E5309,BLR,14:55,A321neo,232,Domestic
OCC001981,2026-06-08,Mon,BDT-F015,IndiGo,6E409,HYD,14:25,6E5247,BOM,15:05,A321neo,232,Domestic
OCC001982,2026-06-08,Mon,BDT-F016,IndiGo,6E504,HYD,15:45,6E783,HYD,16:25,A321neo,232,Domestic
OCC001983,2026-06-08,Mon,BDT-F017,Air India Express,IX2819,HYD,15:55,IX2744,HYD,16:35,B737-800,189,Domestic
OCC001984,2026-06-08,Mon,BDT-F018,Air India,AI419,DEL,16:05,AI420,DEL,16:45,A321neo,182,Domestic
OCC001985,2026-06-08,Mon,BDT-F019,IndiGo,6E2698,MAA,17:55,6E6089,MAA,18:35,A321neo,232,Domestic
OCC001986,2026-06-08,Mon,BDT-F020,IndiGo,6E7361,UNK,18:20,6E7362,BBI,18:50,ATR 72-600,78,Domestic
OCC001987,2026-06-08,Mon,BDT-F021,Air India Express,IX2023,BLR,18:30,IX1358,VGA,19:00,B737-800,189,Domestic
OCC001988,2026-06-08,Mon,BDT-F022,IndiGo,6E208,HYD,18:40,6E216,HYD,19:20,A321neo,232,Domestic
OCC001989,2026-06-08,Mon,BDT-F023,IndiGo,6E616,CCU,19:10,6E617,CCU,19:50,A321neo,232,Domestic
OCC001990,2026-06-08,Mon,BDT-F024,IndiGo,6E5248,NMI,20:00,6E883,HYD,20:40,A321neo,232,Domestic
OCC001991,2026-06-08,Mon,BDT-F025,IndiGo,6E969,BLR,20:30,6E2772,BLR,21:10,A321neo,232,Domestic
OCC001992,2026-06-08,Mon,BDT-F026,IndiGo,6E384,HYD,20:40,6E385,HYD,21:20,A320neo,186,Domestic
OCC001993,2026-06-08,Mon,BDT-F027,Air India,AI1702,DEL,20:50,AI1802,DEL,21:30,A320ceo,180,Domestic
OCC001994,2026-06-08,Mon,BDT-F028,Air India Express,IX1373,VGA,21:40,IX1373,BLR,22:10,B737-800,189,Domestic
OCC001995,2026-06-08,Mon,BDT-F029,IndiGo,6E2213,DEL,22:05,6E6631,DEL,22:45,A321neo,232,Domestic
OCC001996,2026-06-08,Mon,BDT-F030,Scoot,TR784,SIN,22:15,TR785,SIN,23:00,A320neo,186,International
OCC001997,2026-06-09,Tue,BDT-F001,Air India Express,IX2064,BLR,07:30,IX2065,BLR,08:00,B737-800,189,Domestic
OCC001998,2026-06-09,Tue,BDT-F002,IndiGo,6E6425,DEL,07:40,6E6426,DEL,08:20,A320neo,186,Domestic
OCC001999,2026-06-09,Tue,BDT-F003,IndiGo,6E557,MAA,07:50,6E845,MAA,08:30,A320ceo,186,Domestic
OCC002000,2026-06-09,Tue,BDT-F004,Air India Express,IX2837,HYD,08:20,IX2745,HYD,08:50,B737-800,189,Domestic
OCC002001,2026-06-09,Tue,BDT-F005,IndiGo,6E6408,HYD,08:25,6E915,HYD,08:55,A320neo,186,Domestic
OCC002002,2026-06-09,Tue,BDT-F007,Alliance Air,I7105,PYB,09:25,I7205,PYB,09:40,Cessna 208B,9,Domestic
OCC002003,2026-06-09,Tue,BDT-F008,IndiGo,6E714,HYD,10:05,6E6294,HYD,10:40,A320ceo,186,Domestic
OCC002004,2026-06-09,Tue,BDT-F009,IndiGo,6E7128,VGA,10:30,6E7129,VGA,11:00,ATR 72-600,78,Domestic
OCC002005,2026-06-09,Tue,BDT-F010,IndiGo,6E6181,MAA,11:35,6E881,MAA,12:15,A320neo,186,Domestic
OCC002006,2026-06-09,Tue,BDT-F011,IndiGo,6E879,HYD,12:20,6E6645,HYD,13:00,A320neo,186,Domestic
OCC002007,2026-06-09,Tue,BDT-F012,IndiGo,6E7176,KJB,13:20,6E7177,KJB,13:40,ATR 72-600,78,Domestic
OCC002008,2026-06-09,Tue,BDT-F013,IndiGo,6E7064,TIR,13:25,6E7063,TIR,13:50,ATR 72-600,78,Domestic
OCC002009,2026-06-09,Tue,BDT-F014,IndiGo,6E6336,BLR,14:10,6E5309,BLR,14:55,A321neo,232,Domestic
OCC002010,2026-06-09,Tue,BDT-F015,IndiGo,6E409,HYD,14:25,6E5247,BOM,15:05,A321neo,232,Domestic
OCC002011,2026-06-09,Tue,BDT-F016,IndiGo,6E504,HYD,15:45,6E783,HYD,16:25,A321neo,232,Domestic
OCC002012,2026-06-09,Tue,BDT-F017,Air India Express,IX2819,HYD,15:55,IX2744,HYD,16:35,B737-800,189,Domestic
OCC002013,2026-06-09,Tue,BDT-F018,Air India,AI419,DEL,16:05,AI420,DEL,16:45,A321neo,182,Domestic
OCC002014,2026-06-09,Tue,BDT-F019,IndiGo,6E2698,MAA,17:55,6E6089,MAA,18:35,A321neo,232,Domestic
OCC002015,2026-06-09,Tue,BDT-F021,Air India Express,IX2023,BLR,18:30,IX1358,VGA,19:00,B737-800,189,Domestic
OCC002016,2026-06-09,Tue,BDT-F022,IndiGo,6E208,HYD,18:40,6E216,HYD,19:20,A321neo,232,Domestic
OCC002017,2026-06-09,Tue,BDT-F023,IndiGo,6E616,CCU,19:10,6E617,CCU,19:50,A321neo,232,Domestic
OCC002018,2026-06-09,Tue,BDT-F024,IndiGo,6E5248,NMI,20:00,6E883,HYD,20:40,A321neo,232,Domestic
OCC002019,2026-06-09,Tue,BDT-F025,IndiGo,6E969,BLR,20:30,6E2772,BLR,21:10,A321neo,232,Domestic
OCC002020,2026-06-09,Tue,BDT-F026,IndiGo,6E384,HYD,20:40,6E385,HYD,21:20,A320neo,186,Domestic
OCC002021,2026-06-09,Tue,BDT-F027,Air India,AI1702,DEL,20:50,AI1802,DEL,21:30,A320ceo,180,Domestic
OCC002022,2026-06-09,Tue,BDT-F028,Air India Express,IX1373,VGA,21:40,IX1373,BLR,22:10,B737-800,189,Domestic
OCC002023,2026-06-09,Tue,BDT-F029,IndiGo,6E2213,DEL,22:05,6E6631,DEL,22:45,A321neo,232,Domestic
OCC002024,2026-06-10,Wed,BDT-F002,IndiGo,6E6425,DEL,07:40,6E6426,DEL,08:20,A320neo,186,Domestic
OCC002025,2026-06-10,Wed,BDT-F003,IndiGo,6E557,MAA,07:50,6E845,MAA,08:30,A320ceo,186,Domestic
OCC002026,2026-06-10,Wed,BDT-F004,Air India Express,IX2837,HYD,08:20,IX2745,HYD,08:50,B737-800,189,Domestic
OCC002027,2026-06-10,Wed,BDT-F005,IndiGo,6E6408,HYD,08:25,6E915,HYD,08:55,A320neo,186,Domestic
OCC002028,2026-06-10,Wed,BDT-F006,IndiGo,6E1443,AUH,08:20,6E1444,AUH,09:50,A320neo,186,International
OCC002029,2026-06-10,Wed,BDT-F007,Alliance Air,I7105,PYB,09:25,I7205,PYB,09:40,Cessna 208B,9,Domestic
OCC002030,2026-06-10,Wed,BDT-F008,IndiGo,6E714,HYD,10:05,6E6294,HYD,10:40,A320ceo,186,Domestic
OCC002031,2026-06-10,Wed,BDT-F009,IndiGo,6E7128,VGA,10:30,6E7129,VGA,11:00,ATR 72-600,78,Domestic
OCC002032,2026-06-10,Wed,BDT-F010,IndiGo,6E6181,MAA,11:35,6E881,MAA,12:15,A320neo,186,Domestic
OCC002033,2026-06-10,Wed,BDT-F011,IndiGo,6E879,HYD,12:20,6E6645,HYD,13:00,A320neo,186,Domestic
OCC002034,2026-06-10,Wed,BDT-F013,IndiGo,6E7064,TIR,13:25,6E7063,TIR,13:50,ATR 72-600,78,Domestic
OCC002035,2026-06-10,Wed,BDT-F014,IndiGo,6E6336,BLR,14:10,6E5309,BLR,14:55,A321neo,232,Domestic
OCC002036,2026-06-10,Wed,BDT-F015,IndiGo,6E409,HYD,14:25,6E5247,BOM,15:05,A321neo,232,Domestic
OCC002037,2026-06-10,Wed,BDT-F016,IndiGo,6E504,HYD,15:45,6E783,HYD,16:25,A321neo,232,Domestic
OCC002038,2026-06-10,Wed,BDT-F017,Air India Express,IX2819,HYD,15:55,IX2744,HYD,16:35,B737-800,189,Domestic
OCC002039,2026-06-10,Wed,BDT-F018,Air India,AI419,DEL,16:05,AI420,DEL,16:45,A321neo,182,Domestic
OCC002040,2026-06-10,Wed,BDT-F019,IndiGo,6E2698,MAA,17:55,6E6089,MAA,18:35,A321neo,232,Domestic
OCC002041,2026-06-10,Wed,BDT-F020,IndiGo,6E7361,UNK,18:20,6E7362,BBI,18:50,ATR 72-600,78,Domestic
OCC002042,2026-06-10,Wed,BDT-F021,Air India Express,IX2023,BLR,18:30,IX1358,VGA,19:00,B737-800,189,Domestic
OCC002043,2026-06-10,Wed,BDT-F022,IndiGo,6E208,HYD,18:40,6E216,HYD,19:20,A321neo,232,Domestic
OCC002044,2026-06-10,Wed,BDT-F023,IndiGo,6E616,CCU,19:10,6E617,CCU,19:50,A321neo,232,Domestic
OCC002045,2026-06-10,Wed,BDT-F024,IndiGo,6E5248,NMI,20:00,6E883,HYD,20:40,A321neo,232,Domestic
OCC002046,2026-06-10,Wed,BDT-F025,IndiGo,6E969,BLR,20:30,6E2772,BLR,21:10,A321neo,232,Domestic
OCC002047,2026-06-10,Wed,BDT-F026,IndiGo,6E384,HYD,20:40,6E385,HYD,21:20,A320neo,186,Domestic
OCC002048,2026-06-10,Wed,BDT-F027,Air India,AI1702,DEL,20:50,AI1802,DEL,21:30,A320ceo,180,Domestic
OCC002049,2026-06-10,Wed,BDT-F028,Air India Express,IX1373,VGA,21:40,IX1373,BLR,22:10,B737-800,189,Domestic
OCC002050,2026-06-10,Wed,BDT-F029,IndiGo,6E2213,DEL,22:05,6E6631,DEL,22:45,A321neo,232,Domestic
OCC002051,2026-06-10,Wed,BDT-F030,Scoot,TR784,SIN,22:15,TR785,SIN,23:00,A320neo,186,International
OCC002052,2026-06-11,Thu,BDT-F001,Air India Express,IX2064,BLR,07:30,IX2065,BLR,08:00,B737-800,189,Domestic
OCC002053,2026-06-11,Thu,BDT-F002,IndiGo,6E6425,DEL,07:40,6E6426,DEL,08:20,A320neo,186,Domestic
OCC002054,2026-06-11,Thu,BDT-F003,IndiGo,6E557,MAA,07:50,6E845,MAA,08:30,A320ceo,186,Domestic
OCC002055,2026-06-11,Thu,BDT-F004,Air India Express,IX2837,HYD,08:20,IX2745,HYD,08:50,B737-800,189,Domestic
OCC002056,2026-06-11,Thu,BDT-F005,IndiGo,6E6408,HYD,08:25,6E915,HYD,08:55,A320neo,186,Domestic
OCC002057,2026-06-11,Thu,BDT-F007,Alliance Air,I7105,PYB,09:25,I7205,PYB,09:40,Cessna 208B,9,Domestic
OCC002058,2026-06-11,Thu,BDT-F008,IndiGo,6E714,HYD,10:05,6E6294,HYD,10:40,A320ceo,186,Domestic
OCC002059,2026-06-11,Thu,BDT-F009,IndiGo,6E7128,VGA,10:30,6E7129,VGA,11:00,ATR 72-600,78,Domestic
OCC002060,2026-06-11,Thu,BDT-F010,IndiGo,6E6181,MAA,11:35,6E881,MAA,12:15,A320neo,186,Domestic
OCC002061,2026-06-11,Thu,BDT-F011,IndiGo,6E879,HYD,12:20,6E6645,HYD,13:00,A320neo,186,Domestic
OCC002062,2026-06-11,Thu,BDT-F012,IndiGo,6E7176,KJB,13:20,6E7177,KJB,13:40,ATR 72-600,78,Domestic
OCC002063,2026-06-11,Thu,BDT-F013,IndiGo,6E7064,TIR,13:25,6E7063,TIR,13:50,ATR 72-600,78,Domestic
OCC002064,2026-06-11,Thu,BDT-F014,IndiGo,6E6336,BLR,14:10,6E5309,BLR,14:55,A321neo,232,Domestic
OCC002065,2026-06-11,Thu,BDT-F015,IndiGo,6E409,HYD,14:25,6E5247,BOM,15:05,A321neo,232,Domestic
OCC002066,2026-06-11,Thu,BDT-F016,IndiGo,6E504,HYD,15:45,6E783,HYD,16:25,A321neo,232,Domestic
OCC002067,2026-06-11,Thu,BDT-F017,Air India Express,IX2819,HYD,15:55,IX2744,HYD,16:35,B737-800,189,Domestic
OCC002068,2026-06-11,Thu,BDT-F018,Air India,AI419,DEL,16:05,AI420,DEL,16:45,A321neo,182,Domestic
OCC002069,2026-06-11,Thu,BDT-F019,IndiGo,6E2698,MAA,17:55,6E6089,MAA,18:35,A321neo,232,Domestic
OCC002070,2026-06-11,Thu,BDT-F021,Air India Express,IX2023,BLR,18:30,IX1358,VGA,19:00,B737-800,189,Domestic
OCC002071,2026-06-11,Thu,BDT-F022,IndiGo,6E208,HYD,18:40,6E216,HYD,19:20,A321neo,232,Domestic
OCC002072,2026-06-11,Thu,BDT-F023,IndiGo,6E616,CCU,19:10,6E617,CCU,19:50,A321neo,232,Domestic
OCC002073,2026-06-11,Thu,BDT-F024,IndiGo,6E5248,NMI,20:00,6E883,HYD,20:40,A321neo,232,Domestic
OCC002074,2026-06-11,Thu,BDT-F025,IndiGo,6E969,BLR,20:30,6E2772,BLR,21:10,A321neo,232,Domestic
OCC002075,2026-06-11,Thu,BDT-F026,IndiGo,6E384,HYD,20:40,6E385,HYD,21:20,A320neo,186,Domestic
OCC002076,2026-06-11,Thu,BDT-F027,Air India,AI1702,DEL,20:50,AI1802,DEL,21:30,A320ceo,180,Domestic
OCC002077,2026-06-11,Thu,BDT-F028,Air India Express,IX1373,VGA,21:40,IX1373,BLR,22:10,B737-800,189,Domestic
OCC002078,2026-06-11,Thu,BDT-F029,IndiGo,6E2213,DEL,22:05,6E6631,DEL,22:45,A321neo,232,Domestic
OCC002079,2026-06-12,Fri,BDT-F002,IndiGo,6E6425,DEL,07:40,6E6426,DEL,08:20,A320neo,186,Domestic
OCC002080,2026-06-12,Fri,BDT-F003,IndiGo,6E557,MAA,07:50,6E845,MAA,08:30,A320ceo,186,Domestic
OCC002081,2026-06-12,Fri,BDT-F004,Air India Express,IX2837,HYD,08:20,IX2745,HYD,08:50,B737-800,189,Domestic
OCC002082,2026-06-12,Fri,BDT-F005,IndiGo,6E6408,HYD,08:25,6E915,HYD,08:55,A320neo,186,Domestic
OCC002083,2026-06-12,Fri,BDT-F006,IndiGo,6E1443,AUH,08:20,6E1444,AUH,09:50,A320neo,186,International
OCC002084,2026-06-12,Fri,BDT-F007,Alliance Air,I7105,PYB,09:25,I7205,PYB,09:40,Cessna 208B,9,Domestic
OCC002085,2026-06-12,Fri,BDT-F008,IndiGo,6E714,HYD,10:05,6E6294,HYD,10:40,A320ceo,186,Domestic
OCC002086,2026-06-12,Fri,BDT-F009,IndiGo,6E7128,VGA,10:30,6E7129,VGA,11:00,ATR 72-600,78,Domestic
OCC002087,2026-06-12,Fri,BDT-F010,IndiGo,6E6181,MAA,11:35,6E881,MAA,12:15,A320neo,186,Domestic
OCC002088,2026-06-12,Fri,BDT-F011,IndiGo,6E879,HYD,12:20,6E6645,HYD,13:00,A320neo,186,Domestic
OCC002089,2026-06-12,Fri,BDT-F013,IndiGo,6E7064,TIR,13:25,6E7063,TIR,13:50,ATR 72-600,78,Domestic
OCC002090,2026-06-12,Fri,BDT-F014,IndiGo,6E6336,BLR,14:10,6E5309,BLR,14:55,A321neo,232,Domestic
OCC002091,2026-06-12,Fri,BDT-F015,IndiGo,6E409,HYD,14:25,6E5247,BOM,15:05,A321neo,232,Domestic
OCC002092,2026-06-12,Fri,BDT-F016,IndiGo,6E504,HYD,15:45,6E783,HYD,16:25,A321neo,232,Domestic
OCC002093,2026-06-12,Fri,BDT-F017,Air India Express,IX2819,HYD,15:55,IX2744,HYD,16:35,B737-800,189,Domestic
OCC002094,2026-06-12,Fri,BDT-F018,Air India,AI419,DEL,16:05,AI420,DEL,16:45,A321neo,182,Domestic
OCC002095,2026-06-12,Fri,BDT-F019,IndiGo,6E2698,MAA,17:55,6E6089,MAA,18:35,A321neo,232,Domestic
OCC002096,2026-06-12,Fri,BDT-F020,IndiGo,6E7361,UNK,18:20,6E7362,BBI,18:50,ATR 72-600,78,Domestic
OCC002097,2026-06-12,Fri,BDT-F021,Air India Express,IX2023,BLR,18:30,IX1358,VGA,19:00,B737-800,189,Domestic
OCC002098,2026-06-12,Fri,BDT-F022,IndiGo,6E208,HYD,18:40,6E216,HYD,19:20,A321neo,232,Domestic
OCC002099,2026-06-12,Fri,BDT-F023,IndiGo,6E616,CCU,19:10,6E617,CCU,19:50,A321neo,232,Domestic
OCC002100,2026-06-12,Fri,BDT-F024,IndiGo,6E5248,NMI,20:00,6E883,HYD,20:40,A321neo,232,Domestic
OCC002101,2026-06-12,Fri,BDT-F025,IndiGo,6E969,BLR,20:30,6E2772,BLR,21:10,A321neo,232,Domestic
OCC002102,2026-06-12,Fri,BDT-F026,IndiGo,6E384,HYD,20:40,6E385,HYD,21:20,A320neo,186,Domestic
OCC002103,2026-06-12,Fri,BDT-F027,Air India,AI1702,DEL,20:50,AI1802,DEL,21:30,A320ceo,180,Domestic
OCC002104,2026-06-12,Fri,BDT-F028,Air India Express,IX1373,VGA,21:40,IX1373,BLR,22:10,B737-800,189,Domestic
OCC002105,2026-06-12,Fri,BDT-F029,IndiGo,6E2213,DEL,22:05,6E6631,DEL,22:45,A321neo,232,Domestic
OCC002106,2026-06-12,Fri,BDT-F030,Scoot,TR784,SIN,22:15,TR785,SIN,23:00,A320neo,186,International
OCC002107,2026-06-13,Sat,BDT-F001,Air India Express,IX2064,BLR,07:30,IX2065,BLR,08:00,B737-800,189,Domestic
OCC002108,2026-06-13,Sat,BDT-F002,IndiGo,6E6425,DEL,07:40,6E6426,DEL,08:20,A320neo,186,Domestic
OCC002109,2026-06-13,Sat,BDT-F003,IndiGo,6E557,MAA,07:50,6E845,MAA,08:30,A320ceo,186,Domestic
OCC002110,2026-06-13,Sat,BDT-F004,Air India Express,IX2837,HYD,08:20,IX2745,HYD,08:50,B737-800,189,Domestic
OCC002111,2026-06-13,Sat,BDT-F005,IndiGo,6E6408,HYD,08:25,6E915,HYD,08:55,A320neo,186,Domestic
OCC002112,2026-06-13,Sat,BDT-F007,Alliance Air,I7105,PYB,09:25,I7205,PYB,09:40,Cessna 208B,9,Domestic
OCC002113,2026-06-13,Sat,BDT-F008,IndiGo,6E714,HYD,10:05,6E6294,HYD,10:40,A320ceo,186,Domestic
OCC002114,2026-06-13,Sat,BDT-F009,IndiGo,6E7128,VGA,10:30,6E7129,VGA,11:00,ATR 72-600,78,Domestic
OCC002115,2026-06-13,Sat,BDT-F010,IndiGo,6E6181,MAA,11:35,6E881,MAA,12:15,A320neo,186,Domestic
OCC002116,2026-06-13,Sat,BDT-F011,IndiGo,6E879,HYD,12:20,6E6645,HYD,13:00,A320neo,186,Domestic
OCC002117,2026-06-13,Sat,BDT-F012,IndiGo,6E7176,KJB,13:20,6E7177,KJB,13:40,ATR 72-600,78,Domestic
OCC002118,2026-06-13,Sat,BDT-F013,IndiGo,6E7064,TIR,13:25,6E7063,TIR,13:50,ATR 72-600,78,Domestic
OCC002119,2026-06-13,Sat,BDT-F014,IndiGo,6E6336,BLR,14:10,6E5309,BLR,14:55,A321neo,232,Domestic
OCC002120,2026-06-13,Sat,BDT-F015,IndiGo,6E409,HYD,14:25,6E5247,BOM,15:05,A321neo,232,Domestic
OCC002121,2026-06-13,Sat,BDT-F016,IndiGo,6E504,HYD,15:45,6E783,HYD,16:25,A321neo,232,Domestic
OCC002122,2026-06-13,Sat,BDT-F017,Air India Express,IX2819,HYD,15:55,IX2744,HYD,16:35,B737-800,189,Domestic
OCC002123,2026-06-13,Sat,BDT-F018,Air India,AI419,DEL,16:05,AI420,DEL,16:45,A321neo,182,Domestic
OCC002124,2026-06-13,Sat,BDT-F019,IndiGo,6E2698,MAA,17:55,6E6089,MAA,18:35,A321neo,232,Domestic
OCC002125,2026-06-13,Sat,BDT-F021,Air India Express,IX2023,BLR,18:30,IX1358,VGA,19:00,B737-800,189,Domestic
OCC002126,2026-06-13,Sat,BDT-F022,IndiGo,6E208,HYD,18:40,6E216,HYD,19:20,A321neo,232,Domestic
OCC002127,2026-06-13,Sat,BDT-F023,IndiGo,6E616,CCU,19:10,6E617,CCU,19:50,A321neo,232,Domestic
OCC002128,2026-06-13,Sat,BDT-F024,IndiGo,6E5248,NMI,20:00,6E883,HYD,20:40,A321neo,232,Domestic
OCC002129,2026-06-13,Sat,BDT-F025,IndiGo,6E969,BLR,20:30,6E2772,BLR,21:10,A321neo,232,Domestic
OCC002130,2026-06-13,Sat,BDT-F026,IndiGo,6E384,HYD,20:40,6E385,HYD,21:20,A320neo,186,Domestic
OCC002131,2026-06-13,Sat,BDT-F027,Air India,AI1702,DEL,20:50,AI1802,DEL,21:30,A320ceo,180,Domestic
OCC002132,2026-06-13,Sat,BDT-F028,Air India Express,IX1373,VGA,21:40,IX1373,BLR,22:10,B737-800,189,Domestic
OCC002133,2026-06-13,Sat,BDT-F029,IndiGo,6E2213,DEL,22:05,6E6631,DEL,22:45,A321neo,232,Domestic
OCC002134,2026-06-13,Sat,BDT-F030,Scoot,TR784,SIN,22:15,TR785,SIN,23:00,A320neo,186,International
OCC002135,2026-06-14,Sun,BDT-F002,IndiGo,6E6425,DEL,07:40,6E6426,DEL,08:20,A320neo,186,Domestic
OCC002136,2026-06-14,Sun,BDT-F003,IndiGo,6E557,MAA,07:50,6E845,MAA,08:30,A320ceo,186,Domestic
OCC002137,2026-06-14,Sun,BDT-F004,Air India Express,IX2837,HYD,08:20,IX2745,HYD,08:50,B737-800,189,Domestic
OCC002138,2026-06-14,Sun,BDT-F005,IndiGo,6E6408,HYD,08:25,6E915,HYD,08:55,A320neo,186,Domestic
OCC002139,2026-06-14,Sun,BDT-F006,IndiGo,6E1443,AUH,08:20,6E1444,AUH,09:50,A320neo,186,International
OCC002140,2026-06-14,Sun,BDT-F007,Alliance Air,I7105,PYB,09:25,I7205,PYB,09:40,Cessna 208B,9,Domestic
OCC002141,2026-06-14,Sun,BDT-F008,IndiGo,6E714,HYD,10:05,6E6294,HYD,10:40,A320ceo,186,Domestic
OCC002142,2026-06-14,Sun,BDT-F009,IndiGo,6E7128,VGA,10:30,6E7129,VGA,11:00,ATR 72-600,78,Domestic
OCC002143,2026-06-14,Sun,BDT-F010,IndiGo,6E6181,MAA,11:35,6E881,MAA,12:15,A320neo,186,Domestic
OCC002144,2026-06-14,Sun,BDT-F011,IndiGo,6E879,HYD,12:20,6E6645,HYD,13:00,A320neo,186,Domestic
OCC002145,2026-06-14,Sun,BDT-F013,IndiGo,6E7064,TIR,13:25,6E7063,TIR,13:50,ATR 72-600,78,Domestic
OCC002146,2026-06-14,Sun,BDT-F014,IndiGo,6E6336,BLR,14:10,6E5309,BLR,14:55,A321neo,232,Domestic
OCC002147,2026-06-14,Sun,BDT-F015,IndiGo,6E409,HYD,14:25,6E5247,BOM,15:05,A321neo,232,Domestic
OCC002148,2026-06-14,Sun,BDT-F016,IndiGo,6E504,HYD,15:45,6E783,HYD,16:25,A321neo,232,Domestic
OCC002149,2026-06-14,Sun,BDT-F017,Air India Express,IX2819,HYD,15:55,IX2744,HYD,16:35,B737-800,189,Domestic
OCC002150,2026-06-14,Sun,BDT-F018,Air India,AI419,DEL,16:05,AI420,DEL,16:45,A321neo,182,Domestic
OCC002151,2026-06-14,Sun,BDT-F019,IndiGo,6E2698,MAA,17:55,6E6089,MAA,18:35,A321neo,232,Domestic
OCC002152,2026-06-14,Sun,BDT-F020,IndiGo,6E7361,UNK,18:20,6E7362,BBI,18:50,ATR 72-600,78,Domestic
OCC002153,2026-06-14,Sun,BDT-F021,Air India Express,IX2023,BLR,18:30,IX1358,VGA,19:00,B737-800,189,Domestic
OCC002154,2026-06-14,Sun,BDT-F022,IndiGo,6E208,HYD,18:40,6E216,HYD,19:20,A321neo,232,Domestic
OCC002155,2026-06-14,Sun,BDT-F023,IndiGo,6E616,CCU,19:10,6E617,CCU,19:50,A321neo,232,Domestic
OCC002156,2026-06-14,Sun,BDT-F024,IndiGo,6E5248,NMI,20:00,6E883,HYD,20:40,A321neo,232,Domestic
OCC002157,2026-06-14,Sun,BDT-F025,IndiGo,6E969,BLR,20:30,6E2772,BLR,21:10,A321neo,232,Domestic
OCC002158,2026-06-14,Sun,BDT-F026,IndiGo,6E384,HYD,20:40,6E385,HYD,21:20,A320neo,186,Domestic
OCC002159,2026-06-14,Sun,BDT-F027,Air India,AI1702,DEL,20:50,AI1802,DEL,21:30,A320ceo,180,Domestic
OCC002160,2026-06-14,Sun,BDT-F028,Air India Express,IX1373,VGA,21:40,IX1373,BLR,22:10,B737-800,189,Domestic
OCC002161,2026-06-14,Sun,BDT-F029,IndiGo,6E2213,DEL,22:05,6E6631,DEL,22:45,A321neo,232,Domestic
OCC002162,2026-06-15,Mon,BDT-F001,Air India Express,IX2064,BLR,07:30,IX2065,BLR,08:00,B737-800,189,Domestic
OCC002163,2026-06-15,Mon,BDT-F002,IndiGo,6E6425,DEL,07:40,6E6426,DEL,08:20,A320neo,186,Domestic
OCC002164,2026-06-15,Mon,BDT-F003,IndiGo,6E557,MAA,07:50,6E845,MAA,08:30,A320ceo,186,Domestic
OCC002165,2026-06-15,Mon,BDT-F004,Air India Express,IX2837,HYD,08:20,IX2745,HYD,08:50,B737-800,189,Domestic
OCC002166,2026-06-15,Mon,BDT-F005,IndiGo,6E6408,HYD,08:25,6E915,HYD,08:55,A320neo,186,Domestic
OCC002167,2026-06-15,Mon,BDT-F006,IndiGo,6E1443,AUH,08:20,6E1444,AUH,09:50,A320neo,186,International
OCC002168,2026-06-15,Mon,BDT-F007,Alliance Air,I7105,PYB,09:25,I7205,PYB,09:40,Cessna 208B,9,Domestic
OCC002169,2026-06-15,Mon,BDT-F008,IndiGo,6E714,HYD,10:05,6E6294,HYD,10:40,A320ceo,186,Domestic
OCC002170,2026-06-15,Mon,BDT-F009,IndiGo,6E7128,VGA,10:30,6E7129,VGA,11:00,ATR 72-600,78,Domestic
OCC002171,2026-06-15,Mon,BDT-F010,IndiGo,6E6181,MAA,11:35,6E881,MAA,12:15,A320neo,186,Domestic
OCC002172,2026-06-15,Mon,BDT-F011,IndiGo,6E879,HYD,12:20,6E6645,HYD,13:00,A320neo,186,Domestic
OCC002173,2026-06-15,Mon,BDT-F013,IndiGo,6E7064,TIR,13:25,6E7063,TIR,13:50,ATR 72-600,78,Domestic
OCC002174,2026-06-15,Mon,BDT-F014,IndiGo,6E6336,BLR,14:10,6E5309,BLR,14:55,A321neo,232,Domestic
OCC002175,2026-06-15,Mon,BDT-F015,IndiGo,6E409,HYD,14:25,6E5247,BOM,15:05,A321neo,232,Domestic
OCC002176,2026-06-15,Mon,BDT-F016,IndiGo,6E504,HYD,15:45,6E783,HYD,16:25,A321neo,232,Domestic
OCC002177,2026-06-15,Mon,BDT-F017,Air India Express,IX2819,HYD,15:55,IX2744,HYD,16:35,B737-800,189,Domestic
OCC002178,2026-06-15,Mon,BDT-F018,Air India,AI419,DEL,16:05,AI420,DEL,16:45,A321neo,182,Domestic
OCC002179,2026-06-15,Mon,BDT-F019,IndiGo,6E2698,MAA,17:55,6E6089,MAA,18:35,A321neo,232,Domestic
OCC002180,2026-06-15,Mon,BDT-F020,IndiGo,6E7361,UNK,18:20,6E7362,BBI,18:50,ATR 72-600,78,Domestic
OCC002181,2026-06-15,Mon,BDT-F021,Air India Express,IX2023,BLR,18:30,IX1358,VGA,19:00,B737-800,189,Domestic
OCC002182,2026-06-15,Mon,BDT-F022,IndiGo,6E208,HYD,18:40,6E216,HYD,19:20,A321neo,232,Domestic
OCC002183,2026-06-15,Mon,BDT-F023,IndiGo,6E616,CCU,19:10,6E617,CCU,19:50,A321neo,232,Domestic
OCC002184,2026-06-15,Mon,BDT-F024,IndiGo,6E5248,NMI,20:00,6E883,HYD,20:40,A321neo,232,Domestic
OCC002185,2026-06-15,Mon,BDT-F025,IndiGo,6E969,BLR,20:30,6E2772,BLR,21:10,A321neo,232,Domestic
OCC002186,2026-06-15,Mon,BDT-F026,IndiGo,6E384,HYD,20:40,6E385,HYD,21:20,A320neo,186,Domestic
OCC002187,2026-06-15,Mon,BDT-F027,Air India,AI1702,DEL,20:50,AI1802,DEL,21:30,A320ceo,180,Domestic
OCC002188,2026-06-15,Mon,BDT-F028,Air India Express,IX1373,VGA,21:40,IX1373,BLR,22:10,B737-800,189,Domestic
OCC002189,2026-06-15,Mon,BDT-F029,IndiGo,6E2213,DEL,22:05,6E6631,DEL,22:45,A321neo,232,Domestic
OCC002190,2026-06-15,Mon,BDT-F030,Scoot,TR784,SIN,22:15,TR785,SIN,23:00,A320neo,186,International
OCC002191,2026-06-16,Tue,BDT-F001,Air India Express,IX2064,BLR,07:30,IX2065,BLR,08:00,B737-800,189,Domestic
OCC002192,2026-06-16,Tue,BDT-F002,IndiGo,6E6425,DEL,07:40,6E6426,DEL,08:20,A320neo,186,Domestic
OCC002193,2026-06-16,Tue,BDT-F003,IndiGo,6E557,MAA,07:50,6E845,MAA,08:30,A320ceo,186,Domestic
OCC002194,2026-06-16,Tue,BDT-F004,Air India Express,IX2837,HYD,08:20,IX2745,HYD,08:50,B737-800,189,Domestic
OCC002195,2026-06-16,Tue,BDT-F005,IndiGo,6E6408,HYD,08:25,6E915,HYD,08:55,A320neo,186,Domestic
OCC002196,2026-06-16,Tue,BDT-F007,Alliance Air,I7105,PYB,09:25,I7205,PYB,09:40,Cessna 208B,9,Domestic
OCC002197,2026-06-16,Tue,BDT-F008,IndiGo,6E714,HYD,10:05,6E6294,HYD,10:40,A320ceo,186,Domestic
OCC002198,2026-06-16,Tue,BDT-F009,IndiGo,6E7128,VGA,10:30,6E7129,VGA,11:00,ATR 72-600,78,Domestic
OCC002199,2026-06-16,Tue,BDT-F010,IndiGo,6E6181,MAA,11:35,6E881,MAA,12:15,A320neo,186,Domestic
OCC002200,2026-06-16,Tue,BDT-F011,IndiGo,6E879,HYD,12:20,6E6645,HYD,13:00,A320neo,186,Domestic
OCC002201,2026-06-16,Tue,BDT-F012,IndiGo,6E7176,KJB,13:20,6E7177,KJB,13:40,ATR 72-600,78,Domestic
OCC002202,2026-06-16,Tue,BDT-F013,IndiGo,6E7064,TIR,13:25,6E7063,TIR,13:50,ATR 72-600,78,Domestic
OCC002203,2026-06-16,Tue,BDT-F014,IndiGo,6E6336,BLR,14:10,6E5309,BLR,14:55,A321neo,232,Domestic
OCC002204,2026-06-16,Tue,BDT-F015,IndiGo,6E409,HYD,14:25,6E5247,BOM,15:05,A321neo,232,Domestic
OCC002205,2026-06-16,Tue,BDT-F016,IndiGo,6E504,HYD,15:45,6E783,HYD,16:25,A321neo,232,Domestic
OCC002206,2026-06-16,Tue,BDT-F017,Air India Express,IX2819,HYD,15:55,IX2744,HYD,16:35,B737-800,189,Domestic
OCC002207,2026-06-16,Tue,BDT-F018,Air India,AI419,DEL,16:05,AI420,DEL,16:45,A321neo,182,Domestic
OCC002208,2026-06-16,Tue,BDT-F019,IndiGo,6E2698,MAA,17:55,6E6089,MAA,18:35,A321neo,232,Domestic
OCC002209,2026-06-16,Tue,BDT-F021,Air India Express,IX2023,BLR,18:30,IX1358,VGA,19:00,B737-800,189,Domestic
OCC002210,2026-06-16,Tue,BDT-F022,IndiGo,6E208,HYD,18:40,6E216,HYD,19:20,A321neo,232,Domestic
OCC002211,2026-06-16,Tue,BDT-F023,IndiGo,6E616,CCU,19:10,6E617,CCU,19:50,A321neo,232,Domestic
OCC002212,2026-06-16,Tue,BDT-F024,IndiGo,6E5248,NMI,20:00,6E883,HYD,20:40,A321neo,232,Domestic
OCC002213,2026-06-16,Tue,BDT-F025,IndiGo,6E969,BLR,20:30,6E2772,BLR,21:10,A321neo,232,Domestic
OCC002214,2026-06-16,Tue,BDT-F026,IndiGo,6E384,HYD,20:40,6E385,HYD,21:20,A320neo,186,Domestic
OCC002215,2026-06-16,Tue,BDT-F027,Air India,AI1702,DEL,20:50,AI1802,DEL,21:30,A320ceo,180,Domestic
OCC002216,2026-06-16,Tue,BDT-F028,Air India Express,IX1373,VGA,21:40,IX1373,BLR,22:10,B737-800,189,Domestic
OCC002217,2026-06-16,Tue,BDT-F029,IndiGo,6E2213,DEL,22:05,6E6631,DEL,22:45,A321neo,232,Domestic
OCC002218,2026-06-17,Wed,BDT-F002,IndiGo,6E6425,DEL,07:40,6E6426,DEL,08:20,A320neo,186,Domestic
OCC002219,2026-06-17,Wed,BDT-F003,IndiGo,6E557,MAA,07:50,6E845,MAA,08:30,A320ceo,186,Domestic
OCC002220,2026-06-17,Wed,BDT-F004,Air India Express,IX2837,HYD,08:20,IX2745,HYD,08:50,B737-800,189,Domestic
OCC002221,2026-06-17,Wed,BDT-F005,IndiGo,6E6408,HYD,08:25,6E915,HYD,08:55,A320neo,186,Domestic
OCC002222,2026-06-17,Wed,BDT-F006,IndiGo,6E1443,AUH,08:20,6E1444,AUH,09:50,A320neo,186,International
OCC002223,2026-06-17,Wed,BDT-F007,Alliance Air,I7105,PYB,09:25,I7205,PYB,09:40,Cessna 208B,9,Domestic
OCC002224,2026-06-17,Wed,BDT-F008,IndiGo,6E714,HYD,10:05,6E6294,HYD,10:40,A320ceo,186,Domestic
OCC002225,2026-06-17,Wed,BDT-F009,IndiGo,6E7128,VGA,10:30,6E7129,VGA,11:00,ATR 72-600,78,Domestic
OCC002226,2026-06-17,Wed,BDT-F010,IndiGo,6E6181,MAA,11:35,6E881,MAA,12:15,A320neo,186,Domestic
OCC002227,2026-06-17,Wed,BDT-F011,IndiGo,6E879,HYD,12:20,6E6645,HYD,13:00,A320neo,186,Domestic
OCC002228,2026-06-17,Wed,BDT-F013,IndiGo,6E7064,TIR,13:25,6E7063,TIR,13:50,ATR 72-600,78,Domestic
OCC002229,2026-06-17,Wed,BDT-F014,IndiGo,6E6336,BLR,14:10,6E5309,BLR,14:55,A321neo,232,Domestic
OCC002230,2026-06-17,Wed,BDT-F015,IndiGo,6E409,HYD,14:25,6E5247,BOM,15:05,A321neo,232,Domestic
OCC002231,2026-06-17,Wed,BDT-F016,IndiGo,6E504,HYD,15:45,6E783,HYD,16:25,A321neo,232,Domestic
OCC002232,2026-06-17,Wed,BDT-F017,Air India Express,IX2819,HYD,15:55,IX2744,HYD,16:35,B737-800,189,Domestic
OCC002233,2026-06-17,Wed,BDT-F018,Air India,AI419,DEL,16:05,AI420,DEL,16:45,A321neo,182,Domestic
OCC002234,2026-06-17,Wed,BDT-F019,IndiGo,6E2698,MAA,17:55,6E6089,MAA,18:35,A321neo,232,Domestic
OCC002235,2026-06-17,Wed,BDT-F020,IndiGo,6E7361,UNK,18:20,6E7362,BBI,18:50,ATR 72-600,78,Domestic
OCC002236,2026-06-17,Wed,BDT-F021,Air India Express,IX2023,BLR,18:30,IX1358,VGA,19:00,B737-800,189,Domestic
OCC002237,2026-06-17,Wed,BDT-F022,IndiGo,6E208,HYD,18:40,6E216,HYD,19:20,A321neo,232,Domestic
OCC002238,2026-06-17,Wed,BDT-F023,IndiGo,6E616,CCU,19:10,6E617,CCU,19:50,A321neo,232,Domestic
OCC002239,2026-06-17,Wed,BDT-F024,IndiGo,6E5248,NMI,20:00,6E883,HYD,20:40,A321neo,232,Domestic
OCC002240,2026-06-17,Wed,BDT-F025,IndiGo,6E969,BLR,20:30,6E2772,BLR,21:10,A321neo,232,Domestic
OCC002241,2026-06-17,Wed,BDT-F026,IndiGo,6E384,HYD,20:40,6E385,HYD,21:20,A320neo,186,Domestic
OCC002242,2026-06-17,Wed,BDT-F027,Air India,AI1702,DEL,20:50,AI1802,DEL,21:30,A320ceo,180,Domestic
OCC002243,2026-06-17,Wed,BDT-F028,Air India Express,IX1373,VGA,21:40,IX1373,BLR,22:10,B737-800,189,Domestic
OCC002244,2026-06-17,Wed,BDT-F029,IndiGo,6E2213,DEL,22:05,6E6631,DEL,22:45,A321neo,232,Domestic
OCC002245,2026-06-17,Wed,BDT-F030,Scoot,TR784,SIN,22:15,TR785,SIN,23:00,A320neo,186,International
OCC002246,2026-06-18,Thu,BDT-F001,Air India Express,IX2064,BLR,07:30,IX2065,BLR,08:00,B737-800,189,Domestic
OCC002247,2026-06-18,Thu,BDT-F002,IndiGo,6E6425,DEL,07:40,6E6426,DEL,08:20,A320neo,186,Domestic
OCC002248,2026-06-18,Thu,BDT-F003,IndiGo,6E557,MAA,07:50,6E845,MAA,08:30,A320ceo,186,Domestic
OCC002249,2026-06-18,Thu,BDT-F004,Air India Express,IX2837,HYD,08:20,IX2745,HYD,08:50,B737-800,189,Domestic
OCC002250,2026-06-18,Thu,BDT-F005,IndiGo,6E6408,HYD,08:25,6E915,HYD,08:55,A320neo,186,Domestic
OCC002251,2026-06-18,Thu,BDT-F007,Alliance Air,I7105,PYB,09:25,I7205,PYB,09:40,Cessna 208B,9,Domestic
OCC002252,2026-06-18,Thu,BDT-F008,IndiGo,6E714,HYD,10:05,6E6294,HYD,10:40,A320ceo,186,Domestic
OCC002253,2026-06-18,Thu,BDT-F009,IndiGo,6E7128,VGA,10:30,6E7129,VGA,11:00,ATR 72-600,78,Domestic
OCC002254,2026-06-18,Thu,BDT-F010,IndiGo,6E6181,MAA,11:35,6E881,MAA,12:15,A320neo,186,Domestic
OCC002255,2026-06-18,Thu,BDT-F011,IndiGo,6E879,HYD,12:20,6E6645,HYD,13:00,A320neo,186,Domestic
OCC002256,2026-06-18,Thu,BDT-F012,IndiGo,6E7176,KJB,13:20,6E7177,KJB,13:40,ATR 72-600,78,Domestic
OCC002257,2026-06-18,Thu,BDT-F013,IndiGo,6E7064,TIR,13:25,6E7063,TIR,13:50,ATR 72-600,78,Domestic
OCC002258,2026-06-18,Thu,BDT-F014,IndiGo,6E6336,BLR,14:10,6E5309,BLR,14:55,A321neo,232,Domestic
OCC002259,2026-06-18,Thu,BDT-F015,IndiGo,6E409,HYD,14:25,6E5247,BOM,15:05,A321neo,232,Domestic
OCC002260,2026-06-18,Thu,BDT-F016,IndiGo,6E504,HYD,15:45,6E783,HYD,16:25,A321neo,232,Domestic
OCC002261,2026-06-18,Thu,BDT-F017,Air India Express,IX2819,HYD,15:55,IX2744,HYD,16:35,B737-800,189,Domestic
OCC002262,2026-06-18,Thu,BDT-F018,Air India,AI419,DEL,16:05,AI420,DEL,16:45,A321neo,182,Domestic
OCC002263,2026-06-18,Thu,BDT-F019,IndiGo,6E2698,MAA,17:55,6E6089,MAA,18:35,A321neo,232,Domestic
OCC002264,2026-06-18,Thu,BDT-F021,Air India Express,IX2023,BLR,18:30,IX1358,VGA,19:00,B737-800,189,Domestic
OCC002265,2026-06-18,Thu,BDT-F022,IndiGo,6E208,HYD,18:40,6E216,HYD,19:20,A321neo,232,Domestic
OCC002266,2026-06-18,Thu,BDT-F023,IndiGo,6E616,CCU,19:10,6E617,CCU,19:50,A321neo,232,Domestic
OCC002267,2026-06-18,Thu,BDT-F024,IndiGo,6E5248,NMI,20:00,6E883,HYD,20:40,A321neo,232,Domestic
OCC002268,2026-06-18,Thu,BDT-F025,IndiGo,6E969,BLR,20:30,6E2772,BLR,21:10,A321neo,232,Domestic
OCC002269,2026-06-18,Thu,BDT-F026,IndiGo,6E384,HYD,20:40,6E385,HYD,21:20,A320neo,186,Domestic
OCC002270,2026-06-18,Thu,BDT-F027,Air India,AI1702,DEL,20:50,AI1802,DEL,21:30,A320ceo,180,Domestic
OCC002271,2026-06-18,Thu,BDT-F028,Air India Express,IX1373,VGA,21:40,IX1373,BLR,22:10,B737-800,189,Domestic
OCC002272,2026-06-18,Thu,BDT-F029,IndiGo,6E2213,DEL,22:05,6E6631,DEL,22:45,A321neo,232,Domestic
OCC002273,2026-06-19,Fri,BDT-F002,IndiGo,6E6425,DEL,07:40,6E6426,DEL,08:20,A320neo,186,Domestic
OCC002274,2026-06-19,Fri,BDT-F003,IndiGo,6E557,MAA,07:50,6E845,MAA,08:30,A320ceo,186,Domestic
OCC002275,2026-06-19,Fri,BDT-F004,Air India Express,IX2837,HYD,08:20,IX2745,HYD,08:50,B737-800,189,Domestic
OCC002276,2026-06-19,Fri,BDT-F005,IndiGo,6E6408,HYD,08:25,6E915,HYD,08:55,A320neo,186,Domestic
OCC002277,2026-06-19,Fri,BDT-F006,IndiGo,6E1443,AUH,08:20,6E1444,AUH,09:50,A320neo,186,International
OCC002278,2026-06-19,Fri,BDT-F007,Alliance Air,I7105,PYB,09:25,I7205,PYB,09:40,Cessna 208B,9,Domestic
OCC002279,2026-06-19,Fri,BDT-F008,IndiGo,6E714,HYD,10:05,6E6294,HYD,10:40,A320ceo,186,Domestic
OCC002280,2026-06-19,Fri,BDT-F009,IndiGo,6E7128,VGA,10:30,6E7129,VGA,11:00,ATR 72-600,78,Domestic
OCC002281,2026-06-19,Fri,BDT-F010,IndiGo,6E6181,MAA,11:35,6E881,MAA,12:15,A320neo,186,Domestic
OCC002282,2026-06-19,Fri,BDT-F011,IndiGo,6E879,HYD,12:20,6E6645,HYD,13:00,A320neo,186,Domestic
OCC002283,2026-06-19,Fri,BDT-F013,IndiGo,6E7064,TIR,13:25,6E7063,TIR,13:50,ATR 72-600,78,Domestic
OCC002284,2026-06-19,Fri,BDT-F014,IndiGo,6E6336,BLR,14:10,6E5309,BLR,14:55,A321neo,232,Domestic
OCC002285,2026-06-19,Fri,BDT-F015,IndiGo,6E409,HYD,14:25,6E5247,BOM,15:05,A321neo,232,Domestic
OCC002286,2026-06-19,Fri,BDT-F016,IndiGo,6E504,HYD,15:45,6E783,HYD,16:25,A321neo,232,Domestic
OCC002287,2026-06-19,Fri,BDT-F017,Air India Express,IX2819,HYD,15:55,IX2744,HYD,16:35,B737-800,189,Domestic
OCC002288,2026-06-19,Fri,BDT-F018,Air India,AI419,DEL,16:05,AI420,DEL,16:45,A321neo,182,Domestic
OCC002289,2026-06-19,Fri,BDT-F019,IndiGo,6E2698,MAA,17:55,6E6089,MAA,18:35,A321neo,232,Domestic
OCC002290,2026-06-19,Fri,BDT-F020,IndiGo,6E7361,UNK,18:20,6E7362,BBI,18:50,ATR 72-600,78,Domestic
OCC002291,2026-06-19,Fri,BDT-F021,Air India Express,IX2023,BLR,18:30,IX1358,VGA,19:00,B737-800,189,Domestic
OCC002292,2026-06-19,Fri,BDT-F022,IndiGo,6E208,HYD,18:40,6E216,HYD,19:20,A321neo,232,Domestic
OCC002293,2026-06-19,Fri,BDT-F023,IndiGo,6E616,CCU,19:10,6E617,CCU,19:50,A321neo,232,Domestic
OCC002294,2026-06-19,Fri,BDT-F024,IndiGo,6E5248,NMI,20:00,6E883,HYD,20:40,A321neo,232,Domestic
OCC002295,2026-06-19,Fri,BDT-F025,IndiGo,6E969,BLR,20:30,6E2772,BLR,21:10,A321neo,232,Domestic
OCC002296,2026-06-19,Fri,BDT-F026,IndiGo,6E384,HYD,20:40,6E385,HYD,21:20,A320neo,186,Domestic
OCC002297,2026-06-19,Fri,BDT-F027,Air India,AI1702,DEL,20:50,AI1802,DEL,21:30,A320ceo,180,Domestic
OCC002298,2026-06-19,Fri,BDT-F028,Air India Express,IX1373,VGA,21:40,IX1373,BLR,22:10,B737-800,189,Domestic
OCC002299,2026-06-19,Fri,BDT-F029,IndiGo,6E2213,DEL,22:05,6E6631,DEL,22:45,A321neo,232,Domestic
OCC002300,2026-06-19,Fri,BDT-F030,Scoot,TR784,SIN,22:15,TR785,SIN,23:00,A320neo,186,International
OCC002301,2026-06-20,Sat,BDT-F001,Air India Express,IX2064,BLR,07:30,IX2065,BLR,08:00,B737-800,189,Domestic
OCC002302,2026-06-20,Sat,BDT-F002,IndiGo,6E6425,DEL,07:40,6E6426,DEL,08:20,A320neo,186,Domestic
OCC002303,2026-06-20,Sat,BDT-F003,IndiGo,6E557,MAA,07:50,6E845,MAA,08:30,A320ceo,186,Domestic
OCC002304,2026-06-20,Sat,BDT-F004,Air India Express,IX2837,HYD,08:20,IX2745,HYD,08:50,B737-800,189,Domestic
OCC002305,2026-06-20,Sat,BDT-F005,IndiGo,6E6408,HYD,08:25,6E915,HYD,08:55,A320neo,186,Domestic
OCC002306,2026-06-20,Sat,BDT-F007,Alliance Air,I7105,PYB,09:25,I7205,PYB,09:40,Cessna 208B,9,Domestic
OCC002307,2026-06-20,Sat,BDT-F008,IndiGo,6E714,HYD,10:05,6E6294,HYD,10:40,A320ceo,186,Domestic
OCC002308,2026-06-20,Sat,BDT-F009,IndiGo,6E7128,VGA,10:30,6E7129,VGA,11:00,ATR 72-600,78,Domestic
OCC002309,2026-06-20,Sat,BDT-F010,IndiGo,6E6181,MAA,11:35,6E881,MAA,12:15,A320neo,186,Domestic
OCC002310,2026-06-20,Sat,BDT-F011,IndiGo,6E879,HYD,12:20,6E6645,HYD,13:00,A320neo,186,Domestic
OCC002311,2026-06-20,Sat,BDT-F012,IndiGo,6E7176,KJB,13:20,6E7177,KJB,13:40,ATR 72-600,78,Domestic
OCC002312,2026-06-20,Sat,BDT-F013,IndiGo,6E7064,TIR,13:25,6E7063,TIR,13:50,ATR 72-600,78,Domestic
OCC002313,2026-06-20,Sat,BDT-F014,IndiGo,6E6336,BLR,14:10,6E5309,BLR,14:55,A321neo,232,Domestic
OCC002314,2026-06-20,Sat,BDT-F015,IndiGo,6E409,HYD,14:25,6E5247,BOM,15:05,A321neo,232,Domestic
OCC002315,2026-06-20,Sat,BDT-F016,IndiGo,6E504,HYD,15:45,6E783,HYD,16:25,A321neo,232,Domestic
OCC002316,2026-06-20,Sat,BDT-F017,Air India Express,IX2819,HYD,15:55,IX2744,HYD,16:35,B737-800,189,Domestic
OCC002317,2026-06-20,Sat,BDT-F018,Air India,AI419,DEL,16:05,AI420,DEL,16:45,A321neo,182,Domestic
OCC002318,2026-06-20,Sat,BDT-F019,IndiGo,6E2698,MAA,17:55,6E6089,MAA,18:35,A321neo,232,Domestic
OCC002319,2026-06-20,Sat,BDT-F021,Air India Express,IX2023,BLR,18:30,IX1358,VGA,19:00,B737-800,189,Domestic
OCC002320,2026-06-20,Sat,BDT-F022,IndiGo,6E208,HYD,18:40,6E216,HYD,19:20,A321neo,232,Domestic
OCC002321,2026-06-20,Sat,BDT-F023,IndiGo,6E616,CCU,19:10,6E617,CCU,19:50,A321neo,232,Domestic
OCC002322,2026-06-20,Sat,BDT-F024,IndiGo,6E5248,NMI,20:00,6E883,HYD,20:40,A321neo,232,Domestic
OCC002323,2026-06-20,Sat,BDT-F025,IndiGo,6E969,BLR,20:30,6E2772,BLR,21:10,A321neo,232,Domestic
OCC002324,2026-06-20,Sat,BDT-F026,IndiGo,6E384,HYD,20:40,6E385,HYD,21:20,A320neo,186,Domestic
OCC002325,2026-06-20,Sat,BDT-F027,Air India,AI1702,DEL,20:50,AI1802,DEL,21:30,A320ceo,180,Domestic
OCC002326,2026-06-20,Sat,BDT-F028,Air India Express,IX1373,VGA,21:40,IX1373,BLR,22:10,B737-800,189,Domestic
OCC002327,2026-06-20,Sat,BDT-F029,IndiGo,6E2213,DEL,22:05,6E6631,DEL,22:45,A321neo,232,Domestic
OCC002328,2026-06-20,Sat,BDT-F030,Scoot,TR784,SIN,22:15,TR785,SIN,23:00,A320neo,186,International
OCC002329,2026-06-21,Sun,BDT-F002,IndiGo,6E6425,DEL,07:40,6E6426,DEL,08:20,A320neo,186,Domestic
OCC002330,2026-06-21,Sun,BDT-F003,IndiGo,6E557,MAA,07:50,6E845,MAA,08:30,A320ceo,186,Domestic
OCC002331,2026-06-21,Sun,BDT-F004,Air India Express,IX2837,HYD,08:20,IX2745,HYD,08:50,B737-800,189,Domestic
OCC002332,2026-06-21,Sun,BDT-F005,IndiGo,6E6408,HYD,08:25,6E915,HYD,08:55,A320neo,186,Domestic
OCC002333,2026-06-21,Sun,BDT-F006,IndiGo,6E1443,AUH,08:20,6E1444,AUH,09:50,A320neo,186,International
OCC002334,2026-06-21,Sun,BDT-F007,Alliance Air,I7105,PYB,09:25,I7205,PYB,09:40,Cessna 208B,9,Domestic
OCC002335,2026-06-21,Sun,BDT-F008,IndiGo,6E714,HYD,10:05,6E6294,HYD,10:40,A320ceo,186,Domestic
OCC002336,2026-06-21,Sun,BDT-F009,IndiGo,6E7128,VGA,10:30,6E7129,VGA,11:00,ATR 72-600,78,Domestic
OCC002337,2026-06-21,Sun,BDT-F010,IndiGo,6E6181,MAA,11:35,6E881,MAA,12:15,A320neo,186,Domestic
OCC002338,2026-06-21,Sun,BDT-F011,IndiGo,6E879,HYD,12:20,6E6645,HYD,13:00,A320neo,186,Domestic
OCC002339,2026-06-21,Sun,BDT-F013,IndiGo,6E7064,TIR,13:25,6E7063,TIR,13:50,ATR 72-600,78,Domestic
OCC002340,2026-06-21,Sun,BDT-F014,IndiGo,6E6336,BLR,14:10,6E5309,BLR,14:55,A321neo,232,Domestic
OCC002341,2026-06-21,Sun,BDT-F015,IndiGo,6E409,HYD,14:25,6E5247,BOM,15:05,A321neo,232,Domestic
OCC002342,2026-06-21,Sun,BDT-F016,IndiGo,6E504,HYD,15:45,6E783,HYD,16:25,A321neo,232,Domestic
OCC002343,2026-06-21,Sun,BDT-F017,Air India Express,IX2819,HYD,15:55,IX2744,HYD,16:35,B737-800,189,Domestic
OCC002344,2026-06-21,Sun,BDT-F018,Air India,AI419,DEL,16:05,AI420,DEL,16:45,A321neo,182,Domestic
OCC002345,2026-06-21,Sun,BDT-F019,IndiGo,6E2698,MAA,17:55,6E6089,MAA,18:35,A321neo,232,Domestic
OCC002346,2026-06-21,Sun,BDT-F020,IndiGo,6E7361,UNK,18:20,6E7362,BBI,18:50,ATR 72-600,78,Domestic
OCC002347,2026-06-21,Sun,BDT-F021,Air India Express,IX2023,BLR,18:30,IX1358,VGA,19:00,B737-800,189,Domestic
OCC002348,2026-06-21,Sun,BDT-F022,IndiGo,6E208,HYD,18:40,6E216,HYD,19:20,A321neo,232,Domestic
OCC002349,2026-06-21,Sun,BDT-F023,IndiGo,6E616,CCU,19:10,6E617,CCU,19:50,A321neo,232,Domestic
OCC002350,2026-06-21,Sun,BDT-F024,IndiGo,6E5248,NMI,20:00,6E883,HYD,20:40,A321neo,232,Domestic
OCC002351,2026-06-21,Sun,BDT-F025,IndiGo,6E969,BLR,20:30,6E2772,BLR,21:10,A321neo,232,Domestic
OCC002352,2026-06-21,Sun,BDT-F026,IndiGo,6E384,HYD,20:40,6E385,HYD,21:20,A320neo,186,Domestic
OCC002353,2026-06-21,Sun,BDT-F027,Air India,AI1702,DEL,20:50,AI1802,DEL,21:30,A320ceo,180,Domestic
OCC002354,2026-06-21,Sun,BDT-F028,Air India Express,IX1373,VGA,21:40,IX1373,BLR,22:10,B737-800,189,Domestic
OCC002355,2026-06-21,Sun,BDT-F029,IndiGo,6E2213,DEL,22:05,6E6631,DEL,22:45,A321neo,232,Domestic
OCC002356,2026-06-22,Mon,BDT-F001,Air India Express,IX2064,BLR,07:30,IX2065,BLR,08:00,B737-800,189,Domestic
OCC002357,2026-06-22,Mon,BDT-F002,IndiGo,6E6425,DEL,07:40,6E6426,DEL,08:20,A320neo,186,Domestic
OCC002358,2026-06-22,Mon,BDT-F003,IndiGo,6E557,MAA,07:50,6E845,MAA,08:30,A320ceo,186,Domestic
OCC002359,2026-06-22,Mon,BDT-F004,Air India Express,IX2837,HYD,08:20,IX2745,HYD,08:50,B737-800,189,Domestic
OCC002360,2026-06-22,Mon,BDT-F005,IndiGo,6E6408,HYD,08:25,6E915,HYD,08:55,A320neo,186,Domestic
OCC002361,2026-06-22,Mon,BDT-F006,IndiGo,6E1443,AUH,08:20,6E1444,AUH,09:50,A320neo,186,International
OCC002362,2026-06-22,Mon,BDT-F007,Alliance Air,I7105,PYB,09:25,I7205,PYB,09:40,Cessna 208B,9,Domestic
OCC002363,2026-06-22,Mon,BDT-F008,IndiGo,6E714,HYD,10:05,6E6294,HYD,10:40,A320ceo,186,Domestic
OCC002364,2026-06-22,Mon,BDT-F009,IndiGo,6E7128,VGA,10:30,6E7129,VGA,11:00,ATR 72-600,78,Domestic
OCC002365,2026-06-22,Mon,BDT-F010,IndiGo,6E6181,MAA,11:35,6E881,MAA,12:15,A320neo,186,Domestic
OCC002366,2026-06-22,Mon,BDT-F011,IndiGo,6E879,HYD,12:20,6E6645,HYD,13:00,A320neo,186,Domestic
OCC002367,2026-06-22,Mon,BDT-F013,IndiGo,6E7064,TIR,13:25,6E7063,TIR,13:50,ATR 72-600,78,Domestic
OCC002368,2026-06-22,Mon,BDT-F014,IndiGo,6E6336,BLR,14:10,6E5309,BLR,14:55,A321neo,232,Domestic
OCC002369,2026-06-22,Mon,BDT-F015,IndiGo,6E409,HYD,14:25,6E5247,BOM,15:05,A321neo,232,Domestic
OCC002370,2026-06-22,Mon,BDT-F016,IndiGo,6E504,HYD,15:45,6E783,HYD,16:25,A321neo,232,Domestic
OCC002371,2026-06-22,Mon,BDT-F017,Air India Express,IX2819,HYD,15:55,IX2744,HYD,16:35,B737-800,189,Domestic
OCC002372,2026-06-22,Mon,BDT-F018,Air India,AI419,DEL,16:05,AI420,DEL,16:45,A321neo,182,Domestic
OCC002373,2026-06-22,Mon,BDT-F019,IndiGo,6E2698,MAA,17:55,6E6089,MAA,18:35,A321neo,232,Domestic
OCC002374,2026-06-22,Mon,BDT-F020,IndiGo,6E7361,UNK,18:20,6E7362,BBI,18:50,ATR 72-600,78,Domestic
OCC002375,2026-06-22,Mon,BDT-F021,Air India Express,IX2023,BLR,18:30,IX1358,VGA,19:00,B737-800,189,Domestic
OCC002376,2026-06-22,Mon,BDT-F022,IndiGo,6E208,HYD,18:40,6E216,HYD,19:20,A321neo,232,Domestic
OCC002377,2026-06-22,Mon,BDT-F023,IndiGo,6E616,CCU,19:10,6E617,CCU,19:50,A321neo,232,Domestic
OCC002378,2026-06-22,Mon,BDT-F024,IndiGo,6E5248,NMI,20:00,6E883,HYD,20:40,A321neo,232,Domestic
OCC002379,2026-06-22,Mon,BDT-F025,IndiGo,6E969,BLR,20:30,6E2772,BLR,21:10,A321neo,232,Domestic
OCC002380,2026-06-22,Mon,BDT-F026,IndiGo,6E384,HYD,20:40,6E385,HYD,21:20,A320neo,186,Domestic
OCC002381,2026-06-22,Mon,BDT-F027,Air India,AI1702,DEL,20:50,AI1802,DEL,21:30,A320ceo,180,Domestic
OCC002382,2026-06-22,Mon,BDT-F028,Air India Express,IX1373,VGA,21:40,IX1373,BLR,22:10,B737-800,189,Domestic
OCC002383,2026-06-22,Mon,BDT-F029,IndiGo,6E2213,DEL,22:05,6E6631,DEL,22:45,A321neo,232,Domestic
OCC002384,2026-06-22,Mon,BDT-F030,Scoot,TR784,SIN,22:15,TR785,SIN,23:00,A320neo,186,International
OCC002385,2026-06-23,Tue,BDT-F001,Air India Express,IX2064,BLR,07:30,IX2065,BLR,08:00,B737-800,189,Domestic
OCC002386,2026-06-23,Tue,BDT-F002,IndiGo,6E6425,DEL,07:40,6E6426,DEL,08:20,A320neo,186,Domestic
OCC002387,2026-06-23,Tue,BDT-F003,IndiGo,6E557,MAA,07:50,6E845,MAA,08:30,A320ceo,186,Domestic
OCC002388,2026-06-23,Tue,BDT-F004,Air India Express,IX2837,HYD,08:20,IX2745,HYD,08:50,B737-800,189,Domestic
OCC002389,2026-06-23,Tue,BDT-F005,IndiGo,6E6408,HYD,08:25,6E915,HYD,08:55,A320neo,186,Domestic
OCC002390,2026-06-23,Tue,BDT-F007,Alliance Air,I7105,PYB,09:25,I7205,PYB,09:40,Cessna 208B,9,Domestic
OCC002391,2026-06-23,Tue,BDT-F008,IndiGo,6E714,HYD,10:05,6E6294,HYD,10:40,A320ceo,186,Domestic
OCC002392,2026-06-23,Tue,BDT-F009,IndiGo,6E7128,VGA,10:30,6E7129,VGA,11:00,ATR 72-600,78,Domestic
OCC002393,2026-06-23,Tue,BDT-F010,IndiGo,6E6181,MAA,11:35,6E881,MAA,12:15,A320neo,186,Domestic
OCC002394,2026-06-23,Tue,BDT-F011,IndiGo,6E879,HYD,12:20,6E6645,HYD,13:00,A320neo,186,Domestic
OCC002395,2026-06-23,Tue,BDT-F012,IndiGo,6E7176,KJB,13:20,6E7177,KJB,13:40,ATR 72-600,78,Domestic
OCC002396,2026-06-23,Tue,BDT-F013,IndiGo,6E7064,TIR,13:25,6E7063,TIR,13:50,ATR 72-600,78,Domestic
OCC002397,2026-06-23,Tue,BDT-F014,IndiGo,6E6336,BLR,14:10,6E5309,BLR,14:55,A321neo,232,Domestic
OCC002398,2026-06-23,Tue,BDT-F015,IndiGo,6E409,HYD,14:25,6E5247,BOM,15:05,A321neo,232,Domestic
OCC002399,2026-06-23,Tue,BDT-F016,IndiGo,6E504,HYD,15:45,6E783,HYD,16:25,A321neo,232,Domestic
OCC002400,2026-06-23,Tue,BDT-F017,Air India Express,IX2819,HYD,15:55,IX2744,HYD,16:35,B737-800,189,Domestic
OCC002401,2026-06-23,Tue,BDT-F018,Air India,AI419,DEL,16:05,AI420,DEL,16:45,A321neo,182,Domestic
OCC002402,2026-06-23,Tue,BDT-F019,IndiGo,6E2698,MAA,17:55,6E6089,MAA,18:35,A321neo,232,Domestic
OCC002403,2026-06-23,Tue,BDT-F021,Air India Express,IX2023,BLR,18:30,IX1358,VGA,19:00,B737-800,189,Domestic
OCC002404,2026-06-23,Tue,BDT-F022,IndiGo,6E208,HYD,18:40,6E216,HYD,19:20,A321neo,232,Domestic
OCC002405,2026-06-23,Tue,BDT-F023,IndiGo,6E616,CCU,19:10,6E617,CCU,19:50,A321neo,232,Domestic
OCC002406,2026-06-23,Tue,BDT-F024,IndiGo,6E5248,NMI,20:00,6E883,HYD,20:40,A321neo,232,Domestic
OCC002407,2026-06-23,Tue,BDT-F025,IndiGo,6E969,BLR,20:30,6E2772,BLR,21:10,A321neo,232,Domestic
OCC002408,2026-06-23,Tue,BDT-F026,IndiGo,6E384,HYD,20:40,6E385,HYD,21:20,A320neo,186,Domestic
OCC002409,2026-06-23,Tue,BDT-F027,Air India,AI1702,DEL,20:50,AI1802,DEL,21:30,A320ceo,180,Domestic
OCC002410,2026-06-23,Tue,BDT-F028,Air India Express,IX1373,VGA,21:40,IX1373,BLR,22:10,B737-800,189,Domestic
OCC002411,2026-06-23,Tue,BDT-F029,IndiGo,6E2213,DEL,22:05,6E6631,DEL,22:45,A321neo,232,Domestic
OCC002412,2026-06-24,Wed,BDT-F002,IndiGo,6E6425,DEL,07:40,6E6426,DEL,08:20,A320neo,186,Domestic
OCC002413,2026-06-24,Wed,BDT-F003,IndiGo,6E557,MAA,07:50,6E845,MAA,08:30,A320ceo,186,Domestic
OCC002414,2026-06-24,Wed,BDT-F004,Air India Express,IX2837,HYD,08:20,IX2745,HYD,08:50,B737-800,189,Domestic
OCC002415,2026-06-24,Wed,BDT-F005,IndiGo,6E6408,HYD,08:25,6E915,HYD,08:55,A320neo,186,Domestic
OCC002416,2026-06-24,Wed,BDT-F006,IndiGo,6E1443,AUH,08:20,6E1444,AUH,09:50,A320neo,186,International
OCC002417,2026-06-24,Wed,BDT-F007,Alliance Air,I7105,PYB,09:25,I7205,PYB,09:40,Cessna 208B,9,Domestic
OCC002418,2026-06-24,Wed,BDT-F008,IndiGo,6E714,HYD,10:05,6E6294,HYD,10:40,A320ceo,186,Domestic
OCC002419,2026-06-24,Wed,BDT-F009,IndiGo,6E7128,VGA,10:30,6E7129,VGA,11:00,ATR 72-600,78,Domestic
OCC002420,2026-06-24,Wed,BDT-F010,IndiGo,6E6181,MAA,11:35,6E881,MAA,12:15,A320neo,186,Domestic
OCC002421,2026-06-24,Wed,BDT-F011,IndiGo,6E879,HYD,12:20,6E6645,HYD,13:00,A320neo,186,Domestic
OCC002422,2026-06-24,Wed,BDT-F013,IndiGo,6E7064,TIR,13:25,6E7063,TIR,13:50,ATR 72-600,78,Domestic
OCC002423,2026-06-24,Wed,BDT-F014,IndiGo,6E6336,BLR,14:10,6E5309,BLR,14:55,A321neo,232,Domestic
OCC002424,2026-06-24,Wed,BDT-F015,IndiGo,6E409,HYD,14:25,6E5247,BOM,15:05,A321neo,232,Domestic
OCC002425,2026-06-24,Wed,BDT-F016,IndiGo,6E504,HYD,15:45,6E783,HYD,16:25,A321neo,232,Domestic
OCC002426,2026-06-24,Wed,BDT-F017,Air India Express,IX2819,HYD,15:55,IX2744,HYD,16:35,B737-800,189,Domestic
OCC002427,2026-06-24,Wed,BDT-F018,Air India,AI419,DEL,16:05,AI420,DEL,16:45,A321neo,182,Domestic
OCC002428,2026-06-24,Wed,BDT-F019,IndiGo,6E2698,MAA,17:55,6E6089,MAA,18:35,A321neo,232,Domestic
OCC002429,2026-06-24,Wed,BDT-F020,IndiGo,6E7361,UNK,18:20,6E7362,BBI,18:50,ATR 72-600,78,Domestic
OCC002430,2026-06-24,Wed,BDT-F021,Air India Express,IX2023,BLR,18:30,IX1358,VGA,19:00,B737-800,189,Domestic
OCC002431,2026-06-24,Wed,BDT-F022,IndiGo,6E208,HYD,18:40,6E216,HYD,19:20,A321neo,232,Domestic
OCC002432,2026-06-24,Wed,BDT-F023,IndiGo,6E616,CCU,19:10,6E617,CCU,19:50,A321neo,232,Domestic
OCC002433,2026-06-24,Wed,BDT-F024,IndiGo,6E5248,NMI,20:00,6E883,HYD,20:40,A321neo,232,Domestic
OCC002434,2026-06-24,Wed,BDT-F025,IndiGo,6E969,BLR,20:30,6E2772,BLR,21:10,A321neo,232,Domestic
OCC002435,2026-06-24,Wed,BDT-F026,IndiGo,6E384,HYD,20:40,6E385,HYD,21:20,A320neo,186,Domestic
OCC002436,2026-06-24,Wed,BDT-F027,Air India,AI1702,DEL,20:50,AI1802,DEL,21:30,A320ceo,180,Domestic
OCC002437,2026-06-24,Wed,BDT-F028,Air India Express,IX1373,VGA,21:40,IX1373,BLR,22:10,B737-800,189,Domestic
OCC002438,2026-06-24,Wed,BDT-F029,IndiGo,6E2213,DEL,22:05,6E6631,DEL,22:45,A321neo,232,Domestic
OCC002439,2026-06-24,Wed,BDT-F030,Scoot,TR784,SIN,22:15,TR785,SIN,23:00,A320neo,186,International
OCC002440,2026-06-25,Thu,BDT-F001,Air India Express,IX2064,BLR,07:30,IX2065,BLR,08:00,B737-800,189,Domestic
OCC002441,2026-06-25,Thu,BDT-F002,IndiGo,6E6425,DEL,07:40,6E6426,DEL,08:20,A320neo,186,Domestic
OCC002442,2026-06-25,Thu,BDT-F003,IndiGo,6E557,MAA,07:50,6E845,MAA,08:30,A320ceo,186,Domestic
OCC002443,2026-06-25,Thu,BDT-F004,Air India Express,IX2837,HYD,08:20,IX2745,HYD,08:50,B737-800,189,Domestic
OCC002444,2026-06-25,Thu,BDT-F005,IndiGo,6E6408,HYD,08:25,6E915,HYD,08:55,A320neo,186,Domestic
OCC002445,2026-06-25,Thu,BDT-F007,Alliance Air,I7105,PYB,09:25,I7205,PYB,09:40,Cessna 208B,9,Domestic
OCC002446,2026-06-25,Thu,BDT-F008,IndiGo,6E714,HYD,10:05,6E6294,HYD,10:40,A320ceo,186,Domestic
OCC002447,2026-06-25,Thu,BDT-F009,IndiGo,6E7128,VGA,10:30,6E7129,VGA,11:00,ATR 72-600,78,Domestic
OCC002448,2026-06-25,Thu,BDT-F010,IndiGo,6E6181,MAA,11:35,6E881,MAA,12:15,A320neo,186,Domestic
OCC002449,2026-06-25,Thu,BDT-F011,IndiGo,6E879,HYD,12:20,6E6645,HYD,13:00,A320neo,186,Domestic
OCC002450,2026-06-25,Thu,BDT-F012,IndiGo,6E7176,KJB,13:20,6E7177,KJB,13:40,ATR 72-600,78,Domestic
OCC002451,2026-06-25,Thu,BDT-F013,IndiGo,6E7064,TIR,13:25,6E7063,TIR,13:50,ATR 72-600,78,Domestic
OCC002452,2026-06-25,Thu,BDT-F014,IndiGo,6E6336,BLR,14:10,6E5309,BLR,14:55,A321neo,232,Domestic
OCC002453,2026-06-25,Thu,BDT-F015,IndiGo,6E409,HYD,14:25,6E5247,BOM,15:05,A321neo,232,Domestic
OCC002454,2026-06-25,Thu,BDT-F016,IndiGo,6E504,HYD,15:45,6E783,HYD,16:25,A321neo,232,Domestic
OCC002455,2026-06-25,Thu,BDT-F017,Air India Express,IX2819,HYD,15:55,IX2744,HYD,16:35,B737-800,189,Domestic
OCC002456,2026-06-25,Thu,BDT-F018,Air India,AI419,DEL,16:05,AI420,DEL,16:45,A321neo,182,Domestic
OCC002457,2026-06-25,Thu,BDT-F019,IndiGo,6E2698,MAA,17:55,6E6089,MAA,18:35,A321neo,232,Domestic
OCC002458,2026-06-25,Thu,BDT-F021,Air India Express,IX2023,BLR,18:30,IX1358,VGA,19:00,B737-800,189,Domestic
OCC002459,2026-06-25,Thu,BDT-F022,IndiGo,6E208,HYD,18:40,6E216,HYD,19:20,A321neo,232,Domestic
OCC002460,2026-06-25,Thu,BDT-F023,IndiGo,6E616,CCU,19:10,6E617,CCU,19:50,A321neo,232,Domestic
OCC002461,2026-06-25,Thu,BDT-F024,IndiGo,6E5248,NMI,20:00,6E883,HYD,20:40,A321neo,232,Domestic
OCC002462,2026-06-25,Thu,BDT-F025,IndiGo,6E969,BLR,20:30,6E2772,BLR,21:10,A321neo,232,Domestic
OCC002463,2026-06-25,Thu,BDT-F026,IndiGo,6E384,HYD,20:40,6E385,HYD,21:20,A320neo,186,Domestic
OCC002464,2026-06-25,Thu,BDT-F027,Air India,AI1702,DEL,20:50,AI1802,DEL,21:30,A320ceo,180,Domestic
OCC002465,2026-06-25,Thu,BDT-F028,Air India Express,IX1373,VGA,21:40,IX1373,BLR,22:10,B737-800,189,Domestic
OCC002466,2026-06-25,Thu,BDT-F029,IndiGo,6E2213,DEL,22:05,6E6631,DEL,22:45,A321neo,232,Domestic
OCC002467,2026-06-26,Fri,BDT-F002,IndiGo,6E6425,DEL,07:40,6E6426,DEL,08:20,A320neo,186,Domestic
OCC002468,2026-06-26,Fri,BDT-F003,IndiGo,6E557,MAA,07:50,6E845,MAA,08:30,A320ceo,186,Domestic
OCC002469,2026-06-26,Fri,BDT-F004,Air India Express,IX2837,HYD,08:20,IX2745,HYD,08:50,B737-800,189,Domestic
OCC002470,2026-06-26,Fri,BDT-F005,IndiGo,6E6408,HYD,08:25,6E915,HYD,08:55,A320neo,186,Domestic
OCC002471,2026-06-26,Fri,BDT-F006,IndiGo,6E1443,AUH,08:20,6E1444,AUH,09:50,A320neo,186,International
OCC002472,2026-06-26,Fri,BDT-F007,Alliance Air,I7105,PYB,09:25,I7205,PYB,09:40,Cessna 208B,9,Domestic
OCC002473,2026-06-26,Fri,BDT-F008,IndiGo,6E714,HYD,10:05,6E6294,HYD,10:40,A320ceo,186,Domestic
OCC002474,2026-06-26,Fri,BDT-F009,IndiGo,6E7128,VGA,10:30,6E7129,VGA,11:00,ATR 72-600,78,Domestic
OCC002475,2026-06-26,Fri,BDT-F010,IndiGo,6E6181,MAA,11:35,6E881,MAA,12:15,A320neo,186,Domestic
OCC002476,2026-06-26,Fri,BDT-F011,IndiGo,6E879,HYD,12:20,6E6645,HYD,13:00,A320neo,186,Domestic
OCC002477,2026-06-26,Fri,BDT-F013,IndiGo,6E7064,TIR,13:25,6E7063,TIR,13:50,ATR 72-600,78,Domestic
OCC002478,2026-06-26,Fri,BDT-F014,IndiGo,6E6336,BLR,14:10,6E5309,BLR,14:55,A321neo,232,Domestic
OCC002479,2026-06-26,Fri,BDT-F015,IndiGo,6E409,HYD,14:25,6E5247,BOM,15:05,A321neo,232,Domestic
OCC002480,2026-06-26,Fri,BDT-F016,IndiGo,6E504,HYD,15:45,6E783,HYD,16:25,A321neo,232,Domestic
OCC002481,2026-06-26,Fri,BDT-F017,Air India Express,IX2819,HYD,15:55,IX2744,HYD,16:35,B737-800,189,Domestic
OCC002482,2026-06-26,Fri,BDT-F018,Air India,AI419,DEL,16:05,AI420,DEL,16:45,A321neo,182,Domestic
OCC002483,2026-06-26,Fri,BDT-F019,IndiGo,6E2698,MAA,17:55,6E6089,MAA,18:35,A321neo,232,Domestic
OCC002484,2026-06-26,Fri,BDT-F020,IndiGo,6E7361,UNK,18:20,6E7362,BBI,18:50,ATR 72-600,78,Domestic
OCC002485,2026-06-26,Fri,BDT-F021,Air India Express,IX2023,BLR,18:30,IX1358,VGA,19:00,B737-800,189,Domestic
OCC002486,2026-06-26,Fri,BDT-F022,IndiGo,6E208,HYD,18:40,6E216,HYD,19:20,A321neo,232,Domestic
OCC002487,2026-06-26,Fri,BDT-F023,IndiGo,6E616,CCU,19:10,6E617,CCU,19:50,A321neo,232,Domestic
OCC002488,2026-06-26,Fri,BDT-F024,IndiGo,6E5248,NMI,20:00,6E883,HYD,20:40,A321neo,232,Domestic
OCC002489,2026-06-26,Fri,BDT-F025,IndiGo,6E969,BLR,20:30,6E2772,BLR,21:10,A321neo,232,Domestic
OCC002490,2026-06-26,Fri,BDT-F026,IndiGo,6E384,HYD,20:40,6E385,HYD,21:20,A320neo,186,Domestic
OCC002491,2026-06-26,Fri,BDT-F027,Air India,AI1702,DEL,20:50,AI1802,DEL,21:30,A320ceo,180,Domestic
OCC002492,2026-06-26,Fri,BDT-F028,Air India Express,IX1373,VGA,21:40,IX1373,BLR,22:10,B737-800,189,Domestic
OCC002493,2026-06-26,Fri,BDT-F029,IndiGo,6E2213,DEL,22:05,6E6631,DEL,22:45,A321neo,232,Domestic
OCC002494,2026-06-26,Fri,BDT-F030,Scoot,TR784,SIN,22:15,TR785,SIN,23:00,A320neo,186,International
OCC002495,2026-06-27,Sat,BDT-F001,Air India Express,IX2064,BLR,07:30,IX2065,BLR,08:00,B737-800,189,Domestic
OCC002496,2026-06-27,Sat,BDT-F002,IndiGo,6E6425,DEL,07:40,6E6426,DEL,08:20,A320neo,186,Domestic
OCC002497,2026-06-27,Sat,BDT-F003,IndiGo,6E557,MAA,07:50,6E845,MAA,08:30,A320ceo,186,Domestic
OCC002498,2026-06-27,Sat,BDT-F004,Air India Express,IX2837,HYD,08:20,IX2745,HYD,08:50,B737-800,189,Domestic
OCC002499,2026-06-27,Sat,BDT-F005,IndiGo,6E6408,HYD,08:25,6E915,HYD,08:55,A320neo,186,Domestic
OCC002500,2026-06-27,Sat,BDT-F007,Alliance Air,I7105,PYB,09:25,I7205,PYB,09:40,Cessna 208B,9,Domestic
OCC002501,2026-06-27,Sat,BDT-F008,IndiGo,6E714,HYD,10:05,6E6294,HYD,10:40,A320ceo,186,Domestic
OCC002502,2026-06-27,Sat,BDT-F009,IndiGo,6E7128,VGA,10:30,6E7129,VGA,11:00,ATR 72-600,78,Domestic
OCC002503,2026-06-27,Sat,BDT-F010,IndiGo,6E6181,MAA,11:35,6E881,MAA,12:15,A320neo,186,Domestic
OCC002504,2026-06-27,Sat,BDT-F011,IndiGo,6E879,HYD,12:20,6E6645,HYD,13:00,A320neo,186,Domestic
OCC002505,2026-06-27,Sat,BDT-F012,IndiGo,6E7176,KJB,13:20,6E7177,KJB,13:40,ATR 72-600,78,Domestic
OCC002506,2026-06-27,Sat,BDT-F013,IndiGo,6E7064,TIR,13:25,6E7063,TIR,13:50,ATR 72-600,78,Domestic
OCC002507,2026-06-27,Sat,BDT-F014,IndiGo,6E6336,BLR,14:10,6E5309,BLR,14:55,A321neo,232,Domestic
OCC002508,2026-06-27,Sat,BDT-F015,IndiGo,6E409,HYD,14:25,6E5247,BOM,15:05,A321neo,232,Domestic
OCC002509,2026-06-27,Sat,BDT-F016,IndiGo,6E504,HYD,15:45,6E783,HYD,16:25,A321neo,232,Domestic
OCC002510,2026-06-27,Sat,BDT-F017,Air India Express,IX2819,HYD,15:55,IX2744,HYD,16:35,B737-800,189,Domestic
OCC002511,2026-06-27,Sat,BDT-F018,Air India,AI419,DEL,16:05,AI420,DEL,16:45,A321neo,182,Domestic
OCC002512,2026-06-27,Sat,BDT-F019,IndiGo,6E2698,MAA,17:55,6E6089,MAA,18:35,A321neo,232,Domestic
OCC002513,2026-06-27,Sat,BDT-F021,Air India Express,IX2023,BLR,18:30,IX1358,VGA,19:00,B737-800,189,Domestic
OCC002514,2026-06-27,Sat,BDT-F022,IndiGo,6E208,HYD,18:40,6E216,HYD,19:20,A321neo,232,Domestic
OCC002515,2026-06-27,Sat,BDT-F023,IndiGo,6E616,CCU,19:10,6E617,CCU,19:50,A321neo,232,Domestic
OCC002516,2026-06-27,Sat,BDT-F024,IndiGo,6E5248,NMI,20:00,6E883,HYD,20:40,A321neo,232,Domestic
OCC002517,2026-06-27,Sat,BDT-F025,IndiGo,6E969,BLR,20:30,6E2772,BLR,21:10,A321neo,232,Domestic
OCC002518,2026-06-27,Sat,BDT-F026,IndiGo,6E384,HYD,20:40,6E385,HYD,21:20,A320neo,186,Domestic
OCC002519,2026-06-27,Sat,BDT-F027,Air India,AI1702,DEL,20:50,AI1802,DEL,21:30,A320ceo,180,Domestic
OCC002520,2026-06-27,Sat,BDT-F028,Air India Express,IX1373,VGA,21:40,IX1373,BLR,22:10,B737-800,189,Domestic
OCC002521,2026-06-27,Sat,BDT-F029,IndiGo,6E2213,DEL,22:05,6E6631,DEL,22:45,A321neo,232,Domestic
OCC002522,2026-06-27,Sat,BDT-F030,Scoot,TR784,SIN,22:15,TR785,SIN,23:00,A320neo,186,International
OCC002523,2026-06-28,Sun,BDT-F002,IndiGo,6E6425,DEL,07:40,6E6426,DEL,08:20,A320neo,186,Domestic
OCC002524,2026-06-28,Sun,BDT-F003,IndiGo,6E557,MAA,07:50,6E845,MAA,08:30,A320ceo,186,Domestic
OCC002525,2026-06-28,Sun,BDT-F004,Air India Express,IX2837,HYD,08:20,IX2745,HYD,08:50,B737-800,189,Domestic
OCC002526,2026-06-28,Sun,BDT-F005,IndiGo,6E6408,HYD,08:25,6E915,HYD,08:55,A320neo,186,Domestic
OCC002527,2026-06-28,Sun,BDT-F006,IndiGo,6E1443,AUH,08:20,6E1444,AUH,09:50,A320neo,186,International
OCC002528,2026-06-28,Sun,BDT-F007,Alliance Air,I7105,PYB,09:25,I7205,PYB,09:40,Cessna 208B,9,Domestic
OCC002529,2026-06-28,Sun,BDT-F008,IndiGo,6E714,HYD,10:05,6E6294,HYD,10:40,A320ceo,186,Domestic
OCC002530,2026-06-28,Sun,BDT-F009,IndiGo,6E7128,VGA,10:30,6E7129,VGA,11:00,ATR 72-600,78,Domestic
OCC002531,2026-06-28,Sun,BDT-F010,IndiGo,6E6181,MAA,11:35,6E881,MAA,12:15,A320neo,186,Domestic
OCC002532,2026-06-28,Sun,BDT-F011,IndiGo,6E879,HYD,12:20,6E6645,HYD,13:00,A320neo,186,Domestic
OCC002533,2026-06-28,Sun,BDT-F013,IndiGo,6E7064,TIR,13:25,6E7063,TIR,13:50,ATR 72-600,78,Domestic
OCC002534,2026-06-28,Sun,BDT-F014,IndiGo,6E6336,BLR,14:10,6E5309,BLR,14:55,A321neo,232,Domestic
OCC002535,2026-06-28,Sun,BDT-F015,IndiGo,6E409,HYD,14:25,6E5247,BOM,15:05,A321neo,232,Domestic
OCC002536,2026-06-28,Sun,BDT-F016,IndiGo,6E504,HYD,15:45,6E783,HYD,16:25,A321neo,232,Domestic
OCC002537,2026-06-28,Sun,BDT-F017,Air India Express,IX2819,HYD,15:55,IX2744,HYD,16:35,B737-800,189,Domestic
OCC002538,2026-06-28,Sun,BDT-F018,Air India,AI419,DEL,16:05,AI420,DEL,16:45,A321neo,182,Domestic
OCC002539,2026-06-28,Sun,BDT-F019,IndiGo,6E2698,MAA,17:55,6E6089,MAA,18:35,A321neo,232,Domestic
OCC002540,2026-06-28,Sun,BDT-F020,IndiGo,6E7361,UNK,18:20,6E7362,BBI,18:50,ATR 72-600,78,Domestic
OCC002541,2026-06-28,Sun,BDT-F021,Air India Express,IX2023,BLR,18:30,IX1358,VGA,19:00,B737-800,189,Domestic
OCC002542,2026-06-28,Sun,BDT-F022,IndiGo,6E208,HYD,18:40,6E216,HYD,19:20,A321neo,232,Domestic
OCC002543,2026-06-28,Sun,BDT-F023,IndiGo,6E616,CCU,19:10,6E617,CCU,19:50,A321neo,232,Domestic
OCC002544,2026-06-28,Sun,BDT-F024,IndiGo,6E5248,NMI,20:00,6E883,HYD,20:40,A321neo,232,Domestic
OCC002545,2026-06-28,Sun,BDT-F025,IndiGo,6E969,BLR,20:30,6E2772,BLR,21:10,A321neo,232,Domestic
OCC002546,2026-06-28,Sun,BDT-F026,IndiGo,6E384,HYD,20:40,6E385,HYD,21:20,A320neo,186,Domestic
OCC002547,2026-06-28,Sun,BDT-F027,Air India,AI1702,DEL,20:50,AI1802,DEL,21:30,A320ceo,180,Domestic
OCC002548,2026-06-28,Sun,BDT-F028,Air India Express,IX1373,VGA,21:40,IX1373,BLR,22:10,B737-800,189,Domestic
OCC002549,2026-06-28,Sun,BDT-F029,IndiGo,6E2213,DEL,22:05,6E6631,DEL,22:45,A321neo,232,Domestic
OCC002550,2026-06-29,Mon,BDT-F001,Air India Express,IX2064,BLR,07:30,IX2065,BLR,08:00,B737-800,189,Domestic
OCC002551,2026-06-29,Mon,BDT-F002,IndiGo,6E6425,DEL,07:40,6E6426,DEL,08:20,A320neo,186,Domestic
OCC002552,2026-06-29,Mon,BDT-F003,IndiGo,6E557,MAA,07:50,6E845,MAA,08:30,A320ceo,186,Domestic
OCC002553,2026-06-29,Mon,BDT-F004,Air India Express,IX2837,HYD,08:20,IX2745,HYD,08:50,B737-800,189,Domestic
OCC002554,2026-06-29,Mon,BDT-F005,IndiGo,6E6408,HYD,08:25,6E915,HYD,08:55,A320neo,186,Domestic
OCC002555,2026-06-29,Mon,BDT-F006,IndiGo,6E1443,AUH,08:20,6E1444,AUH,09:50,A320neo,186,International
OCC002556,2026-06-29,Mon,BDT-F007,Alliance Air,I7105,PYB,09:25,I7205,PYB,09:40,Cessna 208B,9,Domestic
OCC002557,2026-06-29,Mon,BDT-F008,IndiGo,6E714,HYD,10:05,6E6294,HYD,10:40,A320ceo,186,Domestic
OCC002558,2026-06-29,Mon,BDT-F009,IndiGo,6E7128,VGA,10:30,6E7129,VGA,11:00,ATR 72-600,78,Domestic
OCC002559,2026-06-29,Mon,BDT-F010,IndiGo,6E6181,MAA,11:35,6E881,MAA,12:15,A320neo,186,Domestic
OCC002560,2026-06-29,Mon,BDT-F011,IndiGo,6E879,HYD,12:20,6E6645,HYD,13:00,A320neo,186,Domestic
OCC002561,2026-06-29,Mon,BDT-F013,IndiGo,6E7064,TIR,13:25,6E7063,TIR,13:50,ATR 72-600,78,Domestic
OCC002562,2026-06-29,Mon,BDT-F014,IndiGo,6E6336,BLR,14:10,6E5309,BLR,14:55,A321neo,232,Domestic
OCC002563,2026-06-29,Mon,BDT-F015,IndiGo,6E409,HYD,14:25,6E5247,BOM,15:05,A321neo,232,Domestic
OCC002564,2026-06-29,Mon,BDT-F016,IndiGo,6E504,HYD,15:45,6E783,HYD,16:25,A321neo,232,Domestic
OCC002565,2026-06-29,Mon,BDT-F017,Air India Express,IX2819,HYD,15:55,IX2744,HYD,16:35,B737-800,189,Domestic
OCC002566,2026-06-29,Mon,BDT-F018,Air India,AI419,DEL,16:05,AI420,DEL,16:45,A321neo,182,Domestic
OCC002567,2026-06-29,Mon,BDT-F019,IndiGo,6E2698,MAA,17:55,6E6089,MAA,18:35,A321neo,232,Domestic
OCC002568,2026-06-29,Mon,BDT-F020,IndiGo,6E7361,UNK,18:20,6E7362,BBI,18:50,ATR 72-600,78,Domestic
OCC002569,2026-06-29,Mon,BDT-F021,Air India Express,IX2023,BLR,18:30,IX1358,VGA,19:00,B737-800,189,Domestic
OCC002570,2026-06-29,Mon,BDT-F022,IndiGo,6E208,HYD,18:40,6E216,HYD,19:20,A321neo,232,Domestic
OCC002571,2026-06-29,Mon,BDT-F023,IndiGo,6E616,CCU,19:10,6E617,CCU,19:50,A321neo,232,Domestic
OCC002572,2026-06-29,Mon,BDT-F024,IndiGo,6E5248,NMI,20:00,6E883,HYD,20:40,A321neo,232,Domestic
OCC002573,2026-06-29,Mon,BDT-F025,IndiGo,6E969,BLR,20:30,6E2772,BLR,21:10,A321neo,232,Domestic
OCC002574,2026-06-29,Mon,BDT-F026,IndiGo,6E384,HYD,20:40,6E385,HYD,21:20,A320neo,186,Domestic
OCC002575,2026-06-29,Mon,BDT-F027,Air India,AI1702,DEL,20:50,AI1802,DEL,21:30,A320ceo,180,Domestic
OCC002576,2026-06-29,Mon,BDT-F028,Air India Express,IX1373,VGA,21:40,IX1373,BLR,22:10,B737-800,189,Domestic
OCC002577,2026-06-29,Mon,BDT-F029,IndiGo,6E2213,DEL,22:05,6E6631,DEL,22:45,A321neo,232,Domestic
OCC002578,2026-06-29,Mon,BDT-F030,Scoot,TR784,SIN,22:15,TR785,SIN,23:00,A320neo,186,International
OCC002579,2026-06-30,Tue,BDT-F001,Air India Express,IX2064,BLR,07:30,IX2065,BLR,08:00,B737-800,189,Domestic
OCC002580,2026-06-30,Tue,BDT-F002,IndiGo,6E6425,DEL,07:40,6E6426,DEL,08:20,A320neo,186,Domestic
OCC002581,2026-06-30,Tue,BDT-F003,IndiGo,6E557,MAA,07:50,6E845,MAA,08:30,A320ceo,186,Domestic
OCC002582,2026-06-30,Tue,BDT-F004,Air India Express,IX2837,HYD,08:20,IX2745,HYD,08:50,B737-800,189,Domestic
OCC002583,2026-06-30,Tue,BDT-F005,IndiGo,6E6408,HYD,08:25,6E915,HYD,08:55,A320neo,186,Domestic
OCC002584,2026-06-30,Tue,BDT-F007,Alliance Air,I7105,PYB,09:25,I7205,PYB,09:40,Cessna 208B,9,Domestic
OCC002585,2026-06-30,Tue,BDT-F008,IndiGo,6E714,HYD,10:05,6E6294,HYD,10:40,A320ceo,186,Domestic
OCC002586,2026-06-30,Tue,BDT-F009,IndiGo,6E7128,VGA,10:30,6E7129,VGA,11:00,ATR 72-600,78,Domestic
OCC002587,2026-06-30,Tue,BDT-F010,IndiGo,6E6181,MAA,11:35,6E881,MAA,12:15,A320neo,186,Domestic
OCC002588,2026-06-30,Tue,BDT-F011,IndiGo,6E879,HYD,12:20,6E6645,HYD,13:00,A320neo,186,Domestic
OCC002589,2026-06-30,Tue,BDT-F012,IndiGo,6E7176,KJB,13:20,6E7177,KJB,13:40,ATR 72-600,78,Domestic
OCC002590,2026-06-30,Tue,BDT-F013,IndiGo,6E7064,TIR,13:25,6E7063,TIR,13:50,ATR 72-600,78,Domestic
OCC002591,2026-06-30,Tue,BDT-F014,IndiGo,6E6336,BLR,14:10,6E5309,BLR,14:55,A321neo,232,Domestic
OCC002592,2026-06-30,Tue,BDT-F015,IndiGo,6E409,HYD,14:25,6E5247,BOM,15:05,A321neo,232,Domestic
OCC002593,2026-06-30,Tue,BDT-F016,IndiGo,6E504,HYD,15:45,6E783,HYD,16:25,A321neo,232,Domestic
OCC002594,2026-06-30,Tue,BDT-F017,Air India Express,IX2819,HYD,15:55,IX2744,HYD,16:35,B737-800,189,Domestic
OCC002595,2026-06-30,Tue,BDT-F018,Air India,AI419,DEL,16:05,AI420,DEL,16:45,A321neo,182,Domestic
OCC002596,2026-06-30,Tue,BDT-F019,IndiGo,6E2698,MAA,17:55,6E6089,MAA,18:35,A321neo,232,Domestic
OCC002597,2026-06-30,Tue,BDT-F021,Air India Express,IX2023,BLR,18:30,IX1358,VGA,19:00,B737-800,189,Domestic
OCC002598,2026-06-30,Tue,BDT-F022,IndiGo,6E208,HYD,18:40,6E216,HYD,19:20,A321neo,232,Domestic
OCC002599,2026-06-30,Tue,BDT-F023,IndiGo,6E616,CCU,19:10,6E617,CCU,19:50,A321neo,232,Domestic
OCC002600,2026-06-30,Tue,BDT-F024,IndiGo,6E5248,NMI,20:00,6E883,HYD,20:40,A321neo,232,Domestic
OCC002601,2026-06-30,Tue,BDT-F025,IndiGo,6E969,BLR,20:30,6E2772,BLR,21:10,A321neo,232,Domestic
OCC002602,2026-06-30,Tue,BDT-F026,IndiGo,6E384,HYD,20:40,6E385,HYD,21:20,A320neo,186,Domestic
OCC002603,2026-06-30,Tue,BDT-F027,Air India,AI1702,DEL,20:50,AI1802,DEL,21:30,A320ceo,180,Domestic
OCC002604,2026-06-30,Tue,BDT-F028,Air India Express,IX1373,VGA,21:40,IX1373,BLR,22:10,B737-800,189,Domestic
OCC002605,2026-06-30,Tue,BDT-F029,IndiGo,6E2213,DEL,22:05,6E6631,DEL,22:45,A321neo,232,Domestic
OCC002606,2026-07-01,Wed,BDT-F002,IndiGo,6E6425,DEL,07:40,6E6426,DEL,08:20,A320neo,186,Domestic
OCC002607,2026-07-01,Wed,BDT-F003,IndiGo,6E557,MAA,07:50,6E845,MAA,08:30,A320ceo,186,Domestic
OCC002608,2026-07-01,Wed,BDT-F004,Air India Express,IX2837,HYD,08:20,IX2745,HYD,08:50,B737-800,189,Domestic
OCC002609,2026-07-01,Wed,BDT-F005,IndiGo,6E6408,HYD,08:25,6E915,HYD,08:55,A320neo,186,Domestic
OCC002610,2026-07-01,Wed,BDT-F006,IndiGo,6E1443,AUH,08:20,6E1444,AUH,09:50,A320neo,186,International
OCC002611,2026-07-01,Wed,BDT-F007,Alliance Air,I7105,PYB,09:25,I7205,PYB,09:40,Cessna 208B,9,Domestic
OCC002612,2026-07-01,Wed,BDT-F008,IndiGo,6E714,HYD,10:05,6E6294,HYD,10:40,A320ceo,186,Domestic
OCC002613,2026-07-01,Wed,BDT-F009,IndiGo,6E7128,VGA,10:30,6E7129,VGA,11:00,ATR 72-600,78,Domestic
OCC002614,2026-07-01,Wed,BDT-F010,IndiGo,6E6181,MAA,11:35,6E881,MAA,12:15,A320neo,186,Domestic
OCC002615,2026-07-01,Wed,BDT-F011,IndiGo,6E879,HYD,12:20,6E6645,HYD,13:00,A320neo,186,Domestic
OCC002616,2026-07-01,Wed,BDT-F013,IndiGo,6E7064,TIR,13:25,6E7063,TIR,13:50,ATR 72-600,78,Domestic
OCC002617,2026-07-01,Wed,BDT-F014,IndiGo,6E6336,BLR,14:10,6E5309,BLR,14:55,A321neo,232,Domestic
OCC002618,2026-07-01,Wed,BDT-F015,IndiGo,6E409,HYD,14:25,6E5247,BOM,15:05,A321neo,232,Domestic
OCC002619,2026-07-01,Wed,BDT-F016,IndiGo,6E504,HYD,15:45,6E783,HYD,16:25,A321neo,232,Domestic
OCC002620,2026-07-01,Wed,BDT-F017,Air India Express,IX2819,HYD,15:55,IX2744,HYD,16:35,B737-800,189,Domestic
OCC002621,2026-07-01,Wed,BDT-F018,Air India,AI419,DEL,16:05,AI420,DEL,16:45,A321neo,182,Domestic
OCC002622,2026-07-01,Wed,BDT-F019,IndiGo,6E2698,MAA,17:55,6E6089,MAA,18:35,A321neo,232,Domestic
OCC002623,2026-07-01,Wed,BDT-F020,IndiGo,6E7361,UNK,18:20,6E7362,BBI,18:50,ATR 72-600,78,Domestic
OCC002624,2026-07-01,Wed,BDT-F021,Air India Express,IX2023,BLR,18:30,IX1358,VGA,19:00,B737-800,189,Domestic
OCC002625,2026-07-01,Wed,BDT-F022,IndiGo,6E208,HYD,18:40,6E216,HYD,19:20,A321neo,232,Domestic
OCC002626,2026-07-01,Wed,BDT-F023,IndiGo,6E616,CCU,19:10,6E617,CCU,19:50,A321neo,232,Domestic
OCC002627,2026-07-01,Wed,BDT-F024,IndiGo,6E5248,NMI,20:00,6E883,HYD,20:40,A321neo,232,Domestic
OCC002628,2026-07-01,Wed,BDT-F025,IndiGo,6E969,BLR,20:30,6E2772,BLR,21:10,A321neo,232,Domestic
OCC002629,2026-07-01,Wed,BDT-F026,IndiGo,6E384,HYD,20:40,6E385,HYD,21:20,A320neo,186,Domestic
OCC002630,2026-07-01,Wed,BDT-F027,Air India,AI1702,DEL,20:50,AI1802,DEL,21:30,A320ceo,180,Domestic
OCC002631,2026-07-01,Wed,BDT-F028,Air India Express,IX1373,VGA,21:40,IX1373,BLR,22:10,B737-800,189,Domestic
OCC002632,2026-07-01,Wed,BDT-F029,IndiGo,6E2213,DEL,22:05,6E6631,DEL,22:45,A321neo,232,Domestic
OCC002633,2026-07-01,Wed,BDT-F030,Scoot,TR784,SIN,22:15,TR785,SIN,23:00,A320neo,186,International
OCC002634,2026-07-02,Thu,BDT-F001,Air India Express,IX2064,BLR,07:30,IX2065,BLR,08:00,B737-800,189,Domestic
OCC002635,2026-07-02,Thu,BDT-F002,IndiGo,6E6425,DEL,07:40,6E6426,DEL,08:20,A320neo,186,Domestic
OCC002636,2026-07-02,Thu,BDT-F003,IndiGo,6E557,MAA,07:50,6E845,MAA,08:30,A320ceo,186,Domestic
OCC002637,2026-07-02,Thu,BDT-F004,Air India Express,IX2837,HYD,08:20,IX2745,HYD,08:50,B737-800,189,Domestic
OCC002638,2026-07-02,Thu,BDT-F005,IndiGo,6E6408,HYD,08:25,6E915,HYD,08:55,A320neo,186,Domestic
OCC002639,2026-07-02,Thu,BDT-F007,Alliance Air,I7105,PYB,09:25,I7205,PYB,09:40,Cessna 208B,9,Domestic
OCC002640,2026-07-02,Thu,BDT-F008,IndiGo,6E714,HYD,10:05,6E6294,HYD,10:40,A320ceo,186,Domestic
OCC002641,2026-07-02,Thu,BDT-F009,IndiGo,6E7128,VGA,10:30,6E7129,VGA,11:00,ATR 72-600,78,Domestic
OCC002642,2026-07-02,Thu,BDT-F010,IndiGo,6E6181,MAA,11:35,6E881,MAA,12:15,A320neo,186,Domestic
OCC002643,2026-07-02,Thu,BDT-F011,IndiGo,6E879,HYD,12:20,6E6645,HYD,13:00,A320neo,186,Domestic
OCC002644,2026-07-02,Thu,BDT-F012,IndiGo,6E7176,KJB,13:20,6E7177,KJB,13:40,ATR 72-600,78,Domestic
OCC002645,2026-07-02,Thu,BDT-F013,IndiGo,6E7064,TIR,13:25,6E7063,TIR,13:50,ATR 72-600,78,Domestic
OCC002646,2026-07-02,Thu,BDT-F014,IndiGo,6E6336,BLR,14:10,6E5309,BLR,14:55,A321neo,232,Domestic
OCC002647,2026-07-02,Thu,BDT-F015,IndiGo,6E409,HYD,14:25,6E5247,BOM,15:05,A321neo,232,Domestic
OCC002648,2026-07-02,Thu,BDT-F016,IndiGo,6E504,HYD,15:45,6E783,HYD,16:25,A321neo,232,Domestic
OCC002649,2026-07-02,Thu,BDT-F017,Air India Express,IX2819,HYD,15:55,IX2744,HYD,16:35,B737-800,189,Domestic
OCC002650,2026-07-02,Thu,BDT-F018,Air India,AI419,DEL,16:05,AI420,DEL,16:45,A321neo,182,Domestic
OCC002651,2026-07-02,Thu,BDT-F019,IndiGo,6E2698,MAA,17:55,6E6089,MAA,18:35,A321neo,232,Domestic
OCC002652,2026-07-02,Thu,BDT-F021,Air India Express,IX2023,BLR,18:30,IX1358,VGA,19:00,B737-800,189,Domestic
OCC002653,2026-07-02,Thu,BDT-F022,IndiGo,6E208,HYD,18:40,6E216,HYD,19:20,A321neo,232,Domestic
OCC002654,2026-07-02,Thu,BDT-F023,IndiGo,6E616,CCU,19:10,6E617,CCU,19:50,A321neo,232,Domestic
OCC002655,2026-07-02,Thu,BDT-F024,IndiGo,6E5248,NMI,20:00,6E883,HYD,20:40,A321neo,232,Domestic
OCC002656,2026-07-02,Thu,BDT-F025,IndiGo,6E969,BLR,20:30,6E2772,BLR,21:10,A321neo,232,Domestic
OCC002657,2026-07-02,Thu,BDT-F026,IndiGo,6E384,HYD,20:40,6E385,HYD,21:20,A320neo,186,Domestic
OCC002658,2026-07-02,Thu,BDT-F027,Air India,AI1702,DEL,20:50,AI1802,DEL,21:30,A320ceo,180,Domestic
OCC002659,2026-07-02,Thu,BDT-F028,Air India Express,IX1373,VGA,21:40,IX1373,BLR,22:10,B737-800,189,Domestic
OCC002660,2026-07-02,Thu,BDT-F029,IndiGo,6E2213,DEL,22:05,6E6631,DEL,22:45,A321neo,232,Domestic
OCC002661,2026-07-03,Fri,BDT-F002,IndiGo,6E6425,DEL,07:40,6E6426,DEL,08:20,A320neo,186,Domestic
OCC002662,2026-07-03,Fri,BDT-F003,IndiGo,6E557,MAA,07:50,6E845,MAA,08:30,A320ceo,186,Domestic
OCC002663,2026-07-03,Fri,BDT-F004,Air India Express,IX2837,HYD,08:20,IX2745,HYD,08:50,B737-800,189,Domestic
OCC002664,2026-07-03,Fri,BDT-F005,IndiGo,6E6408,HYD,08:25,6E915,HYD,08:55,A320neo,186,Domestic
OCC002665,2026-07-03,Fri,BDT-F006,IndiGo,6E1443,AUH,08:20,6E1444,AUH,09:50,A320neo,186,International
OCC002666,2026-07-03,Fri,BDT-F007,Alliance Air,I7105,PYB,09:25,I7205,PYB,09:40,Cessna 208B,9,Domestic
OCC002667,2026-07-03,Fri,BDT-F008,IndiGo,6E714,HYD,10:05,6E6294,HYD,10:40,A320ceo,186,Domestic
OCC002668,2026-07-03,Fri,BDT-F009,IndiGo,6E7128,VGA,10:30,6E7129,VGA,11:00,ATR 72-600,78,Domestic
OCC002669,2026-07-03,Fri,BDT-F010,IndiGo,6E6181,MAA,11:35,6E881,MAA,12:15,A320neo,186,Domestic
OCC002670,2026-07-03,Fri,BDT-F011,IndiGo,6E879,HYD,12:20,6E6645,HYD,13:00,A320neo,186,Domestic
OCC002671,2026-07-03,Fri,BDT-F013,IndiGo,6E7064,TIR,13:25,6E7063,TIR,13:50,ATR 72-600,78,Domestic
OCC002672,2026-07-03,Fri,BDT-F014,IndiGo,6E6336,BLR,14:10,6E5309,BLR,14:55,A321neo,232,Domestic
OCC002673,2026-07-03,Fri,BDT-F015,IndiGo,6E409,HYD,14:25,6E5247,BOM,15:05,A321neo,232,Domestic
OCC002674,2026-07-03,Fri,BDT-F016,IndiGo,6E504,HYD,15:45,6E783,HYD,16:25,A321neo,232,Domestic
OCC002675,2026-07-03,Fri,BDT-F017,Air India Express,IX2819,HYD,15:55,IX2744,HYD,16:35,B737-800,189,Domestic
OCC002676,2026-07-03,Fri,BDT-F018,Air India,AI419,DEL,16:05,AI420,DEL,16:45,A321neo,182,Domestic
OCC002677,2026-07-03,Fri,BDT-F019,IndiGo,6E2698,MAA,17:55,6E6089,MAA,18:35,A321neo,232,Domestic
OCC002678,2026-07-03,Fri,BDT-F020,IndiGo,6E7361,UNK,18:20,6E7362,BBI,18:50,ATR 72-600,78,Domestic
OCC002679,2026-07-03,Fri,BDT-F021,Air India Express,IX2023,BLR,18:30,IX1358,VGA,19:00,B737-800,189,Domestic
OCC002680,2026-07-03,Fri,BDT-F022,IndiGo,6E208,HYD,18:40,6E216,HYD,19:20,A321neo,232,Domestic
OCC002681,2026-07-03,Fri,BDT-F023,IndiGo,6E616,CCU,19:10,6E617,CCU,19:50,A321neo,232,Domestic
OCC002682,2026-07-03,Fri,BDT-F024,IndiGo,6E5248,NMI,20:00,6E883,HYD,20:40,A321neo,232,Domestic
OCC002683,2026-07-03,Fri,BDT-F025,IndiGo,6E969,BLR,20:30,6E2772,BLR,21:10,A321neo,232,Domestic
OCC002684,2026-07-03,Fri,BDT-F026,IndiGo,6E384,HYD,20:40,6E385,HYD,21:20,A320neo,186,Domestic
OCC002685,2026-07-03,Fri,BDT-F027,Air India,AI1702,DEL,20:50,AI1802,DEL,21:30,A320ceo,180,Domestic
OCC002686,2026-07-03,Fri,BDT-F028,Air India Express,IX1373,VGA,21:40,IX1373,BLR,22:10,B737-800,189,Domestic
OCC002687,2026-07-03,Fri,BDT-F029,IndiGo,6E2213,DEL,22:05,6E6631,DEL,22:45,A321neo,232,Domestic
OCC002688,2026-07-03,Fri,BDT-F030,Scoot,TR784,SIN,22:15,TR785,SIN,23:00,A320neo,186,International
OCC002689,2026-07-04,Sat,BDT-F001,Air India Express,IX2064,BLR,07:30,IX2065,BLR,08:00,B737-800,189,Domestic
OCC002690,2026-07-04,Sat,BDT-F002,IndiGo,6E6425,DEL,07:40,6E6426,DEL,08:20,A320neo,186,Domestic
OCC002691,2026-07-04,Sat,BDT-F003,IndiGo,6E557,MAA,07:50,6E845,MAA,08:30,A320ceo,186,Domestic
OCC002692,2026-07-04,Sat,BDT-F004,Air India Express,IX2837,HYD,08:20,IX2745,HYD,08:50,B737-800,189,Domestic
OCC002693,2026-07-04,Sat,BDT-F005,IndiGo,6E6408,HYD,08:25,6E915,HYD,08:55,A320neo,186,Domestic
OCC002694,2026-07-04,Sat,BDT-F007,Alliance Air,I7105,PYB,09:25,I7205,PYB,09:40,Cessna 208B,9,Domestic
OCC002695,2026-07-04,Sat,BDT-F008,IndiGo,6E714,HYD,10:05,6E6294,HYD,10:40,A320ceo,186,Domestic
OCC002696,2026-07-04,Sat,BDT-F009,IndiGo,6E7128,VGA,10:30,6E7129,VGA,11:00,ATR 72-600,78,Domestic
OCC002697,2026-07-04,Sat,BDT-F010,IndiGo,6E6181,MAA,11:35,6E881,MAA,12:15,A320neo,186,Domestic
OCC002698,2026-07-04,Sat,BDT-F011,IndiGo,6E879,HYD,12:20,6E6645,HYD,13:00,A320neo,186,Domestic
OCC002699,2026-07-04,Sat,BDT-F012,IndiGo,6E7176,KJB,13:20,6E7177,KJB,13:40,ATR 72-600,78,Domestic
OCC002700,2026-07-04,Sat,BDT-F013,IndiGo,6E7064,TIR,13:25,6E7063,TIR,13:50,ATR 72-600,78,Domestic
OCC002701,2026-07-04,Sat,BDT-F014,IndiGo,6E6336,BLR,14:10,6E5309,BLR,14:55,A321neo,232,Domestic
OCC002702,2026-07-04,Sat,BDT-F015,IndiGo,6E409,HYD,14:25,6E5247,BOM,15:05,A321neo,232,Domestic
OCC002703,2026-07-04,Sat,BDT-F016,IndiGo,6E504,HYD,15:45,6E783,HYD,16:25,A321neo,232,Domestic
OCC002704,2026-07-04,Sat,BDT-F017,Air India Express,IX2819,HYD,15:55,IX2744,HYD,16:35,B737-800,189,Domestic
OCC002705,2026-07-04,Sat,BDT-F018,Air India,AI419,DEL,16:05,AI420,DEL,16:45,A321neo,182,Domestic
OCC002706,2026-07-04,Sat,BDT-F019,IndiGo,6E2698,MAA,17:55,6E6089,MAA,18:35,A321neo,232,Domestic
OCC002707,2026-07-04,Sat,BDT-F021,Air India Express,IX2023,BLR,18:30,IX1358,VGA,19:00,B737-800,189,Domestic
OCC002708,2026-07-04,Sat,BDT-F022,IndiGo,6E208,HYD,18:40,6E216,HYD,19:20,A321neo,232,Domestic
OCC002709,2026-07-04,Sat,BDT-F023,IndiGo,6E616,CCU,19:10,6E617,CCU,19:50,A321neo,232,Domestic
OCC002710,2026-07-04,Sat,BDT-F024,IndiGo,6E5248,NMI,20:00,6E883,HYD,20:40,A321neo,232,Domestic
OCC002711,2026-07-04,Sat,BDT-F025,IndiGo,6E969,BLR,20:30,6E2772,BLR,21:10,A321neo,232,Domestic
OCC002712,2026-07-04,Sat,BDT-F026,IndiGo,6E384,HYD,20:40,6E385,HYD,21:20,A320neo,186,Domestic
OCC002713,2026-07-04,Sat,BDT-F027,Air India,AI1702,DEL,20:50,AI1802,DEL,21:30,A320ceo,180,Domestic
OCC002714,2026-07-04,Sat,BDT-F028,Air India Express,IX1373,VGA,21:40,IX1373,BLR,22:10,B737-800,189,Domestic
OCC002715,2026-07-04,Sat,BDT-F029,IndiGo,6E2213,DEL,22:05,6E6631,DEL,22:45,A321neo,232,Domestic
OCC002716,2026-07-04,Sat,BDT-F030,Scoot,TR784,SIN,22:15,TR785,SIN,23:00,A320neo,186,International
OCC002717,2026-07-05,Sun,BDT-F002,IndiGo,6E6425,DEL,07:40,6E6426,DEL,08:20,A320neo,186,Domestic
OCC002718,2026-07-05,Sun,BDT-F003,IndiGo,6E557,MAA,07:50,6E845,MAA,08:30,A320ceo,186,Domestic
OCC002719,2026-07-05,Sun,BDT-F004,Air India Express,IX2837,HYD,08:20,IX2745,HYD,08:50,B737-800,189,Domestic
OCC002720,2026-07-05,Sun,BDT-F005,IndiGo,6E6408,HYD,08:25,6E915,HYD,08:55,A320neo,186,Domestic
OCC002721,2026-07-05,Sun,BDT-F006,IndiGo,6E1443,AUH,08:20,6E1444,AUH,09:50,A320neo,186,International
OCC002722,2026-07-05,Sun,BDT-F007,Alliance Air,I7105,PYB,09:25,I7205,PYB,09:40,Cessna 208B,9,Domestic
OCC002723,2026-07-05,Sun,BDT-F008,IndiGo,6E714,HYD,10:05,6E6294,HYD,10:40,A320ceo,186,Domestic
OCC002724,2026-07-05,Sun,BDT-F009,IndiGo,6E7128,VGA,10:30,6E7129,VGA,11:00,ATR 72-600,78,Domestic
OCC002725,2026-07-05,Sun,BDT-F010,IndiGo,6E6181,MAA,11:35,6E881,MAA,12:15,A320neo,186,Domestic
OCC002726,2026-07-05,Sun,BDT-F011,IndiGo,6E879,HYD,12:20,6E6645,HYD,13:00,A320neo,186,Domestic
OCC002727,2026-07-05,Sun,BDT-F013,IndiGo,6E7064,TIR,13:25,6E7063,TIR,13:50,ATR 72-600,78,Domestic
OCC002728,2026-07-05,Sun,BDT-F014,IndiGo,6E6336,BLR,14:10,6E5309,BLR,14:55,A321neo,232,Domestic
OCC002729,2026-07-05,Sun,BDT-F015,IndiGo,6E409,HYD,14:25,6E5247,BOM,15:05,A321neo,232,Domestic
OCC002730,2026-07-05,Sun,BDT-F016,IndiGo,6E504,HYD,15:45,6E783,HYD,16:25,A321neo,232,Domestic
OCC002731,2026-07-05,Sun,BDT-F017,Air India Express,IX2819,HYD,15:55,IX2744,HYD,16:35,B737-800,189,Domestic
OCC002732,2026-07-05,Sun,BDT-F018,Air India,AI419,DEL,16:05,AI420,DEL,16:45,A321neo,182,Domestic
OCC002733,2026-07-05,Sun,BDT-F019,IndiGo,6E2698,MAA,17:55,6E6089,MAA,18:35,A321neo,232,Domestic
OCC002734,2026-07-05,Sun,BDT-F020,IndiGo,6E7361,UNK,18:20,6E7362,BBI,18:50,ATR 72-600,78,Domestic
OCC002735,2026-07-05,Sun,BDT-F021,Air India Express,IX2023,BLR,18:30,IX1358,VGA,19:00,B737-800,189,Domestic
OCC002736,2026-07-05,Sun,BDT-F022,IndiGo,6E208,HYD,18:40,6E216,HYD,19:20,A321neo,232,Domestic
OCC002737,2026-07-05,Sun,BDT-F023,IndiGo,6E616,CCU,19:10,6E617,CCU,19:50,A321neo,232,Domestic
OCC002738,2026-07-05,Sun,BDT-F024,IndiGo,6E5248,NMI,20:00,6E883,HYD,20:40,A321neo,232,Domestic
OCC002739,2026-07-05,Sun,BDT-F025,IndiGo,6E969,BLR,20:30,6E2772,BLR,21:10,A321neo,232,Domestic
OCC002740,2026-07-05,Sun,BDT-F026,IndiGo,6E384,HYD,20:40,6E385,HYD,21:20,A320neo,186,Domestic
OCC002741,2026-07-05,Sun,BDT-F027,Air India,AI1702,DEL,20:50,AI1802,DEL,21:30,A320ceo,180,Domestic
OCC002742,2026-07-05,Sun,BDT-F028,Air India Express,IX1373,VGA,21:40,IX1373,BLR,22:10,B737-800,189,Domestic
OCC002743,2026-07-05,Sun,BDT-F029,IndiGo,6E2213,DEL,22:05,6E6631,DEL,22:45,A321neo,232,Domestic
OCC002744,2026-07-06,Mon,BDT-F001,Air India Express,IX2064,BLR,07:30,IX2065,BLR,08:00,B737-800,189,Domestic
OCC002745,2026-07-06,Mon,BDT-F002,IndiGo,6E6425,DEL,07:40,6E6426,DEL,08:20,A320neo,186,Domestic
OCC002746,2026-07-06,Mon,BDT-F003,IndiGo,6E557,MAA,07:50,6E845,MAA,08:30,A320ceo,186,Domestic
OCC002747,2026-07-06,Mon,BDT-F004,Air India Express,IX2837,HYD,08:20,IX2745,HYD,08:50,B737-800,189,Domestic
OCC002748,2026-07-06,Mon,BDT-F005,IndiGo,6E6408,HYD,08:25,6E915,HYD,08:55,A320neo,186,Domestic
OCC002749,2026-07-06,Mon,BDT-F006,IndiGo,6E1443,AUH,08:20,6E1444,AUH,09:50,A320neo,186,International
OCC002750,2026-07-06,Mon,BDT-F007,Alliance Air,I7105,PYB,09:25,I7205,PYB,09:40,Cessna 208B,9,Domestic
OCC002751,2026-07-06,Mon,BDT-F008,IndiGo,6E714,HYD,10:05,6E6294,HYD,10:40,A320ceo,186,Domestic
OCC002752,2026-07-06,Mon,BDT-F009,IndiGo,6E7128,VGA,10:30,6E7129,VGA,11:00,ATR 72-600,78,Domestic
OCC002753,2026-07-06,Mon,BDT-F010,IndiGo,6E6181,MAA,11:35,6E881,MAA,12:15,A320neo,186,Domestic
OCC002754,2026-07-06,Mon,BDT-F011,IndiGo,6E879,HYD,12:20,6E6645,HYD,13:00,A320neo,186,Domestic
OCC002755,2026-07-06,Mon,BDT-F013,IndiGo,6E7064,TIR,13:25,6E7063,TIR,13:50,ATR 72-600,78,Domestic
OCC002756,2026-07-06,Mon,BDT-F014,IndiGo,6E6336,BLR,14:10,6E5309,BLR,14:55,A321neo,232,Domestic
OCC002757,2026-07-06,Mon,BDT-F015,IndiGo,6E409,HYD,14:25,6E5247,BOM,15:05,A321neo,232,Domestic
OCC002758,2026-07-06,Mon,BDT-F016,IndiGo,6E504,HYD,15:45,6E783,HYD,16:25,A321neo,232,Domestic
OCC002759,2026-07-06,Mon,BDT-F017,Air India Express,IX2819,HYD,15:55,IX2744,HYD,16:35,B737-800,189,Domestic
OCC002760,2026-07-06,Mon,BDT-F018,Air India,AI419,DEL,16:05,AI420,DEL,16:45,A321neo,182,Domestic
OCC002761,2026-07-06,Mon,BDT-F019,IndiGo,6E2698,MAA,17:55,6E6089,MAA,18:35,A321neo,232,Domestic
OCC002762,2026-07-06,Mon,BDT-F020,IndiGo,6E7361,UNK,18:20,6E7362,BBI,18:50,ATR 72-600,78,Domestic
OCC002763,2026-07-06,Mon,BDT-F021,Air India Express,IX2023,BLR,18:30,IX1358,VGA,19:00,B737-800,189,Domestic
OCC002764,2026-07-06,Mon,BDT-F022,IndiGo,6E208,HYD,18:40,6E216,HYD,19:20,A321neo,232,Domestic
OCC002765,2026-07-06,Mon,BDT-F023,IndiGo,6E616,CCU,19:10,6E617,CCU,19:50,A321neo,232,Domestic
OCC002766,2026-07-06,Mon,BDT-F024,IndiGo,6E5248,NMI,20:00,6E883,HYD,20:40,A321neo,232,Domestic
OCC002767,2026-07-06,Mon,BDT-F025,IndiGo,6E969,BLR,20:30,6E2772,BLR,21:10,A321neo,232,Domestic
OCC002768,2026-07-06,Mon,BDT-F026,IndiGo,6E384,HYD,20:40,6E385,HYD,21:20,A320neo,186,Domestic
OCC002769,2026-07-06,Mon,BDT-F027,Air India,AI1702,DEL,20:50,AI1802,DEL,21:30,A320ceo,180,Domestic
OCC002770,2026-07-06,Mon,BDT-F028,Air India Express,IX1373,VGA,21:40,IX1373,BLR,22:10,B737-800,189,Domestic
OCC002771,2026-07-06,Mon,BDT-F029,IndiGo,6E2213,DEL,22:05,6E6631,DEL,22:45,A321neo,232,Domestic
OCC002772,2026-07-06,Mon,BDT-F030,Scoot,TR784,SIN,22:15,TR785,SIN,23:00,A320neo,186,International
OCC002773,2026-07-07,Tue,BDT-F001,Air India Express,IX2064,BLR,07:30,IX2065,BLR,08:00,B737-800,189,Domestic
OCC002774,2026-07-07,Tue,BDT-F002,IndiGo,6E6425,DEL,07:40,6E6426,DEL,08:20,A320neo,186,Domestic
OCC002775,2026-07-07,Tue,BDT-F003,IndiGo,6E557,MAA,07:50,6E845,MAA,08:30,A320ceo,186,Domestic
OCC002776,2026-07-07,Tue,BDT-F004,Air India Express,IX2837,HYD,08:20,IX2745,HYD,08:50,B737-800,189,Domestic
OCC002777,2026-07-07,Tue,BDT-F005,IndiGo,6E6408,HYD,08:25,6E915,HYD,08:55,A320neo,186,Domestic
OCC002778,2026-07-07,Tue,BDT-F007,Alliance Air,I7105,PYB,09:25,I7205,PYB,09:40,Cessna 208B,9,Domestic
OCC002779,2026-07-07,Tue,BDT-F008,IndiGo,6E714,HYD,10:05,6E6294,HYD,10:40,A320ceo,186,Domestic
OCC002780,2026-07-07,Tue,BDT-F009,IndiGo,6E7128,VGA,10:30,6E7129,VGA,11:00,ATR 72-600,78,Domestic
OCC002781,2026-07-07,Tue,BDT-F010,IndiGo,6E6181,MAA,11:35,6E881,MAA,12:15,A320neo,186,Domestic
OCC002782,2026-07-07,Tue,BDT-F011,IndiGo,6E879,HYD,12:20,6E6645,HYD,13:00,A320neo,186,Domestic
OCC002783,2026-07-07,Tue,BDT-F012,IndiGo,6E7176,KJB,13:20,6E7177,KJB,13:40,ATR 72-600,78,Domestic
OCC002784,2026-07-07,Tue,BDT-F013,IndiGo,6E7064,TIR,13:25,6E7063,TIR,13:50,ATR 72-600,78,Domestic
OCC002785,2026-07-07,Tue,BDT-F014,IndiGo,6E6336,BLR,14:10,6E5309,BLR,14:55,A321neo,232,Domestic
OCC002786,2026-07-07,Tue,BDT-F015,IndiGo,6E409,HYD,14:25,6E5247,BOM,15:05,A321neo,232,Domestic
OCC002787,2026-07-07,Tue,BDT-F016,IndiGo,6E504,HYD,15:45,6E783,HYD,16:25,A321neo,232,Domestic
OCC002788,2026-07-07,Tue,BDT-F017,Air India Express,IX2819,HYD,15:55,IX2744,HYD,16:35,B737-800,189,Domestic
OCC002789,2026-07-07,Tue,BDT-F018,Air India,AI419,DEL,16:05,AI420,DEL,16:45,A321neo,182,Domestic
OCC002790,2026-07-07,Tue,BDT-F019,IndiGo,6E2698,MAA,17:55,6E6089,MAA,18:35,A321neo,232,Domestic
OCC002791,2026-07-07,Tue,BDT-F021,Air India Express,IX2023,BLR,18:30,IX1358,VGA,19:00,B737-800,189,Domestic
OCC002792,2026-07-07,Tue,BDT-F022,IndiGo,6E208,HYD,18:40,6E216,HYD,19:20,A321neo,232,Domestic
OCC002793,2026-07-07,Tue,BDT-F023,IndiGo,6E616,CCU,19:10,6E617,CCU,19:50,A321neo,232,Domestic
OCC002794,2026-07-07,Tue,BDT-F024,IndiGo,6E5248,NMI,20:00,6E883,HYD,20:40,A321neo,232,Domestic
OCC002795,2026-07-07,Tue,BDT-F025,IndiGo,6E969,BLR,20:30,6E2772,BLR,21:10,A321neo,232,Domestic
OCC002796,2026-07-07,Tue,BDT-F026,IndiGo,6E384,HYD,20:40,6E385,HYD,21:20,A320neo,186,Domestic
OCC002797,2026-07-07,Tue,BDT-F027,Air India,AI1702,DEL,20:50,AI1802,DEL,21:30,A320ceo,180,Domestic
OCC002798,2026-07-07,Tue,BDT-F028,Air India Express,IX1373,VGA,21:40,IX1373,BLR,22:10,B737-800,189,Domestic
OCC002799,2026-07-07,Tue,BDT-F029,IndiGo,6E2213,DEL,22:05,6E6631,DEL,22:45,A321neo,232,Domestic
OCC002800,2026-07-08,Wed,BDT-F002,IndiGo,6E6425,DEL,07:40,6E6426,DEL,08:20,A320neo,186,Domestic
OCC002801,2026-07-08,Wed,BDT-F003,IndiGo,6E557,MAA,07:50,6E845,MAA,08:30,A320ceo,186,Domestic
OCC002802,2026-07-08,Wed,BDT-F004,Air India Express,IX2837,HYD,08:20,IX2745,HYD,08:50,B737-800,189,Domestic
OCC002803,2026-07-08,Wed,BDT-F005,IndiGo,6E6408,HYD,08:25,6E915,HYD,08:55,A320neo,186,Domestic
OCC002804,2026-07-08,Wed,BDT-F006,IndiGo,6E1443,AUH,08:20,6E1444,AUH,09:50,A320neo,186,International
OCC002805,2026-07-08,Wed,BDT-F007,Alliance Air,I7105,PYB,09:25,I7205,PYB,09:40,Cessna 208B,9,Domestic
OCC002806,2026-07-08,Wed,BDT-F008,IndiGo,6E714,HYD,10:05,6E6294,HYD,10:40,A320ceo,186,Domestic
OCC002807,2026-07-08,Wed,BDT-F009,IndiGo,6E7128,VGA,10:30,6E7129,VGA,11:00,ATR 72-600,78,Domestic
OCC002808,2026-07-08,Wed,BDT-F010,IndiGo,6E6181,MAA,11:35,6E881,MAA,12:15,A320neo,186,Domestic
OCC002809,2026-07-08,Wed,BDT-F011,IndiGo,6E879,HYD,12:20,6E6645,HYD,13:00,A320neo,186,Domestic
OCC002810,2026-07-08,Wed,BDT-F013,IndiGo,6E7064,TIR,13:25,6E7063,TIR,13:50,ATR 72-600,78,Domestic
OCC002811,2026-07-08,Wed,BDT-F014,IndiGo,6E6336,BLR,14:10,6E5309,BLR,14:55,A321neo,232,Domestic
OCC002812,2026-07-08,Wed,BDT-F015,IndiGo,6E409,HYD,14:25,6E5247,BOM,15:05,A321neo,232,Domestic
OCC002813,2026-07-08,Wed,BDT-F016,IndiGo,6E504,HYD,15:45,6E783,HYD,16:25,A321neo,232,Domestic
OCC002814,2026-07-08,Wed,BDT-F017,Air India Express,IX2819,HYD,15:55,IX2744,HYD,16:35,B737-800,189,Domestic
OCC002815,2026-07-08,Wed,BDT-F018,Air India,AI419,DEL,16:05,AI420,DEL,16:45,A321neo,182,Domestic
OCC002816,2026-07-08,Wed,BDT-F019,IndiGo,6E2698,MAA,17:55,6E6089,MAA,18:35,A321neo,232,Domestic
OCC002817,2026-07-08,Wed,BDT-F020,IndiGo,6E7361,UNK,18:20,6E7362,BBI,18:50,ATR 72-600,78,Domestic
OCC002818,2026-07-08,Wed,BDT-F021,Air India Express,IX2023,BLR,18:30,IX1358,VGA,19:00,B737-800,189,Domestic
OCC002819,2026-07-08,Wed,BDT-F022,IndiGo,6E208,HYD,18:40,6E216,HYD,19:20,A321neo,232,Domestic
OCC002820,2026-07-08,Wed,BDT-F023,IndiGo,6E616,CCU,19:10,6E617,CCU,19:50,A321neo,232,Domestic
OCC002821,2026-07-08,Wed,BDT-F024,IndiGo,6E5248,NMI,20:00,6E883,HYD,20:40,A321neo,232,Domestic
OCC002822,2026-07-08,Wed,BDT-F025,IndiGo,6E969,BLR,20:30,6E2772,BLR,21:10,A321neo,232,Domestic
OCC002823,2026-07-08,Wed,BDT-F026,IndiGo,6E384,HYD,20:40,6E385,HYD,21:20,A320neo,186,Domestic
OCC002824,2026-07-08,Wed,BDT-F027,Air India,AI1702,DEL,20:50,AI1802,DEL,21:30,A320ceo,180,Domestic
OCC002825,2026-07-08,Wed,BDT-F028,Air India Express,IX1373,VGA,21:40,IX1373,BLR,22:10,B737-800,189,Domestic
OCC002826,2026-07-08,Wed,BDT-F029,IndiGo,6E2213,DEL,22:05,6E6631,DEL,22:45,A321neo,232,Domestic
OCC002827,2026-07-08,Wed,BDT-F030,Scoot,TR784,SIN,22:15,TR785,SIN,23:00,A320neo,186,International
OCC002828,2026-07-09,Thu,BDT-F001,Air India Express,IX2064,BLR,07:30,IX2065,BLR,08:00,B737-800,189,Domestic
OCC002829,2026-07-09,Thu,BDT-F002,IndiGo,6E6425,DEL,07:40,6E6426,DEL,08:20,A320neo,186,Domestic
OCC002830,2026-07-09,Thu,BDT-F003,IndiGo,6E557,MAA,07:50,6E845,MAA,08:30,A320ceo,186,Domestic
OCC002831,2026-07-09,Thu,BDT-F004,Air India Express,IX2837,HYD,08:20,IX2745,HYD,08:50,B737-800,189,Domestic
OCC002832,2026-07-09,Thu,BDT-F005,IndiGo,6E6408,HYD,08:25,6E915,HYD,08:55,A320neo,186,Domestic
OCC002833,2026-07-09,Thu,BDT-F007,Alliance Air,I7105,PYB,09:25,I7205,PYB,09:40,Cessna 208B,9,Domestic
OCC002834,2026-07-09,Thu,BDT-F008,IndiGo,6E714,HYD,10:05,6E6294,HYD,10:40,A320ceo,186,Domestic
OCC002835,2026-07-09,Thu,BDT-F009,IndiGo,6E7128,VGA,10:30,6E7129,VGA,11:00,ATR 72-600,78,Domestic
OCC002836,2026-07-09,Thu,BDT-F010,IndiGo,6E6181,MAA,11:35,6E881,MAA,12:15,A320neo,186,Domestic
OCC002837,2026-07-09,Thu,BDT-F011,IndiGo,6E879,HYD,12:20,6E6645,HYD,13:00,A320neo,186,Domestic
OCC002838,2026-07-09,Thu,BDT-F012,IndiGo,6E7176,KJB,13:20,6E7177,KJB,13:40,ATR 72-600,78,Domestic
OCC002839,2026-07-09,Thu,BDT-F013,IndiGo,6E7064,TIR,13:25,6E7063,TIR,13:50,ATR 72-600,78,Domestic
OCC002840,2026-07-09,Thu,BDT-F014,IndiGo,6E6336,BLR,14:10,6E5309,BLR,14:55,A321neo,232,Domestic
OCC002841,2026-07-09,Thu,BDT-F015,IndiGo,6E409,HYD,14:25,6E5247,BOM,15:05,A321neo,232,Domestic
OCC002842,2026-07-09,Thu,BDT-F016,IndiGo,6E504,HYD,15:45,6E783,HYD,16:25,A321neo,232,Domestic
OCC002843,2026-07-09,Thu,BDT-F017,Air India Express,IX2819,HYD,15:55,IX2744,HYD,16:35,B737-800,189,Domestic
OCC002844,2026-07-09,Thu,BDT-F018,Air India,AI419,DEL,16:05,AI420,DEL,16:45,A321neo,182,Domestic
OCC002845,2026-07-09,Thu,BDT-F019,IndiGo,6E2698,MAA,17:55,6E6089,MAA,18:35,A321neo,232,Domestic
OCC002846,2026-07-09,Thu,BDT-F021,Air India Express,IX2023,BLR,18:30,IX1358,VGA,19:00,B737-800,189,Domestic
OCC002847,2026-07-09,Thu,BDT-F022,IndiGo,6E208,HYD,18:40,6E216,HYD,19:20,A321neo,232,Domestic
OCC002848,2026-07-09,Thu,BDT-F023,IndiGo,6E616,CCU,19:10,6E617,CCU,19:50,A321neo,232,Domestic
OCC002849,2026-07-09,Thu,BDT-F024,IndiGo,6E5248,NMI,20:00,6E883,HYD,20:40,A321neo,232,Domestic
OCC002850,2026-07-09,Thu,BDT-F025,IndiGo,6E969,BLR,20:30,6E2772,BLR,21:10,A321neo,232,Domestic
OCC002851,2026-07-09,Thu,BDT-F026,IndiGo,6E384,HYD,20:40,6E385,HYD,21:20,A320neo,186,Domestic
OCC002852,2026-07-09,Thu,BDT-F027,Air India,AI1702,DEL,20:50,AI1802,DEL,21:30,A320ceo,180,Domestic
OCC002853,2026-07-09,Thu,BDT-F028,Air India Express,IX1373,VGA,21:40,IX1373,BLR,22:10,B737-800,189,Domestic
OCC002854,2026-07-09,Thu,BDT-F029,IndiGo,6E2213,DEL,22:05,6E6631,DEL,22:45,A321neo,232,Domestic
OCC002855,2026-07-10,Fri,BDT-F002,IndiGo,6E6425,DEL,07:40,6E6426,DEL,08:20,A320neo,186,Domestic
OCC002856,2026-07-10,Fri,BDT-F003,IndiGo,6E557,MAA,07:50,6E845,MAA,08:30,A320ceo,186,Domestic
OCC002857,2026-07-10,Fri,BDT-F004,Air India Express,IX2837,HYD,08:20,IX2745,HYD,08:50,B737-800,189,Domestic
OCC002858,2026-07-10,Fri,BDT-F005,IndiGo,6E6408,HYD,08:25,6E915,HYD,08:55,A320neo,186,Domestic
OCC002859,2026-07-10,Fri,BDT-F006,IndiGo,6E1443,AUH,08:20,6E1444,AUH,09:50,A320neo,186,International
OCC002860,2026-07-10,Fri,BDT-F007,Alliance Air,I7105,PYB,09:25,I7205,PYB,09:40,Cessna 208B,9,Domestic
OCC002861,2026-07-10,Fri,BDT-F008,IndiGo,6E714,HYD,10:05,6E6294,HYD,10:40,A320ceo,186,Domestic
OCC002862,2026-07-10,Fri,BDT-F009,IndiGo,6E7128,VGA,10:30,6E7129,VGA,11:00,ATR 72-600,78,Domestic
OCC002863,2026-07-10,Fri,BDT-F010,IndiGo,6E6181,MAA,11:35,6E881,MAA,12:15,A320neo,186,Domestic
OCC002864,2026-07-10,Fri,BDT-F011,IndiGo,6E879,HYD,12:20,6E6645,HYD,13:00,A320neo,186,Domestic
OCC002865,2026-07-10,Fri,BDT-F013,IndiGo,6E7064,TIR,13:25,6E7063,TIR,13:50,ATR 72-600,78,Domestic
OCC002866,2026-07-10,Fri,BDT-F014,IndiGo,6E6336,BLR,14:10,6E5309,BLR,14:55,A321neo,232,Domestic
OCC002867,2026-07-10,Fri,BDT-F015,IndiGo,6E409,HYD,14:25,6E5247,BOM,15:05,A321neo,232,Domestic
OCC002868,2026-07-10,Fri,BDT-F016,IndiGo,6E504,HYD,15:45,6E783,HYD,16:25,A321neo,232,Domestic
OCC002869,2026-07-10,Fri,BDT-F017,Air India Express,IX2819,HYD,15:55,IX2744,HYD,16:35,B737-800,189,Domestic
OCC002870,2026-07-10,Fri,BDT-F018,Air India,AI419,DEL,16:05,AI420,DEL,16:45,A321neo,182,Domestic
OCC002871,2026-07-10,Fri,BDT-F019,IndiGo,6E2698,MAA,17:55,6E6089,MAA,18:35,A321neo,232,Domestic
OCC002872,2026-07-10,Fri,BDT-F020,IndiGo,6E7361,UNK,18:20,6E7362,BBI,18:50,ATR 72-600,78,Domestic
OCC002873,2026-07-10,Fri,BDT-F021,Air India Express,IX2023,BLR,18:30,IX1358,VGA,19:00,B737-800,189,Domestic
OCC002874,2026-07-10,Fri,BDT-F022,IndiGo,6E208,HYD,18:40,6E216,HYD,19:20,A321neo,232,Domestic
OCC002875,2026-07-10,Fri,BDT-F023,IndiGo,6E616,CCU,19:10,6E617,CCU,19:50,A321neo,232,Domestic
OCC002876,2026-07-10,Fri,BDT-F024,IndiGo,6E5248,NMI,20:00,6E883,HYD,20:40,A321neo,232,Domestic
OCC002877,2026-07-10,Fri,BDT-F025,IndiGo,6E969,BLR,20:30,6E2772,BLR,21:10,A321neo,232,Domestic
OCC002878,2026-07-10,Fri,BDT-F026,IndiGo,6E384,HYD,20:40,6E385,HYD,21:20,A320neo,186,Domestic
OCC002879,2026-07-10,Fri,BDT-F027,Air India,AI1702,DEL,20:50,AI1802,DEL,21:30,A320ceo,180,Domestic
OCC002880,2026-07-10,Fri,BDT-F028,Air India Express,IX1373,VGA,21:40,IX1373,BLR,22:10,B737-800,189,Domestic
OCC002881,2026-07-10,Fri,BDT-F029,IndiGo,6E2213,DEL,22:05,6E6631,DEL,22:45,A321neo,232,Domestic
OCC002882,2026-07-10,Fri,BDT-F030,Scoot,TR784,SIN,22:15,TR785,SIN,23:00,A320neo,186,International
OCC002883,2026-07-11,Sat,BDT-F001,Air India Express,IX2064,BLR,07:30,IX2065,BLR,08:00,B737-800,189,Domestic
OCC002884,2026-07-11,Sat,BDT-F002,IndiGo,6E6425,DEL,07:40,6E6426,DEL,08:20,A320neo,186,Domestic
OCC002885,2026-07-11,Sat,BDT-F003,IndiGo,6E557,MAA,07:50,6E845,MAA,08:30,A320ceo,186,Domestic
OCC002886,2026-07-11,Sat,BDT-F004,Air India Express,IX2837,HYD,08:20,IX2745,HYD,08:50,B737-800,189,Domestic
OCC002887,2026-07-11,Sat,BDT-F005,IndiGo,6E6408,HYD,08:25,6E915,HYD,08:55,A320neo,186,Domestic
OCC002888,2026-07-11,Sat,BDT-F007,Alliance Air,I7105,PYB,09:25,I7205,PYB,09:40,Cessna 208B,9,Domestic
OCC002889,2026-07-11,Sat,BDT-F008,IndiGo,6E714,HYD,10:05,6E6294,HYD,10:40,A320ceo,186,Domestic
OCC002890,2026-07-11,Sat,BDT-F009,IndiGo,6E7128,VGA,10:30,6E7129,VGA,11:00,ATR 72-600,78,Domestic
OCC002891,2026-07-11,Sat,BDT-F010,IndiGo,6E6181,MAA,11:35,6E881,MAA,12:15,A320neo,186,Domestic
OCC002892,2026-07-11,Sat,BDT-F011,IndiGo,6E879,HYD,12:20,6E6645,HYD,13:00,A320neo,186,Domestic
OCC002893,2026-07-11,Sat,BDT-F012,IndiGo,6E7176,KJB,13:20,6E7177,KJB,13:40,ATR 72-600,78,Domestic
OCC002894,2026-07-11,Sat,BDT-F013,IndiGo,6E7064,TIR,13:25,6E7063,TIR,13:50,ATR 72-600,78,Domestic
OCC002895,2026-07-11,Sat,BDT-F014,IndiGo,6E6336,BLR,14:10,6E5309,BLR,14:55,A321neo,232,Domestic
OCC002896,2026-07-11,Sat,BDT-F015,IndiGo,6E409,HYD,14:25,6E5247,BOM,15:05,A321neo,232,Domestic
OCC002897,2026-07-11,Sat,BDT-F016,IndiGo,6E504,HYD,15:45,6E783,HYD,16:25,A321neo,232,Domestic
OCC002898,2026-07-11,Sat,BDT-F017,Air India Express,IX2819,HYD,15:55,IX2744,HYD,16:35,B737-800,189,Domestic
OCC002899,2026-07-11,Sat,BDT-F018,Air India,AI419,DEL,16:05,AI420,DEL,16:45,A321neo,182,Domestic
OCC002900,2026-07-11,Sat,BDT-F019,IndiGo,6E2698,MAA,17:55,6E6089,MAA,18:35,A321neo,232,Domestic
OCC002901,2026-07-11,Sat,BDT-F021,Air India Express,IX2023,BLR,18:30,IX1358,VGA,19:00,B737-800,189,Domestic
OCC002902,2026-07-11,Sat,BDT-F022,IndiGo,6E208,HYD,18:40,6E216,HYD,19:20,A321neo,232,Domestic
OCC002903,2026-07-11,Sat,BDT-F023,IndiGo,6E616,CCU,19:10,6E617,CCU,19:50,A321neo,232,Domestic
OCC002904,2026-07-11,Sat,BDT-F024,IndiGo,6E5248,NMI,20:00,6E883,HYD,20:40,A321neo,232,Domestic
OCC002905,2026-07-11,Sat,BDT-F025,IndiGo,6E969,BLR,20:30,6E2772,BLR,21:10,A321neo,232,Domestic
OCC002906,2026-07-11,Sat,BDT-F026,IndiGo,6E384,HYD,20:40,6E385,HYD,21:20,A320neo,186,Domestic
OCC002907,2026-07-11,Sat,BDT-F027,Air India,AI1702,DEL,20:50,AI1802,DEL,21:30,A320ceo,180,Domestic
OCC002908,2026-07-11,Sat,BDT-F028,Air India Express,IX1373,VGA,21:40,IX1373,BLR,22:10,B737-800,189,Domestic
OCC002909,2026-07-11,Sat,BDT-F029,IndiGo,6E2213,DEL,22:05,6E6631,DEL,22:45,A321neo,232,Domestic
OCC002910,2026-07-11,Sat,BDT-F030,Scoot,TR784,SIN,22:15,TR785,SIN,23:00,A320neo,186,International
OCC002911,2026-07-12,Sun,BDT-F002,IndiGo,6E6425,DEL,07:40,6E6426,DEL,08:20,A320neo,186,Domestic
OCC002912,2026-07-12,Sun,BDT-F003,IndiGo,6E557,MAA,07:50,6E845,MAA,08:30,A320ceo,186,Domestic
OCC002913,2026-07-12,Sun,BDT-F004,Air India Express,IX2837,HYD,08:20,IX2745,HYD,08:50,B737-800,189,Domestic
OCC002914,2026-07-12,Sun,BDT-F005,IndiGo,6E6408,HYD,08:25,6E915,HYD,08:55,A320neo,186,Domestic
OCC002915,2026-07-12,Sun,BDT-F006,IndiGo,6E1443,AUH,08:20,6E1444,AUH,09:50,A320neo,186,International
OCC002916,2026-07-12,Sun,BDT-F007,Alliance Air,I7105,PYB,09:25,I7205,PYB,09:40,Cessna 208B,9,Domestic
OCC002917,2026-07-12,Sun,BDT-F008,IndiGo,6E714,HYD,10:05,6E6294,HYD,10:40,A320ceo,186,Domestic
OCC002918,2026-07-12,Sun,BDT-F009,IndiGo,6E7128,VGA,10:30,6E7129,VGA,11:00,ATR 72-600,78,Domestic
OCC002919,2026-07-12,Sun,BDT-F010,IndiGo,6E6181,MAA,11:35,6E881,MAA,12:15,A320neo,186,Domestic
OCC002920,2026-07-12,Sun,BDT-F011,IndiGo,6E879,HYD,12:20,6E6645,HYD,13:00,A320neo,186,Domestic
OCC002921,2026-07-12,Sun,BDT-F013,IndiGo,6E7064,TIR,13:25,6E7063,TIR,13:50,ATR 72-600,78,Domestic
OCC002922,2026-07-12,Sun,BDT-F014,IndiGo,6E6336,BLR,14:10,6E5309,BLR,14:55,A321neo,232,Domestic
OCC002923,2026-07-12,Sun,BDT-F015,IndiGo,6E409,HYD,14:25,6E5247,BOM,15:05,A321neo,232,Domestic
OCC002924,2026-07-12,Sun,BDT-F016,IndiGo,6E504,HYD,15:45,6E783,HYD,16:25,A321neo,232,Domestic
OCC002925,2026-07-12,Sun,BDT-F017,Air India Express,IX2819,HYD,15:55,IX2744,HYD,16:35,B737-800,189,Domestic
OCC002926,2026-07-12,Sun,BDT-F018,Air India,AI419,DEL,16:05,AI420,DEL,16:45,A321neo,182,Domestic
OCC002927,2026-07-12,Sun,BDT-F019,IndiGo,6E2698,MAA,17:55,6E6089,MAA,18:35,A321neo,232,Domestic
OCC002928,2026-07-12,Sun,BDT-F020,IndiGo,6E7361,UNK,18:20,6E7362,BBI,18:50,ATR 72-600,78,Domestic
OCC002929,2026-07-12,Sun,BDT-F021,Air India Express,IX2023,BLR,18:30,IX1358,VGA,19:00,B737-800,189,Domestic
OCC002930,2026-07-12,Sun,BDT-F022,IndiGo,6E208,HYD,18:40,6E216,HYD,19:20,A321neo,232,Domestic
OCC002931,2026-07-12,Sun,BDT-F023,IndiGo,6E616,CCU,19:10,6E617,CCU,19:50,A321neo,232,Domestic
OCC002932,2026-07-12,Sun,BDT-F024,IndiGo,6E5248,NMI,20:00,6E883,HYD,20:40,A321neo,232,Domestic
OCC002933,2026-07-12,Sun,BDT-F025,IndiGo,6E969,BLR,20:30,6E2772,BLR,21:10,A321neo,232,Domestic
OCC002934,2026-07-12,Sun,BDT-F026,IndiGo,6E384,HYD,20:40,6E385,HYD,21:20,A320neo,186,Domestic
OCC002935,2026-07-12,Sun,BDT-F027,Air India,AI1702,DEL,20:50,AI1802,DEL,21:30,A320ceo,180,Domestic
OCC002936,2026-07-12,Sun,BDT-F028,Air India Express,IX1373,VGA,21:40,IX1373,BLR,22:10,B737-800,189,Domestic
OCC002937,2026-07-12,Sun,BDT-F029,IndiGo,6E2213,DEL,22:05,6E6631,DEL,22:45,A321neo,232,Domestic
OCC002938,2026-07-13,Mon,BDT-F001,Air India Express,IX2064,BLR,07:30,IX2065,BLR,08:00,B737-800,189,Domestic
OCC002939,2026-07-13,Mon,BDT-F002,IndiGo,6E6425,DEL,07:40,6E6426,DEL,08:20,A320neo,186,Domestic
OCC002940,2026-07-13,Mon,BDT-F003,IndiGo,6E557,MAA,07:50,6E845,MAA,08:30,A320ceo,186,Domestic
OCC002941,2026-07-13,Mon,BDT-F004,Air India Express,IX2837,HYD,08:20,IX2745,HYD,08:50,B737-800,189,Domestic
OCC002942,2026-07-13,Mon,BDT-F005,IndiGo,6E6408,HYD,08:25,6E915,HYD,08:55,A320neo,186,Domestic
OCC002943,2026-07-13,Mon,BDT-F006,IndiGo,6E1443,AUH,08:20,6E1444,AUH,09:50,A320neo,186,International
OCC002944,2026-07-13,Mon,BDT-F007,Alliance Air,I7105,PYB,09:25,I7205,PYB,09:40,Cessna 208B,9,Domestic
OCC002945,2026-07-13,Mon,BDT-F008,IndiGo,6E714,HYD,10:05,6E6294,HYD,10:40,A320ceo,186,Domestic
OCC002946,2026-07-13,Mon,BDT-F009,IndiGo,6E7128,VGA,10:30,6E7129,VGA,11:00,ATR 72-600,78,Domestic
OCC002947,2026-07-13,Mon,BDT-F010,IndiGo,6E6181,MAA,11:35,6E881,MAA,12:15,A320neo,186,Domestic
OCC002948,2026-07-13,Mon,BDT-F011,IndiGo,6E879,HYD,12:20,6E6645,HYD,13:00,A320neo,186,Domestic
OCC002949,2026-07-13,Mon,BDT-F013,IndiGo,6E7064,TIR,13:25,6E7063,TIR,13:50,ATR 72-600,78,Domestic
OCC002950,2026-07-13,Mon,BDT-F014,IndiGo,6E6336,BLR,14:10,6E5309,BLR,14:55,A321neo,232,Domestic
OCC002951,2026-07-13,Mon,BDT-F015,IndiGo,6E409,HYD,14:25,6E5247,BOM,15:05,A321neo,232,Domestic
OCC002952,2026-07-13,Mon,BDT-F016,IndiGo,6E504,HYD,15:45,6E783,HYD,16:25,A321neo,232,Domestic
OCC002953,2026-07-13,Mon,BDT-F017,Air India Express,IX2819,HYD,15:55,IX2744,HYD,16:35,B737-800,189,Domestic
OCC002954,2026-07-13,Mon,BDT-F018,Air India,AI419,DEL,16:05,AI420,DEL,16:45,A321neo,182,Domestic
OCC002955,2026-07-13,Mon,BDT-F019,IndiGo,6E2698,MAA,17:55,6E6089,MAA,18:35,A321neo,232,Domestic
OCC002956,2026-07-13,Mon,BDT-F020,IndiGo,6E7361,UNK,18:20,6E7362,BBI,18:50,ATR 72-600,78,Domestic
OCC002957,2026-07-13,Mon,BDT-F021,Air India Express,IX2023,BLR,18:30,IX1358,VGA,19:00,B737-800,189,Domestic
OCC002958,2026-07-13,Mon,BDT-F022,IndiGo,6E208,HYD,18:40,6E216,HYD,19:20,A321neo,232,Domestic
OCC002959,2026-07-13,Mon,BDT-F023,IndiGo,6E616,CCU,19:10,6E617,CCU,19:50,A321neo,232,Domestic
OCC002960,2026-07-13,Mon,BDT-F024,IndiGo,6E5248,NMI,20:00,6E883,HYD,20:40,A321neo,232,Domestic
OCC002961,2026-07-13,Mon,BDT-F025,IndiGo,6E969,BLR,20:30,6E2772,BLR,21:10,A321neo,232,Domestic
OCC002962,2026-07-13,Mon,BDT-F026,IndiGo,6E384,HYD,20:40,6E385,HYD,21:20,A320neo,186,Domestic
OCC002963,2026-07-13,Mon,BDT-F027,Air India,AI1702,DEL,20:50,AI1802,DEL,21:30,A320ceo,180,Domestic
OCC002964,2026-07-13,Mon,BDT-F028,Air India Express,IX1373,VGA,21:40,IX1373,BLR,22:10,B737-800,189,Domestic
OCC002965,2026-07-13,Mon,BDT-F029,IndiGo,6E2213,DEL,22:05,6E6631,DEL,22:45,A321neo,232,Domestic
OCC002966,2026-07-13,Mon,BDT-F030,Scoot,TR784,SIN,22:15,TR785,SIN,23:00,A320neo,186,International
OCC002967,2026-07-14,Tue,BDT-F001,Air India Express,IX2064,BLR,07:30,IX2065,BLR,08:00,B737-800,189,Domestic
OCC002968,2026-07-14,Tue,BDT-F002,IndiGo,6E6425,DEL,07:40,6E6426,DEL,08:20,A320neo,186,Domestic
OCC002969,2026-07-14,Tue,BDT-F003,IndiGo,6E557,MAA,07:50,6E845,MAA,08:30,A320ceo,186,Domestic
OCC002970,2026-07-14,Tue,BDT-F004,Air India Express,IX2837,HYD,08:20,IX2745,HYD,08:50,B737-800,189,Domestic
OCC002971,2026-07-14,Tue,BDT-F005,IndiGo,6E6408,HYD,08:25,6E915,HYD,08:55,A320neo,186,Domestic
OCC002972,2026-07-14,Tue,BDT-F007,Alliance Air,I7105,PYB,09:25,I7205,PYB,09:40,Cessna 208B,9,Domestic
OCC002973,2026-07-14,Tue,BDT-F008,IndiGo,6E714,HYD,10:05,6E6294,HYD,10:40,A320ceo,186,Domestic
OCC002974,2026-07-14,Tue,BDT-F009,IndiGo,6E7128,VGA,10:30,6E7129,VGA,11:00,ATR 72-600,78,Domestic
OCC002975,2026-07-14,Tue,BDT-F010,IndiGo,6E6181,MAA,11:35,6E881,MAA,12:15,A320neo,186,Domestic
OCC002976,2026-07-14,Tue,BDT-F011,IndiGo,6E879,HYD,12:20,6E6645,HYD,13:00,A320neo,186,Domestic
OCC002977,2026-07-14,Tue,BDT-F012,IndiGo,6E7176,KJB,13:20,6E7177,KJB,13:40,ATR 72-600,78,Domestic
OCC002978,2026-07-14,Tue,BDT-F013,IndiGo,6E7064,TIR,13:25,6E7063,TIR,13:50,ATR 72-600,78,Domestic
OCC002979,2026-07-14,Tue,BDT-F014,IndiGo,6E6336,BLR,14:10,6E5309,BLR,14:55,A321neo,232,Domestic
OCC002980,2026-07-14,Tue,BDT-F015,IndiGo,6E409,HYD,14:25,6E5247,BOM,15:05,A321neo,232,Domestic
OCC002981,2026-07-14,Tue,BDT-F016,IndiGo,6E504,HYD,15:45,6E783,HYD,16:25,A321neo,232,Domestic
OCC002982,2026-07-14,Tue,BDT-F017,Air India Express,IX2819,HYD,15:55,IX2744,HYD,16:35,B737-800,189,Domestic
OCC002983,2026-07-14,Tue,BDT-F018,Air India,AI419,DEL,16:05,AI420,DEL,16:45,A321neo,182,Domestic
OCC002984,2026-07-14,Tue,BDT-F019,IndiGo,6E2698,MAA,17:55,6E6089,MAA,18:35,A321neo,232,Domestic
OCC002985,2026-07-14,Tue,BDT-F021,Air India Express,IX2023,BLR,18:30,IX1358,VGA,19:00,B737-800,189,Domestic
OCC002986,2026-07-14,Tue,BDT-F022,IndiGo,6E208,HYD,18:40,6E216,HYD,19:20,A321neo,232,Domestic
OCC002987,2026-07-14,Tue,BDT-F023,IndiGo,6E616,CCU,19:10,6E617,CCU,19:50,A321neo,232,Domestic
OCC002988,2026-07-14,Tue,BDT-F024,IndiGo,6E5248,NMI,20:00,6E883,HYD,20:40,A321neo,232,Domestic
OCC002989,2026-07-14,Tue,BDT-F025,IndiGo,6E969,BLR,20:30,6E2772,BLR,21:10,A321neo,232,Domestic
OCC002990,2026-07-14,Tue,BDT-F026,IndiGo,6E384,HYD,20:40,6E385,HYD,21:20,A320neo,186,Domestic
OCC002991,2026-07-14,Tue,BDT-F027,Air India,AI1702,DEL,20:50,AI1802,DEL,21:30,A320ceo,180,Domestic
OCC002992,2026-07-14,Tue,BDT-F028,Air India Express,IX1373,VGA,21:40,IX1373,BLR,22:10,B737-800,189,Domestic
OCC002993,2026-07-14,Tue,BDT-F029,IndiGo,6E2213,DEL,22:05,6E6631,DEL,22:45,A321neo,232,Domestic
OCC002994,2026-07-15,Wed,BDT-F002,IndiGo,6E6425,DEL,07:40,6E6426,DEL,08:20,A320neo,186,Domestic
OCC002995,2026-07-15,Wed,BDT-F003,IndiGo,6E557,MAA,07:50,6E845,MAA,08:30,A320ceo,186,Domestic
OCC002996,2026-07-15,Wed,BDT-F004,Air India Express,IX2837,HYD,08:20,IX2745,HYD,08:50,B737-800,189,Domestic
OCC002997,2026-07-15,Wed,BDT-F005,IndiGo,6E6408,HYD,08:25,6E915,HYD,08:55,A320neo,186,Domestic
OCC002998,2026-07-15,Wed,BDT-F006,IndiGo,6E1443,AUH,08:20,6E1444,AUH,09:50,A320neo,186,International
OCC002999,2026-07-15,Wed,BDT-F007,Alliance Air,I7105,PYB,09:25,I7205,PYB,09:40,Cessna 208B,9,Domestic
OCC003000,2026-07-15,Wed,BDT-F008,IndiGo,6E714,HYD,10:05,6E6294,HYD,10:40,A320ceo,186,Domestic
OCC003001,2026-07-15,Wed,BDT-F009,IndiGo,6E7128,VGA,10:30,6E7129,VGA,11:00,ATR 72-600,78,Domestic
OCC003002,2026-07-15,Wed,BDT-F010,IndiGo,6E6181,MAA,11:35,6E881,MAA,12:15,A320neo,186,Domestic
OCC003003,2026-07-15,Wed,BDT-F011,IndiGo,6E879,HYD,12:20,6E6645,HYD,13:00,A320neo,186,Domestic
OCC003004,2026-07-15,Wed,BDT-F013,IndiGo,6E7064,TIR,13:25,6E7063,TIR,13:50,ATR 72-600,78,Domestic
OCC003005,2026-07-15,Wed,BDT-F014,IndiGo,6E6336,BLR,14:10,6E5309,BLR,14:55,A321neo,232,Domestic
OCC003006,2026-07-15,Wed,BDT-F015,IndiGo,6E409,HYD,14:25,6E5247,BOM,15:05,A321neo,232,Domestic
OCC003007,2026-07-15,Wed,BDT-F016,IndiGo,6E504,HYD,15:45,6E783,HYD,16:25,A321neo,232,Domestic
OCC003008,2026-07-15,Wed,BDT-F017,Air India Express,IX2819,HYD,15:55,IX2744,HYD,16:35,B737-800,189,Domestic
OCC003009,2026-07-15,Wed,BDT-F018,Air India,AI419,DEL,16:05,AI420,DEL,16:45,A321neo,182,Domestic
OCC003010,2026-07-15,Wed,BDT-F019,IndiGo,6E2698,MAA,17:55,6E6089,MAA,18:35,A321neo,232,Domestic
OCC003011,2026-07-15,Wed,BDT-F020,IndiGo,6E7361,UNK,18:20,6E7362,BBI,18:50,ATR 72-600,78,Domestic
OCC003012,2026-07-15,Wed,BDT-F021,Air India Express,IX2023,BLR,18:30,IX1358,VGA,19:00,B737-800,189,Domestic
OCC003013,2026-07-15,Wed,BDT-F022,IndiGo,6E208,HYD,18:40,6E216,HYD,19:20,A321neo,232,Domestic
OCC003014,2026-07-15,Wed,BDT-F023,IndiGo,6E616,CCU,19:10,6E617,CCU,19:50,A321neo,232,Domestic
OCC003015,2026-07-15,Wed,BDT-F024,IndiGo,6E5248,NMI,20:00,6E883,HYD,20:40,A321neo,232,Domestic
OCC003016,2026-07-15,Wed,BDT-F025,IndiGo,6E969,BLR,20:30,6E2772,BLR,21:10,A321neo,232,Domestic
OCC003017,2026-07-15,Wed,BDT-F026,IndiGo,6E384,HYD,20:40,6E385,HYD,21:20,A320neo,186,Domestic
OCC003018,2026-07-15,Wed,BDT-F027,Air India,AI1702,DEL,20:50,AI1802,DEL,21:30,A320ceo,180,Domestic
OCC003019,2026-07-15,Wed,BDT-F028,Air India Express,IX1373,VGA,21:40,IX1373,BLR,22:10,B737-800,189,Domestic
OCC003020,2026-07-15,Wed,BDT-F029,IndiGo,6E2213,DEL,22:05,6E6631,DEL,22:45,A321neo,232,Domestic
OCC003021,2026-07-15,Wed,BDT-F030,Scoot,TR784,SIN,22:15,TR785,SIN,23:00,A320neo,186,International
OCC003022,2026-07-16,Thu,BDT-F001,Air India Express,IX2064,BLR,07:30,IX2065,BLR,08:00,B737-800,189,Domestic
OCC003023,2026-07-16,Thu,BDT-F002,IndiGo,6E6425,DEL,07:40,6E6426,DEL,08:20,A320neo,186,Domestic
OCC003024,2026-07-16,Thu,BDT-F003,IndiGo,6E557,MAA,07:50,6E845,MAA,08:30,A320ceo,186,Domestic
OCC003025,2026-07-16,Thu,BDT-F004,Air India Express,IX2837,HYD,08:20,IX2745,HYD,08:50,B737-800,189,Domestic
OCC003026,2026-07-16,Thu,BDT-F005,IndiGo,6E6408,HYD,08:25,6E915,HYD,08:55,A320neo,186,Domestic
OCC003027,2026-07-16,Thu,BDT-F007,Alliance Air,I7105,PYB,09:25,I7205,PYB,09:40,Cessna 208B,9,Domestic
OCC003028,2026-07-16,Thu,BDT-F008,IndiGo,6E714,HYD,10:05,6E6294,HYD,10:40,A320ceo,186,Domestic
OCC003029,2026-07-16,Thu,BDT-F009,IndiGo,6E7128,VGA,10:30,6E7129,VGA,11:00,ATR 72-600,78,Domestic
OCC003030,2026-07-16,Thu,BDT-F010,IndiGo,6E6181,MAA,11:35,6E881,MAA,12:15,A320neo,186,Domestic
OCC003031,2026-07-16,Thu,BDT-F011,IndiGo,6E879,HYD,12:20,6E6645,HYD,13:00,A320neo,186,Domestic
OCC003032,2026-07-16,Thu,BDT-F012,IndiGo,6E7176,KJB,13:20,6E7177,KJB,13:40,ATR 72-600,78,Domestic
OCC003033,2026-07-16,Thu,BDT-F013,IndiGo,6E7064,TIR,13:25,6E7063,TIR,13:50,ATR 72-600,78,Domestic
OCC003034,2026-07-16,Thu,BDT-F014,IndiGo,6E6336,BLR,14:10,6E5309,BLR,14:55,A321neo,232,Domestic
OCC003035,2026-07-16,Thu,BDT-F015,IndiGo,6E409,HYD,14:25,6E5247,BOM,15:05,A321neo,232,Domestic
OCC003036,2026-07-16,Thu,BDT-F016,IndiGo,6E504,HYD,15:45,6E783,HYD,16:25,A321neo,232,Domestic
OCC003037,2026-07-16,Thu,BDT-F017,Air India Express,IX2819,HYD,15:55,IX2744,HYD,16:35,B737-800,189,Domestic
OCC003038,2026-07-16,Thu,BDT-F018,Air India,AI419,DEL,16:05,AI420,DEL,16:45,A321neo,182,Domestic
OCC003039,2026-07-16,Thu,BDT-F019,IndiGo,6E2698,MAA,17:55,6E6089,MAA,18:35,A321neo,232,Domestic
OCC003040,2026-07-16,Thu,BDT-F021,Air India Express,IX2023,BLR,18:30,IX1358,VGA,19:00,B737-800,189,Domestic
OCC003041,2026-07-16,Thu,BDT-F022,IndiGo,6E208,HYD,18:40,6E216,HYD,19:20,A321neo,232,Domestic
OCC003042,2026-07-16,Thu,BDT-F023,IndiGo,6E616,CCU,19:10,6E617,CCU,19:50,A321neo,232,Domestic
OCC003043,2026-07-16,Thu,BDT-F024,IndiGo,6E5248,NMI,20:00,6E883,HYD,20:40,A321neo,232,Domestic
OCC003044,2026-07-16,Thu,BDT-F025,IndiGo,6E969,BLR,20:30,6E2772,BLR,21:10,A321neo,232,Domestic
OCC003045,2026-07-16,Thu,BDT-F026,IndiGo,6E384,HYD,20:40,6E385,HYD,21:20,A320neo,186,Domestic
OCC003046,2026-07-16,Thu,BDT-F027,Air India,AI1702,DEL,20:50,AI1802,DEL,21:30,A320ceo,180,Domestic
OCC003047,2026-07-16,Thu,BDT-F028,Air India Express,IX1373,VGA,21:40,IX1373,BLR,22:10,B737-800,189,Domestic
OCC003048,2026-07-16,Thu,BDT-F029,IndiGo,6E2213,DEL,22:05,6E6631,DEL,22:45,A321neo,232,Domestic
OCC003049,2026-07-17,Fri,BDT-F002,IndiGo,6E6425,DEL,07:40,6E6426,DEL,08:20,A320neo,186,Domestic
OCC003050,2026-07-17,Fri,BDT-F003,IndiGo,6E557,MAA,07:50,6E845,MAA,08:30,A320ceo,186,Domestic
OCC003051,2026-07-17,Fri,BDT-F004,Air India Express,IX2837,HYD,08:20,IX2745,HYD,08:50,B737-800,189,Domestic
OCC003052,2026-07-17,Fri,BDT-F005,IndiGo,6E6408,HYD,08:25,6E915,HYD,08:55,A320neo,186,Domestic
OCC003053,2026-07-17,Fri,BDT-F006,IndiGo,6E1443,AUH,08:20,6E1444,AUH,09:50,A320neo,186,International
OCC003054,2026-07-17,Fri,BDT-F007,Alliance Air,I7105,PYB,09:25,I7205,PYB,09:40,Cessna 208B,9,Domestic
OCC003055,2026-07-17,Fri,BDT-F008,IndiGo,6E714,HYD,10:05,6E6294,HYD,10:40,A320ceo,186,Domestic
OCC003056,2026-07-17,Fri,BDT-F009,IndiGo,6E7128,VGA,10:30,6E7129,VGA,11:00,ATR 72-600,78,Domestic
OCC003057,2026-07-17,Fri,BDT-F010,IndiGo,6E6181,MAA,11:35,6E881,MAA,12:15,A320neo,186,Domestic
OCC003058,2026-07-17,Fri,BDT-F011,IndiGo,6E879,HYD,12:20,6E6645,HYD,13:00,A320neo,186,Domestic
OCC003059,2026-07-17,Fri,BDT-F013,IndiGo,6E7064,TIR,13:25,6E7063,TIR,13:50,ATR 72-600,78,Domestic
OCC003060,2026-07-17,Fri,BDT-F014,IndiGo,6E6336,BLR,14:10,6E5309,BLR,14:55,A321neo,232,Domestic
OCC003061,2026-07-17,Fri,BDT-F015,IndiGo,6E409,HYD,14:25,6E5247,BOM,15:05,A321neo,232,Domestic
OCC003062,2026-07-17,Fri,BDT-F016,IndiGo,6E504,HYD,15:45,6E783,HYD,16:25,A321neo,232,Domestic
OCC003063,2026-07-17,Fri,BDT-F017,Air India Express,IX2819,HYD,15:55,IX2744,HYD,16:35,B737-800,189,Domestic
OCC003064,2026-07-17,Fri,BDT-F018,Air India,AI419,DEL,16:05,AI420,DEL,16:45,A321neo,182,Domestic
OCC003065,2026-07-17,Fri,BDT-F019,IndiGo,6E2698,MAA,17:55,6E6089,MAA,18:35,A321neo,232,Domestic
OCC003066,2026-07-17,Fri,BDT-F020,IndiGo,6E7361,UNK,18:20,6E7362,BBI,18:50,ATR 72-600,78,Domestic
OCC003067,2026-07-17,Fri,BDT-F021,Air India Express,IX2023,BLR,18:30,IX1358,VGA,19:00,B737-800,189,Domestic
OCC003068,2026-07-17,Fri,BDT-F022,IndiGo,6E208,HYD,18:40,6E216,HYD,19:20,A321neo,232,Domestic
OCC003069,2026-07-17,Fri,BDT-F023,IndiGo,6E616,CCU,19:10,6E617,CCU,19:50,A321neo,232,Domestic
OCC003070,2026-07-17,Fri,BDT-F024,IndiGo,6E5248,NMI,20:00,6E883,HYD,20:40,A321neo,232,Domestic
OCC003071,2026-07-17,Fri,BDT-F025,IndiGo,6E969,BLR,20:30,6E2772,BLR,21:10,A321neo,232,Domestic
OCC003072,2026-07-17,Fri,BDT-F026,IndiGo,6E384,HYD,20:40,6E385,HYD,21:20,A320neo,186,Domestic
OCC003073,2026-07-17,Fri,BDT-F027,Air India,AI1702,DEL,20:50,AI1802,DEL,21:30,A320ceo,180,Domestic
OCC003074,2026-07-17,Fri,BDT-F028,Air India Express,IX1373,VGA,21:40,IX1373,BLR,22:10,B737-800,189,Domestic
OCC003075,2026-07-17,Fri,BDT-F029,IndiGo,6E2213,DEL,22:05,6E6631,DEL,22:45,A321neo,232,Domestic
OCC003076,2026-07-17,Fri,BDT-F030,Scoot,TR784,SIN,22:15,TR785,SIN,23:00,A320neo,186,International
OCC003077,2026-07-18,Sat,BDT-F001,Air India Express,IX2064,BLR,07:30,IX2065,BLR,08:00,B737-800,189,Domestic
OCC003078,2026-07-18,Sat,BDT-F002,IndiGo,6E6425,DEL,07:40,6E6426,DEL,08:20,A320neo,186,Domestic
OCC003079,2026-07-18,Sat,BDT-F003,IndiGo,6E557,MAA,07:50,6E845,MAA,08:30,A320ceo,186,Domestic
OCC003080,2026-07-18,Sat,BDT-F004,Air India Express,IX2837,HYD,08:20,IX2745,HYD,08:50,B737-800,189,Domestic
OCC003081,2026-07-18,Sat,BDT-F005,IndiGo,6E6408,HYD,08:25,6E915,HYD,08:55,A320neo,186,Domestic
OCC003082,2026-07-18,Sat,BDT-F007,Alliance Air,I7105,PYB,09:25,I7205,PYB,09:40,Cessna 208B,9,Domestic
OCC003083,2026-07-18,Sat,BDT-F008,IndiGo,6E714,HYD,10:05,6E6294,HYD,10:40,A320ceo,186,Domestic
OCC003084,2026-07-18,Sat,BDT-F009,IndiGo,6E7128,VGA,10:30,6E7129,VGA,11:00,ATR 72-600,78,Domestic
OCC003085,2026-07-18,Sat,BDT-F010,IndiGo,6E6181,MAA,11:35,6E881,MAA,12:15,A320neo,186,Domestic
OCC003086,2026-07-18,Sat,BDT-F011,IndiGo,6E879,HYD,12:20,6E6645,HYD,13:00,A320neo,186,Domestic
OCC003087,2026-07-18,Sat,BDT-F012,IndiGo,6E7176,KJB,13:20,6E7177,KJB,13:40,ATR 72-600,78,Domestic
OCC003088,2026-07-18,Sat,BDT-F013,IndiGo,6E7064,TIR,13:25,6E7063,TIR,13:50,ATR 72-600,78,Domestic
OCC003089,2026-07-18,Sat,BDT-F014,IndiGo,6E6336,BLR,14:10,6E5309,BLR,14:55,A321neo,232,Domestic
OCC003090,2026-07-18,Sat,BDT-F015,IndiGo,6E409,HYD,14:25,6E5247,BOM,15:05,A321neo,232,Domestic
OCC003091,2026-07-18,Sat,BDT-F016,IndiGo,6E504,HYD,15:45,6E783,HYD,16:25,A321neo,232,Domestic
OCC003092,2026-07-18,Sat,BDT-F017,Air India Express,IX2819,HYD,15:55,IX2744,HYD,16:35,B737-800,189,Domestic
OCC003093,2026-07-18,Sat,BDT-F018,Air India,AI419,DEL,16:05,AI420,DEL,16:45,A321neo,182,Domestic
OCC003094,2026-07-18,Sat,BDT-F019,IndiGo,6E2698,MAA,17:55,6E6089,MAA,18:35,A321neo,232,Domestic
OCC003095,2026-07-18,Sat,BDT-F021,Air India Express,IX2023,BLR,18:30,IX1358,VGA,19:00,B737-800,189,Domestic
OCC003096,2026-07-18,Sat,BDT-F022,IndiGo,6E208,HYD,18:40,6E216,HYD,19:20,A321neo,232,Domestic
OCC003097,2026-07-18,Sat,BDT-F023,IndiGo,6E616,CCU,19:10,6E617,CCU,19:50,A321neo,232,Domestic
OCC003098,2026-07-18,Sat,BDT-F024,IndiGo,6E5248,NMI,20:00,6E883,HYD,20:40,A321neo,232,Domestic
OCC003099,2026-07-18,Sat,BDT-F025,IndiGo,6E969,BLR,20:30,6E2772,BLR,21:10,A321neo,232,Domestic
OCC003100,2026-07-18,Sat,BDT-F026,IndiGo,6E384,HYD,20:40,6E385,HYD,21:20,A320neo,186,Domestic
OCC003101,2026-07-18,Sat,BDT-F027,Air India,AI1702,DEL,20:50,AI1802,DEL,21:30,A320ceo,180,Domestic
OCC003102,2026-07-18,Sat,BDT-F028,Air India Express,IX1373,VGA,21:40,IX1373,BLR,22:10,B737-800,189,Domestic
OCC003103,2026-07-18,Sat,BDT-F029,IndiGo,6E2213,DEL,22:05,6E6631,DEL,22:45,A321neo,232,Domestic
OCC003104,2026-07-18,Sat,BDT-F030,Scoot,TR784,SIN,22:15,TR785,SIN,23:00,A320neo,186,International
OCC003105,2026-07-19,Sun,BDT-F002,IndiGo,6E6425,DEL,07:40,6E6426,DEL,08:20,A320neo,186,Domestic
OCC003106,2026-07-19,Sun,BDT-F003,IndiGo,6E557,MAA,07:50,6E845,MAA,08:30,A320ceo,186,Domestic
OCC003107,2026-07-19,Sun,BDT-F004,Air India Express,IX2837,HYD,08:20,IX2745,HYD,08:50,B737-800,189,Domestic
OCC003108,2026-07-19,Sun,BDT-F005,IndiGo,6E6408,HYD,08:25,6E915,HYD,08:55,A320neo,186,Domestic
OCC003109,2026-07-19,Sun,BDT-F006,IndiGo,6E1443,AUH,08:20,6E1444,AUH,09:50,A320neo,186,International
OCC003110,2026-07-19,Sun,BDT-F007,Alliance Air,I7105,PYB,09:25,I7205,PYB,09:40,Cessna 208B,9,Domestic
OCC003111,2026-07-19,Sun,BDT-F008,IndiGo,6E714,HYD,10:05,6E6294,HYD,10:40,A320ceo,186,Domestic
OCC003112,2026-07-19,Sun,BDT-F009,IndiGo,6E7128,VGA,10:30,6E7129,VGA,11:00,ATR 72-600,78,Domestic
OCC003113,2026-07-19,Sun,BDT-F010,IndiGo,6E6181,MAA,11:35,6E881,MAA,12:15,A320neo,186,Domestic
OCC003114,2026-07-19,Sun,BDT-F011,IndiGo,6E879,HYD,12:20,6E6645,HYD,13:00,A320neo,186,Domestic
OCC003115,2026-07-19,Sun,BDT-F013,IndiGo,6E7064,TIR,13:25,6E7063,TIR,13:50,ATR 72-600,78,Domestic
OCC003116,2026-07-19,Sun,BDT-F014,IndiGo,6E6336,BLR,14:10,6E5309,BLR,14:55,A321neo,232,Domestic
OCC003117,2026-07-19,Sun,BDT-F015,IndiGo,6E409,HYD,14:25,6E5247,BOM,15:05,A321neo,232,Domestic
OCC003118,2026-07-19,Sun,BDT-F016,IndiGo,6E504,HYD,15:45,6E783,HYD,16:25,A321neo,232,Domestic
OCC003119,2026-07-19,Sun,BDT-F017,Air India Express,IX2819,HYD,15:55,IX2744,HYD,16:35,B737-800,189,Domestic
OCC003120,2026-07-19,Sun,BDT-F018,Air India,AI419,DEL,16:05,AI420,DEL,16:45,A321neo,182,Domestic
OCC003121,2026-07-19,Sun,BDT-F019,IndiGo,6E2698,MAA,17:55,6E6089,MAA,18:35,A321neo,232,Domestic
OCC003122,2026-07-19,Sun,BDT-F020,IndiGo,6E7361,UNK,18:20,6E7362,BBI,18:50,ATR 72-600,78,Domestic
OCC003123,2026-07-19,Sun,BDT-F021,Air India Express,IX2023,BLR,18:30,IX1358,VGA,19:00,B737-800,189,Domestic
OCC003124,2026-07-19,Sun,BDT-F022,IndiGo,6E208,HYD,18:40,6E216,HYD,19:20,A321neo,232,Domestic
OCC003125,2026-07-19,Sun,BDT-F023,IndiGo,6E616,CCU,19:10,6E617,CCU,19:50,A321neo,232,Domestic
OCC003126,2026-07-19,Sun,BDT-F024,IndiGo,6E5248,NMI,20:00,6E883,HYD,20:40,A321neo,232,Domestic
OCC003127,2026-07-19,Sun,BDT-F025,IndiGo,6E969,BLR,20:30,6E2772,BLR,21:10,A321neo,232,Domestic
OCC003128,2026-07-19,Sun,BDT-F026,IndiGo,6E384,HYD,20:40,6E385,HYD,21:20,A320neo,186,Domestic
OCC003129,2026-07-19,Sun,BDT-F027,Air India,AI1702,DEL,20:50,AI1802,DEL,21:30,A320ceo,180,Domestic
OCC003130,2026-07-19,Sun,BDT-F028,Air India Express,IX1373,VGA,21:40,IX1373,BLR,22:10,B737-800,189,Domestic
OCC003131,2026-07-19,Sun,BDT-F029,IndiGo,6E2213,DEL,22:05,6E6631,DEL,22:45,A321neo,232,Domestic
OCC003132,2026-07-20,Mon,BDT-F001,Air India Express,IX2064,BLR,07:30,IX2065,BLR,08:00,B737-800,189,Domestic
OCC003133,2026-07-20,Mon,BDT-F002,IndiGo,6E6425,DEL,07:40,6E6426,DEL,08:20,A320neo,186,Domestic
OCC003134,2026-07-20,Mon,BDT-F003,IndiGo,6E557,MAA,07:50,6E845,MAA,08:30,A320ceo,186,Domestic
OCC003135,2026-07-20,Mon,BDT-F004,Air India Express,IX2837,HYD,08:20,IX2745,HYD,08:50,B737-800,189,Domestic
OCC003136,2026-07-20,Mon,BDT-F005,IndiGo,6E6408,HYD,08:25,6E915,HYD,08:55,A320neo,186,Domestic
OCC003137,2026-07-20,Mon,BDT-F006,IndiGo,6E1443,AUH,08:20,6E1444,AUH,09:50,A320neo,186,International
OCC003138,2026-07-20,Mon,BDT-F007,Alliance Air,I7105,PYB,09:25,I7205,PYB,09:40,Cessna 208B,9,Domestic
OCC003139,2026-07-20,Mon,BDT-F008,IndiGo,6E714,HYD,10:05,6E6294,HYD,10:40,A320ceo,186,Domestic
OCC003140,2026-07-20,Mon,BDT-F009,IndiGo,6E7128,VGA,10:30,6E7129,VGA,11:00,ATR 72-600,78,Domestic
OCC003141,2026-07-20,Mon,BDT-F010,IndiGo,6E6181,MAA,11:35,6E881,MAA,12:15,A320neo,186,Domestic
OCC003142,2026-07-20,Mon,BDT-F011,IndiGo,6E879,HYD,12:20,6E6645,HYD,13:00,A320neo,186,Domestic
OCC003143,2026-07-20,Mon,BDT-F013,IndiGo,6E7064,TIR,13:25,6E7063,TIR,13:50,ATR 72-600,78,Domestic
OCC003144,2026-07-20,Mon,BDT-F014,IndiGo,6E6336,BLR,14:10,6E5309,BLR,14:55,A321neo,232,Domestic
OCC003145,2026-07-20,Mon,BDT-F015,IndiGo,6E409,HYD,14:25,6E5247,BOM,15:05,A321neo,232,Domestic
OCC003146,2026-07-20,Mon,BDT-F016,IndiGo,6E504,HYD,15:45,6E783,HYD,16:25,A321neo,232,Domestic
OCC003147,2026-07-20,Mon,BDT-F017,Air India Express,IX2819,HYD,15:55,IX2744,HYD,16:35,B737-800,189,Domestic
OCC003148,2026-07-20,Mon,BDT-F018,Air India,AI419,DEL,16:05,AI420,DEL,16:45,A321neo,182,Domestic
OCC003149,2026-07-20,Mon,BDT-F019,IndiGo,6E2698,MAA,17:55,6E6089,MAA,18:35,A321neo,232,Domestic
OCC003150,2026-07-20,Mon,BDT-F020,IndiGo,6E7361,UNK,18:20,6E7362,BBI,18:50,ATR 72-600,78,Domestic
OCC003151,2026-07-20,Mon,BDT-F021,Air India Express,IX2023,BLR,18:30,IX1358,VGA,19:00,B737-800,189,Domestic
OCC003152,2026-07-20,Mon,BDT-F022,IndiGo,6E208,HYD,18:40,6E216,HYD,19:20,A321neo,232,Domestic
OCC003153,2026-07-20,Mon,BDT-F023,IndiGo,6E616,CCU,19:10,6E617,CCU,19:50,A321neo,232,Domestic
OCC003154,2026-07-20,Mon,BDT-F024,IndiGo,6E5248,NMI,20:00,6E883,HYD,20:40,A321neo,232,Domestic
OCC003155,2026-07-20,Mon,BDT-F025,IndiGo,6E969,BLR,20:30,6E2772,BLR,21:10,A321neo,232,Domestic
OCC003156,2026-07-20,Mon,BDT-F026,IndiGo,6E384,HYD,20:40,6E385,HYD,21:20,A320neo,186,Domestic
OCC003157,2026-07-20,Mon,BDT-F027,Air India,AI1702,DEL,20:50,AI1802,DEL,21:30,A320ceo,180,Domestic
OCC003158,2026-07-20,Mon,BDT-F028,Air India Express,IX1373,VGA,21:40,IX1373,BLR,22:10,B737-800,189,Domestic
OCC003159,2026-07-20,Mon,BDT-F029,IndiGo,6E2213,DEL,22:05,6E6631,DEL,22:45,A321neo,232,Domestic
OCC003160,2026-07-20,Mon,BDT-F030,Scoot,TR784,SIN,22:15,TR785,SIN,23:00,A320neo,186,International
OCC003161,2026-07-21,Tue,BDT-F001,Air India Express,IX2064,BLR,07:30,IX2065,BLR,08:00,B737-800,189,Domestic
OCC003162,2026-07-21,Tue,BDT-F002,IndiGo,6E6425,DEL,07:40,6E6426,DEL,08:20,A320neo,186,Domestic
OCC003163,2026-07-21,Tue,BDT-F003,IndiGo,6E557,MAA,07:50,6E845,MAA,08:30,A320ceo,186,Domestic
OCC003164,2026-07-21,Tue,BDT-F004,Air India Express,IX2837,HYD,08:20,IX2745,HYD,08:50,B737-800,189,Domestic
OCC003165,2026-07-21,Tue,BDT-F005,IndiGo,6E6408,HYD,08:25,6E915,HYD,08:55,A320neo,186,Domestic
OCC003166,2026-07-21,Tue,BDT-F007,Alliance Air,I7105,PYB,09:25,I7205,PYB,09:40,Cessna 208B,9,Domestic
OCC003167,2026-07-21,Tue,BDT-F008,IndiGo,6E714,HYD,10:05,6E6294,HYD,10:40,A320ceo,186,Domestic
OCC003168,2026-07-21,Tue,BDT-F009,IndiGo,6E7128,VGA,10:30,6E7129,VGA,11:00,ATR 72-600,78,Domestic
OCC003169,2026-07-21,Tue,BDT-F010,IndiGo,6E6181,MAA,11:35,6E881,MAA,12:15,A320neo,186,Domestic
OCC003170,2026-07-21,Tue,BDT-F011,IndiGo,6E879,HYD,12:20,6E6645,HYD,13:00,A320neo,186,Domestic
OCC003171,2026-07-21,Tue,BDT-F012,IndiGo,6E7176,KJB,13:20,6E7177,KJB,13:40,ATR 72-600,78,Domestic
OCC003172,2026-07-21,Tue,BDT-F013,IndiGo,6E7064,TIR,13:25,6E7063,TIR,13:50,ATR 72-600,78,Domestic
OCC003173,2026-07-21,Tue,BDT-F014,IndiGo,6E6336,BLR,14:10,6E5309,BLR,14:55,A321neo,232,Domestic
OCC003174,2026-07-21,Tue,BDT-F015,IndiGo,6E409,HYD,14:25,6E5247,BOM,15:05,A321neo,232,Domestic
OCC003175,2026-07-21,Tue,BDT-F016,IndiGo,6E504,HYD,15:45,6E783,HYD,16:25,A321neo,232,Domestic
OCC003176,2026-07-21,Tue,BDT-F017,Air India Express,IX2819,HYD,15:55,IX2744,HYD,16:35,B737-800,189,Domestic
OCC003177,2026-07-21,Tue,BDT-F018,Air India,AI419,DEL,16:05,AI420,DEL,16:45,A321neo,182,Domestic
OCC003178,2026-07-21,Tue,BDT-F019,IndiGo,6E2698,MAA,17:55,6E6089,MAA,18:35,A321neo,232,Domestic
OCC003179,2026-07-21,Tue,BDT-F021,Air India Express,IX2023,BLR,18:30,IX1358,VGA,19:00,B737-800,189,Domestic
OCC003180,2026-07-21,Tue,BDT-F022,IndiGo,6E208,HYD,18:40,6E216,HYD,19:20,A321neo,232,Domestic
OCC003181,2026-07-21,Tue,BDT-F023,IndiGo,6E616,CCU,19:10,6E617,CCU,19:50,A321neo,232,Domestic
OCC003182,2026-07-21,Tue,BDT-F024,IndiGo,6E5248,NMI,20:00,6E883,HYD,20:40,A321neo,232,Domestic
OCC003183,2026-07-21,Tue,BDT-F025,IndiGo,6E969,BLR,20:30,6E2772,BLR,21:10,A321neo,232,Domestic
OCC003184,2026-07-21,Tue,BDT-F026,IndiGo,6E384,HYD,20:40,6E385,HYD,21:20,A320neo,186,Domestic
OCC003185,2026-07-21,Tue,BDT-F027,Air India,AI1702,DEL,20:50,AI1802,DEL,21:30,A320ceo,180,Domestic
OCC003186,2026-07-21,Tue,BDT-F028,Air India Express,IX1373,VGA,21:40,IX1373,BLR,22:10,B737-800,189,Domestic
OCC003187,2026-07-21,Tue,BDT-F029,IndiGo,6E2213,DEL,22:05,6E6631,DEL,22:45,A321neo,232,Domestic
OCC003188,2026-07-22,Wed,BDT-F002,IndiGo,6E6425,DEL,07:40,6E6426,DEL,08:20,A320neo,186,Domestic
OCC003189,2026-07-22,Wed,BDT-F003,IndiGo,6E557,MAA,07:50,6E845,MAA,08:30,A320ceo,186,Domestic
OCC003190,2026-07-22,Wed,BDT-F004,Air India Express,IX2837,HYD,08:20,IX2745,HYD,08:50,B737-800,189,Domestic
OCC003191,2026-07-22,Wed,BDT-F005,IndiGo,6E6408,HYD,08:25,6E915,HYD,08:55,A320neo,186,Domestic
OCC003192,2026-07-22,Wed,BDT-F006,IndiGo,6E1443,AUH,08:20,6E1444,AUH,09:50,A320neo,186,International
OCC003193,2026-07-22,Wed,BDT-F007,Alliance Air,I7105,PYB,09:25,I7205,PYB,09:40,Cessna 208B,9,Domestic
OCC003194,2026-07-22,Wed,BDT-F008,IndiGo,6E714,HYD,10:05,6E6294,HYD,10:40,A320ceo,186,Domestic
OCC003195,2026-07-22,Wed,BDT-F009,IndiGo,6E7128,VGA,10:30,6E7129,VGA,11:00,ATR 72-600,78,Domestic
OCC003196,2026-07-22,Wed,BDT-F010,IndiGo,6E6181,MAA,11:35,6E881,MAA,12:15,A320neo,186,Domestic
OCC003197,2026-07-22,Wed,BDT-F011,IndiGo,6E879,HYD,12:20,6E6645,HYD,13:00,A320neo,186,Domestic
OCC003198,2026-07-22,Wed,BDT-F013,IndiGo,6E7064,TIR,13:25,6E7063,TIR,13:50,ATR 72-600,78,Domestic
OCC003199,2026-07-22,Wed,BDT-F014,IndiGo,6E6336,BLR,14:10,6E5309,BLR,14:55,A321neo,232,Domestic
OCC003200,2026-07-22,Wed,BDT-F015,IndiGo,6E409,HYD,14:25,6E5247,BOM,15:05,A321neo,232,Domestic
OCC003201,2026-07-22,Wed,BDT-F016,IndiGo,6E504,HYD,15:45,6E783,HYD,16:25,A321neo,232,Domestic
OCC003202,2026-07-22,Wed,BDT-F017,Air India Express,IX2819,HYD,15:55,IX2744,HYD,16:35,B737-800,189,Domestic
OCC003203,2026-07-22,Wed,BDT-F018,Air India,AI419,DEL,16:05,AI420,DEL,16:45,A321neo,182,Domestic
OCC003204,2026-07-22,Wed,BDT-F019,IndiGo,6E2698,MAA,17:55,6E6089,MAA,18:35,A321neo,232,Domestic
OCC003205,2026-07-22,Wed,BDT-F020,IndiGo,6E7361,UNK,18:20,6E7362,BBI,18:50,ATR 72-600,78,Domestic
OCC003206,2026-07-22,Wed,BDT-F021,Air India Express,IX2023,BLR,18:30,IX1358,VGA,19:00,B737-800,189,Domestic
OCC003207,2026-07-22,Wed,BDT-F022,IndiGo,6E208,HYD,18:40,6E216,HYD,19:20,A321neo,232,Domestic
OCC003208,2026-07-22,Wed,BDT-F023,IndiGo,6E616,CCU,19:10,6E617,CCU,19:50,A321neo,232,Domestic
OCC003209,2026-07-22,Wed,BDT-F024,IndiGo,6E5248,NMI,20:00,6E883,HYD,20:40,A321neo,232,Domestic
OCC003210,2026-07-22,Wed,BDT-F025,IndiGo,6E969,BLR,20:30,6E2772,BLR,21:10,A321neo,232,Domestic
OCC003211,2026-07-22,Wed,BDT-F026,IndiGo,6E384,HYD,20:40,6E385,HYD,21:20,A320neo,186,Domestic
OCC003212,2026-07-22,Wed,BDT-F027,Air India,AI1702,DEL,20:50,AI1802,DEL,21:30,A320ceo,180,Domestic
OCC003213,2026-07-22,Wed,BDT-F028,Air India Express,IX1373,VGA,21:40,IX1373,BLR,22:10,B737-800,189,Domestic
OCC003214,2026-07-22,Wed,BDT-F029,IndiGo,6E2213,DEL,22:05,6E6631,DEL,22:45,A321neo,232,Domestic
OCC003215,2026-07-22,Wed,BDT-F030,Scoot,TR784,SIN,22:15,TR785,SIN,23:00,A320neo,186,International
OCC003216,2026-07-23,Thu,BDT-F001,Air India Express,IX2064,BLR,07:30,IX2065,BLR,08:00,B737-800,189,Domestic
OCC003217,2026-07-23,Thu,BDT-F002,IndiGo,6E6425,DEL,07:40,6E6426,DEL,08:20,A320neo,186,Domestic
OCC003218,2026-07-23,Thu,BDT-F003,IndiGo,6E557,MAA,07:50,6E845,MAA,08:30,A320ceo,186,Domestic
OCC003219,2026-07-23,Thu,BDT-F004,Air India Express,IX2837,HYD,08:20,IX2745,HYD,08:50,B737-800,189,Domestic
OCC003220,2026-07-23,Thu,BDT-F005,IndiGo,6E6408,HYD,08:25,6E915,HYD,08:55,A320neo,186,Domestic
OCC003221,2026-07-23,Thu,BDT-F007,Alliance Air,I7105,PYB,09:25,I7205,PYB,09:40,Cessna 208B,9,Domestic
OCC003222,2026-07-23,Thu,BDT-F008,IndiGo,6E714,HYD,10:05,6E6294,HYD,10:40,A320ceo,186,Domestic
OCC003223,2026-07-23,Thu,BDT-F009,IndiGo,6E7128,VGA,10:30,6E7129,VGA,11:00,ATR 72-600,78,Domestic
OCC003224,2026-07-23,Thu,BDT-F010,IndiGo,6E6181,MAA,11:35,6E881,MAA,12:15,A320neo,186,Domestic
OCC003225,2026-07-23,Thu,BDT-F011,IndiGo,6E879,HYD,12:20,6E6645,HYD,13:00,A320neo,186,Domestic
OCC003226,2026-07-23,Thu,BDT-F012,IndiGo,6E7176,KJB,13:20,6E7177,KJB,13:40,ATR 72-600,78,Domestic
OCC003227,2026-07-23,Thu,BDT-F013,IndiGo,6E7064,TIR,13:25,6E7063,TIR,13:50,ATR 72-600,78,Domestic
OCC003228,2026-07-23,Thu,BDT-F014,IndiGo,6E6336,BLR,14:10,6E5309,BLR,14:55,A321neo,232,Domestic
OCC003229,2026-07-23,Thu,BDT-F015,IndiGo,6E409,HYD,14:25,6E5247,BOM,15:05,A321neo,232,Domestic
OCC003230,2026-07-23,Thu,BDT-F016,IndiGo,6E504,HYD,15:45,6E783,HYD,16:25,A321neo,232,Domestic
OCC003231,2026-07-23,Thu,BDT-F017,Air India Express,IX2819,HYD,15:55,IX2744,HYD,16:35,B737-800,189,Domestic
OCC003232,2026-07-23,Thu,BDT-F018,Air India,AI419,DEL,16:05,AI420,DEL,16:45,A321neo,182,Domestic
OCC003233,2026-07-23,Thu,BDT-F019,IndiGo,6E2698,MAA,17:55,6E6089,MAA,18:35,A321neo,232,Domestic
OCC003234,2026-07-23,Thu,BDT-F021,Air India Express,IX2023,BLR,18:30,IX1358,VGA,19:00,B737-800,189,Domestic
OCC003235,2026-07-23,Thu,BDT-F022,IndiGo,6E208,HYD,18:40,6E216,HYD,19:20,A321neo,232,Domestic
OCC003236,2026-07-23,Thu,BDT-F023,IndiGo,6E616,CCU,19:10,6E617,CCU,19:50,A321neo,232,Domestic
OCC003237,2026-07-23,Thu,BDT-F024,IndiGo,6E5248,NMI,20:00,6E883,HYD,20:40,A321neo,232,Domestic
OCC003238,2026-07-23,Thu,BDT-F025,IndiGo,6E969,BLR,20:30,6E2772,BLR,21:10,A321neo,232,Domestic
OCC003239,2026-07-23,Thu,BDT-F026,IndiGo,6E384,HYD,20:40,6E385,HYD,21:20,A320neo,186,Domestic
OCC003240,2026-07-23,Thu,BDT-F027,Air India,AI1702,DEL,20:50,AI1802,DEL,21:30,A320ceo,180,Domestic
OCC003241,2026-07-23,Thu,BDT-F028,Air India Express,IX1373,VGA,21:40,IX1373,BLR,22:10,B737-800,189,Domestic
OCC003242,2026-07-23,Thu,BDT-F029,IndiGo,6E2213,DEL,22:05,6E6631,DEL,22:45,A321neo,232,Domestic
OCC003243,2026-07-24,Fri,BDT-F002,IndiGo,6E6425,DEL,07:40,6E6426,DEL,08:20,A320neo,186,Domestic
OCC003244,2026-07-24,Fri,BDT-F003,IndiGo,6E557,MAA,07:50,6E845,MAA,08:30,A320ceo,186,Domestic
OCC003245,2026-07-24,Fri,BDT-F004,Air India Express,IX2837,HYD,08:20,IX2745,HYD,08:50,B737-800,189,Domestic
OCC003246,2026-07-24,Fri,BDT-F005,IndiGo,6E6408,HYD,08:25,6E915,HYD,08:55,A320neo,186,Domestic
OCC003247,2026-07-24,Fri,BDT-F006,IndiGo,6E1443,AUH,08:20,6E1444,AUH,09:50,A320neo,186,International
OCC003248,2026-07-24,Fri,BDT-F007,Alliance Air,I7105,PYB,09:25,I7205,PYB,09:40,Cessna 208B,9,Domestic
OCC003249,2026-07-24,Fri,BDT-F008,IndiGo,6E714,HYD,10:05,6E6294,HYD,10:40,A320ceo,186,Domestic
OCC003250,2026-07-24,Fri,BDT-F009,IndiGo,6E7128,VGA,10:30,6E7129,VGA,11:00,ATR 72-600,78,Domestic
OCC003251,2026-07-24,Fri,BDT-F010,IndiGo,6E6181,MAA,11:35,6E881,MAA,12:15,A320neo,186,Domestic
OCC003252,2026-07-24,Fri,BDT-F011,IndiGo,6E879,HYD,12:20,6E6645,HYD,13:00,A320neo,186,Domestic
OCC003253,2026-07-24,Fri,BDT-F013,IndiGo,6E7064,TIR,13:25,6E7063,TIR,13:50,ATR 72-600,78,Domestic
OCC003254,2026-07-24,Fri,BDT-F014,IndiGo,6E6336,BLR,14:10,6E5309,BLR,14:55,A321neo,232,Domestic
OCC003255,2026-07-24,Fri,BDT-F015,IndiGo,6E409,HYD,14:25,6E5247,BOM,15:05,A321neo,232,Domestic
OCC003256,2026-07-24,Fri,BDT-F016,IndiGo,6E504,HYD,15:45,6E783,HYD,16:25,A321neo,232,Domestic
OCC003257,2026-07-24,Fri,BDT-F017,Air India Express,IX2819,HYD,15:55,IX2744,HYD,16:35,B737-800,189,Domestic
OCC003258,2026-07-24,Fri,BDT-F018,Air India,AI419,DEL,16:05,AI420,DEL,16:45,A321neo,182,Domestic
OCC003259,2026-07-24,Fri,BDT-F019,IndiGo,6E2698,MAA,17:55,6E6089,MAA,18:35,A321neo,232,Domestic
OCC003260,2026-07-24,Fri,BDT-F020,IndiGo,6E7361,UNK,18:20,6E7362,BBI,18:50,ATR 72-600,78,Domestic
OCC003261,2026-07-24,Fri,BDT-F021,Air India Express,IX2023,BLR,18:30,IX1358,VGA,19:00,B737-800,189,Domestic
OCC003262,2026-07-24,Fri,BDT-F022,IndiGo,6E208,HYD,18:40,6E216,HYD,19:20,A321neo,232,Domestic
OCC003263,2026-07-24,Fri,BDT-F023,IndiGo,6E616,CCU,19:10,6E617,CCU,19:50,A321neo,232,Domestic
OCC003264,2026-07-24,Fri,BDT-F024,IndiGo,6E5248,NMI,20:00,6E883,HYD,20:40,A321neo,232,Domestic
OCC003265,2026-07-24,Fri,BDT-F025,IndiGo,6E969,BLR,20:30,6E2772,BLR,21:10,A321neo,232,Domestic
OCC003266,2026-07-24,Fri,BDT-F026,IndiGo,6E384,HYD,20:40,6E385,HYD,21:20,A320neo,186,Domestic
OCC003267,2026-07-24,Fri,BDT-F027,Air India,AI1702,DEL,20:50,AI1802,DEL,21:30,A320ceo,180,Domestic
OCC003268,2026-07-24,Fri,BDT-F028,Air India Express,IX1373,VGA,21:40,IX1373,BLR,22:10,B737-800,189,Domestic
OCC003269,2026-07-24,Fri,BDT-F029,IndiGo,6E2213,DEL,22:05,6E6631,DEL,22:45,A321neo,232,Domestic
OCC003270,2026-07-24,Fri,BDT-F030,Scoot,TR784,SIN,22:15,TR785,SIN,23:00,A320neo,186,International
OCC003271,2026-07-25,Sat,BDT-F001,Air India Express,IX2064,BLR,07:30,IX2065,BLR,08:00,B737-800,189,Domestic
OCC003272,2026-07-25,Sat,BDT-F002,IndiGo,6E6425,DEL,07:40,6E6426,DEL,08:20,A320neo,186,Domestic
OCC003273,2026-07-25,Sat,BDT-F003,IndiGo,6E557,MAA,07:50,6E845,MAA,08:30,A320ceo,186,Domestic
OCC003274,2026-07-25,Sat,BDT-F004,Air India Express,IX2837,HYD,08:20,IX2745,HYD,08:50,B737-800,189,Domestic
OCC003275,2026-07-25,Sat,BDT-F005,IndiGo,6E6408,HYD,08:25,6E915,HYD,08:55,A320neo,186,Domestic
OCC003276,2026-07-25,Sat,BDT-F007,Alliance Air,I7105,PYB,09:25,I7205,PYB,09:40,Cessna 208B,9,Domestic
OCC003277,2026-07-25,Sat,BDT-F008,IndiGo,6E714,HYD,10:05,6E6294,HYD,10:40,A320ceo,186,Domestic
OCC003278,2026-07-25,Sat,BDT-F009,IndiGo,6E7128,VGA,10:30,6E7129,VGA,11:00,ATR 72-600,78,Domestic
OCC003279,2026-07-25,Sat,BDT-F010,IndiGo,6E6181,MAA,11:35,6E881,MAA,12:15,A320neo,186,Domestic
OCC003280,2026-07-25,Sat,BDT-F011,IndiGo,6E879,HYD,12:20,6E6645,HYD,13:00,A320neo,186,Domestic
OCC003281,2026-07-25,Sat,BDT-F012,IndiGo,6E7176,KJB,13:20,6E7177,KJB,13:40,ATR 72-600,78,Domestic
OCC003282,2026-07-25,Sat,BDT-F013,IndiGo,6E7064,TIR,13:25,6E7063,TIR,13:50,ATR 72-600,78,Domestic
OCC003283,2026-07-25,Sat,BDT-F014,IndiGo,6E6336,BLR,14:10,6E5309,BLR,14:55,A321neo,232,Domestic
OCC003284,2026-07-25,Sat,BDT-F015,IndiGo,6E409,HYD,14:25,6E5247,BOM,15:05,A321neo,232,Domestic
OCC003285,2026-07-25,Sat,BDT-F016,IndiGo,6E504,HYD,15:45,6E783,HYD,16:25,A321neo,232,Domestic
OCC003286,2026-07-25,Sat,BDT-F017,Air India Express,IX2819,HYD,15:55,IX2744,HYD,16:35,B737-800,189,Domestic
OCC003287,2026-07-25,Sat,BDT-F018,Air India,AI419,DEL,16:05,AI420,DEL,16:45,A321neo,182,Domestic
OCC003288,2026-07-25,Sat,BDT-F019,IndiGo,6E2698,MAA,17:55,6E6089,MAA,18:35,A321neo,232,Domestic
OCC003289,2026-07-25,Sat,BDT-F021,Air India Express,IX2023,BLR,18:30,IX1358,VGA,19:00,B737-800,189,Domestic
OCC003290,2026-07-25,Sat,BDT-F022,IndiGo,6E208,HYD,18:40,6E216,HYD,19:20,A321neo,232,Domestic
OCC003291,2026-07-25,Sat,BDT-F023,IndiGo,6E616,CCU,19:10,6E617,CCU,19:50,A321neo,232,Domestic
OCC003292,2026-07-25,Sat,BDT-F024,IndiGo,6E5248,NMI,20:00,6E883,HYD,20:40,A321neo,232,Domestic
OCC003293,2026-07-25,Sat,BDT-F025,IndiGo,6E969,BLR,20:30,6E2772,BLR,21:10,A321neo,232,Domestic
OCC003294,2026-07-25,Sat,BDT-F026,IndiGo,6E384,HYD,20:40,6E385,HYD,21:20,A320neo,186,Domestic
OCC003295,2026-07-25,Sat,BDT-F027,Air India,AI1702,DEL,20:50,AI1802,DEL,21:30,A320ceo,180,Domestic
OCC003296,2026-07-25,Sat,BDT-F028,Air India Express,IX1373,VGA,21:40,IX1373,BLR,22:10,B737-800,189,Domestic
OCC003297,2026-07-25,Sat,BDT-F029,IndiGo,6E2213,DEL,22:05,6E6631,DEL,22:45,A321neo,232,Domestic
OCC003298,2026-07-25,Sat,BDT-F030,Scoot,TR784,SIN,22:15,TR785,SIN,23:00,A320neo,186,International
OCC003299,2026-07-26,Sun,BDT-F002,IndiGo,6E6425,DEL,07:40,6E6426,DEL,08:20,A320neo,186,Domestic
OCC003300,2026-07-26,Sun,BDT-F003,IndiGo,6E557,MAA,07:50,6E845,MAA,08:30,A320ceo,186,Domestic
OCC003301,2026-07-26,Sun,BDT-F004,Air India Express,IX2837,HYD,08:20,IX2745,HYD,08:50,B737-800,189,Domestic
OCC003302,2026-07-26,Sun,BDT-F005,IndiGo,6E6408,HYD,08:25,6E915,HYD,08:55,A320neo,186,Domestic
OCC003303,2026-07-26,Sun,BDT-F006,IndiGo,6E1443,AUH,08:20,6E1444,AUH,09:50,A320neo,186,International
OCC003304,2026-07-26,Sun,BDT-F007,Alliance Air,I7105,PYB,09:25,I7205,PYB,09:40,Cessna 208B,9,Domestic
OCC003305,2026-07-26,Sun,BDT-F008,IndiGo,6E714,HYD,10:05,6E6294,HYD,10:40,A320ceo,186,Domestic
OCC003306,2026-07-26,Sun,BDT-F009,IndiGo,6E7128,VGA,10:30,6E7129,VGA,11:00,ATR 72-600,78,Domestic
OCC003307,2026-07-26,Sun,BDT-F010,IndiGo,6E6181,MAA,11:35,6E881,MAA,12:15,A320neo,186,Domestic
OCC003308,2026-07-26,Sun,BDT-F011,IndiGo,6E879,HYD,12:20,6E6645,HYD,13:00,A320neo,186,Domestic
OCC003309,2026-07-26,Sun,BDT-F013,IndiGo,6E7064,TIR,13:25,6E7063,TIR,13:50,ATR 72-600,78,Domestic
OCC003310,2026-07-26,Sun,BDT-F014,IndiGo,6E6336,BLR,14:10,6E5309,BLR,14:55,A321neo,232,Domestic
OCC003311,2026-07-26,Sun,BDT-F015,IndiGo,6E409,HYD,14:25,6E5247,BOM,15:05,A321neo,232,Domestic
OCC003312,2026-07-26,Sun,BDT-F016,IndiGo,6E504,HYD,15:45,6E783,HYD,16:25,A321neo,232,Domestic
OCC003313,2026-07-26,Sun,BDT-F017,Air India Express,IX2819,HYD,15:55,IX2744,HYD,16:35,B737-800,189,Domestic
OCC003314,2026-07-26,Sun,BDT-F018,Air India,AI419,DEL,16:05,AI420,DEL,16:45,A321neo,182,Domestic
OCC003315,2026-07-26,Sun,BDT-F019,IndiGo,6E2698,MAA,17:55,6E6089,MAA,18:35,A321neo,232,Domestic
OCC003316,2026-07-26,Sun,BDT-F020,IndiGo,6E7361,UNK,18:20,6E7362,BBI,18:50,ATR 72-600,78,Domestic
OCC003317,2026-07-26,Sun,BDT-F021,Air India Express,IX2023,BLR,18:30,IX1358,VGA,19:00,B737-800,189,Domestic
OCC003318,2026-07-26,Sun,BDT-F022,IndiGo,6E208,HYD,18:40,6E216,HYD,19:20,A321neo,232,Domestic
OCC003319,2026-07-26,Sun,BDT-F023,IndiGo,6E616,CCU,19:10,6E617,CCU,19:50,A321neo,232,Domestic
OCC003320,2026-07-26,Sun,BDT-F024,IndiGo,6E5248,NMI,20:00,6E883,HYD,20:40,A321neo,232,Domestic
OCC003321,2026-07-26,Sun,BDT-F025,IndiGo,6E969,BLR,20:30,6E2772,BLR,21:10,A321neo,232,Domestic
OCC003322,2026-07-26,Sun,BDT-F026,IndiGo,6E384,HYD,20:40,6E385,HYD,21:20,A320neo,186,Domestic
OCC003323,2026-07-26,Sun,BDT-F027,Air India,AI1702,DEL,20:50,AI1802,DEL,21:30,A320ceo,180,Domestic
OCC003324,2026-07-26,Sun,BDT-F028,Air India Express,IX1373,VGA,21:40,IX1373,BLR,22:10,B737-800,189,Domestic
OCC003325,2026-07-26,Sun,BDT-F029,IndiGo,6E2213,DEL,22:05,6E6631,DEL,22:45,A321neo,232,Domestic
OCC003326,2026-07-27,Mon,BDT-F001,Air India Express,IX2064,BLR,07:30,IX2065,BLR,08:00,B737-800,189,Domestic
OCC003327,2026-07-27,Mon,BDT-F002,IndiGo,6E6425,DEL,07:40,6E6426,DEL,08:20,A320neo,186,Domestic
OCC003328,2026-07-27,Mon,BDT-F003,IndiGo,6E557,MAA,07:50,6E845,MAA,08:30,A320ceo,186,Domestic
OCC003329,2026-07-27,Mon,BDT-F004,Air India Express,IX2837,HYD,08:20,IX2745,HYD,08:50,B737-800,189,Domestic
OCC003330,2026-07-27,Mon,BDT-F005,IndiGo,6E6408,HYD,08:25,6E915,HYD,08:55,A320neo,186,Domestic
OCC003331,2026-07-27,Mon,BDT-F006,IndiGo,6E1443,AUH,08:20,6E1444,AUH,09:50,A320neo,186,International
OCC003332,2026-07-27,Mon,BDT-F007,Alliance Air,I7105,PYB,09:25,I7205,PYB,09:40,Cessna 208B,9,Domestic
OCC003333,2026-07-27,Mon,BDT-F008,IndiGo,6E714,HYD,10:05,6E6294,HYD,10:40,A320ceo,186,Domestic
OCC003334,2026-07-27,Mon,BDT-F009,IndiGo,6E7128,VGA,10:30,6E7129,VGA,11:00,ATR 72-600,78,Domestic
OCC003335,2026-07-27,Mon,BDT-F010,IndiGo,6E6181,MAA,11:35,6E881,MAA,12:15,A320neo,186,Domestic
OCC003336,2026-07-27,Mon,BDT-F011,IndiGo,6E879,HYD,12:20,6E6645,HYD,13:00,A320neo,186,Domestic
OCC003337,2026-07-27,Mon,BDT-F013,IndiGo,6E7064,TIR,13:25,6E7063,TIR,13:50,ATR 72-600,78,Domestic
OCC003338,2026-07-27,Mon,BDT-F014,IndiGo,6E6336,BLR,14:10,6E5309,BLR,14:55,A321neo,232,Domestic
OCC003339,2026-07-27,Mon,BDT-F015,IndiGo,6E409,HYD,14:25,6E5247,BOM,15:05,A321neo,232,Domestic
OCC003340,2026-07-27,Mon,BDT-F016,IndiGo,6E504,HYD,15:45,6E783,HYD,16:25,A321neo,232,Domestic
OCC003341,2026-07-27,Mon,BDT-F017,Air India Express,IX2819,HYD,15:55,IX2744,HYD,16:35,B737-800,189,Domestic
OCC003342,2026-07-27,Mon,BDT-F018,Air India,AI419,DEL,16:05,AI420,DEL,16:45,A321neo,182,Domestic
OCC003343,2026-07-27,Mon,BDT-F019,IndiGo,6E2698,MAA,17:55,6E6089,MAA,18:35,A321neo,232,Domestic
OCC003344,2026-07-27,Mon,BDT-F020,IndiGo,6E7361,UNK,18:20,6E7362,BBI,18:50,ATR 72-600,78,Domestic
OCC003345,2026-07-27,Mon,BDT-F021,Air India Express,IX2023,BLR,18:30,IX1358,VGA,19:00,B737-800,189,Domestic
OCC003346,2026-07-27,Mon,BDT-F022,IndiGo,6E208,HYD,18:40,6E216,HYD,19:20,A321neo,232,Domestic
OCC003347,2026-07-27,Mon,BDT-F023,IndiGo,6E616,CCU,19:10,6E617,CCU,19:50,A321neo,232,Domestic
OCC003348,2026-07-27,Mon,BDT-F024,IndiGo,6E5248,NMI,20:00,6E883,HYD,20:40,A321neo,232,Domestic
OCC003349,2026-07-27,Mon,BDT-F025,IndiGo,6E969,BLR,20:30,6E2772,BLR,21:10,A321neo,232,Domestic
OCC003350,2026-07-27,Mon,BDT-F026,IndiGo,6E384,HYD,20:40,6E385,HYD,21:20,A320neo,186,Domestic
OCC003351,2026-07-27,Mon,BDT-F027,Air India,AI1702,DEL,20:50,AI1802,DEL,21:30,A320ceo,180,Domestic
OCC003352,2026-07-27,Mon,BDT-F028,Air India Express,IX1373,VGA,21:40,IX1373,BLR,22:10,B737-800,189,Domestic
OCC003353,2026-07-27,Mon,BDT-F029,IndiGo,6E2213,DEL,22:05,6E6631,DEL,22:45,A321neo,232,Domestic
OCC003354,2026-07-27,Mon,BDT-F030,Scoot,TR784,SIN,22:15,TR785,SIN,23:00,A320neo,186,International
OCC003355,2026-07-28,Tue,BDT-F001,Air India Express,IX2064,BLR,07:30,IX2065,BLR,08:00,B737-800,189,Domestic
OCC003356,2026-07-28,Tue,BDT-F002,IndiGo,6E6425,DEL,07:40,6E6426,DEL,08:20,A320neo,186,Domestic
OCC003357,2026-07-28,Tue,BDT-F003,IndiGo,6E557,MAA,07:50,6E845,MAA,08:30,A320ceo,186,Domestic
OCC003358,2026-07-28,Tue,BDT-F004,Air India Express,IX2837,HYD,08:20,IX2745,HYD,08:50,B737-800,189,Domestic
OCC003359,2026-07-28,Tue,BDT-F005,IndiGo,6E6408,HYD,08:25,6E915,HYD,08:55,A320neo,186,Domestic
OCC003360,2026-07-28,Tue,BDT-F007,Alliance Air,I7105,PYB,09:25,I7205,PYB,09:40,Cessna 208B,9,Domestic
OCC003361,2026-07-28,Tue,BDT-F008,IndiGo,6E714,HYD,10:05,6E6294,HYD,10:40,A320ceo,186,Domestic
OCC003362,2026-07-28,Tue,BDT-F009,IndiGo,6E7128,VGA,10:30,6E7129,VGA,11:00,ATR 72-600,78,Domestic
OCC003363,2026-07-28,Tue,BDT-F010,IndiGo,6E6181,MAA,11:35,6E881,MAA,12:15,A320neo,186,Domestic
OCC003364,2026-07-28,Tue,BDT-F011,IndiGo,6E879,HYD,12:20,6E6645,HYD,13:00,A320neo,186,Domestic
OCC003365,2026-07-28,Tue,BDT-F012,IndiGo,6E7176,KJB,13:20,6E7177,KJB,13:40,ATR 72-600,78,Domestic
OCC003366,2026-07-28,Tue,BDT-F013,IndiGo,6E7064,TIR,13:25,6E7063,TIR,13:50,ATR 72-600,78,Domestic
OCC003367,2026-07-28,Tue,BDT-F014,IndiGo,6E6336,BLR,14:10,6E5309,BLR,14:55,A321neo,232,Domestic
OCC003368,2026-07-28,Tue,BDT-F015,IndiGo,6E409,HYD,14:25,6E5247,BOM,15:05,A321neo,232,Domestic
OCC003369,2026-07-28,Tue,BDT-F016,IndiGo,6E504,HYD,15:45,6E783,HYD,16:25,A321neo,232,Domestic
OCC003370,2026-07-28,Tue,BDT-F017,Air India Express,IX2819,HYD,15:55,IX2744,HYD,16:35,B737-800,189,Domestic
OCC003371,2026-07-28,Tue,BDT-F018,Air India,AI419,DEL,16:05,AI420,DEL,16:45,A321neo,182,Domestic
OCC003372,2026-07-28,Tue,BDT-F019,IndiGo,6E2698,MAA,17:55,6E6089,MAA,18:35,A321neo,232,Domestic
OCC003373,2026-07-28,Tue,BDT-F021,Air India Express,IX2023,BLR,18:30,IX1358,VGA,19:00,B737-800,189,Domestic
OCC003374,2026-07-28,Tue,BDT-F022,IndiGo,6E208,HYD,18:40,6E216,HYD,19:20,A321neo,232,Domestic
OCC003375,2026-07-28,Tue,BDT-F023,IndiGo,6E616,CCU,19:10,6E617,CCU,19:50,A321neo,232,Domestic
OCC003376,2026-07-28,Tue,BDT-F024,IndiGo,6E5248,NMI,20:00,6E883,HYD,20:40,A321neo,232,Domestic
OCC003377,2026-07-28,Tue,BDT-F025,IndiGo,6E969,BLR,20:30,6E2772,BLR,21:10,A321neo,232,Domestic
OCC003378,2026-07-28,Tue,BDT-F026,IndiGo,6E384,HYD,20:40,6E385,HYD,21:20,A320neo,186,Domestic
OCC003379,2026-07-28,Tue,BDT-F027,Air India,AI1702,DEL,20:50,AI1802,DEL,21:30,A320ceo,180,Domestic
OCC003380,2026-07-28,Tue,BDT-F028,Air India Express,IX1373,VGA,21:40,IX1373,BLR,22:10,B737-800,189,Domestic
OCC003381,2026-07-28,Tue,BDT-F029,IndiGo,6E2213,DEL,22:05,6E6631,DEL,22:45,A321neo,232,Domestic
OCC003382,2026-07-29,Wed,BDT-F002,IndiGo,6E6425,DEL,07:40,6E6426,DEL,08:20,A320neo,186,Domestic
OCC003383,2026-07-29,Wed,BDT-F003,IndiGo,6E557,MAA,07:50,6E845,MAA,08:30,A320ceo,186,Domestic
OCC003384,2026-07-29,Wed,BDT-F004,Air India Express,IX2837,HYD,08:20,IX2745,HYD,08:50,B737-800,189,Domestic
OCC003385,2026-07-29,Wed,BDT-F005,IndiGo,6E6408,HYD,08:25,6E915,HYD,08:55,A320neo,186,Domestic
OCC003386,2026-07-29,Wed,BDT-F006,IndiGo,6E1443,AUH,08:20,6E1444,AUH,09:50,A320neo,186,International
OCC003387,2026-07-29,Wed,BDT-F007,Alliance Air,I7105,PYB,09:25,I7205,PYB,09:40,Cessna 208B,9,Domestic
OCC003388,2026-07-29,Wed,BDT-F008,IndiGo,6E714,HYD,10:05,6E6294,HYD,10:40,A320ceo,186,Domestic
OCC003389,2026-07-29,Wed,BDT-F009,IndiGo,6E7128,VGA,10:30,6E7129,VGA,11:00,ATR 72-600,78,Domestic
OCC003390,2026-07-29,Wed,BDT-F010,IndiGo,6E6181,MAA,11:35,6E881,MAA,12:15,A320neo,186,Domestic
OCC003391,2026-07-29,Wed,BDT-F011,IndiGo,6E879,HYD,12:20,6E6645,HYD,13:00,A320neo,186,Domestic
OCC003392,2026-07-29,Wed,BDT-F013,IndiGo,6E7064,TIR,13:25,6E7063,TIR,13:50,ATR 72-600,78,Domestic
OCC003393,2026-07-29,Wed,BDT-F014,IndiGo,6E6336,BLR,14:10,6E5309,BLR,14:55,A321neo,232,Domestic
OCC003394,2026-07-29,Wed,BDT-F015,IndiGo,6E409,HYD,14:25,6E5247,BOM,15:05,A321neo,232,Domestic
OCC003395,2026-07-29,Wed,BDT-F016,IndiGo,6E504,HYD,15:45,6E783,HYD,16:25,A321neo,232,Domestic
OCC003396,2026-07-29,Wed,BDT-F017,Air India Express,IX2819,HYD,15:55,IX2744,HYD,16:35,B737-800,189,Domestic
OCC003397,2026-07-29,Wed,BDT-F018,Air India,AI419,DEL,16:05,AI420,DEL,16:45,A321neo,182,Domestic
OCC003398,2026-07-29,Wed,BDT-F019,IndiGo,6E2698,MAA,17:55,6E6089,MAA,18:35,A321neo,232,Domestic
OCC003399,2026-07-29,Wed,BDT-F020,IndiGo,6E7361,UNK,18:20,6E7362,BBI,18:50,ATR 72-600,78,Domestic
OCC003400,2026-07-29,Wed,BDT-F021,Air India Express,IX2023,BLR,18:30,IX1358,VGA,19:00,B737-800,189,Domestic
OCC003401,2026-07-29,Wed,BDT-F022,IndiGo,6E208,HYD,18:40,6E216,HYD,19:20,A321neo,232,Domestic
OCC003402,2026-07-29,Wed,BDT-F023,IndiGo,6E616,CCU,19:10,6E617,CCU,19:50,A321neo,232,Domestic
OCC003403,2026-07-29,Wed,BDT-F024,IndiGo,6E5248,NMI,20:00,6E883,HYD,20:40,A321neo,232,Domestic
OCC003404,2026-07-29,Wed,BDT-F025,IndiGo,6E969,BLR,20:30,6E2772,BLR,21:10,A321neo,232,Domestic
OCC003405,2026-07-29,Wed,BDT-F026,IndiGo,6E384,HYD,20:40,6E385,HYD,21:20,A320neo,186,Domestic
OCC003406,2026-07-29,Wed,BDT-F027,Air India,AI1702,DEL,20:50,AI1802,DEL,21:30,A320ceo,180,Domestic
OCC003407,2026-07-29,Wed,BDT-F028,Air India Express,IX1373,VGA,21:40,IX1373,BLR,22:10,B737-800,189,Domestic
OCC003408,2026-07-29,Wed,BDT-F029,IndiGo,6E2213,DEL,22:05,6E6631,DEL,22:45,A321neo,232,Domestic
OCC003409,2026-07-29,Wed,BDT-F030,Scoot,TR784,SIN,22:15,TR785,SIN,23:00,A320neo,186,International
OCC003410,2026-07-30,Thu,BDT-F001,Air India Express,IX2064,BLR,07:30,IX2065,BLR,08:00,B737-800,189,Domestic
OCC003411,2026-07-30,Thu,BDT-F002,IndiGo,6E6425,DEL,07:40,6E6426,DEL,08:20,A320neo,186,Domestic
OCC003412,2026-07-30,Thu,BDT-F003,IndiGo,6E557,MAA,07:50,6E845,MAA,08:30,A320ceo,186,Domestic
OCC003413,2026-07-30,Thu,BDT-F004,Air India Express,IX2837,HYD,08:20,IX2745,HYD,08:50,B737-800,189,Domestic
OCC003414,2026-07-30,Thu,BDT-F005,IndiGo,6E6408,HYD,08:25,6E915,HYD,08:55,A320neo,186,Domestic
OCC003415,2026-07-30,Thu,BDT-F007,Alliance Air,I7105,PYB,09:25,I7205,PYB,09:40,Cessna 208B,9,Domestic
OCC003416,2026-07-30,Thu,BDT-F008,IndiGo,6E714,HYD,10:05,6E6294,HYD,10:40,A320ceo,186,Domestic
OCC003417,2026-07-30,Thu,BDT-F009,IndiGo,6E7128,VGA,10:30,6E7129,VGA,11:00,ATR 72-600,78,Domestic
OCC003418,2026-07-30,Thu,BDT-F010,IndiGo,6E6181,MAA,11:35,6E881,MAA,12:15,A320neo,186,Domestic
OCC003419,2026-07-30,Thu,BDT-F011,IndiGo,6E879,HYD,12:20,6E6645,HYD,13:00,A320neo,186,Domestic
OCC003420,2026-07-30,Thu,BDT-F012,IndiGo,6E7176,KJB,13:20,6E7177,KJB,13:40,ATR 72-600,78,Domestic
OCC003421,2026-07-30,Thu,BDT-F013,IndiGo,6E7064,TIR,13:25,6E7063,TIR,13:50,ATR 72-600,78,Domestic
OCC003422,2026-07-30,Thu,BDT-F014,IndiGo,6E6336,BLR,14:10,6E5309,BLR,14:55,A321neo,232,Domestic
OCC003423,2026-07-30,Thu,BDT-F015,IndiGo,6E409,HYD,14:25,6E5247,BOM,15:05,A321neo,232,Domestic
OCC003424,2026-07-30,Thu,BDT-F016,IndiGo,6E504,HYD,15:45,6E783,HYD,16:25,A321neo,232,Domestic
OCC003425,2026-07-30,Thu,BDT-F017,Air India Express,IX2819,HYD,15:55,IX2744,HYD,16:35,B737-800,189,Domestic
OCC003426,2026-07-30,Thu,BDT-F018,Air India,AI419,DEL,16:05,AI420,DEL,16:45,A321neo,182,Domestic
OCC003427,2026-07-30,Thu,BDT-F019,IndiGo,6E2698,MAA,17:55,6E6089,MAA,18:35,A321neo,232,Domestic
OCC003428,2026-07-30,Thu,BDT-F021,Air India Express,IX2023,BLR,18:30,IX1358,VGA,19:00,B737-800,189,Domestic
OCC003429,2026-07-30,Thu,BDT-F022,IndiGo,6E208,HYD,18:40,6E216,HYD,19:20,A321neo,232,Domestic
OCC003430,2026-07-30,Thu,BDT-F023,IndiGo,6E616,CCU,19:10,6E617,CCU,19:50,A321neo,232,Domestic
OCC003431,2026-07-30,Thu,BDT-F024,IndiGo,6E5248,NMI,20:00,6E883,HYD,20:40,A321neo,232,Domestic
OCC003432,2026-07-30,Thu,BDT-F025,IndiGo,6E969,BLR,20:30,6E2772,BLR,21:10,A321neo,232,Domestic
OCC003433,2026-07-30,Thu,BDT-F026,IndiGo,6E384,HYD,20:40,6E385,HYD,21:20,A320neo,186,Domestic
OCC003434,2026-07-30,Thu,BDT-F027,Air India,AI1702,DEL,20:50,AI1802,DEL,21:30,A320ceo,180,Domestic
OCC003435,2026-07-30,Thu,BDT-F028,Air India Express,IX1373,VGA,21:40,IX1373,BLR,22:10,B737-800,189,Domestic
OCC003436,2026-07-30,Thu,BDT-F029,IndiGo,6E2213,DEL,22:05,6E6631,DEL,22:45,A321neo,232,Domestic
OCC003437,2026-07-31,Fri,BDT-F002,IndiGo,6E6425,DEL,07:40,6E6426,DEL,08:20,A320neo,186,Domestic
OCC003438,2026-07-31,Fri,BDT-F003,IndiGo,6E557,MAA,07:50,6E845,MAA,08:30,A320ceo,186,Domestic
OCC003439,2026-07-31,Fri,BDT-F004,Air India Express,IX2837,HYD,08:20,IX2745,HYD,08:50,B737-800,189,Domestic
OCC003440,2026-07-31,Fri,BDT-F005,IndiGo,6E6408,HYD,08:25,6E915,HYD,08:55,A320neo,186,Domestic
OCC003441,2026-07-31,Fri,BDT-F006,IndiGo,6E1443,AUH,08:20,6E1444,AUH,09:50,A320neo,186,International
OCC003442,2026-07-31,Fri,BDT-F007,Alliance Air,I7105,PYB,09:25,I7205,PYB,09:40,Cessna 208B,9,Domestic
OCC003443,2026-07-31,Fri,BDT-F008,IndiGo,6E714,HYD,10:05,6E6294,HYD,10:40,A320ceo,186,Domestic
OCC003444,2026-07-31,Fri,BDT-F009,IndiGo,6E7128,VGA,10:30,6E7129,VGA,11:00,ATR 72-600,78,Domestic
OCC003445,2026-07-31,Fri,BDT-F010,IndiGo,6E6181,MAA,11:35,6E881,MAA,12:15,A320neo,186,Domestic
OCC003446,2026-07-31,Fri,BDT-F011,IndiGo,6E879,HYD,12:20,6E6645,HYD,13:00,A320neo,186,Domestic
OCC003447,2026-07-31,Fri,BDT-F013,IndiGo,6E7064,TIR,13:25,6E7063,TIR,13:50,ATR 72-600,78,Domestic
OCC003448,2026-07-31,Fri,BDT-F014,IndiGo,6E6336,BLR,14:10,6E5309,BLR,14:55,A321neo,232,Domestic
OCC003449,2026-07-31,Fri,BDT-F015,IndiGo,6E409,HYD,14:25,6E5247,BOM,15:05,A321neo,232,Domestic
OCC003450,2026-07-31,Fri,BDT-F016,IndiGo,6E504,HYD,15:45,6E783,HYD,16:25,A321neo,232,Domestic
OCC003451,2026-07-31,Fri,BDT-F017,Air India Express,IX2819,HYD,15:55,IX2744,HYD,16:35,B737-800,189,Domestic
OCC003452,2026-07-31,Fri,BDT-F018,Air India,AI419,DEL,16:05,AI420,DEL,16:45,A321neo,182,Domestic
OCC003453,2026-07-31,Fri,BDT-F019,IndiGo,6E2698,MAA,17:55,6E6089,MAA,18:35,A321neo,232,Domestic
OCC003454,2026-07-31,Fri,BDT-F020,IndiGo,6E7361,UNK,18:20,6E7362,BBI,18:50,ATR 72-600,78,Domestic
OCC003455,2026-07-31,Fri,BDT-F021,Air India Express,IX2023,BLR,18:30,IX1358,VGA,19:00,B737-800,189,Domestic
OCC003456,2026-07-31,Fri,BDT-F022,IndiGo,6E208,HYD,18:40,6E216,HYD,19:20,A321neo,232,Domestic
OCC003457,2026-07-31,Fri,BDT-F023,IndiGo,6E616,CCU,19:10,6E617,CCU,19:50,A321neo,232,Domestic
OCC003458,2026-07-31,Fri,BDT-F024,IndiGo,6E5248,NMI,20:00,6E883,HYD,20:40,A321neo,232,Domestic
OCC003459,2026-07-31,Fri,BDT-F025,IndiGo,6E969,BLR,20:30,6E2772,BLR,21:10,A321neo,232,Domestic
OCC003460,2026-07-31,Fri,BDT-F026,IndiGo,6E384,HYD,20:40,6E385,HYD,21:20,A320neo,186,Domestic
OCC003461,2026-07-31,Fri,BDT-F027,Air India,AI1702,DEL,20:50,AI1802,DEL,21:30,A320ceo,180,Domestic
OCC003462,2026-07-31,Fri,BDT-F028,Air India Express,IX1373,VGA,21:40,IX1373,BLR,22:10,B737-800,189,Domestic
OCC003463,2026-07-31,Fri,BDT-F029,IndiGo,6E2213,DEL,22:05,6E6631,DEL,22:45,A321neo,232,Domestic
OCC003464,2026-07-31,Fri,BDT-F030,Scoot,TR784,SIN,22:15,TR785,SIN,23:00,A320neo,186,International
OCC003465,2026-08-01,Sat,BDT-F001,Air India Express,IX2064,BLR,07:30,IX2065,BLR,08:00,B737-800,189,Domestic
OCC003466,2026-08-01,Sat,BDT-F002,IndiGo,6E6425,DEL,07:40,6E6426,DEL,08:20,A320neo,186,Domestic
OCC003467,2026-08-01,Sat,BDT-F003,IndiGo,6E557,MAA,07:50,6E845,MAA,08:30,A320ceo,186,Domestic
OCC003468,2026-08-01,Sat,BDT-F004,Air India Express,IX2837,HYD,08:20,IX2745,HYD,08:50,B737-800,189,Domestic
OCC003469,2026-08-01,Sat,BDT-F005,IndiGo,6E6408,HYD,08:25,6E915,HYD,08:55,A320neo,186,Domestic
OCC003470,2026-08-01,Sat,BDT-F007,Alliance Air,I7105,PYB,09:25,I7205,PYB,09:40,Cessna 208B,9,Domestic
OCC003471,2026-08-01,Sat,BDT-F008,IndiGo,6E714,HYD,10:05,6E6294,HYD,10:40,A320ceo,186,Domestic
OCC003472,2026-08-01,Sat,BDT-F009,IndiGo,6E7128,VGA,10:30,6E7129,VGA,11:00,ATR 72-600,78,Domestic
OCC003473,2026-08-01,Sat,BDT-F010,IndiGo,6E6181,MAA,11:35,6E881,MAA,12:15,A320neo,186,Domestic
OCC003474,2026-08-01,Sat,BDT-F011,IndiGo,6E879,HYD,12:20,6E6645,HYD,13:00,A320neo,186,Domestic
OCC003475,2026-08-01,Sat,BDT-F012,IndiGo,6E7176,KJB,13:20,6E7177,KJB,13:40,ATR 72-600,78,Domestic
OCC003476,2026-08-01,Sat,BDT-F013,IndiGo,6E7064,TIR,13:25,6E7063,TIR,13:50,ATR 72-600,78,Domestic
OCC003477,2026-08-01,Sat,BDT-F014,IndiGo,6E6336,BLR,14:10,6E5309,BLR,14:55,A321neo,232,Domestic
OCC003478,2026-08-01,Sat,BDT-F015,IndiGo,6E409,HYD,14:25,6E5247,BOM,15:05,A321neo,232,Domestic
OCC003479,2026-08-01,Sat,BDT-F016,IndiGo,6E504,HYD,15:45,6E783,HYD,16:25,A321neo,232,Domestic
OCC003480,2026-08-01,Sat,BDT-F017,Air India Express,IX2819,HYD,15:55,IX2744,HYD,16:35,B737-800,189,Domestic
OCC003481,2026-08-01,Sat,BDT-F018,Air India,AI419,DEL,16:05,AI420,DEL,16:45,A321neo,182,Domestic
OCC003482,2026-08-01,Sat,BDT-F019,IndiGo,6E2698,MAA,17:55,6E6089,MAA,18:35,A321neo,232,Domestic
OCC003483,2026-08-01,Sat,BDT-F021,Air India Express,IX2023,BLR,18:30,IX1358,VGA,19:00,B737-800,189,Domestic
OCC003484,2026-08-01,Sat,BDT-F022,IndiGo,6E208,HYD,18:40,6E216,HYD,19:20,A321neo,232,Domestic
OCC003485,2026-08-01,Sat,BDT-F023,IndiGo,6E616,CCU,19:10,6E617,CCU,19:50,A321neo,232,Domestic
OCC003486,2026-08-01,Sat,BDT-F024,IndiGo,6E5248,NMI,20:00,6E883,HYD,20:40,A321neo,232,Domestic
OCC003487,2026-08-01,Sat,BDT-F025,IndiGo,6E969,BLR,20:30,6E2772,BLR,21:10,A321neo,232,Domestic
OCC003488,2026-08-01,Sat,BDT-F026,IndiGo,6E384,HYD,20:40,6E385,HYD,21:20,A320neo,186,Domestic
OCC003489,2026-08-01,Sat,BDT-F027,Air India,AI1702,DEL,20:50,AI1802,DEL,21:30,A320ceo,180,Domestic
OCC003490,2026-08-01,Sat,BDT-F028,Air India Express,IX1373,VGA,21:40,IX1373,BLR,22:10,B737-800,189,Domestic
OCC003491,2026-08-01,Sat,BDT-F029,IndiGo,6E2213,DEL,22:05,6E6631,DEL,22:45,A321neo,232,Domestic
OCC003492,2026-08-01,Sat,BDT-F030,Scoot,TR784,SIN,22:15,TR785,SIN,23:00,A320neo,186,International
OCC003493,2026-08-02,Sun,BDT-F002,IndiGo,6E6425,DEL,07:40,6E6426,DEL,08:20,A320neo,186,Domestic
OCC003494,2026-08-02,Sun,BDT-F003,IndiGo,6E557,MAA,07:50,6E845,MAA,08:30,A320ceo,186,Domestic
OCC003495,2026-08-02,Sun,BDT-F004,Air India Express,IX2837,HYD,08:20,IX2745,HYD,08:50,B737-800,189,Domestic
OCC003496,2026-08-02,Sun,BDT-F005,IndiGo,6E6408,HYD,08:25,6E915,HYD,08:55,A320neo,186,Domestic
OCC003497,2026-08-02,Sun,BDT-F006,IndiGo,6E1443,AUH,08:20,6E1444,AUH,09:50,A320neo,186,International
OCC003498,2026-08-02,Sun,BDT-F007,Alliance Air,I7105,PYB,09:25,I7205,PYB,09:40,Cessna 208B,9,Domestic
OCC003499,2026-08-02,Sun,BDT-F008,IndiGo,6E714,HYD,10:05,6E6294,HYD,10:40,A320ceo,186,Domestic
OCC003500,2026-08-02,Sun,BDT-F009,IndiGo,6E7128,VGA,10:30,6E7129,VGA,11:00,ATR 72-600,78,Domestic
OCC003501,2026-08-02,Sun,BDT-F010,IndiGo,6E6181,MAA,11:35,6E881,MAA,12:15,A320neo,186,Domestic
OCC003502,2026-08-02,Sun,BDT-F011,IndiGo,6E879,HYD,12:20,6E6645,HYD,13:00,A320neo,186,Domestic
OCC003503,2026-08-02,Sun,BDT-F013,IndiGo,6E7064,TIR,13:25,6E7063,TIR,13:50,ATR 72-600,78,Domestic
OCC003504,2026-08-02,Sun,BDT-F014,IndiGo,6E6336,BLR,14:10,6E5309,BLR,14:55,A321neo,232,Domestic
OCC003505,2026-08-02,Sun,BDT-F015,IndiGo,6E409,HYD,14:25,6E5247,BOM,15:05,A321neo,232,Domestic
OCC003506,2026-08-02,Sun,BDT-F016,IndiGo,6E504,HYD,15:45,6E783,HYD,16:25,A321neo,232,Domestic
OCC003507,2026-08-02,Sun,BDT-F017,Air India Express,IX2819,HYD,15:55,IX2744,HYD,16:35,B737-800,189,Domestic
OCC003508,2026-08-02,Sun,BDT-F018,Air India,AI419,DEL,16:05,AI420,DEL,16:45,A321neo,182,Domestic
OCC003509,2026-08-02,Sun,BDT-F019,IndiGo,6E2698,MAA,17:55,6E6089,MAA,18:35,A321neo,232,Domestic
OCC003510,2026-08-02,Sun,BDT-F020,IndiGo,6E7361,UNK,18:20,6E7362,BBI,18:50,ATR 72-600,78,Domestic
OCC003511,2026-08-02,Sun,BDT-F021,Air India Express,IX2023,BLR,18:30,IX1358,VGA,19:00,B737-800,189,Domestic
OCC003512,2026-08-02,Sun,BDT-F022,IndiGo,6E208,HYD,18:40,6E216,HYD,19:20,A321neo,232,Domestic
OCC003513,2026-08-02,Sun,BDT-F023,IndiGo,6E616,CCU,19:10,6E617,CCU,19:50,A321neo,232,Domestic
OCC003514,2026-08-02,Sun,BDT-F024,IndiGo,6E5248,NMI,20:00,6E883,HYD,20:40,A321neo,232,Domestic
OCC003515,2026-08-02,Sun,BDT-F025,IndiGo,6E969,BLR,20:30,6E2772,BLR,21:10,A321neo,232,Domestic
OCC003516,2026-08-02,Sun,BDT-F026,IndiGo,6E384,HYD,20:40,6E385,HYD,21:20,A320neo,186,Domestic
OCC003517,2026-08-02,Sun,BDT-F027,Air India,AI1702,DEL,20:50,AI1802,DEL,21:30,A320ceo,180,Domestic
OCC003518,2026-08-02,Sun,BDT-F028,Air India Express,IX1373,VGA,21:40,IX1373,BLR,22:10,B737-800,189,Domestic
OCC003519,2026-08-02,Sun,BDT-F029,IndiGo,6E2213,DEL,22:05,6E6631,DEL,22:45,A321neo,232,Domestic
OCC003520,2026-08-03,Mon,BDT-F001,Air India Express,IX2064,BLR,07:30,IX2065,BLR,08:00,B737-800,189,Domestic
OCC003521,2026-08-03,Mon,BDT-F002,IndiGo,6E6425,DEL,07:40,6E6426,DEL,08:20,A320neo,186,Domestic
OCC003522,2026-08-03,Mon,BDT-F003,IndiGo,6E557,MAA,07:50,6E845,MAA,08:30,A320ceo,186,Domestic
OCC003523,2026-08-03,Mon,BDT-F004,Air India Express,IX2837,HYD,08:20,IX2745,HYD,08:50,B737-800,189,Domestic
OCC003524,2026-08-03,Mon,BDT-F005,IndiGo,6E6408,HYD,08:25,6E915,HYD,08:55,A320neo,186,Domestic
OCC003525,2026-08-03,Mon,BDT-F006,IndiGo,6E1443,AUH,08:20,6E1444,AUH,09:50,A320neo,186,International
OCC003526,2026-08-03,Mon,BDT-F007,Alliance Air,I7105,PYB,09:25,I7205,PYB,09:40,Cessna 208B,9,Domestic
OCC003527,2026-08-03,Mon,BDT-F008,IndiGo,6E714,HYD,10:05,6E6294,HYD,10:40,A320ceo,186,Domestic
OCC003528,2026-08-03,Mon,BDT-F009,IndiGo,6E7128,VGA,10:30,6E7129,VGA,11:00,ATR 72-600,78,Domestic
OCC003529,2026-08-03,Mon,BDT-F010,IndiGo,6E6181,MAA,11:35,6E881,MAA,12:15,A320neo,186,Domestic
OCC003530,2026-08-03,Mon,BDT-F011,IndiGo,6E879,HYD,12:20,6E6645,HYD,13:00,A320neo,186,Domestic
OCC003531,2026-08-03,Mon,BDT-F013,IndiGo,6E7064,TIR,13:25,6E7063,TIR,13:50,ATR 72-600,78,Domestic
OCC003532,2026-08-03,Mon,BDT-F014,IndiGo,6E6336,BLR,14:10,6E5309,BLR,14:55,A321neo,232,Domestic
OCC003533,2026-08-03,Mon,BDT-F015,IndiGo,6E409,HYD,14:25,6E5247,BOM,15:05,A321neo,232,Domestic
OCC003534,2026-08-03,Mon,BDT-F016,IndiGo,6E504,HYD,15:45,6E783,HYD,16:25,A321neo,232,Domestic
OCC003535,2026-08-03,Mon,BDT-F017,Air India Express,IX2819,HYD,15:55,IX2744,HYD,16:35,B737-800,189,Domestic
OCC003536,2026-08-03,Mon,BDT-F018,Air India,AI419,DEL,16:05,AI420,DEL,16:45,A321neo,182,Domestic
OCC003537,2026-08-03,Mon,BDT-F019,IndiGo,6E2698,MAA,17:55,6E6089,MAA,18:35,A321neo,232,Domestic
OCC003538,2026-08-03,Mon,BDT-F020,IndiGo,6E7361,UNK,18:20,6E7362,BBI,18:50,ATR 72-600,78,Domestic
OCC003539,2026-08-03,Mon,BDT-F021,Air India Express,IX2023,BLR,18:30,IX1358,VGA,19:00,B737-800,189,Domestic
OCC003540,2026-08-03,Mon,BDT-F022,IndiGo,6E208,HYD,18:40,6E216,HYD,19:20,A321neo,232,Domestic
OCC003541,2026-08-03,Mon,BDT-F023,IndiGo,6E616,CCU,19:10,6E617,CCU,19:50,A321neo,232,Domestic
OCC003542,2026-08-03,Mon,BDT-F024,IndiGo,6E5248,NMI,20:00,6E883,HYD,20:40,A321neo,232,Domestic
OCC003543,2026-08-03,Mon,BDT-F025,IndiGo,6E969,BLR,20:30,6E2772,BLR,21:10,A321neo,232,Domestic
OCC003544,2026-08-03,Mon,BDT-F026,IndiGo,6E384,HYD,20:40,6E385,HYD,21:20,A320neo,186,Domestic
OCC003545,2026-08-03,Mon,BDT-F027,Air India,AI1702,DEL,20:50,AI1802,DEL,21:30,A320ceo,180,Domestic
OCC003546,2026-08-03,Mon,BDT-F028,Air India Express,IX1373,VGA,21:40,IX1373,BLR,22:10,B737-800,189,Domestic
OCC003547,2026-08-03,Mon,BDT-F029,IndiGo,6E2213,DEL,22:05,6E6631,DEL,22:45,A321neo,232,Domestic
OCC003548,2026-08-03,Mon,BDT-F030,Scoot,TR784,SIN,22:15,TR785,SIN,23:00,A320neo,186,International
OCC003549,2026-08-04,Tue,BDT-F001,Air India Express,IX2064,BLR,07:30,IX2065,BLR,08:00,B737-800,189,Domestic
OCC003550,2026-08-04,Tue,BDT-F002,IndiGo,6E6425,DEL,07:40,6E6426,DEL,08:20,A320neo,186,Domestic
OCC003551,2026-08-04,Tue,BDT-F003,IndiGo,6E557,MAA,07:50,6E845,MAA,08:30,A320ceo,186,Domestic
OCC003552,2026-08-04,Tue,BDT-F004,Air India Express,IX2837,HYD,08:20,IX2745,HYD,08:50,B737-800,189,Domestic
OCC003553,2026-08-04,Tue,BDT-F005,IndiGo,6E6408,HYD,08:25,6E915,HYD,08:55,A320neo,186,Domestic
OCC003554,2026-08-04,Tue,BDT-F007,Alliance Air,I7105,PYB,09:25,I7205,PYB,09:40,Cessna 208B,9,Domestic
OCC003555,2026-08-04,Tue,BDT-F008,IndiGo,6E714,HYD,10:05,6E6294,HYD,10:40,A320ceo,186,Domestic
OCC003556,2026-08-04,Tue,BDT-F009,IndiGo,6E7128,VGA,10:30,6E7129,VGA,11:00,ATR 72-600,78,Domestic
OCC003557,2026-08-04,Tue,BDT-F010,IndiGo,6E6181,MAA,11:35,6E881,MAA,12:15,A320neo,186,Domestic
OCC003558,2026-08-04,Tue,BDT-F011,IndiGo,6E879,HYD,12:20,6E6645,HYD,13:00,A320neo,186,Domestic
OCC003559,2026-08-04,Tue,BDT-F012,IndiGo,6E7176,KJB,13:20,6E7177,KJB,13:40,ATR 72-600,78,Domestic
OCC003560,2026-08-04,Tue,BDT-F013,IndiGo,6E7064,TIR,13:25,6E7063,TIR,13:50,ATR 72-600,78,Domestic
OCC003561,2026-08-04,Tue,BDT-F014,IndiGo,6E6336,BLR,14:10,6E5309,BLR,14:55,A321neo,232,Domestic
OCC003562,2026-08-04,Tue,BDT-F015,IndiGo,6E409,HYD,14:25,6E5247,BOM,15:05,A321neo,232,Domestic
OCC003563,2026-08-04,Tue,BDT-F016,IndiGo,6E504,HYD,15:45,6E783,HYD,16:25,A321neo,232,Domestic
OCC003564,2026-08-04,Tue,BDT-F017,Air India Express,IX2819,HYD,15:55,IX2744,HYD,16:35,B737-800,189,Domestic
OCC003565,2026-08-04,Tue,BDT-F018,Air India,AI419,DEL,16:05,AI420,DEL,16:45,A321neo,182,Domestic
OCC003566,2026-08-04,Tue,BDT-F019,IndiGo,6E2698,MAA,17:55,6E6089,MAA,18:35,A321neo,232,Domestic
OCC003567,2026-08-04,Tue,BDT-F021,Air India Express,IX2023,BLR,18:30,IX1358,VGA,19:00,B737-800,189,Domestic
OCC003568,2026-08-04,Tue,BDT-F022,IndiGo,6E208,HYD,18:40,6E216,HYD,19:20,A321neo,232,Domestic
OCC003569,2026-08-04,Tue,BDT-F023,IndiGo,6E616,CCU,19:10,6E617,CCU,19:50,A321neo,232,Domestic
OCC003570,2026-08-04,Tue,BDT-F024,IndiGo,6E5248,NMI,20:00,6E883,HYD,20:40,A321neo,232,Domestic
OCC003571,2026-08-04,Tue,BDT-F025,IndiGo,6E969,BLR,20:30,6E2772,BLR,21:10,A321neo,232,Domestic
OCC003572,2026-08-04,Tue,BDT-F026,IndiGo,6E384,HYD,20:40,6E385,HYD,21:20,A320neo,186,Domestic
OCC003573,2026-08-04,Tue,BDT-F027,Air India,AI1702,DEL,20:50,AI1802,DEL,21:30,A320ceo,180,Domestic
OCC003574,2026-08-04,Tue,BDT-F028,Air India Express,IX1373,VGA,21:40,IX1373,BLR,22:10,B737-800,189,Domestic
OCC003575,2026-08-04,Tue,BDT-F029,IndiGo,6E2213,DEL,22:05,6E6631,DEL,22:45,A321neo,232,Domestic
OCC003576,2026-08-05,Wed,BDT-F002,IndiGo,6E6425,DEL,07:40,6E6426,DEL,08:20,A320neo,186,Domestic
OCC003577,2026-08-05,Wed,BDT-F003,IndiGo,6E557,MAA,07:50,6E845,MAA,08:30,A320ceo,186,Domestic
OCC003578,2026-08-05,Wed,BDT-F004,Air India Express,IX2837,HYD,08:20,IX2745,HYD,08:50,B737-800,189,Domestic
OCC003579,2026-08-05,Wed,BDT-F005,IndiGo,6E6408,HYD,08:25,6E915,HYD,08:55,A320neo,186,Domestic
OCC003580,2026-08-05,Wed,BDT-F006,IndiGo,6E1443,AUH,08:20,6E1444,AUH,09:50,A320neo,186,International
OCC003581,2026-08-05,Wed,BDT-F007,Alliance Air,I7105,PYB,09:25,I7205,PYB,09:40,Cessna 208B,9,Domestic
OCC003582,2026-08-05,Wed,BDT-F008,IndiGo,6E714,HYD,10:05,6E6294,HYD,10:40,A320ceo,186,Domestic
OCC003583,2026-08-05,Wed,BDT-F009,IndiGo,6E7128,VGA,10:30,6E7129,VGA,11:00,ATR 72-600,78,Domestic
OCC003584,2026-08-05,Wed,BDT-F010,IndiGo,6E6181,MAA,11:35,6E881,MAA,12:15,A320neo,186,Domestic
OCC003585,2026-08-05,Wed,BDT-F011,IndiGo,6E879,HYD,12:20,6E6645,HYD,13:00,A320neo,186,Domestic
OCC003586,2026-08-05,Wed,BDT-F013,IndiGo,6E7064,TIR,13:25,6E7063,TIR,13:50,ATR 72-600,78,Domestic
OCC003587,2026-08-05,Wed,BDT-F014,IndiGo,6E6336,BLR,14:10,6E5309,BLR,14:55,A321neo,232,Domestic
OCC003588,2026-08-05,Wed,BDT-F015,IndiGo,6E409,HYD,14:25,6E5247,BOM,15:05,A321neo,232,Domestic
OCC003589,2026-08-05,Wed,BDT-F016,IndiGo,6E504,HYD,15:45,6E783,HYD,16:25,A321neo,232,Domestic
OCC003590,2026-08-05,Wed,BDT-F017,Air India Express,IX2819,HYD,15:55,IX2744,HYD,16:35,B737-800,189,Domestic
OCC003591,2026-08-05,Wed,BDT-F018,Air India,AI419,DEL,16:05,AI420,DEL,16:45,A321neo,182,Domestic
OCC003592,2026-08-05,Wed,BDT-F019,IndiGo,6E2698,MAA,17:55,6E6089,MAA,18:35,A321neo,232,Domestic
OCC003593,2026-08-05,Wed,BDT-F020,IndiGo,6E7361,UNK,18:20,6E7362,BBI,18:50,ATR 72-600,78,Domestic
OCC003594,2026-08-05,Wed,BDT-F021,Air India Express,IX2023,BLR,18:30,IX1358,VGA,19:00,B737-800,189,Domestic
OCC003595,2026-08-05,Wed,BDT-F022,IndiGo,6E208,HYD,18:40,6E216,HYD,19:20,A321neo,232,Domestic
OCC003596,2026-08-05,Wed,BDT-F023,IndiGo,6E616,CCU,19:10,6E617,CCU,19:50,A321neo,232,Domestic
OCC003597,2026-08-05,Wed,BDT-F024,IndiGo,6E5248,NMI,20:00,6E883,HYD,20:40,A321neo,232,Domestic
OCC003598,2026-08-05,Wed,BDT-F025,IndiGo,6E969,BLR,20:30,6E2772,BLR,21:10,A321neo,232,Domestic
OCC003599,2026-08-05,Wed,BDT-F026,IndiGo,6E384,HYD,20:40,6E385,HYD,21:20,A320neo,186,Domestic
OCC003600,2026-08-05,Wed,BDT-F027,Air India,AI1702,DEL,20:50,AI1802,DEL,21:30,A320ceo,180,Domestic
OCC003601,2026-08-05,Wed,BDT-F028,Air India Express,IX1373,VGA,21:40,IX1373,BLR,22:10,B737-800,189,Domestic
OCC003602,2026-08-05,Wed,BDT-F029,IndiGo,6E2213,DEL,22:05,6E6631,DEL,22:45,A321neo,232,Domestic
OCC003603,2026-08-05,Wed,BDT-F030,Scoot,TR784,SIN,22:15,TR785,SIN,23:00,A320neo,186,International
OCC003604,2026-08-06,Thu,BDT-F001,Air India Express,IX2064,BLR,07:30,IX2065,BLR,08:00,B737-800,189,Domestic
OCC003605,2026-08-06,Thu,BDT-F002,IndiGo,6E6425,DEL,07:40,6E6426,DEL,08:20,A320neo,186,Domestic
OCC003606,2026-08-06,Thu,BDT-F003,IndiGo,6E557,MAA,07:50,6E845,MAA,08:30,A320ceo,186,Domestic
OCC003607,2026-08-06,Thu,BDT-F004,Air India Express,IX2837,HYD,08:20,IX2745,HYD,08:50,B737-800,189,Domestic
OCC003608,2026-08-06,Thu,BDT-F005,IndiGo,6E6408,HYD,08:25,6E915,HYD,08:55,A320neo,186,Domestic
OCC003609,2026-08-06,Thu,BDT-F007,Alliance Air,I7105,PYB,09:25,I7205,PYB,09:40,Cessna 208B,9,Domestic
OCC003610,2026-08-06,Thu,BDT-F008,IndiGo,6E714,HYD,10:05,6E6294,HYD,10:40,A320ceo,186,Domestic
OCC003611,2026-08-06,Thu,BDT-F009,IndiGo,6E7128,VGA,10:30,6E7129,VGA,11:00,ATR 72-600,78,Domestic
OCC003612,2026-08-06,Thu,BDT-F010,IndiGo,6E6181,MAA,11:35,6E881,MAA,12:15,A320neo,186,Domestic
OCC003613,2026-08-06,Thu,BDT-F011,IndiGo,6E879,HYD,12:20,6E6645,HYD,13:00,A320neo,186,Domestic
OCC003614,2026-08-06,Thu,BDT-F012,IndiGo,6E7176,KJB,13:20,6E7177,KJB,13:40,ATR 72-600,78,Domestic
OCC003615,2026-08-06,Thu,BDT-F013,IndiGo,6E7064,TIR,13:25,6E7063,TIR,13:50,ATR 72-600,78,Domestic
OCC003616,2026-08-06,Thu,BDT-F014,IndiGo,6E6336,BLR,14:10,6E5309,BLR,14:55,A321neo,232,Domestic
OCC003617,2026-08-06,Thu,BDT-F015,IndiGo,6E409,HYD,14:25,6E5247,BOM,15:05,A321neo,232,Domestic
OCC003618,2026-08-06,Thu,BDT-F016,IndiGo,6E504,HYD,15:45,6E783,HYD,16:25,A321neo,232,Domestic
OCC003619,2026-08-06,Thu,BDT-F017,Air India Express,IX2819,HYD,15:55,IX2744,HYD,16:35,B737-800,189,Domestic
OCC003620,2026-08-06,Thu,BDT-F018,Air India,AI419,DEL,16:05,AI420,DEL,16:45,A321neo,182,Domestic
OCC003621,2026-08-06,Thu,BDT-F019,IndiGo,6E2698,MAA,17:55,6E6089,MAA,18:35,A321neo,232,Domestic
OCC003622,2026-08-06,Thu,BDT-F021,Air India Express,IX2023,BLR,18:30,IX1358,VGA,19:00,B737-800,189,Domestic
OCC003623,2026-08-06,Thu,BDT-F022,IndiGo,6E208,HYD,18:40,6E216,HYD,19:20,A321neo,232,Domestic
OCC003624,2026-08-06,Thu,BDT-F023,IndiGo,6E616,CCU,19:10,6E617,CCU,19:50,A321neo,232,Domestic
OCC003625,2026-08-06,Thu,BDT-F024,IndiGo,6E5248,NMI,20:00,6E883,HYD,20:40,A321neo,232,Domestic
OCC003626,2026-08-06,Thu,BDT-F025,IndiGo,6E969,BLR,20:30,6E2772,BLR,21:10,A321neo,232,Domestic
OCC003627,2026-08-06,Thu,BDT-F026,IndiGo,6E384,HYD,20:40,6E385,HYD,21:20,A320neo,186,Domestic
OCC003628,2026-08-06,Thu,BDT-F027,Air India,AI1702,DEL,20:50,AI1802,DEL,21:30,A320ceo,180,Domestic
OCC003629,2026-08-06,Thu,BDT-F028,Air India Express,IX1373,VGA,21:40,IX1373,BLR,22:10,B737-800,189,Domestic
OCC003630,2026-08-06,Thu,BDT-F029,IndiGo,6E2213,DEL,22:05,6E6631,DEL,22:45,A321neo,232,Domestic
OCC003631,2026-08-07,Fri,BDT-F002,IndiGo,6E6425,DEL,07:40,6E6426,DEL,08:20,A320neo,186,Domestic
OCC003632,2026-08-07,Fri,BDT-F003,IndiGo,6E557,MAA,07:50,6E845,MAA,08:30,A320ceo,186,Domestic
OCC003633,2026-08-07,Fri,BDT-F004,Air India Express,IX2837,HYD,08:20,IX2745,HYD,08:50,B737-800,189,Domestic
OCC003634,2026-08-07,Fri,BDT-F005,IndiGo,6E6408,HYD,08:25,6E915,HYD,08:55,A320neo,186,Domestic
OCC003635,2026-08-07,Fri,BDT-F006,IndiGo,6E1443,AUH,08:20,6E1444,AUH,09:50,A320neo,186,International
OCC003636,2026-08-07,Fri,BDT-F007,Alliance Air,I7105,PYB,09:25,I7205,PYB,09:40,Cessna 208B,9,Domestic
OCC003637,2026-08-07,Fri,BDT-F008,IndiGo,6E714,HYD,10:05,6E6294,HYD,10:40,A320ceo,186,Domestic
OCC003638,2026-08-07,Fri,BDT-F009,IndiGo,6E7128,VGA,10:30,6E7129,VGA,11:00,ATR 72-600,78,Domestic
OCC003639,2026-08-07,Fri,BDT-F010,IndiGo,6E6181,MAA,11:35,6E881,MAA,12:15,A320neo,186,Domestic
OCC003640,2026-08-07,Fri,BDT-F011,IndiGo,6E879,HYD,12:20,6E6645,HYD,13:00,A320neo,186,Domestic
OCC003641,2026-08-07,Fri,BDT-F013,IndiGo,6E7064,TIR,13:25,6E7063,TIR,13:50,ATR 72-600,78,Domestic
OCC003642,2026-08-07,Fri,BDT-F014,IndiGo,6E6336,BLR,14:10,6E5309,BLR,14:55,A321neo,232,Domestic
OCC003643,2026-08-07,Fri,BDT-F015,IndiGo,6E409,HYD,14:25,6E5247,BOM,15:05,A321neo,232,Domestic
OCC003644,2026-08-07,Fri,BDT-F016,IndiGo,6E504,HYD,15:45,6E783,HYD,16:25,A321neo,232,Domestic
OCC003645,2026-08-07,Fri,BDT-F017,Air India Express,IX2819,HYD,15:55,IX2744,HYD,16:35,B737-800,189,Domestic
OCC003646,2026-08-07,Fri,BDT-F018,Air India,AI419,DEL,16:05,AI420,DEL,16:45,A321neo,182,Domestic
OCC003647,2026-08-07,Fri,BDT-F019,IndiGo,6E2698,MAA,17:55,6E6089,MAA,18:35,A321neo,232,Domestic
OCC003648,2026-08-07,Fri,BDT-F020,IndiGo,6E7361,UNK,18:20,6E7362,BBI,18:50,ATR 72-600,78,Domestic
OCC003649,2026-08-07,Fri,BDT-F021,Air India Express,IX2023,BLR,18:30,IX1358,VGA,19:00,B737-800,189,Domestic
OCC003650,2026-08-07,Fri,BDT-F022,IndiGo,6E208,HYD,18:40,6E216,HYD,19:20,A321neo,232,Domestic
OCC003651,2026-08-07,Fri,BDT-F023,IndiGo,6E616,CCU,19:10,6E617,CCU,19:50,A321neo,232,Domestic
OCC003652,2026-08-07,Fri,BDT-F024,IndiGo,6E5248,NMI,20:00,6E883,HYD,20:40,A321neo,232,Domestic
OCC003653,2026-08-07,Fri,BDT-F025,IndiGo,6E969,BLR,20:30,6E2772,BLR,21:10,A321neo,232,Domestic
OCC003654,2026-08-07,Fri,BDT-F026,IndiGo,6E384,HYD,20:40,6E385,HYD,21:20,A320neo,186,Domestic
OCC003655,2026-08-07,Fri,BDT-F027,Air India,AI1702,DEL,20:50,AI1802,DEL,21:30,A320ceo,180,Domestic
OCC003656,2026-08-07,Fri,BDT-F028,Air India Express,IX1373,VGA,21:40,IX1373,BLR,22:10,B737-800,189,Domestic
OCC003657,2026-08-07,Fri,BDT-F029,IndiGo,6E2213,DEL,22:05,6E6631,DEL,22:45,A321neo,232,Domestic
OCC003658,2026-08-07,Fri,BDT-F030,Scoot,TR784,SIN,22:15,TR785,SIN,23:00,A320neo,186,International
OCC003659,2026-08-08,Sat,BDT-F001,Air India Express,IX2064,BLR,07:30,IX2065,BLR,08:00,B737-800,189,Domestic
OCC003660,2026-08-08,Sat,BDT-F002,IndiGo,6E6425,DEL,07:40,6E6426,DEL,08:20,A320neo,186,Domestic
OCC003661,2026-08-08,Sat,BDT-F003,IndiGo,6E557,MAA,07:50,6E845,MAA,08:30,A320ceo,186,Domestic
OCC003662,2026-08-08,Sat,BDT-F004,Air India Express,IX2837,HYD,08:20,IX2745,HYD,08:50,B737-800,189,Domestic
OCC003663,2026-08-08,Sat,BDT-F005,IndiGo,6E6408,HYD,08:25,6E915,HYD,08:55,A320neo,186,Domestic
OCC003664,2026-08-08,Sat,BDT-F007,Alliance Air,I7105,PYB,09:25,I7205,PYB,09:40,Cessna 208B,9,Domestic
OCC003665,2026-08-08,Sat,BDT-F008,IndiGo,6E714,HYD,10:05,6E6294,HYD,10:40,A320ceo,186,Domestic
OCC003666,2026-08-08,Sat,BDT-F009,IndiGo,6E7128,VGA,10:30,6E7129,VGA,11:00,ATR 72-600,78,Domestic
OCC003667,2026-08-08,Sat,BDT-F010,IndiGo,6E6181,MAA,11:35,6E881,MAA,12:15,A320neo,186,Domestic
OCC003668,2026-08-08,Sat,BDT-F011,IndiGo,6E879,HYD,12:20,6E6645,HYD,13:00,A320neo,186,Domestic
OCC003669,2026-08-08,Sat,BDT-F012,IndiGo,6E7176,KJB,13:20,6E7177,KJB,13:40,ATR 72-600,78,Domestic
OCC003670,2026-08-08,Sat,BDT-F013,IndiGo,6E7064,TIR,13:25,6E7063,TIR,13:50,ATR 72-600,78,Domestic
OCC003671,2026-08-08,Sat,BDT-F014,IndiGo,6E6336,BLR,14:10,6E5309,BLR,14:55,A321neo,232,Domestic
OCC003672,2026-08-08,Sat,BDT-F015,IndiGo,6E409,HYD,14:25,6E5247,BOM,15:05,A321neo,232,Domestic
OCC003673,2026-08-08,Sat,BDT-F016,IndiGo,6E504,HYD,15:45,6E783,HYD,16:25,A321neo,232,Domestic
OCC003674,2026-08-08,Sat,BDT-F017,Air India Express,IX2819,HYD,15:55,IX2744,HYD,16:35,B737-800,189,Domestic
OCC003675,2026-08-08,Sat,BDT-F018,Air India,AI419,DEL,16:05,AI420,DEL,16:45,A321neo,182,Domestic
OCC003676,2026-08-08,Sat,BDT-F019,IndiGo,6E2698,MAA,17:55,6E6089,MAA,18:35,A321neo,232,Domestic
OCC003677,2026-08-08,Sat,BDT-F021,Air India Express,IX2023,BLR,18:30,IX1358,VGA,19:00,B737-800,189,Domestic
OCC003678,2026-08-08,Sat,BDT-F022,IndiGo,6E208,HYD,18:40,6E216,HYD,19:20,A321neo,232,Domestic
OCC003679,2026-08-08,Sat,BDT-F023,IndiGo,6E616,CCU,19:10,6E617,CCU,19:50,A321neo,232,Domestic
OCC003680,2026-08-08,Sat,BDT-F024,IndiGo,6E5248,NMI,20:00,6E883,HYD,20:40,A321neo,232,Domestic
OCC003681,2026-08-08,Sat,BDT-F025,IndiGo,6E969,BLR,20:30,6E2772,BLR,21:10,A321neo,232,Domestic
OCC003682,2026-08-08,Sat,BDT-F026,IndiGo,6E384,HYD,20:40,6E385,HYD,21:20,A320neo,186,Domestic
OCC003683,2026-08-08,Sat,BDT-F027,Air India,AI1702,DEL,20:50,AI1802,DEL,21:30,A320ceo,180,Domestic
OCC003684,2026-08-08,Sat,BDT-F028,Air India Express,IX1373,VGA,21:40,IX1373,BLR,22:10,B737-800,189,Domestic
OCC003685,2026-08-08,Sat,BDT-F029,IndiGo,6E2213,DEL,22:05,6E6631,DEL,22:45,A321neo,232,Domestic
OCC003686,2026-08-08,Sat,BDT-F030,Scoot,TR784,SIN,22:15,TR785,SIN,23:00,A320neo,186,International
OCC003687,2026-08-09,Sun,BDT-F002,IndiGo,6E6425,DEL,07:40,6E6426,DEL,08:20,A320neo,186,Domestic
OCC003688,2026-08-09,Sun,BDT-F003,IndiGo,6E557,MAA,07:50,6E845,MAA,08:30,A320ceo,186,Domestic
OCC003689,2026-08-09,Sun,BDT-F004,Air India Express,IX2837,HYD,08:20,IX2745,HYD,08:50,B737-800,189,Domestic
OCC003690,2026-08-09,Sun,BDT-F005,IndiGo,6E6408,HYD,08:25,6E915,HYD,08:55,A320neo,186,Domestic
OCC003691,2026-08-09,Sun,BDT-F006,IndiGo,6E1443,AUH,08:20,6E1444,AUH,09:50,A320neo,186,International
OCC003692,2026-08-09,Sun,BDT-F007,Alliance Air,I7105,PYB,09:25,I7205,PYB,09:40,Cessna 208B,9,Domestic
OCC003693,2026-08-09,Sun,BDT-F008,IndiGo,6E714,HYD,10:05,6E6294,HYD,10:40,A320ceo,186,Domestic
OCC003694,2026-08-09,Sun,BDT-F009,IndiGo,6E7128,VGA,10:30,6E7129,VGA,11:00,ATR 72-600,78,Domestic
OCC003695,2026-08-09,Sun,BDT-F010,IndiGo,6E6181,MAA,11:35,6E881,MAA,12:15,A320neo,186,Domestic
OCC003696,2026-08-09,Sun,BDT-F011,IndiGo,6E879,HYD,12:20,6E6645,HYD,13:00,A320neo,186,Domestic
OCC003697,2026-08-09,Sun,BDT-F013,IndiGo,6E7064,TIR,13:25,6E7063,TIR,13:50,ATR 72-600,78,Domestic
OCC003698,2026-08-09,Sun,BDT-F014,IndiGo,6E6336,BLR,14:10,6E5309,BLR,14:55,A321neo,232,Domestic
OCC003699,2026-08-09,Sun,BDT-F015,IndiGo,6E409,HYD,14:25,6E5247,BOM,15:05,A321neo,232,Domestic
OCC003700,2026-08-09,Sun,BDT-F016,IndiGo,6E504,HYD,15:45,6E783,HYD,16:25,A321neo,232,Domestic
OCC003701,2026-08-09,Sun,BDT-F017,Air India Express,IX2819,HYD,15:55,IX2744,HYD,16:35,B737-800,189,Domestic
OCC003702,2026-08-09,Sun,BDT-F018,Air India,AI419,DEL,16:05,AI420,DEL,16:45,A321neo,182,Domestic
OCC003703,2026-08-09,Sun,BDT-F019,IndiGo,6E2698,MAA,17:55,6E6089,MAA,18:35,A321neo,232,Domestic
OCC003704,2026-08-09,Sun,BDT-F020,IndiGo,6E7361,UNK,18:20,6E7362,BBI,18:50,ATR 72-600,78,Domestic
OCC003705,2026-08-09,Sun,BDT-F021,Air India Express,IX2023,BLR,18:30,IX1358,VGA,19:00,B737-800,189,Domestic
OCC003706,2026-08-09,Sun,BDT-F022,IndiGo,6E208,HYD,18:40,6E216,HYD,19:20,A321neo,232,Domestic
OCC003707,2026-08-09,Sun,BDT-F023,IndiGo,6E616,CCU,19:10,6E617,CCU,19:50,A321neo,232,Domestic
OCC003708,2026-08-09,Sun,BDT-F024,IndiGo,6E5248,NMI,20:00,6E883,HYD,20:40,A321neo,232,Domestic
OCC003709,2026-08-09,Sun,BDT-F025,IndiGo,6E969,BLR,20:30,6E2772,BLR,21:10,A321neo,232,Domestic
OCC003710,2026-08-09,Sun,BDT-F026,IndiGo,6E384,HYD,20:40,6E385,HYD,21:20,A320neo,186,Domestic
OCC003711,2026-08-09,Sun,BDT-F027,Air India,AI1702,DEL,20:50,AI1802,DEL,21:30,A320ceo,180,Domestic
OCC003712,2026-08-09,Sun,BDT-F028,Air India Express,IX1373,VGA,21:40,IX1373,BLR,22:10,B737-800,189,Domestic
OCC003713,2026-08-09,Sun,BDT-F029,IndiGo,6E2213,DEL,22:05,6E6631,DEL,22:45,A321neo,232,Domestic
OCC003714,2026-08-10,Mon,BDT-F001,Air India Express,IX2064,BLR,07:30,IX2065,BLR,08:00,B737-800,189,Domestic
OCC003715,2026-08-10,Mon,BDT-F002,IndiGo,6E6425,DEL,07:40,6E6426,DEL,08:20,A320neo,186,Domestic
OCC003716,2026-08-10,Mon,BDT-F003,IndiGo,6E557,MAA,07:50,6E845,MAA,08:30,A320ceo,186,Domestic
OCC003717,2026-08-10,Mon,BDT-F004,Air India Express,IX2837,HYD,08:20,IX2745,HYD,08:50,B737-800,189,Domestic
OCC003718,2026-08-10,Mon,BDT-F005,IndiGo,6E6408,HYD,08:25,6E915,HYD,08:55,A320neo,186,Domestic
OCC003719,2026-08-10,Mon,BDT-F006,IndiGo,6E1443,AUH,08:20,6E1444,AUH,09:50,A320neo,186,International
OCC003720,2026-08-10,Mon,BDT-F007,Alliance Air,I7105,PYB,09:25,I7205,PYB,09:40,Cessna 208B,9,Domestic
OCC003721,2026-08-10,Mon,BDT-F008,IndiGo,6E714,HYD,10:05,6E6294,HYD,10:40,A320ceo,186,Domestic
OCC003722,2026-08-10,Mon,BDT-F009,IndiGo,6E7128,VGA,10:30,6E7129,VGA,11:00,ATR 72-600,78,Domestic
OCC003723,2026-08-10,Mon,BDT-F010,IndiGo,6E6181,MAA,11:35,6E881,MAA,12:15,A320neo,186,Domestic
OCC003724,2026-08-10,Mon,BDT-F011,IndiGo,6E879,HYD,12:20,6E6645,HYD,13:00,A320neo,186,Domestic
OCC003725,2026-08-10,Mon,BDT-F013,IndiGo,6E7064,TIR,13:25,6E7063,TIR,13:50,ATR 72-600,78,Domestic
OCC003726,2026-08-10,Mon,BDT-F014,IndiGo,6E6336,BLR,14:10,6E5309,BLR,14:55,A321neo,232,Domestic
OCC003727,2026-08-10,Mon,BDT-F015,IndiGo,6E409,HYD,14:25,6E5247,BOM,15:05,A321neo,232,Domestic
OCC003728,2026-08-10,Mon,BDT-F016,IndiGo,6E504,HYD,15:45,6E783,HYD,16:25,A321neo,232,Domestic
OCC003729,2026-08-10,Mon,BDT-F017,Air India Express,IX2819,HYD,15:55,IX2744,HYD,16:35,B737-800,189,Domestic
OCC003730,2026-08-10,Mon,BDT-F018,Air India,AI419,DEL,16:05,AI420,DEL,16:45,A321neo,182,Domestic
OCC003731,2026-08-10,Mon,BDT-F019,IndiGo,6E2698,MAA,17:55,6E6089,MAA,18:35,A321neo,232,Domestic
OCC003732,2026-08-10,Mon,BDT-F020,IndiGo,6E7361,UNK,18:20,6E7362,BBI,18:50,ATR 72-600,78,Domestic
OCC003733,2026-08-10,Mon,BDT-F021,Air India Express,IX2023,BLR,18:30,IX1358,VGA,19:00,B737-800,189,Domestic
OCC003734,2026-08-10,Mon,BDT-F022,IndiGo,6E208,HYD,18:40,6E216,HYD,19:20,A321neo,232,Domestic
OCC003735,2026-08-10,Mon,BDT-F023,IndiGo,6E616,CCU,19:10,6E617,CCU,19:50,A321neo,232,Domestic
OCC003736,2026-08-10,Mon,BDT-F024,IndiGo,6E5248,NMI,20:00,6E883,HYD,20:40,A321neo,232,Domestic
OCC003737,2026-08-10,Mon,BDT-F025,IndiGo,6E969,BLR,20:30,6E2772,BLR,21:10,A321neo,232,Domestic
OCC003738,2026-08-10,Mon,BDT-F026,IndiGo,6E384,HYD,20:40,6E385,HYD,21:20,A320neo,186,Domestic
OCC003739,2026-08-10,Mon,BDT-F027,Air India,AI1702,DEL,20:50,AI1802,DEL,21:30,A320ceo,180,Domestic
OCC003740,2026-08-10,Mon,BDT-F028,Air India Express,IX1373,VGA,21:40,IX1373,BLR,22:10,B737-800,189,Domestic
OCC003741,2026-08-10,Mon,BDT-F029,IndiGo,6E2213,DEL,22:05,6E6631,DEL,22:45,A321neo,232,Domestic
OCC003742,2026-08-10,Mon,BDT-F030,Scoot,TR784,SIN,22:15,TR785,SIN,23:00,A320neo,186,International
OCC003743,2026-08-11,Tue,BDT-F001,Air India Express,IX2064,BLR,07:30,IX2065,BLR,08:00,B737-800,189,Domestic
OCC003744,2026-08-11,Tue,BDT-F002,IndiGo,6E6425,DEL,07:40,6E6426,DEL,08:20,A320neo,186,Domestic
OCC003745,2026-08-11,Tue,BDT-F003,IndiGo,6E557,MAA,07:50,6E845,MAA,08:30,A320ceo,186,Domestic
OCC003746,2026-08-11,Tue,BDT-F004,Air India Express,IX2837,HYD,08:20,IX2745,HYD,08:50,B737-800,189,Domestic
OCC003747,2026-08-11,Tue,BDT-F005,IndiGo,6E6408,HYD,08:25,6E915,HYD,08:55,A320neo,186,Domestic
OCC003748,2026-08-11,Tue,BDT-F007,Alliance Air,I7105,PYB,09:25,I7205,PYB,09:40,Cessna 208B,9,Domestic
OCC003749,2026-08-11,Tue,BDT-F008,IndiGo,6E714,HYD,10:05,6E6294,HYD,10:40,A320ceo,186,Domestic
OCC003750,2026-08-11,Tue,BDT-F009,IndiGo,6E7128,VGA,10:30,6E7129,VGA,11:00,ATR 72-600,78,Domestic
OCC003751,2026-08-11,Tue,BDT-F010,IndiGo,6E6181,MAA,11:35,6E881,MAA,12:15,A320neo,186,Domestic
OCC003752,2026-08-11,Tue,BDT-F011,IndiGo,6E879,HYD,12:20,6E6645,HYD,13:00,A320neo,186,Domestic
OCC003753,2026-08-11,Tue,BDT-F012,IndiGo,6E7176,KJB,13:20,6E7177,KJB,13:40,ATR 72-600,78,Domestic
OCC003754,2026-08-11,Tue,BDT-F013,IndiGo,6E7064,TIR,13:25,6E7063,TIR,13:50,ATR 72-600,78,Domestic
OCC003755,2026-08-11,Tue,BDT-F014,IndiGo,6E6336,BLR,14:10,6E5309,BLR,14:55,A321neo,232,Domestic
OCC003756,2026-08-11,Tue,BDT-F015,IndiGo,6E409,HYD,14:25,6E5247,BOM,15:05,A321neo,232,Domestic
OCC003757,2026-08-11,Tue,BDT-F016,IndiGo,6E504,HYD,15:45,6E783,HYD,16:25,A321neo,232,Domestic
OCC003758,2026-08-11,Tue,BDT-F017,Air India Express,IX2819,HYD,15:55,IX2744,HYD,16:35,B737-800,189,Domestic
OCC003759,2026-08-11,Tue,BDT-F018,Air India,AI419,DEL,16:05,AI420,DEL,16:45,A321neo,182,Domestic
OCC003760,2026-08-11,Tue,BDT-F019,IndiGo,6E2698,MAA,17:55,6E6089,MAA,18:35,A321neo,232,Domestic
OCC003761,2026-08-11,Tue,BDT-F021,Air India Express,IX2023,BLR,18:30,IX1358,VGA,19:00,B737-800,189,Domestic
OCC003762,2026-08-11,Tue,BDT-F022,IndiGo,6E208,HYD,18:40,6E216,HYD,19:20,A321neo,232,Domestic
OCC003763,2026-08-11,Tue,BDT-F023,IndiGo,6E616,CCU,19:10,6E617,CCU,19:50,A321neo,232,Domestic
OCC003764,2026-08-11,Tue,BDT-F024,IndiGo,6E5248,NMI,20:00,6E883,HYD,20:40,A321neo,232,Domestic
OCC003765,2026-08-11,Tue,BDT-F025,IndiGo,6E969,BLR,20:30,6E2772,BLR,21:10,A321neo,232,Domestic
OCC003766,2026-08-11,Tue,BDT-F026,IndiGo,6E384,HYD,20:40,6E385,HYD,21:20,A320neo,186,Domestic
OCC003767,2026-08-11,Tue,BDT-F027,Air India,AI1702,DEL,20:50,AI1802,DEL,21:30,A320ceo,180,Domestic
OCC003768,2026-08-11,Tue,BDT-F028,Air India Express,IX1373,VGA,21:40,IX1373,BLR,22:10,B737-800,189,Domestic
OCC003769,2026-08-11,Tue,BDT-F029,IndiGo,6E2213,DEL,22:05,6E6631,DEL,22:45,A321neo,232,Domestic
OCC003770,2026-08-12,Wed,BDT-F002,IndiGo,6E6425,DEL,07:40,6E6426,DEL,08:20,A320neo,186,Domestic
OCC003771,2026-08-12,Wed,BDT-F003,IndiGo,6E557,MAA,07:50,6E845,MAA,08:30,A320ceo,186,Domestic
OCC003772,2026-08-12,Wed,BDT-F004,Air India Express,IX2837,HYD,08:20,IX2745,HYD,08:50,B737-800,189,Domestic
OCC003773,2026-08-12,Wed,BDT-F005,IndiGo,6E6408,HYD,08:25,6E915,HYD,08:55,A320neo,186,Domestic
OCC003774,2026-08-12,Wed,BDT-F006,IndiGo,6E1443,AUH,08:20,6E1444,AUH,09:50,A320neo,186,International
OCC003775,2026-08-12,Wed,BDT-F007,Alliance Air,I7105,PYB,09:25,I7205,PYB,09:40,Cessna 208B,9,Domestic
OCC003776,2026-08-12,Wed,BDT-F008,IndiGo,6E714,HYD,10:05,6E6294,HYD,10:40,A320ceo,186,Domestic
OCC003777,2026-08-12,Wed,BDT-F009,IndiGo,6E7128,VGA,10:30,6E7129,VGA,11:00,ATR 72-600,78,Domestic
OCC003778,2026-08-12,Wed,BDT-F010,IndiGo,6E6181,MAA,11:35,6E881,MAA,12:15,A320neo,186,Domestic
OCC003779,2026-08-12,Wed,BDT-F011,IndiGo,6E879,HYD,12:20,6E6645,HYD,13:00,A320neo,186,Domestic
OCC003780,2026-08-12,Wed,BDT-F013,IndiGo,6E7064,TIR,13:25,6E7063,TIR,13:50,ATR 72-600,78,Domestic
OCC003781,2026-08-12,Wed,BDT-F014,IndiGo,6E6336,BLR,14:10,6E5309,BLR,14:55,A321neo,232,Domestic
OCC003782,2026-08-12,Wed,BDT-F015,IndiGo,6E409,HYD,14:25,6E5247,BOM,15:05,A321neo,232,Domestic
OCC003783,2026-08-12,Wed,BDT-F016,IndiGo,6E504,HYD,15:45,6E783,HYD,16:25,A321neo,232,Domestic
OCC003784,2026-08-12,Wed,BDT-F017,Air India Express,IX2819,HYD,15:55,IX2744,HYD,16:35,B737-800,189,Domestic
OCC003785,2026-08-12,Wed,BDT-F018,Air India,AI419,DEL,16:05,AI420,DEL,16:45,A321neo,182,Domestic
OCC003786,2026-08-12,Wed,BDT-F019,IndiGo,6E2698,MAA,17:55,6E6089,MAA,18:35,A321neo,232,Domestic
OCC003787,2026-08-12,Wed,BDT-F020,IndiGo,6E7361,UNK,18:20,6E7362,BBI,18:50,ATR 72-600,78,Domestic
OCC003788,2026-08-12,Wed,BDT-F021,Air India Express,IX2023,BLR,18:30,IX1358,VGA,19:00,B737-800,189,Domestic
OCC003789,2026-08-12,Wed,BDT-F022,IndiGo,6E208,HYD,18:40,6E216,HYD,19:20,A321neo,232,Domestic
OCC003790,2026-08-12,Wed,BDT-F023,IndiGo,6E616,CCU,19:10,6E617,CCU,19:50,A321neo,232,Domestic
OCC003791,2026-08-12,Wed,BDT-F024,IndiGo,6E5248,NMI,20:00,6E883,HYD,20:40,A321neo,232,Domestic
OCC003792,2026-08-12,Wed,BDT-F025,IndiGo,6E969,BLR,20:30,6E2772,BLR,21:10,A321neo,232,Domestic
OCC003793,2026-08-12,Wed,BDT-F026,IndiGo,6E384,HYD,20:40,6E385,HYD,21:20,A320neo,186,Domestic
OCC003794,2026-08-12,Wed,BDT-F027,Air India,AI1702,DEL,20:50,AI1802,DEL,21:30,A320ceo,180,Domestic
OCC003795,2026-08-12,Wed,BDT-F028,Air India Express,IX1373,VGA,21:40,IX1373,BLR,22:10,B737-800,189,Domestic
OCC003796,2026-08-12,Wed,BDT-F029,IndiGo,6E2213,DEL,22:05,6E6631,DEL,22:45,A321neo,232,Domestic
OCC003797,2026-08-12,Wed,BDT-F030,Scoot,TR784,SIN,22:15,TR785,SIN,23:00,A320neo,186,International
OCC003798,2026-08-13,Thu,BDT-F001,Air India Express,IX2064,BLR,07:30,IX2065,BLR,08:00,B737-800,189,Domestic
OCC003799,2026-08-13,Thu,BDT-F002,IndiGo,6E6425,DEL,07:40,6E6426,DEL,08:20,A320neo,186,Domestic
OCC003800,2026-08-13,Thu,BDT-F003,IndiGo,6E557,MAA,07:50,6E845,MAA,08:30,A320ceo,186,Domestic
OCC003801,2026-08-13,Thu,BDT-F004,Air India Express,IX2837,HYD,08:20,IX2745,HYD,08:50,B737-800,189,Domestic
OCC003802,2026-08-13,Thu,BDT-F005,IndiGo,6E6408,HYD,08:25,6E915,HYD,08:55,A320neo,186,Domestic
OCC003803,2026-08-13,Thu,BDT-F007,Alliance Air,I7105,PYB,09:25,I7205,PYB,09:40,Cessna 208B,9,Domestic
OCC003804,2026-08-13,Thu,BDT-F008,IndiGo,6E714,HYD,10:05,6E6294,HYD,10:40,A320ceo,186,Domestic
OCC003805,2026-08-13,Thu,BDT-F009,IndiGo,6E7128,VGA,10:30,6E7129,VGA,11:00,ATR 72-600,78,Domestic
OCC003806,2026-08-13,Thu,BDT-F010,IndiGo,6E6181,MAA,11:35,6E881,MAA,12:15,A320neo,186,Domestic
OCC003807,2026-08-13,Thu,BDT-F011,IndiGo,6E879,HYD,12:20,6E6645,HYD,13:00,A320neo,186,Domestic
OCC003808,2026-08-13,Thu,BDT-F012,IndiGo,6E7176,KJB,13:20,6E7177,KJB,13:40,ATR 72-600,78,Domestic
OCC003809,2026-08-13,Thu,BDT-F013,IndiGo,6E7064,TIR,13:25,6E7063,TIR,13:50,ATR 72-600,78,Domestic
OCC003810,2026-08-13,Thu,BDT-F014,IndiGo,6E6336,BLR,14:10,6E5309,BLR,14:55,A321neo,232,Domestic
OCC003811,2026-08-13,Thu,BDT-F015,IndiGo,6E409,HYD,14:25,6E5247,BOM,15:05,A321neo,232,Domestic
OCC003812,2026-08-13,Thu,BDT-F016,IndiGo,6E504,HYD,15:45,6E783,HYD,16:25,A321neo,232,Domestic
OCC003813,2026-08-13,Thu,BDT-F017,Air India Express,IX2819,HYD,15:55,IX2744,HYD,16:35,B737-800,189,Domestic
OCC003814,2026-08-13,Thu,BDT-F018,Air India,AI419,DEL,16:05,AI420,DEL,16:45,A321neo,182,Domestic
OCC003815,2026-08-13,Thu,BDT-F019,IndiGo,6E2698,MAA,17:55,6E6089,MAA,18:35,A321neo,232,Domestic
OCC003816,2026-08-13,Thu,BDT-F021,Air India Express,IX2023,BLR,18:30,IX1358,VGA,19:00,B737-800,189,Domestic
OCC003817,2026-08-13,Thu,BDT-F022,IndiGo,6E208,HYD,18:40,6E216,HYD,19:20,A321neo,232,Domestic
OCC003818,2026-08-13,Thu,BDT-F023,IndiGo,6E616,CCU,19:10,6E617,CCU,19:50,A321neo,232,Domestic
OCC003819,2026-08-13,Thu,BDT-F024,IndiGo,6E5248,NMI,20:00,6E883,HYD,20:40,A321neo,232,Domestic
OCC003820,2026-08-13,Thu,BDT-F025,IndiGo,6E969,BLR,20:30,6E2772,BLR,21:10,A321neo,232,Domestic
OCC003821,2026-08-13,Thu,BDT-F026,IndiGo,6E384,HYD,20:40,6E385,HYD,21:20,A320neo,186,Domestic
OCC003822,2026-08-13,Thu,BDT-F027,Air India,AI1702,DEL,20:50,AI1802,DEL,21:30,A320ceo,180,Domestic
OCC003823,2026-08-13,Thu,BDT-F028,Air India Express,IX1373,VGA,21:40,IX1373,BLR,22:10,B737-800,189,Domestic
OCC003824,2026-08-13,Thu,BDT-F029,IndiGo,6E2213,DEL,22:05,6E6631,DEL,22:45,A321neo,232,Domestic
OCC003825,2026-08-14,Fri,BDT-F002,IndiGo,6E6425,DEL,07:40,6E6426,DEL,08:20,A320neo,186,Domestic
OCC003826,2026-08-14,Fri,BDT-F003,IndiGo,6E557,MAA,07:50,6E845,MAA,08:30,A320ceo,186,Domestic
OCC003827,2026-08-14,Fri,BDT-F004,Air India Express,IX2837,HYD,08:20,IX2745,HYD,08:50,B737-800,189,Domestic
OCC003828,2026-08-14,Fri,BDT-F005,IndiGo,6E6408,HYD,08:25,6E915,HYD,08:55,A320neo,186,Domestic
OCC003829,2026-08-14,Fri,BDT-F006,IndiGo,6E1443,AUH,08:20,6E1444,AUH,09:50,A320neo,186,International
OCC003830,2026-08-14,Fri,BDT-F007,Alliance Air,I7105,PYB,09:25,I7205,PYB,09:40,Cessna 208B,9,Domestic
OCC003831,2026-08-14,Fri,BDT-F008,IndiGo,6E714,HYD,10:05,6E6294,HYD,10:40,A320ceo,186,Domestic
OCC003832,2026-08-14,Fri,BDT-F009,IndiGo,6E7128,VGA,10:30,6E7129,VGA,11:00,ATR 72-600,78,Domestic
OCC003833,2026-08-14,Fri,BDT-F010,IndiGo,6E6181,MAA,11:35,6E881,MAA,12:15,A320neo,186,Domestic
OCC003834,2026-08-14,Fri,BDT-F011,IndiGo,6E879,HYD,12:20,6E6645,HYD,13:00,A320neo,186,Domestic
OCC003835,2026-08-14,Fri,BDT-F013,IndiGo,6E7064,TIR,13:25,6E7063,TIR,13:50,ATR 72-600,78,Domestic
OCC003836,2026-08-14,Fri,BDT-F014,IndiGo,6E6336,BLR,14:10,6E5309,BLR,14:55,A321neo,232,Domestic
OCC003837,2026-08-14,Fri,BDT-F015,IndiGo,6E409,HYD,14:25,6E5247,BOM,15:05,A321neo,232,Domestic
OCC003838,2026-08-14,Fri,BDT-F016,IndiGo,6E504,HYD,15:45,6E783,HYD,16:25,A321neo,232,Domestic
OCC003839,2026-08-14,Fri,BDT-F017,Air India Express,IX2819,HYD,15:55,IX2744,HYD,16:35,B737-800,189,Domestic
OCC003840,2026-08-14,Fri,BDT-F018,Air India,AI419,DEL,16:05,AI420,DEL,16:45,A321neo,182,Domestic
OCC003841,2026-08-14,Fri,BDT-F019,IndiGo,6E2698,MAA,17:55,6E6089,MAA,18:35,A321neo,232,Domestic
OCC003842,2026-08-14,Fri,BDT-F020,IndiGo,6E7361,UNK,18:20,6E7362,BBI,18:50,ATR 72-600,78,Domestic
OCC003843,2026-08-14,Fri,BDT-F021,Air India Express,IX2023,BLR,18:30,IX1358,VGA,19:00,B737-800,189,Domestic
OCC003844,2026-08-14,Fri,BDT-F022,IndiGo,6E208,HYD,18:40,6E216,HYD,19:20,A321neo,232,Domestic
OCC003845,2026-08-14,Fri,BDT-F023,IndiGo,6E616,CCU,19:10,6E617,CCU,19:50,A321neo,232,Domestic
OCC003846,2026-08-14,Fri,BDT-F024,IndiGo,6E5248,NMI,20:00,6E883,HYD,20:40,A321neo,232,Domestic
OCC003847,2026-08-14,Fri,BDT-F025,IndiGo,6E969,BLR,20:30,6E2772,BLR,21:10,A321neo,232,Domestic
OCC003848,2026-08-14,Fri,BDT-F026,IndiGo,6E384,HYD,20:40,6E385,HYD,21:20,A320neo,186,Domestic
OCC003849,2026-08-14,Fri,BDT-F027,Air India,AI1702,DEL,20:50,AI1802,DEL,21:30,A320ceo,180,Domestic
OCC003850,2026-08-14,Fri,BDT-F028,Air India Express,IX1373,VGA,21:40,IX1373,BLR,22:10,B737-800,189,Domestic
OCC003851,2026-08-14,Fri,BDT-F029,IndiGo,6E2213,DEL,22:05,6E6631,DEL,22:45,A321neo,232,Domestic
OCC003852,2026-08-14,Fri,BDT-F030,Scoot,TR784,SIN,22:15,TR785,SIN,23:00,A320neo,186,International
OCC003853,2026-08-15,Sat,BDT-F001,Air India Express,IX2064,BLR,07:30,IX2065,BLR,08:00,B737-800,189,Domestic
OCC003854,2026-08-15,Sat,BDT-F002,IndiGo,6E6425,DEL,07:40,6E6426,DEL,08:20,A320neo,186,Domestic
OCC003855,2026-08-15,Sat,BDT-F003,IndiGo,6E557,MAA,07:50,6E845,MAA,08:30,A320ceo,186,Domestic
OCC003856,2026-08-15,Sat,BDT-F004,Air India Express,IX2837,HYD,08:20,IX2745,HYD,08:50,B737-800,189,Domestic
OCC003857,2026-08-15,Sat,BDT-F005,IndiGo,6E6408,HYD,08:25,6E915,HYD,08:55,A320neo,186,Domestic
OCC003858,2026-08-15,Sat,BDT-F007,Alliance Air,I7105,PYB,09:25,I7205,PYB,09:40,Cessna 208B,9,Domestic
OCC003859,2026-08-15,Sat,BDT-F008,IndiGo,6E714,HYD,10:05,6E6294,HYD,10:40,A320ceo,186,Domestic
OCC003860,2026-08-15,Sat,BDT-F009,IndiGo,6E7128,VGA,10:30,6E7129,VGA,11:00,ATR 72-600,78,Domestic
OCC003861,2026-08-15,Sat,BDT-F010,IndiGo,6E6181,MAA,11:35,6E881,MAA,12:15,A320neo,186,Domestic
OCC003862,2026-08-15,Sat,BDT-F011,IndiGo,6E879,HYD,12:20,6E6645,HYD,13:00,A320neo,186,Domestic
OCC003863,2026-08-15,Sat,BDT-F012,IndiGo,6E7176,KJB,13:20,6E7177,KJB,13:40,ATR 72-600,78,Domestic
OCC003864,2026-08-15,Sat,BDT-F013,IndiGo,6E7064,TIR,13:25,6E7063,TIR,13:50,ATR 72-600,78,Domestic
OCC003865,2026-08-15,Sat,BDT-F014,IndiGo,6E6336,BLR,14:10,6E5309,BLR,14:55,A321neo,232,Domestic
OCC003866,2026-08-15,Sat,BDT-F015,IndiGo,6E409,HYD,14:25,6E5247,BOM,15:05,A321neo,232,Domestic
OCC003867,2026-08-15,Sat,BDT-F016,IndiGo,6E504,HYD,15:45,6E783,HYD,16:25,A321neo,232,Domestic
OCC003868,2026-08-15,Sat,BDT-F017,Air India Express,IX2819,HYD,15:55,IX2744,HYD,16:35,B737-800,189,Domestic
OCC003869,2026-08-15,Sat,BDT-F018,Air India,AI419,DEL,16:05,AI420,DEL,16:45,A321neo,182,Domestic
OCC003870,2026-08-15,Sat,BDT-F019,IndiGo,6E2698,MAA,17:55,6E6089,MAA,18:35,A321neo,232,Domestic
OCC003871,2026-08-15,Sat,BDT-F021,Air India Express,IX2023,BLR,18:30,IX1358,VGA,19:00,B737-800,189,Domestic
OCC003872,2026-08-15,Sat,BDT-F022,IndiGo,6E208,HYD,18:40,6E216,HYD,19:20,A321neo,232,Domestic
OCC003873,2026-08-15,Sat,BDT-F023,IndiGo,6E616,CCU,19:10,6E617,CCU,19:50,A321neo,232,Domestic
OCC003874,2026-08-15,Sat,BDT-F024,IndiGo,6E5248,NMI,20:00,6E883,HYD,20:40,A321neo,232,Domestic
OCC003875,2026-08-15,Sat,BDT-F025,IndiGo,6E969,BLR,20:30,6E2772,BLR,21:10,A321neo,232,Domestic
OCC003876,2026-08-15,Sat,BDT-F026,IndiGo,6E384,HYD,20:40,6E385,HYD,21:20,A320neo,186,Domestic
OCC003877,2026-08-15,Sat,BDT-F027,Air India,AI1702,DEL,20:50,AI1802,DEL,21:30,A320ceo,180,Domestic
OCC003878,2026-08-15,Sat,BDT-F028,Air India Express,IX1373,VGA,21:40,IX1373,BLR,22:10,B737-800,189,Domestic
OCC003879,2026-08-15,Sat,BDT-F029,IndiGo,6E2213,DEL,22:05,6E6631,DEL,22:45,A321neo,232,Domestic
OCC003880,2026-08-15,Sat,BDT-F030,Scoot,TR784,SIN,22:15,TR785,SIN,23:00,A320neo,186,International
OCC003881,2026-08-16,Sun,BDT-F002,IndiGo,6E6425,DEL,07:40,6E6426,DEL,08:20,A320neo,186,Domestic
OCC003882,2026-08-16,Sun,BDT-F003,IndiGo,6E557,MAA,07:50,6E845,MAA,08:30,A320ceo,186,Domestic
OCC003883,2026-08-16,Sun,BDT-F004,Air India Express,IX2837,HYD,08:20,IX2745,HYD,08:50,B737-800,189,Domestic
OCC003884,2026-08-16,Sun,BDT-F005,IndiGo,6E6408,HYD,08:25,6E915,HYD,08:55,A320neo,186,Domestic
OCC003885,2026-08-16,Sun,BDT-F006,IndiGo,6E1443,AUH,08:20,6E1444,AUH,09:50,A320neo,186,International
OCC003886,2026-08-16,Sun,BDT-F007,Alliance Air,I7105,PYB,09:25,I7205,PYB,09:40,Cessna 208B,9,Domestic
OCC003887,2026-08-16,Sun,BDT-F008,IndiGo,6E714,HYD,10:05,6E6294,HYD,10:40,A320ceo,186,Domestic
OCC003888,2026-08-16,Sun,BDT-F009,IndiGo,6E7128,VGA,10:30,6E7129,VGA,11:00,ATR 72-600,78,Domestic
OCC003889,2026-08-16,Sun,BDT-F010,IndiGo,6E6181,MAA,11:35,6E881,MAA,12:15,A320neo,186,Domestic
OCC003890,2026-08-16,Sun,BDT-F011,IndiGo,6E879,HYD,12:20,6E6645,HYD,13:00,A320neo,186,Domestic
OCC003891,2026-08-16,Sun,BDT-F013,IndiGo,6E7064,TIR,13:25,6E7063,TIR,13:50,ATR 72-600,78,Domestic
OCC003892,2026-08-16,Sun,BDT-F014,IndiGo,6E6336,BLR,14:10,6E5309,BLR,14:55,A321neo,232,Domestic
OCC003893,2026-08-16,Sun,BDT-F015,IndiGo,6E409,HYD,14:25,6E5247,BOM,15:05,A321neo,232,Domestic
OCC003894,2026-08-16,Sun,BDT-F016,IndiGo,6E504,HYD,15:45,6E783,HYD,16:25,A321neo,232,Domestic
OCC003895,2026-08-16,Sun,BDT-F017,Air India Express,IX2819,HYD,15:55,IX2744,HYD,16:35,B737-800,189,Domestic
OCC003896,2026-08-16,Sun,BDT-F018,Air India,AI419,DEL,16:05,AI420,DEL,16:45,A321neo,182,Domestic
OCC003897,2026-08-16,Sun,BDT-F019,IndiGo,6E2698,MAA,17:55,6E6089,MAA,18:35,A321neo,232,Domestic
OCC003898,2026-08-16,Sun,BDT-F020,IndiGo,6E7361,UNK,18:20,6E7362,BBI,18:50,ATR 72-600,78,Domestic
OCC003899,2026-08-16,Sun,BDT-F021,Air India Express,IX2023,BLR,18:30,IX1358,VGA,19:00,B737-800,189,Domestic
OCC003900,2026-08-16,Sun,BDT-F022,IndiGo,6E208,HYD,18:40,6E216,HYD,19:20,A321neo,232,Domestic
OCC003901,2026-08-16,Sun,BDT-F023,IndiGo,6E616,CCU,19:10,6E617,CCU,19:50,A321neo,232,Domestic
OCC003902,2026-08-16,Sun,BDT-F024,IndiGo,6E5248,NMI,20:00,6E883,HYD,20:40,A321neo,232,Domestic
OCC003903,2026-08-16,Sun,BDT-F025,IndiGo,6E969,BLR,20:30,6E2772,BLR,21:10,A321neo,232,Domestic
OCC003904,2026-08-16,Sun,BDT-F026,IndiGo,6E384,HYD,20:40,6E385,HYD,21:20,A320neo,186,Domestic
OCC003905,2026-08-16,Sun,BDT-F027,Air India,AI1702,DEL,20:50,AI1802,DEL,21:30,A320ceo,180,Domestic
OCC003906,2026-08-16,Sun,BDT-F028,Air India Express,IX1373,VGA,21:40,IX1373,BLR,22:10,B737-800,189,Domestic
OCC003907,2026-08-16,Sun,BDT-F029,IndiGo,6E2213,DEL,22:05,6E6631,DEL,22:45,A321neo,232,Domestic
OCC003908,2026-08-17,Mon,BDT-F001,Air India Express,IX2064,BLR,07:30,IX2065,BLR,08:00,B737-800,189,Domestic
OCC003909,2026-08-17,Mon,BDT-F002,IndiGo,6E6425,DEL,07:40,6E6426,DEL,08:20,A320neo,186,Domestic
OCC003910,2026-08-17,Mon,BDT-F003,IndiGo,6E557,MAA,07:50,6E845,MAA,08:30,A320ceo,186,Domestic
OCC003911,2026-08-17,Mon,BDT-F004,Air India Express,IX2837,HYD,08:20,IX2745,HYD,08:50,B737-800,189,Domestic
OCC003912,2026-08-17,Mon,BDT-F005,IndiGo,6E6408,HYD,08:25,6E915,HYD,08:55,A320neo,186,Domestic
OCC003913,2026-08-17,Mon,BDT-F006,IndiGo,6E1443,AUH,08:20,6E1444,AUH,09:50,A320neo,186,International
OCC003914,2026-08-17,Mon,BDT-F007,Alliance Air,I7105,PYB,09:25,I7205,PYB,09:40,Cessna 208B,9,Domestic
OCC003915,2026-08-17,Mon,BDT-F008,IndiGo,6E714,HYD,10:05,6E6294,HYD,10:40,A320ceo,186,Domestic
OCC003916,2026-08-17,Mon,BDT-F009,IndiGo,6E7128,VGA,10:30,6E7129,VGA,11:00,ATR 72-600,78,Domestic
OCC003917,2026-08-17,Mon,BDT-F010,IndiGo,6E6181,MAA,11:35,6E881,MAA,12:15,A320neo,186,Domestic
OCC003918,2026-08-17,Mon,BDT-F011,IndiGo,6E879,HYD,12:20,6E6645,HYD,13:00,A320neo,186,Domestic
OCC003919,2026-08-17,Mon,BDT-F013,IndiGo,6E7064,TIR,13:25,6E7063,TIR,13:50,ATR 72-600,78,Domestic
OCC003920,2026-08-17,Mon,BDT-F014,IndiGo,6E6336,BLR,14:10,6E5309,BLR,14:55,A321neo,232,Domestic
OCC003921,2026-08-17,Mon,BDT-F015,IndiGo,6E409,HYD,14:25,6E5247,BOM,15:05,A321neo,232,Domestic
OCC003922,2026-08-17,Mon,BDT-F016,IndiGo,6E504,HYD,15:45,6E783,HYD,16:25,A321neo,232,Domestic
OCC003923,2026-08-17,Mon,BDT-F017,Air India Express,IX2819,HYD,15:55,IX2744,HYD,16:35,B737-800,189,Domestic
OCC003924,2026-08-17,Mon,BDT-F018,Air India,AI419,DEL,16:05,AI420,DEL,16:45,A321neo,182,Domestic
OCC003925,2026-08-17,Mon,BDT-F019,IndiGo,6E2698,MAA,17:55,6E6089,MAA,18:35,A321neo,232,Domestic
OCC003926,2026-08-17,Mon,BDT-F020,IndiGo,6E7361,UNK,18:20,6E7362,BBI,18:50,ATR 72-600,78,Domestic
OCC003927,2026-08-17,Mon,BDT-F021,Air India Express,IX2023,BLR,18:30,IX1358,VGA,19:00,B737-800,189,Domestic
OCC003928,2026-08-17,Mon,BDT-F022,IndiGo,6E208,HYD,18:40,6E216,HYD,19:20,A321neo,232,Domestic
OCC003929,2026-08-17,Mon,BDT-F023,IndiGo,6E616,CCU,19:10,6E617,CCU,19:50,A321neo,232,Domestic
OCC003930,2026-08-17,Mon,BDT-F024,IndiGo,6E5248,NMI,20:00,6E883,HYD,20:40,A321neo,232,Domestic
OCC003931,2026-08-17,Mon,BDT-F025,IndiGo,6E969,BLR,20:30,6E2772,BLR,21:10,A321neo,232,Domestic
OCC003932,2026-08-17,Mon,BDT-F026,IndiGo,6E384,HYD,20:40,6E385,HYD,21:20,A320neo,186,Domestic
OCC003933,2026-08-17,Mon,BDT-F027,Air India,AI1702,DEL,20:50,AI1802,DEL,21:30,A320ceo,180,Domestic
OCC003934,2026-08-17,Mon,BDT-F028,Air India Express,IX1373,VGA,21:40,IX1373,BLR,22:10,B737-800,189,Domestic
OCC003935,2026-08-17,Mon,BDT-F029,IndiGo,6E2213,DEL,22:05,6E6631,DEL,22:45,A321neo,232,Domestic
OCC003936,2026-08-17,Mon,BDT-F030,Scoot,TR784,SIN,22:15,TR785,SIN,23:00,A320neo,186,International
OCC003937,2026-08-18,Tue,BDT-F001,Air India Express,IX2064,BLR,07:30,IX2065,BLR,08:00,B737-800,189,Domestic
OCC003938,2026-08-18,Tue,BDT-F002,IndiGo,6E6425,DEL,07:40,6E6426,DEL,08:20,A320neo,186,Domestic
OCC003939,2026-08-18,Tue,BDT-F003,IndiGo,6E557,MAA,07:50,6E845,MAA,08:30,A320ceo,186,Domestic
OCC003940,2026-08-18,Tue,BDT-F004,Air India Express,IX2837,HYD,08:20,IX2745,HYD,08:50,B737-800,189,Domestic
OCC003941,2026-08-18,Tue,BDT-F005,IndiGo,6E6408,HYD,08:25,6E915,HYD,08:55,A320neo,186,Domestic
OCC003942,2026-08-18,Tue,BDT-F007,Alliance Air,I7105,PYB,09:25,I7205,PYB,09:40,Cessna 208B,9,Domestic
OCC003943,2026-08-18,Tue,BDT-F008,IndiGo,6E714,HYD,10:05,6E6294,HYD,10:40,A320ceo,186,Domestic
OCC003944,2026-08-18,Tue,BDT-F009,IndiGo,6E7128,VGA,10:30,6E7129,VGA,11:00,ATR 72-600,78,Domestic
OCC003945,2026-08-18,Tue,BDT-F010,IndiGo,6E6181,MAA,11:35,6E881,MAA,12:15,A320neo,186,Domestic
OCC003946,2026-08-18,Tue,BDT-F011,IndiGo,6E879,HYD,12:20,6E6645,HYD,13:00,A320neo,186,Domestic
OCC003947,2026-08-18,Tue,BDT-F012,IndiGo,6E7176,KJB,13:20,6E7177,KJB,13:40,ATR 72-600,78,Domestic
OCC003948,2026-08-18,Tue,BDT-F013,IndiGo,6E7064,TIR,13:25,6E7063,TIR,13:50,ATR 72-600,78,Domestic
OCC003949,2026-08-18,Tue,BDT-F014,IndiGo,6E6336,BLR,14:10,6E5309,BLR,14:55,A321neo,232,Domestic
OCC003950,2026-08-18,Tue,BDT-F015,IndiGo,6E409,HYD,14:25,6E5247,BOM,15:05,A321neo,232,Domestic
OCC003951,2026-08-18,Tue,BDT-F016,IndiGo,6E504,HYD,15:45,6E783,HYD,16:25,A321neo,232,Domestic
OCC003952,2026-08-18,Tue,BDT-F017,Air India Express,IX2819,HYD,15:55,IX2744,HYD,16:35,B737-800,189,Domestic
OCC003953,2026-08-18,Tue,BDT-F018,Air India,AI419,DEL,16:05,AI420,DEL,16:45,A321neo,182,Domestic
OCC003954,2026-08-18,Tue,BDT-F019,IndiGo,6E2698,MAA,17:55,6E6089,MAA,18:35,A321neo,232,Domestic
OCC003955,2026-08-18,Tue,BDT-F021,Air India Express,IX2023,BLR,18:30,IX1358,VGA,19:00,B737-800,189,Domestic
OCC003956,2026-08-18,Tue,BDT-F022,IndiGo,6E208,HYD,18:40,6E216,HYD,19:20,A321neo,232,Domestic
OCC003957,2026-08-18,Tue,BDT-F023,IndiGo,6E616,CCU,19:10,6E617,CCU,19:50,A321neo,232,Domestic
OCC003958,2026-08-18,Tue,BDT-F024,IndiGo,6E5248,NMI,20:00,6E883,HYD,20:40,A321neo,232,Domestic
OCC003959,2026-08-18,Tue,BDT-F025,IndiGo,6E969,BLR,20:30,6E2772,BLR,21:10,A321neo,232,Domestic
OCC003960,2026-08-18,Tue,BDT-F026,IndiGo,6E384,HYD,20:40,6E385,HYD,21:20,A320neo,186,Domestic
OCC003961,2026-08-18,Tue,BDT-F027,Air India,AI1702,DEL,20:50,AI1802,DEL,21:30,A320ceo,180,Domestic
OCC003962,2026-08-18,Tue,BDT-F028,Air India Express,IX1373,VGA,21:40,IX1373,BLR,22:10,B737-800,189,Domestic
OCC003963,2026-08-18,Tue,BDT-F029,IndiGo,6E2213,DEL,22:05,6E6631,DEL,22:45,A321neo,232,Domestic
OCC003964,2026-08-19,Wed,BDT-F002,IndiGo,6E6425,DEL,07:40,6E6426,DEL,08:20,A320neo,186,Domestic
OCC003965,2026-08-19,Wed,BDT-F003,IndiGo,6E557,MAA,07:50,6E845,MAA,08:30,A320ceo,186,Domestic
OCC003966,2026-08-19,Wed,BDT-F004,Air India Express,IX2837,HYD,08:20,IX2745,HYD,08:50,B737-800,189,Domestic
OCC003967,2026-08-19,Wed,BDT-F005,IndiGo,6E6408,HYD,08:25,6E915,HYD,08:55,A320neo,186,Domestic
OCC003968,2026-08-19,Wed,BDT-F006,IndiGo,6E1443,AUH,08:20,6E1444,AUH,09:50,A320neo,186,International
OCC003969,2026-08-19,Wed,BDT-F007,Alliance Air,I7105,PYB,09:25,I7205,PYB,09:40,Cessna 208B,9,Domestic
OCC003970,2026-08-19,Wed,BDT-F008,IndiGo,6E714,HYD,10:05,6E6294,HYD,10:40,A320ceo,186,Domestic
OCC003971,2026-08-19,Wed,BDT-F009,IndiGo,6E7128,VGA,10:30,6E7129,VGA,11:00,ATR 72-600,78,Domestic
OCC003972,2026-08-19,Wed,BDT-F010,IndiGo,6E6181,MAA,11:35,6E881,MAA,12:15,A320neo,186,Domestic
OCC003973,2026-08-19,Wed,BDT-F011,IndiGo,6E879,HYD,12:20,6E6645,HYD,13:00,A320neo,186,Domestic
OCC003974,2026-08-19,Wed,BDT-F013,IndiGo,6E7064,TIR,13:25,6E7063,TIR,13:50,ATR 72-600,78,Domestic
OCC003975,2026-08-19,Wed,BDT-F014,IndiGo,6E6336,BLR,14:10,6E5309,BLR,14:55,A321neo,232,Domestic
OCC003976,2026-08-19,Wed,BDT-F015,IndiGo,6E409,HYD,14:25,6E5247,BOM,15:05,A321neo,232,Domestic
OCC003977,2026-08-19,Wed,BDT-F016,IndiGo,6E504,HYD,15:45,6E783,HYD,16:25,A321neo,232,Domestic
OCC003978,2026-08-19,Wed,BDT-F017,Air India Express,IX2819,HYD,15:55,IX2744,HYD,16:35,B737-800,189,Domestic
OCC003979,2026-08-19,Wed,BDT-F018,Air India,AI419,DEL,16:05,AI420,DEL,16:45,A321neo,182,Domestic
OCC003980,2026-08-19,Wed,BDT-F019,IndiGo,6E2698,MAA,17:55,6E6089,MAA,18:35,A321neo,232,Domestic
OCC003981,2026-08-19,Wed,BDT-F020,IndiGo,6E7361,UNK,18:20,6E7362,BBI,18:50,ATR 72-600,78,Domestic
OCC003982,2026-08-19,Wed,BDT-F021,Air India Express,IX2023,BLR,18:30,IX1358,VGA,19:00,B737-800,189,Domestic
OCC003983,2026-08-19,Wed,BDT-F022,IndiGo,6E208,HYD,18:40,6E216,HYD,19:20,A321neo,232,Domestic
OCC003984,2026-08-19,Wed,BDT-F023,IndiGo,6E616,CCU,19:10,6E617,CCU,19:50,A321neo,232,Domestic
OCC003985,2026-08-19,Wed,BDT-F024,IndiGo,6E5248,NMI,20:00,6E883,HYD,20:40,A321neo,232,Domestic
OCC003986,2026-08-19,Wed,BDT-F025,IndiGo,6E969,BLR,20:30,6E2772,BLR,21:10,A321neo,232,Domestic
OCC003987,2026-08-19,Wed,BDT-F026,IndiGo,6E384,HYD,20:40,6E385,HYD,21:20,A320neo,186,Domestic
OCC003988,2026-08-19,Wed,BDT-F027,Air India,AI1702,DEL,20:50,AI1802,DEL,21:30,A320ceo,180,Domestic
OCC003989,2026-08-19,Wed,BDT-F028,Air India Express,IX1373,VGA,21:40,IX1373,BLR,22:10,B737-800,189,Domestic
OCC003990,2026-08-19,Wed,BDT-F029,IndiGo,6E2213,DEL,22:05,6E6631,DEL,22:45,A321neo,232,Domestic
OCC003991,2026-08-19,Wed,BDT-F030,Scoot,TR784,SIN,22:15,TR785,SIN,23:00,A320neo,186,International
OCC003992,2026-08-20,Thu,BDT-F001,Air India Express,IX2064,BLR,07:30,IX2065,BLR,08:00,B737-800,189,Domestic
OCC003993,2026-08-20,Thu,BDT-F002,IndiGo,6E6425,DEL,07:40,6E6426,DEL,08:20,A320neo,186,Domestic
OCC003994,2026-08-20,Thu,BDT-F003,IndiGo,6E557,MAA,07:50,6E845,MAA,08:30,A320ceo,186,Domestic
OCC003995,2026-08-20,Thu,BDT-F004,Air India Express,IX2837,HYD,08:20,IX2745,HYD,08:50,B737-800,189,Domestic
OCC003996,2026-08-20,Thu,BDT-F005,IndiGo,6E6408,HYD,08:25,6E915,HYD,08:55,A320neo,186,Domestic
OCC003997,2026-08-20,Thu,BDT-F007,Alliance Air,I7105,PYB,09:25,I7205,PYB,09:40,Cessna 208B,9,Domestic
OCC003998,2026-08-20,Thu,BDT-F008,IndiGo,6E714,HYD,10:05,6E6294,HYD,10:40,A320ceo,186,Domestic
OCC003999,2026-08-20,Thu,BDT-F009,IndiGo,6E7128,VGA,10:30,6E7129,VGA,11:00,ATR 72-600,78,Domestic
OCC004000,2026-08-20,Thu,BDT-F010,IndiGo,6E6181,MAA,11:35,6E881,MAA,12:15,A320neo,186,Domestic
OCC004001,2026-08-20,Thu,BDT-F011,IndiGo,6E879,HYD,12:20,6E6645,HYD,13:00,A320neo,186,Domestic
OCC004002,2026-08-20,Thu,BDT-F012,IndiGo,6E7176,KJB,13:20,6E7177,KJB,13:40,ATR 72-600,78,Domestic
OCC004003,2026-08-20,Thu,BDT-F013,IndiGo,6E7064,TIR,13:25,6E7063,TIR,13:50,ATR 72-600,78,Domestic
OCC004004,2026-08-20,Thu,BDT-F014,IndiGo,6E6336,BLR,14:10,6E5309,BLR,14:55,A321neo,232,Domestic
OCC004005,2026-08-20,Thu,BDT-F015,IndiGo,6E409,HYD,14:25,6E5247,BOM,15:05,A321neo,232,Domestic
OCC004006,2026-08-20,Thu,BDT-F016,IndiGo,6E504,HYD,15:45,6E783,HYD,16:25,A321neo,232,Domestic
OCC004007,2026-08-20,Thu,BDT-F017,Air India Express,IX2819,HYD,15:55,IX2744,HYD,16:35,B737-800,189,Domestic
OCC004008,2026-08-20,Thu,BDT-F018,Air India,AI419,DEL,16:05,AI420,DEL,16:45,A321neo,182,Domestic
OCC004009,2026-08-20,Thu,BDT-F019,IndiGo,6E2698,MAA,17:55,6E6089,MAA,18:35,A321neo,232,Domestic
OCC004010,2026-08-20,Thu,BDT-F021,Air India Express,IX2023,BLR,18:30,IX1358,VGA,19:00,B737-800,189,Domestic
OCC004011,2026-08-20,Thu,BDT-F022,IndiGo,6E208,HYD,18:40,6E216,HYD,19:20,A321neo,232,Domestic
OCC004012,2026-08-20,Thu,BDT-F023,IndiGo,6E616,CCU,19:10,6E617,CCU,19:50,A321neo,232,Domestic
OCC004013,2026-08-20,Thu,BDT-F024,IndiGo,6E5248,NMI,20:00,6E883,HYD,20:40,A321neo,232,Domestic
OCC004014,2026-08-20,Thu,BDT-F025,IndiGo,6E969,BLR,20:30,6E2772,BLR,21:10,A321neo,232,Domestic
OCC004015,2026-08-20,Thu,BDT-F026,IndiGo,6E384,HYD,20:40,6E385,HYD,21:20,A320neo,186,Domestic
OCC004016,2026-08-20,Thu,BDT-F027,Air India,AI1702,DEL,20:50,AI1802,DEL,21:30,A320ceo,180,Domestic
OCC004017,2026-08-20,Thu,BDT-F028,Air India Express,IX1373,VGA,21:40,IX1373,BLR,22:10,B737-800,189,Domestic
OCC004018,2026-08-20,Thu,BDT-F029,IndiGo,6E2213,DEL,22:05,6E6631,DEL,22:45,A321neo,232,Domestic
OCC004019,2026-08-21,Fri,BDT-F002,IndiGo,6E6425,DEL,07:40,6E6426,DEL,08:20,A320neo,186,Domestic
OCC004020,2026-08-21,Fri,BDT-F003,IndiGo,6E557,MAA,07:50,6E845,MAA,08:30,A320ceo,186,Domestic
OCC004021,2026-08-21,Fri,BDT-F004,Air India Express,IX2837,HYD,08:20,IX2745,HYD,08:50,B737-800,189,Domestic
OCC004022,2026-08-21,Fri,BDT-F005,IndiGo,6E6408,HYD,08:25,6E915,HYD,08:55,A320neo,186,Domestic
OCC004023,2026-08-21,Fri,BDT-F006,IndiGo,6E1443,AUH,08:20,6E1444,AUH,09:50,A320neo,186,International
OCC004024,2026-08-21,Fri,BDT-F007,Alliance Air,I7105,PYB,09:25,I7205,PYB,09:40,Cessna 208B,9,Domestic
OCC004025,2026-08-21,Fri,BDT-F008,IndiGo,6E714,HYD,10:05,6E6294,HYD,10:40,A320ceo,186,Domestic
OCC004026,2026-08-21,Fri,BDT-F009,IndiGo,6E7128,VGA,10:30,6E7129,VGA,11:00,ATR 72-600,78,Domestic
OCC004027,2026-08-21,Fri,BDT-F010,IndiGo,6E6181,MAA,11:35,6E881,MAA,12:15,A320neo,186,Domestic
OCC004028,2026-08-21,Fri,BDT-F011,IndiGo,6E879,HYD,12:20,6E6645,HYD,13:00,A320neo,186,Domestic
OCC004029,2026-08-21,Fri,BDT-F013,IndiGo,6E7064,TIR,13:25,6E7063,TIR,13:50,ATR 72-600,78,Domestic
OCC004030,2026-08-21,Fri,BDT-F014,IndiGo,6E6336,BLR,14:10,6E5309,BLR,14:55,A321neo,232,Domestic
OCC004031,2026-08-21,Fri,BDT-F015,IndiGo,6E409,HYD,14:25,6E5247,BOM,15:05,A321neo,232,Domestic
OCC004032,2026-08-21,Fri,BDT-F016,IndiGo,6E504,HYD,15:45,6E783,HYD,16:25,A321neo,232,Domestic
OCC004033,2026-08-21,Fri,BDT-F017,Air India Express,IX2819,HYD,15:55,IX2744,HYD,16:35,B737-800,189,Domestic
OCC004034,2026-08-21,Fri,BDT-F018,Air India,AI419,DEL,16:05,AI420,DEL,16:45,A321neo,182,Domestic
OCC004035,2026-08-21,Fri,BDT-F019,IndiGo,6E2698,MAA,17:55,6E6089,MAA,18:35,A321neo,232,Domestic
OCC004036,2026-08-21,Fri,BDT-F020,IndiGo,6E7361,UNK,18:20,6E7362,BBI,18:50,ATR 72-600,78,Domestic
OCC004037,2026-08-21,Fri,BDT-F021,Air India Express,IX2023,BLR,18:30,IX1358,VGA,19:00,B737-800,189,Domestic
OCC004038,2026-08-21,Fri,BDT-F022,IndiGo,6E208,HYD,18:40,6E216,HYD,19:20,A321neo,232,Domestic
OCC004039,2026-08-21,Fri,BDT-F023,IndiGo,6E616,CCU,19:10,6E617,CCU,19:50,A321neo,232,Domestic
OCC004040,2026-08-21,Fri,BDT-F024,IndiGo,6E5248,NMI,20:00,6E883,HYD,20:40,A321neo,232,Domestic
OCC004041,2026-08-21,Fri,BDT-F025,IndiGo,6E969,BLR,20:30,6E2772,BLR,21:10,A321neo,232,Domestic
OCC004042,2026-08-21,Fri,BDT-F026,IndiGo,6E384,HYD,20:40,6E385,HYD,21:20,A320neo,186,Domestic
OCC004043,2026-08-21,Fri,BDT-F027,Air India,AI1702,DEL,20:50,AI1802,DEL,21:30,A320ceo,180,Domestic
OCC004044,2026-08-21,Fri,BDT-F028,Air India Express,IX1373,VGA,21:40,IX1373,BLR,22:10,B737-800,189,Domestic
OCC004045,2026-08-21,Fri,BDT-F029,IndiGo,6E2213,DEL,22:05,6E6631,DEL,22:45,A321neo,232,Domestic
OCC004046,2026-08-21,Fri,BDT-F030,Scoot,TR784,SIN,22:15,TR785,SIN,23:00,A320neo,186,International
OCC004047,2026-08-22,Sat,BDT-F001,Air India Express,IX2064,BLR,07:30,IX2065,BLR,08:00,B737-800,189,Domestic
OCC004048,2026-08-22,Sat,BDT-F002,IndiGo,6E6425,DEL,07:40,6E6426,DEL,08:20,A320neo,186,Domestic
OCC004049,2026-08-22,Sat,BDT-F003,IndiGo,6E557,MAA,07:50,6E845,MAA,08:30,A320ceo,186,Domestic
OCC004050,2026-08-22,Sat,BDT-F004,Air India Express,IX2837,HYD,08:20,IX2745,HYD,08:50,B737-800,189,Domestic
OCC004051,2026-08-22,Sat,BDT-F005,IndiGo,6E6408,HYD,08:25,6E915,HYD,08:55,A320neo,186,Domestic
OCC004052,2026-08-22,Sat,BDT-F007,Alliance Air,I7105,PYB,09:25,I7205,PYB,09:40,Cessna 208B,9,Domestic
OCC004053,2026-08-22,Sat,BDT-F008,IndiGo,6E714,HYD,10:05,6E6294,HYD,10:40,A320ceo,186,Domestic
OCC004054,2026-08-22,Sat,BDT-F009,IndiGo,6E7128,VGA,10:30,6E7129,VGA,11:00,ATR 72-600,78,Domestic
OCC004055,2026-08-22,Sat,BDT-F010,IndiGo,6E6181,MAA,11:35,6E881,MAA,12:15,A320neo,186,Domestic
OCC004056,2026-08-22,Sat,BDT-F011,IndiGo,6E879,HYD,12:20,6E6645,HYD,13:00,A320neo,186,Domestic
OCC004057,2026-08-22,Sat,BDT-F012,IndiGo,6E7176,KJB,13:20,6E7177,KJB,13:40,ATR 72-600,78,Domestic
OCC004058,2026-08-22,Sat,BDT-F013,IndiGo,6E7064,TIR,13:25,6E7063,TIR,13:50,ATR 72-600,78,Domestic
OCC004059,2026-08-22,Sat,BDT-F014,IndiGo,6E6336,BLR,14:10,6E5309,BLR,14:55,A321neo,232,Domestic
OCC004060,2026-08-22,Sat,BDT-F015,IndiGo,6E409,HYD,14:25,6E5247,BOM,15:05,A321neo,232,Domestic
OCC004061,2026-08-22,Sat,BDT-F016,IndiGo,6E504,HYD,15:45,6E783,HYD,16:25,A321neo,232,Domestic
OCC004062,2026-08-22,Sat,BDT-F017,Air India Express,IX2819,HYD,15:55,IX2744,HYD,16:35,B737-800,189,Domestic
OCC004063,2026-08-22,Sat,BDT-F018,Air India,AI419,DEL,16:05,AI420,DEL,16:45,A321neo,182,Domestic
OCC004064,2026-08-22,Sat,BDT-F019,IndiGo,6E2698,MAA,17:55,6E6089,MAA,18:35,A321neo,232,Domestic
OCC004065,2026-08-22,Sat,BDT-F021,Air India Express,IX2023,BLR,18:30,IX1358,VGA,19:00,B737-800,189,Domestic
OCC004066,2026-08-22,Sat,BDT-F022,IndiGo,6E208,HYD,18:40,6E216,HYD,19:20,A321neo,232,Domestic
OCC004067,2026-08-22,Sat,BDT-F023,IndiGo,6E616,CCU,19:10,6E617,CCU,19:50,A321neo,232,Domestic
OCC004068,2026-08-22,Sat,BDT-F024,IndiGo,6E5248,NMI,20:00,6E883,HYD,20:40,A321neo,232,Domestic
OCC004069,2026-08-22,Sat,BDT-F025,IndiGo,6E969,BLR,20:30,6E2772,BLR,21:10,A321neo,232,Domestic
OCC004070,2026-08-22,Sat,BDT-F026,IndiGo,6E384,HYD,20:40,6E385,HYD,21:20,A320neo,186,Domestic
OCC004071,2026-08-22,Sat,BDT-F027,Air India,AI1702,DEL,20:50,AI1802,DEL,21:30,A320ceo,180,Domestic
OCC004072,2026-08-22,Sat,BDT-F028,Air India Express,IX1373,VGA,21:40,IX1373,BLR,22:10,B737-800,189,Domestic
OCC004073,2026-08-22,Sat,BDT-F029,IndiGo,6E2213,DEL,22:05,6E6631,DEL,22:45,A321neo,232,Domestic
OCC004074,2026-08-22,Sat,BDT-F030,Scoot,TR784,SIN,22:15,TR785,SIN,23:00,A320neo,186,International
OCC004075,2026-08-23,Sun,BDT-F002,IndiGo,6E6425,DEL,07:40,6E6426,DEL,08:20,A320neo,186,Domestic
OCC004076,2026-08-23,Sun,BDT-F003,IndiGo,6E557,MAA,07:50,6E845,MAA,08:30,A320ceo,186,Domestic
OCC004077,2026-08-23,Sun,BDT-F004,Air India Express,IX2837,HYD,08:20,IX2745,HYD,08:50,B737-800,189,Domestic
OCC004078,2026-08-23,Sun,BDT-F005,IndiGo,6E6408,HYD,08:25,6E915,HYD,08:55,A320neo,186,Domestic
OCC004079,2026-08-23,Sun,BDT-F006,IndiGo,6E1443,AUH,08:20,6E1444,AUH,09:50,A320neo,186,International
OCC004080,2026-08-23,Sun,BDT-F007,Alliance Air,I7105,PYB,09:25,I7205,PYB,09:40,Cessna 208B,9,Domestic
OCC004081,2026-08-23,Sun,BDT-F008,IndiGo,6E714,HYD,10:05,6E6294,HYD,10:40,A320ceo,186,Domestic
OCC004082,2026-08-23,Sun,BDT-F009,IndiGo,6E7128,VGA,10:30,6E7129,VGA,11:00,ATR 72-600,78,Domestic
OCC004083,2026-08-23,Sun,BDT-F010,IndiGo,6E6181,MAA,11:35,6E881,MAA,12:15,A320neo,186,Domestic
OCC004084,2026-08-23,Sun,BDT-F011,IndiGo,6E879,HYD,12:20,6E6645,HYD,13:00,A320neo,186,Domestic
OCC004085,2026-08-23,Sun,BDT-F013,IndiGo,6E7064,TIR,13:25,6E7063,TIR,13:50,ATR 72-600,78,Domestic
OCC004086,2026-08-23,Sun,BDT-F014,IndiGo,6E6336,BLR,14:10,6E5309,BLR,14:55,A321neo,232,Domestic
OCC004087,2026-08-23,Sun,BDT-F015,IndiGo,6E409,HYD,14:25,6E5247,BOM,15:05,A321neo,232,Domestic
OCC004088,2026-08-23,Sun,BDT-F016,IndiGo,6E504,HYD,15:45,6E783,HYD,16:25,A321neo,232,Domestic
OCC004089,2026-08-23,Sun,BDT-F017,Air India Express,IX2819,HYD,15:55,IX2744,HYD,16:35,B737-800,189,Domestic
OCC004090,2026-08-23,Sun,BDT-F018,Air India,AI419,DEL,16:05,AI420,DEL,16:45,A321neo,182,Domestic
OCC004091,2026-08-23,Sun,BDT-F019,IndiGo,6E2698,MAA,17:55,6E6089,MAA,18:35,A321neo,232,Domestic
OCC004092,2026-08-23,Sun,BDT-F020,IndiGo,6E7361,UNK,18:20,6E7362,BBI,18:50,ATR 72-600,78,Domestic
OCC004093,2026-08-23,Sun,BDT-F021,Air India Express,IX2023,BLR,18:30,IX1358,VGA,19:00,B737-800,189,Domestic
OCC004094,2026-08-23,Sun,BDT-F022,IndiGo,6E208,HYD,18:40,6E216,HYD,19:20,A321neo,232,Domestic
OCC004095,2026-08-23,Sun,BDT-F023,IndiGo,6E616,CCU,19:10,6E617,CCU,19:50,A321neo,232,Domestic
OCC004096,2026-08-23,Sun,BDT-F024,IndiGo,6E5248,NMI,20:00,6E883,HYD,20:40,A321neo,232,Domestic
OCC004097,2026-08-23,Sun,BDT-F025,IndiGo,6E969,BLR,20:30,6E2772,BLR,21:10,A321neo,232,Domestic
OCC004098,2026-08-23,Sun,BDT-F026,IndiGo,6E384,HYD,20:40,6E385,HYD,21:20,A320neo,186,Domestic
OCC004099,2026-08-23,Sun,BDT-F027,Air India,AI1702,DEL,20:50,AI1802,DEL,21:30,A320ceo,180,Domestic
OCC004100,2026-08-23,Sun,BDT-F028,Air India Express,IX1373,VGA,21:40,IX1373,BLR,22:10,B737-800,189,Domestic
OCC004101,2026-08-23,Sun,BDT-F029,IndiGo,6E2213,DEL,22:05,6E6631,DEL,22:45,A321neo,232,Domestic
OCC004102,2026-08-24,Mon,BDT-F001,Air India Express,IX2064,BLR,07:30,IX2065,BLR,08:00,B737-800,189,Domestic
OCC004103,2026-08-24,Mon,BDT-F002,IndiGo,6E6425,DEL,07:40,6E6426,DEL,08:20,A320neo,186,Domestic
OCC004104,2026-08-24,Mon,BDT-F003,IndiGo,6E557,MAA,07:50,6E845,MAA,08:30,A320ceo,186,Domestic
OCC004105,2026-08-24,Mon,BDT-F004,Air India Express,IX2837,HYD,08:20,IX2745,HYD,08:50,B737-800,189,Domestic
OCC004106,2026-08-24,Mon,BDT-F005,IndiGo,6E6408,HYD,08:25,6E915,HYD,08:55,A320neo,186,Domestic
OCC004107,2026-08-24,Mon,BDT-F006,IndiGo,6E1443,AUH,08:20,6E1444,AUH,09:50,A320neo,186,International
OCC004108,2026-08-24,Mon,BDT-F007,Alliance Air,I7105,PYB,09:25,I7205,PYB,09:40,Cessna 208B,9,Domestic
OCC004109,2026-08-24,Mon,BDT-F008,IndiGo,6E714,HYD,10:05,6E6294,HYD,10:40,A320ceo,186,Domestic
OCC004110,2026-08-24,Mon,BDT-F009,IndiGo,6E7128,VGA,10:30,6E7129,VGA,11:00,ATR 72-600,78,Domestic
OCC004111,2026-08-24,Mon,BDT-F010,IndiGo,6E6181,MAA,11:35,6E881,MAA,12:15,A320neo,186,Domestic
OCC004112,2026-08-24,Mon,BDT-F011,IndiGo,6E879,HYD,12:20,6E6645,HYD,13:00,A320neo,186,Domestic
OCC004113,2026-08-24,Mon,BDT-F013,IndiGo,6E7064,TIR,13:25,6E7063,TIR,13:50,ATR 72-600,78,Domestic
OCC004114,2026-08-24,Mon,BDT-F014,IndiGo,6E6336,BLR,14:10,6E5309,BLR,14:55,A321neo,232,Domestic
OCC004115,2026-08-24,Mon,BDT-F015,IndiGo,6E409,HYD,14:25,6E5247,BOM,15:05,A321neo,232,Domestic
OCC004116,2026-08-24,Mon,BDT-F016,IndiGo,6E504,HYD,15:45,6E783,HYD,16:25,A321neo,232,Domestic
OCC004117,2026-08-24,Mon,BDT-F017,Air India Express,IX2819,HYD,15:55,IX2744,HYD,16:35,B737-800,189,Domestic
OCC004118,2026-08-24,Mon,BDT-F018,Air India,AI419,DEL,16:05,AI420,DEL,16:45,A321neo,182,Domestic
OCC004119,2026-08-24,Mon,BDT-F019,IndiGo,6E2698,MAA,17:55,6E6089,MAA,18:35,A321neo,232,Domestic
OCC004120,2026-08-24,Mon,BDT-F020,IndiGo,6E7361,UNK,18:20,6E7362,BBI,18:50,ATR 72-600,78,Domestic
OCC004121,2026-08-24,Mon,BDT-F021,Air India Express,IX2023,BLR,18:30,IX1358,VGA,19:00,B737-800,189,Domestic
OCC004122,2026-08-24,Mon,BDT-F022,IndiGo,6E208,HYD,18:40,6E216,HYD,19:20,A321neo,232,Domestic
OCC004123,2026-08-24,Mon,BDT-F023,IndiGo,6E616,CCU,19:10,6E617,CCU,19:50,A321neo,232,Domestic
OCC004124,2026-08-24,Mon,BDT-F024,IndiGo,6E5248,NMI,20:00,6E883,HYD,20:40,A321neo,232,Domestic
OCC004125,2026-08-24,Mon,BDT-F025,IndiGo,6E969,BLR,20:30,6E2772,BLR,21:10,A321neo,232,Domestic
OCC004126,2026-08-24,Mon,BDT-F026,IndiGo,6E384,HYD,20:40,6E385,HYD,21:20,A320neo,186,Domestic
OCC004127,2026-08-24,Mon,BDT-F027,Air India,AI1702,DEL,20:50,AI1802,DEL,21:30,A320ceo,180,Domestic
OCC004128,2026-08-24,Mon,BDT-F028,Air India Express,IX1373,VGA,21:40,IX1373,BLR,22:10,B737-800,189,Domestic
OCC004129,2026-08-24,Mon,BDT-F029,IndiGo,6E2213,DEL,22:05,6E6631,DEL,22:45,A321neo,232,Domestic
OCC004130,2026-08-24,Mon,BDT-F030,Scoot,TR784,SIN,22:15,TR785,SIN,23:00,A320neo,186,International
OCC004131,2026-08-25,Tue,BDT-F001,Air India Express,IX2064,BLR,07:30,IX2065,BLR,08:00,B737-800,189,Domestic
OCC004132,2026-08-25,Tue,BDT-F002,IndiGo,6E6425,DEL,07:40,6E6426,DEL,08:20,A320neo,186,Domestic
OCC004133,2026-08-25,Tue,BDT-F003,IndiGo,6E557,MAA,07:50,6E845,MAA,08:30,A320ceo,186,Domestic
OCC004134,2026-08-25,Tue,BDT-F004,Air India Express,IX2837,HYD,08:20,IX2745,HYD,08:50,B737-800,189,Domestic
OCC004135,2026-08-25,Tue,BDT-F005,IndiGo,6E6408,HYD,08:25,6E915,HYD,08:55,A320neo,186,Domestic
OCC004136,2026-08-25,Tue,BDT-F007,Alliance Air,I7105,PYB,09:25,I7205,PYB,09:40,Cessna 208B,9,Domestic
OCC004137,2026-08-25,Tue,BDT-F008,IndiGo,6E714,HYD,10:05,6E6294,HYD,10:40,A320ceo,186,Domestic
OCC004138,2026-08-25,Tue,BDT-F009,IndiGo,6E7128,VGA,10:30,6E7129,VGA,11:00,ATR 72-600,78,Domestic
OCC004139,2026-08-25,Tue,BDT-F010,IndiGo,6E6181,MAA,11:35,6E881,MAA,12:15,A320neo,186,Domestic
OCC004140,2026-08-25,Tue,BDT-F011,IndiGo,6E879,HYD,12:20,6E6645,HYD,13:00,A320neo,186,Domestic
OCC004141,2026-08-25,Tue,BDT-F012,IndiGo,6E7176,KJB,13:20,6E7177,KJB,13:40,ATR 72-600,78,Domestic
OCC004142,2026-08-25,Tue,BDT-F013,IndiGo,6E7064,TIR,13:25,6E7063,TIR,13:50,ATR 72-600,78,Domestic
OCC004143,2026-08-25,Tue,BDT-F014,IndiGo,6E6336,BLR,14:10,6E5309,BLR,14:55,A321neo,232,Domestic
OCC004144,2026-08-25,Tue,BDT-F015,IndiGo,6E409,HYD,14:25,6E5247,BOM,15:05,A321neo,232,Domestic
OCC004145,2026-08-25,Tue,BDT-F016,IndiGo,6E504,HYD,15:45,6E783,HYD,16:25,A321neo,232,Domestic
OCC004146,2026-08-25,Tue,BDT-F017,Air India Express,IX2819,HYD,15:55,IX2744,HYD,16:35,B737-800,189,Domestic
OCC004147,2026-08-25,Tue,BDT-F018,Air India,AI419,DEL,16:05,AI420,DEL,16:45,A321neo,182,Domestic
OCC004148,2026-08-25,Tue,BDT-F019,IndiGo,6E2698,MAA,17:55,6E6089,MAA,18:35,A321neo,232,Domestic
OCC004149,2026-08-25,Tue,BDT-F021,Air India Express,IX2023,BLR,18:30,IX1358,VGA,19:00,B737-800,189,Domestic
OCC004150,2026-08-25,Tue,BDT-F022,IndiGo,6E208,HYD,18:40,6E216,HYD,19:20,A321neo,232,Domestic
OCC004151,2026-08-25,Tue,BDT-F023,IndiGo,6E616,CCU,19:10,6E617,CCU,19:50,A321neo,232,Domestic
OCC004152,2026-08-25,Tue,BDT-F024,IndiGo,6E5248,NMI,20:00,6E883,HYD,20:40,A321neo,232,Domestic
OCC004153,2026-08-25,Tue,BDT-F025,IndiGo,6E969,BLR,20:30,6E2772,BLR,21:10,A321neo,232,Domestic
OCC004154,2026-08-25,Tue,BDT-F026,IndiGo,6E384,HYD,20:40,6E385,HYD,21:20,A320neo,186,Domestic
OCC004155,2026-08-25,Tue,BDT-F027,Air India,AI1702,DEL,20:50,AI1802,DEL,21:30,A320ceo,180,Domestic
OCC004156,2026-08-25,Tue,BDT-F028,Air India Express,IX1373,VGA,21:40,IX1373,BLR,22:10,B737-800,189,Domestic
OCC004157,2026-08-25,Tue,BDT-F029,IndiGo,6E2213,DEL,22:05,6E6631,DEL,22:45,A321neo,232,Domestic
OCC004158,2026-08-26,Wed,BDT-F002,IndiGo,6E6425,DEL,07:40,6E6426,DEL,08:20,A320neo,186,Domestic
OCC004159,2026-08-26,Wed,BDT-F003,IndiGo,6E557,MAA,07:50,6E845,MAA,08:30,A320ceo,186,Domestic
OCC004160,2026-08-26,Wed,BDT-F004,Air India Express,IX2837,HYD,08:20,IX2745,HYD,08:50,B737-800,189,Domestic
OCC004161,2026-08-26,Wed,BDT-F005,IndiGo,6E6408,HYD,08:25,6E915,HYD,08:55,A320neo,186,Domestic
OCC004162,2026-08-26,Wed,BDT-F006,IndiGo,6E1443,AUH,08:20,6E1444,AUH,09:50,A320neo,186,International
OCC004163,2026-08-26,Wed,BDT-F007,Alliance Air,I7105,PYB,09:25,I7205,PYB,09:40,Cessna 208B,9,Domestic
OCC004164,2026-08-26,Wed,BDT-F008,IndiGo,6E714,HYD,10:05,6E6294,HYD,10:40,A320ceo,186,Domestic
OCC004165,2026-08-26,Wed,BDT-F009,IndiGo,6E7128,VGA,10:30,6E7129,VGA,11:00,ATR 72-600,78,Domestic
OCC004166,2026-08-26,Wed,BDT-F010,IndiGo,6E6181,MAA,11:35,6E881,MAA,12:15,A320neo,186,Domestic
OCC004167,2026-08-26,Wed,BDT-F011,IndiGo,6E879,HYD,12:20,6E6645,HYD,13:00,A320neo,186,Domestic
OCC004168,2026-08-26,Wed,BDT-F013,IndiGo,6E7064,TIR,13:25,6E7063,TIR,13:50,ATR 72-600,78,Domestic
OCC004169,2026-08-26,Wed,BDT-F014,IndiGo,6E6336,BLR,14:10,6E5309,BLR,14:55,A321neo,232,Domestic
OCC004170,2026-08-26,Wed,BDT-F015,IndiGo,6E409,HYD,14:25,6E5247,BOM,15:05,A321neo,232,Domestic
OCC004171,2026-08-26,Wed,BDT-F016,IndiGo,6E504,HYD,15:45,6E783,HYD,16:25,A321neo,232,Domestic
OCC004172,2026-08-26,Wed,BDT-F017,Air India Express,IX2819,HYD,15:55,IX2744,HYD,16:35,B737-800,189,Domestic
OCC004173,2026-08-26,Wed,BDT-F018,Air India,AI419,DEL,16:05,AI420,DEL,16:45,A321neo,182,Domestic
OCC004174,2026-08-26,Wed,BDT-F019,IndiGo,6E2698,MAA,17:55,6E6089,MAA,18:35,A321neo,232,Domestic
OCC004175,2026-08-26,Wed,BDT-F020,IndiGo,6E7361,UNK,18:20,6E7362,BBI,18:50,ATR 72-600,78,Domestic
OCC004176,2026-08-26,Wed,BDT-F021,Air India Express,IX2023,BLR,18:30,IX1358,VGA,19:00,B737-800,189,Domestic
OCC004177,2026-08-26,Wed,BDT-F022,IndiGo,6E208,HYD,18:40,6E216,HYD,19:20,A321neo,232,Domestic
OCC004178,2026-08-26,Wed,BDT-F023,IndiGo,6E616,CCU,19:10,6E617,CCU,19:50,A321neo,232,Domestic
OCC004179,2026-08-26,Wed,BDT-F024,IndiGo,6E5248,NMI,20:00,6E883,HYD,20:40,A321neo,232,Domestic
OCC004180,2026-08-26,Wed,BDT-F025,IndiGo,6E969,BLR,20:30,6E2772,BLR,21:10,A321neo,232,Domestic
OCC004181,2026-08-26,Wed,BDT-F026,IndiGo,6E384,HYD,20:40,6E385,HYD,21:20,A320neo,186,Domestic
OCC004182,2026-08-26,Wed,BDT-F027,Air India,AI1702,DEL,20:50,AI1802,DEL,21:30,A320ceo,180,Domestic
OCC004183,2026-08-26,Wed,BDT-F028,Air India Express,IX1373,VGA,21:40,IX1373,BLR,22:10,B737-800,189,Domestic
OCC004184,2026-08-26,Wed,BDT-F029,IndiGo,6E2213,DEL,22:05,6E6631,DEL,22:45,A321neo,232,Domestic
OCC004185,2026-08-26,Wed,BDT-F030,Scoot,TR784,SIN,22:15,TR785,SIN,23:00,A320neo,186,International
OCC004186,2026-08-27,Thu,BDT-F001,Air India Express,IX2064,BLR,07:30,IX2065,BLR,08:00,B737-800,189,Domestic
OCC004187,2026-08-27,Thu,BDT-F002,IndiGo,6E6425,DEL,07:40,6E6426,DEL,08:20,A320neo,186,Domestic
OCC004188,2026-08-27,Thu,BDT-F003,IndiGo,6E557,MAA,07:50,6E845,MAA,08:30,A320ceo,186,Domestic
OCC004189,2026-08-27,Thu,BDT-F004,Air India Express,IX2837,HYD,08:20,IX2745,HYD,08:50,B737-800,189,Domestic
OCC004190,2026-08-27,Thu,BDT-F005,IndiGo,6E6408,HYD,08:25,6E915,HYD,08:55,A320neo,186,Domestic
OCC004191,2026-08-27,Thu,BDT-F007,Alliance Air,I7105,PYB,09:25,I7205,PYB,09:40,Cessna 208B,9,Domestic
OCC004192,2026-08-27,Thu,BDT-F008,IndiGo,6E714,HYD,10:05,6E6294,HYD,10:40,A320ceo,186,Domestic
OCC004193,2026-08-27,Thu,BDT-F009,IndiGo,6E7128,VGA,10:30,6E7129,VGA,11:00,ATR 72-600,78,Domestic
OCC004194,2026-08-27,Thu,BDT-F010,IndiGo,6E6181,MAA,11:35,6E881,MAA,12:15,A320neo,186,Domestic
OCC004195,2026-08-27,Thu,BDT-F011,IndiGo,6E879,HYD,12:20,6E6645,HYD,13:00,A320neo,186,Domestic
OCC004196,2026-08-27,Thu,BDT-F012,IndiGo,6E7176,KJB,13:20,6E7177,KJB,13:40,ATR 72-600,78,Domestic
OCC004197,2026-08-27,Thu,BDT-F013,IndiGo,6E7064,TIR,13:25,6E7063,TIR,13:50,ATR 72-600,78,Domestic
OCC004198,2026-08-27,Thu,BDT-F014,IndiGo,6E6336,BLR,14:10,6E5309,BLR,14:55,A321neo,232,Domestic
OCC004199,2026-08-27,Thu,BDT-F015,IndiGo,6E409,HYD,14:25,6E5247,BOM,15:05,A321neo,232,Domestic
OCC004200,2026-08-27,Thu,BDT-F016,IndiGo,6E504,HYD,15:45,6E783,HYD,16:25,A321neo,232,Domestic
OCC004201,2026-08-27,Thu,BDT-F017,Air India Express,IX2819,HYD,15:55,IX2744,HYD,16:35,B737-800,189,Domestic
OCC004202,2026-08-27,Thu,BDT-F018,Air India,AI419,DEL,16:05,AI420,DEL,16:45,A321neo,182,Domestic
OCC004203,2026-08-27,Thu,BDT-F019,IndiGo,6E2698,MAA,17:55,6E6089,MAA,18:35,A321neo,232,Domestic
OCC004204,2026-08-27,Thu,BDT-F021,Air India Express,IX2023,BLR,18:30,IX1358,VGA,19:00,B737-800,189,Domestic
OCC004205,2026-08-27,Thu,BDT-F022,IndiGo,6E208,HYD,18:40,6E216,HYD,19:20,A321neo,232,Domestic
OCC004206,2026-08-27,Thu,BDT-F023,IndiGo,6E616,CCU,19:10,6E617,CCU,19:50,A321neo,232,Domestic
OCC004207,2026-08-27,Thu,BDT-F024,IndiGo,6E5248,NMI,20:00,6E883,HYD,20:40,A321neo,232,Domestic
OCC004208,2026-08-27,Thu,BDT-F025,IndiGo,6E969,BLR,20:30,6E2772,BLR,21:10,A321neo,232,Domestic
OCC004209,2026-08-27,Thu,BDT-F026,IndiGo,6E384,HYD,20:40,6E385,HYD,21:20,A320neo,186,Domestic
OCC004210,2026-08-27,Thu,BDT-F027,Air India,AI1702,DEL,20:50,AI1802,DEL,21:30,A320ceo,180,Domestic
OCC004211,2026-08-27,Thu,BDT-F028,Air India Express,IX1373,VGA,21:40,IX1373,BLR,22:10,B737-800,189,Domestic
OCC004212,2026-08-27,Thu,BDT-F029,IndiGo,6E2213,DEL,22:05,6E6631,DEL,22:45,A321neo,232,Domestic
OCC004213,2026-08-28,Fri,BDT-F002,IndiGo,6E6425,DEL,07:40,6E6426,DEL,08:20,A320neo,186,Domestic
OCC004214,2026-08-28,Fri,BDT-F003,IndiGo,6E557,MAA,07:50,6E845,MAA,08:30,A320ceo,186,Domestic
OCC004215,2026-08-28,Fri,BDT-F004,Air India Express,IX2837,HYD,08:20,IX2745,HYD,08:50,B737-800,189,Domestic
OCC004216,2026-08-28,Fri,BDT-F005,IndiGo,6E6408,HYD,08:25,6E915,HYD,08:55,A320neo,186,Domestic
OCC004217,2026-08-28,Fri,BDT-F006,IndiGo,6E1443,AUH,08:20,6E1444,AUH,09:50,A320neo,186,International
OCC004218,2026-08-28,Fri,BDT-F007,Alliance Air,I7105,PYB,09:25,I7205,PYB,09:40,Cessna 208B,9,Domestic
OCC004219,2026-08-28,Fri,BDT-F008,IndiGo,6E714,HYD,10:05,6E6294,HYD,10:40,A320ceo,186,Domestic
OCC004220,2026-08-28,Fri,BDT-F009,IndiGo,6E7128,VGA,10:30,6E7129,VGA,11:00,ATR 72-600,78,Domestic
OCC004221,2026-08-28,Fri,BDT-F010,IndiGo,6E6181,MAA,11:35,6E881,MAA,12:15,A320neo,186,Domestic
OCC004222,2026-08-28,Fri,BDT-F011,IndiGo,6E879,HYD,12:20,6E6645,HYD,13:00,A320neo,186,Domestic
OCC004223,2026-08-28,Fri,BDT-F013,IndiGo,6E7064,TIR,13:25,6E7063,TIR,13:50,ATR 72-600,78,Domestic
OCC004224,2026-08-28,Fri,BDT-F014,IndiGo,6E6336,BLR,14:10,6E5309,BLR,14:55,A321neo,232,Domestic
OCC004225,2026-08-28,Fri,BDT-F015,IndiGo,6E409,HYD,14:25,6E5247,BOM,15:05,A321neo,232,Domestic
OCC004226,2026-08-28,Fri,BDT-F016,IndiGo,6E504,HYD,15:45,6E783,HYD,16:25,A321neo,232,Domestic
OCC004227,2026-08-28,Fri,BDT-F017,Air India Express,IX2819,HYD,15:55,IX2744,HYD,16:35,B737-800,189,Domestic
OCC004228,2026-08-28,Fri,BDT-F018,Air India,AI419,DEL,16:05,AI420,DEL,16:45,A321neo,182,Domestic
OCC004229,2026-08-28,Fri,BDT-F019,IndiGo,6E2698,MAA,17:55,6E6089,MAA,18:35,A321neo,232,Domestic
OCC004230,2026-08-28,Fri,BDT-F020,IndiGo,6E7361,UNK,18:20,6E7362,BBI,18:50,ATR 72-600,78,Domestic
OCC004231,2026-08-28,Fri,BDT-F021,Air India Express,IX2023,BLR,18:30,IX1358,VGA,19:00,B737-800,189,Domestic
OCC004232,2026-08-28,Fri,BDT-F022,IndiGo,6E208,HYD,18:40,6E216,HYD,19:20,A321neo,232,Domestic
OCC004233,2026-08-28,Fri,BDT-F023,IndiGo,6E616,CCU,19:10,6E617,CCU,19:50,A321neo,232,Domestic
OCC004234,2026-08-28,Fri,BDT-F024,IndiGo,6E5248,NMI,20:00,6E883,HYD,20:40,A321neo,232,Domestic
OCC004235,2026-08-28,Fri,BDT-F025,IndiGo,6E969,BLR,20:30,6E2772,BLR,21:10,A321neo,232,Domestic
OCC004236,2026-08-28,Fri,BDT-F026,IndiGo,6E384,HYD,20:40,6E385,HYD,21:20,A320neo,186,Domestic
OCC004237,2026-08-28,Fri,BDT-F027,Air India,AI1702,DEL,20:50,AI1802,DEL,21:30,A320ceo,180,Domestic
OCC004238,2026-08-28,Fri,BDT-F028,Air India Express,IX1373,VGA,21:40,IX1373,BLR,22:10,B737-800,189,Domestic
OCC004239,2026-08-28,Fri,BDT-F029,IndiGo,6E2213,DEL,22:05,6E6631,DEL,22:45,A321neo,232,Domestic
OCC004240,2026-08-28,Fri,BDT-F030,Scoot,TR784,SIN,22:15,TR785,SIN,23:00,A320neo,186,International
OCC004241,2026-08-29,Sat,BDT-F001,Air India Express,IX2064,BLR,07:30,IX2065,BLR,08:00,B737-800,189,Domestic
OCC004242,2026-08-29,Sat,BDT-F002,IndiGo,6E6425,DEL,07:40,6E6426,DEL,08:20,A320neo,186,Domestic
OCC004243,2026-08-29,Sat,BDT-F003,IndiGo,6E557,MAA,07:50,6E845,MAA,08:30,A320ceo,186,Domestic
OCC004244,2026-08-29,Sat,BDT-F004,Air India Express,IX2837,HYD,08:20,IX2745,HYD,08:50,B737-800,189,Domestic
OCC004245,2026-08-29,Sat,BDT-F005,IndiGo,6E6408,HYD,08:25,6E915,HYD,08:55,A320neo,186,Domestic
OCC004246,2026-08-29,Sat,BDT-F007,Alliance Air,I7105,PYB,09:25,I7205,PYB,09:40,Cessna 208B,9,Domestic
OCC004247,2026-08-29,Sat,BDT-F008,IndiGo,6E714,HYD,10:05,6E6294,HYD,10:40,A320ceo,186,Domestic
OCC004248,2026-08-29,Sat,BDT-F009,IndiGo,6E7128,VGA,10:30,6E7129,VGA,11:00,ATR 72-600,78,Domestic
OCC004249,2026-08-29,Sat,BDT-F010,IndiGo,6E6181,MAA,11:35,6E881,MAA,12:15,A320neo,186,Domestic
OCC004250,2026-08-29,Sat,BDT-F011,IndiGo,6E879,HYD,12:20,6E6645,HYD,13:00,A320neo,186,Domestic
OCC004251,2026-08-29,Sat,BDT-F012,IndiGo,6E7176,KJB,13:20,6E7177,KJB,13:40,ATR 72-600,78,Domestic
OCC004252,2026-08-29,Sat,BDT-F013,IndiGo,6E7064,TIR,13:25,6E7063,TIR,13:50,ATR 72-600,78,Domestic
OCC004253,2026-08-29,Sat,BDT-F014,IndiGo,6E6336,BLR,14:10,6E5309,BLR,14:55,A321neo,232,Domestic
OCC004254,2026-08-29,Sat,BDT-F015,IndiGo,6E409,HYD,14:25,6E5247,BOM,15:05,A321neo,232,Domestic
OCC004255,2026-08-29,Sat,BDT-F016,IndiGo,6E504,HYD,15:45,6E783,HYD,16:25,A321neo,232,Domestic
OCC004256,2026-08-29,Sat,BDT-F017,Air India Express,IX2819,HYD,15:55,IX2744,HYD,16:35,B737-800,189,Domestic
OCC004257,2026-08-29,Sat,BDT-F018,Air India,AI419,DEL,16:05,AI420,DEL,16:45,A321neo,182,Domestic
OCC004258,2026-08-29,Sat,BDT-F019,IndiGo,6E2698,MAA,17:55,6E6089,MAA,18:35,A321neo,232,Domestic
OCC004259,2026-08-29,Sat,BDT-F021,Air India Express,IX2023,BLR,18:30,IX1358,VGA,19:00,B737-800,189,Domestic
OCC004260,2026-08-29,Sat,BDT-F022,IndiGo,6E208,HYD,18:40,6E216,HYD,19:20,A321neo,232,Domestic
OCC004261,2026-08-29,Sat,BDT-F023,IndiGo,6E616,CCU,19:10,6E617,CCU,19:50,A321neo,232,Domestic
OCC004262,2026-08-29,Sat,BDT-F024,IndiGo,6E5248,NMI,20:00,6E883,HYD,20:40,A321neo,232,Domestic
OCC004263,2026-08-29,Sat,BDT-F025,IndiGo,6E969,BLR,20:30,6E2772,BLR,21:10,A321neo,232,Domestic
OCC004264,2026-08-29,Sat,BDT-F026,IndiGo,6E384,HYD,20:40,6E385,HYD,21:20,A320neo,186,Domestic
OCC004265,2026-08-29,Sat,BDT-F027,Air India,AI1702,DEL,20:50,AI1802,DEL,21:30,A320ceo,180,Domestic
OCC004266,2026-08-29,Sat,BDT-F028,Air India Express,IX1373,VGA,21:40,IX1373,BLR,22:10,B737-800,189,Domestic
OCC004267,2026-08-29,Sat,BDT-F029,IndiGo,6E2213,DEL,22:05,6E6631,DEL,22:45,A321neo,232,Domestic
OCC004268,2026-08-29,Sat,BDT-F030,Scoot,TR784,SIN,22:15,TR785,SIN,23:00,A320neo,186,International
OCC004269,2026-08-30,Sun,BDT-F002,IndiGo,6E6425,DEL,07:40,6E6426,DEL,08:20,A320neo,186,Domestic
OCC004270,2026-08-30,Sun,BDT-F003,IndiGo,6E557,MAA,07:50,6E845,MAA,08:30,A320ceo,186,Domestic
OCC004271,2026-08-30,Sun,BDT-F004,Air India Express,IX2837,HYD,08:20,IX2745,HYD,08:50,B737-800,189,Domestic
OCC004272,2026-08-30,Sun,BDT-F005,IndiGo,6E6408,HYD,08:25,6E915,HYD,08:55,A320neo,186,Domestic
OCC004273,2026-08-30,Sun,BDT-F006,IndiGo,6E1443,AUH,08:20,6E1444,AUH,09:50,A320neo,186,International
OCC004274,2026-08-30,Sun,BDT-F007,Alliance Air,I7105,PYB,09:25,I7205,PYB,09:40,Cessna 208B,9,Domestic
OCC004275,2026-08-30,Sun,BDT-F008,IndiGo,6E714,HYD,10:05,6E6294,HYD,10:40,A320ceo,186,Domestic
OCC004276,2026-08-30,Sun,BDT-F009,IndiGo,6E7128,VGA,10:30,6E7129,VGA,11:00,ATR 72-600,78,Domestic
OCC004277,2026-08-30,Sun,BDT-F010,IndiGo,6E6181,MAA,11:35,6E881,MAA,12:15,A320neo,186,Domestic
OCC004278,2026-08-30,Sun,BDT-F011,IndiGo,6E879,HYD,12:20,6E6645,HYD,13:00,A320neo,186,Domestic
OCC004279,2026-08-30,Sun,BDT-F013,IndiGo,6E7064,TIR,13:25,6E7063,TIR,13:50,ATR 72-600,78,Domestic
OCC004280,2026-08-30,Sun,BDT-F014,IndiGo,6E6336,BLR,14:10,6E5309,BLR,14:55,A321neo,232,Domestic
OCC004281,2026-08-30,Sun,BDT-F015,IndiGo,6E409,HYD,14:25,6E5247,BOM,15:05,A321neo,232,Domestic
OCC004282,2026-08-30,Sun,BDT-F016,IndiGo,6E504,HYD,15:45,6E783,HYD,16:25,A321neo,232,Domestic
OCC004283,2026-08-30,Sun,BDT-F017,Air India Express,IX2819,HYD,15:55,IX2744,HYD,16:35,B737-800,189,Domestic
OCC004284,2026-08-30,Sun,BDT-F018,Air India,AI419,DEL,16:05,AI420,DEL,16:45,A321neo,182,Domestic
OCC004285,2026-08-30,Sun,BDT-F019,IndiGo,6E2698,MAA,17:55,6E6089,MAA,18:35,A321neo,232,Domestic
OCC004286,2026-08-30,Sun,BDT-F020,IndiGo,6E7361,UNK,18:20,6E7362,BBI,18:50,ATR 72-600,78,Domestic
OCC004287,2026-08-30,Sun,BDT-F021,Air India Express,IX2023,BLR,18:30,IX1358,VGA,19:00,B737-800,189,Domestic
OCC004288,2026-08-30,Sun,BDT-F022,IndiGo,6E208,HYD,18:40,6E216,HYD,19:20,A321neo,232,Domestic
OCC004289,2026-08-30,Sun,BDT-F023,IndiGo,6E616,CCU,19:10,6E617,CCU,19:50,A321neo,232,Domestic
OCC004290,2026-08-30,Sun,BDT-F024,IndiGo,6E5248,NMI,20:00,6E883,HYD,20:40,A321neo,232,Domestic
OCC004291,2026-08-30,Sun,BDT-F025,IndiGo,6E969,BLR,20:30,6E2772,BLR,21:10,A321neo,232,Domestic
OCC004292,2026-08-30,Sun,BDT-F026,IndiGo,6E384,HYD,20:40,6E385,HYD,21:20,A320neo,186,Domestic
OCC004293,2026-08-30,Sun,BDT-F027,Air India,AI1702,DEL,20:50,AI1802,DEL,21:30,A320ceo,180,Domestic
OCC004294,2026-08-30,Sun,BDT-F028,Air India Express,IX1373,VGA,21:40,IX1373,BLR,22:10,B737-800,189,Domestic
OCC004295,2026-08-30,Sun,BDT-F029,IndiGo,6E2213,DEL,22:05,6E6631,DEL,22:45,A321neo,232,Domestic
OCC004296,2026-08-31,Mon,BDT-F001,Air India Express,IX2064,BLR,07:30,IX2065,BLR,08:00,B737-800,189,Domestic
OCC004297,2026-08-31,Mon,BDT-F002,IndiGo,6E6425,DEL,07:40,6E6426,DEL,08:20,A320neo,186,Domestic
OCC004298,2026-08-31,Mon,BDT-F003,IndiGo,6E557,MAA,07:50,6E845,MAA,08:30,A320ceo,186,Domestic
OCC004299,2026-08-31,Mon,BDT-F004,Air India Express,IX2837,HYD,08:20,IX2745,HYD,08:50,B737-800,189,Domestic
OCC004300,2026-08-31,Mon,BDT-F005,IndiGo,6E6408,HYD,08:25,6E915,HYD,08:55,A320neo,186,Domestic
OCC004301,2026-08-31,Mon,BDT-F006,IndiGo,6E1443,AUH,08:20,6E1444,AUH,09:50,A320neo,186,International
OCC004302,2026-08-31,Mon,BDT-F007,Alliance Air,I7105,PYB,09:25,I7205,PYB,09:40,Cessna 208B,9,Domestic
OCC004303,2026-08-31,Mon,BDT-F008,IndiGo,6E714,HYD,10:05,6E6294,HYD,10:40,A320ceo,186,Domestic
OCC004304,2026-08-31,Mon,BDT-F009,IndiGo,6E7128,VGA,10:30,6E7129,VGA,11:00,ATR 72-600,78,Domestic
OCC004305,2026-08-31,Mon,BDT-F010,IndiGo,6E6181,MAA,11:35,6E881,MAA,12:15,A320neo,186,Domestic
OCC004306,2026-08-31,Mon,BDT-F011,IndiGo,6E879,HYD,12:20,6E6645,HYD,13:00,A320neo,186,Domestic
OCC004307,2026-08-31,Mon,BDT-F013,IndiGo,6E7064,TIR,13:25,6E7063,TIR,13:50,ATR 72-600,78,Domestic
OCC004308,2026-08-31,Mon,BDT-F014,IndiGo,6E6336,BLR,14:10,6E5309,BLR,14:55,A321neo,232,Domestic
OCC004309,2026-08-31,Mon,BDT-F015,IndiGo,6E409,HYD,14:25,6E5247,BOM,15:05,A321neo,232,Domestic
OCC004310,2026-08-31,Mon,BDT-F016,IndiGo,6E504,HYD,15:45,6E783,HYD,16:25,A321neo,232,Domestic
OCC004311,2026-08-31,Mon,BDT-F017,Air India Express,IX2819,HYD,15:55,IX2744,HYD,16:35,B737-800,189,Domestic
OCC004312,2026-08-31,Mon,BDT-F018,Air India,AI419,DEL,16:05,AI420,DEL,16:45,A321neo,182,Domestic
OCC004313,2026-08-31,Mon,BDT-F019,IndiGo,6E2698,MAA,17:55,6E6089,MAA,18:35,A321neo,232,Domestic
OCC004314,2026-08-31,Mon,BDT-F020,IndiGo,6E7361,UNK,18:20,6E7362,BBI,18:50,ATR 72-600,78,Domestic
OCC004315,2026-08-31,Mon,BDT-F021,Air India Express,IX2023,BLR,18:30,IX1358,VGA,19:00,B737-800,189,Domestic
OCC004316,2026-08-31,Mon,BDT-F022,IndiGo,6E208,HYD,18:40,6E216,HYD,19:20,A321neo,232,Domestic
OCC004317,2026-08-31,Mon,BDT-F023,IndiGo,6E616,CCU,19:10,6E617,CCU,19:50,A321neo,232,Domestic
OCC004318,2026-08-31,Mon,BDT-F024,IndiGo,6E5248,NMI,20:00,6E883,HYD,20:40,A321neo,232,Domestic
OCC004319,2026-08-31,Mon,BDT-F025,IndiGo,6E969,BLR,20:30,6E2772,BLR,21:10,A321neo,232,Domestic
OCC004320,2026-08-31,Mon,BDT-F026,IndiGo,6E384,HYD,20:40,6E385,HYD,21:20,A320neo,186,Domestic
OCC004321,2026-08-31,Mon,BDT-F027,Air India,AI1702,DEL,20:50,AI1802,DEL,21:30,A320ceo,180,Domestic
OCC004322,2026-08-31,Mon,BDT-F028,Air India Express,IX1373,VGA,21:40,IX1373,BLR,22:10,B737-800,189,Domestic
OCC004323,2026-08-31,Mon,BDT-F029,IndiGo,6E2213,DEL,22:05,6E6631,DEL,22:45,A321neo,232,Domestic
OCC004324,2026-08-31,Mon,BDT-F030,Scoot,TR784,SIN,22:15,TR785,SIN,23:00,A320neo,186,International
OCC004325,2026-09-01,Tue,BDT-F001,Air India Express,IX2064,BLR,07:30,IX2065,BLR,08:00,B737-800,189,Domestic
OCC004326,2026-09-01,Tue,BDT-F002,IndiGo,6E6425,DEL,07:40,6E6426,DEL,08:20,A320neo,186,Domestic
OCC004327,2026-09-01,Tue,BDT-F003,IndiGo,6E557,MAA,07:50,6E845,MAA,08:30,A320ceo,186,Domestic
OCC004328,2026-09-01,Tue,BDT-F004,Air India Express,IX2837,HYD,08:20,IX2745,HYD,08:50,B737-800,189,Domestic
OCC004329,2026-09-01,Tue,BDT-F005,IndiGo,6E6408,HYD,08:25,6E915,HYD,08:55,A320neo,186,Domestic
OCC004330,2026-09-01,Tue,BDT-F007,Alliance Air,I7105,PYB,09:25,I7205,PYB,09:40,Cessna 208B,9,Domestic
OCC004331,2026-09-01,Tue,BDT-F008,IndiGo,6E714,HYD,10:05,6E6294,HYD,10:40,A320ceo,186,Domestic
OCC004332,2026-09-01,Tue,BDT-F009,IndiGo,6E7128,VGA,10:30,6E7129,VGA,11:00,ATR 72-600,78,Domestic
OCC004333,2026-09-01,Tue,BDT-F010,IndiGo,6E6181,MAA,11:35,6E881,MAA,12:15,A320neo,186,Domestic
OCC004334,2026-09-01,Tue,BDT-F011,IndiGo,6E879,HYD,12:20,6E6645,HYD,13:00,A320neo,186,Domestic
OCC004335,2026-09-01,Tue,BDT-F012,IndiGo,6E7176,KJB,13:20,6E7177,KJB,13:40,ATR 72-600,78,Domestic
OCC004336,2026-09-01,Tue,BDT-F013,IndiGo,6E7064,TIR,13:25,6E7063,TIR,13:50,ATR 72-600,78,Domestic
OCC004337,2026-09-01,Tue,BDT-F014,IndiGo,6E6336,BLR,14:10,6E5309,BLR,14:55,A321neo,232,Domestic
OCC004338,2026-09-01,Tue,BDT-F015,IndiGo,6E409,HYD,14:25,6E5247,BOM,15:05,A321neo,232,Domestic
OCC004339,2026-09-01,Tue,BDT-F016,IndiGo,6E504,HYD,15:45,6E783,HYD,16:25,A321neo,232,Domestic
OCC004340,2026-09-01,Tue,BDT-F017,Air India Express,IX2819,HYD,15:55,IX2744,HYD,16:35,B737-800,189,Domestic
OCC004341,2026-09-01,Tue,BDT-F018,Air India,AI419,DEL,16:05,AI420,DEL,16:45,A321neo,182,Domestic
OCC004342,2026-09-01,Tue,BDT-F019,IndiGo,6E2698,MAA,17:55,6E6089,MAA,18:35,A321neo,232,Domestic
OCC004343,2026-09-01,Tue,BDT-F021,Air India Express,IX2023,BLR,18:30,IX1358,VGA,19:00,B737-800,189,Domestic
OCC004344,2026-09-01,Tue,BDT-F022,IndiGo,6E208,HYD,18:40,6E216,HYD,19:20,A321neo,232,Domestic
OCC004345,2026-09-01,Tue,BDT-F023,IndiGo,6E616,CCU,19:10,6E617,CCU,19:50,A321neo,232,Domestic
OCC004346,2026-09-01,Tue,BDT-F024,IndiGo,6E5248,NMI,20:00,6E883,HYD,20:40,A321neo,232,Domestic
OCC004347,2026-09-01,Tue,BDT-F025,IndiGo,6E969,BLR,20:30,6E2772,BLR,21:10,A321neo,232,Domestic
OCC004348,2026-09-01,Tue,BDT-F026,IndiGo,6E384,HYD,20:40,6E385,HYD,21:20,A320neo,186,Domestic
OCC004349,2026-09-01,Tue,BDT-F027,Air India,AI1702,DEL,20:50,AI1802,DEL,21:30,A320ceo,180,Domestic
OCC004350,2026-09-01,Tue,BDT-F028,Air India Express,IX1373,VGA,21:40,IX1373,BLR,22:10,B737-800,189,Domestic
OCC004351,2026-09-01,Tue,BDT-F029,IndiGo,6E2213,DEL,22:05,6E6631,DEL,22:45,A321neo,232,Domestic
OCC004352,2026-09-02,Wed,BDT-F002,IndiGo,6E6425,DEL,07:40,6E6426,DEL,08:20,A320neo,186,Domestic
OCC004353,2026-09-02,Wed,BDT-F003,IndiGo,6E557,MAA,07:50,6E845,MAA,08:30,A320ceo,186,Domestic
OCC004354,2026-09-02,Wed,BDT-F004,Air India Express,IX2837,HYD,08:20,IX2745,HYD,08:50,B737-800,189,Domestic
OCC004355,2026-09-02,Wed,BDT-F005,IndiGo,6E6408,HYD,08:25,6E915,HYD,08:55,A320neo,186,Domestic
OCC004356,2026-09-02,Wed,BDT-F006,IndiGo,6E1443,AUH,08:20,6E1444,AUH,09:50,A320neo,186,International
OCC004357,2026-09-02,Wed,BDT-F007,Alliance Air,I7105,PYB,09:25,I7205,PYB,09:40,Cessna 208B,9,Domestic
OCC004358,2026-09-02,Wed,BDT-F008,IndiGo,6E714,HYD,10:05,6E6294,HYD,10:40,A320ceo,186,Domestic
OCC004359,2026-09-02,Wed,BDT-F009,IndiGo,6E7128,VGA,10:30,6E7129,VGA,11:00,ATR 72-600,78,Domestic
OCC004360,2026-09-02,Wed,BDT-F010,IndiGo,6E6181,MAA,11:35,6E881,MAA,12:15,A320neo,186,Domestic
OCC004361,2026-09-02,Wed,BDT-F011,IndiGo,6E879,HYD,12:20,6E6645,HYD,13:00,A320neo,186,Domestic
OCC004362,2026-09-02,Wed,BDT-F013,IndiGo,6E7064,TIR,13:25,6E7063,TIR,13:50,ATR 72-600,78,Domestic
OCC004363,2026-09-02,Wed,BDT-F014,IndiGo,6E6336,BLR,14:10,6E5309,BLR,14:55,A321neo,232,Domestic
OCC004364,2026-09-02,Wed,BDT-F015,IndiGo,6E409,HYD,14:25,6E5247,BOM,15:05,A321neo,232,Domestic
OCC004365,2026-09-02,Wed,BDT-F016,IndiGo,6E504,HYD,15:45,6E783,HYD,16:25,A321neo,232,Domestic
OCC004366,2026-09-02,Wed,BDT-F017,Air India Express,IX2819,HYD,15:55,IX2744,HYD,16:35,B737-800,189,Domestic
OCC004367,2026-09-02,Wed,BDT-F018,Air India,AI419,DEL,16:05,AI420,DEL,16:45,A321neo,182,Domestic
OCC004368,2026-09-02,Wed,BDT-F019,IndiGo,6E2698,MAA,17:55,6E6089,MAA,18:35,A321neo,232,Domestic
OCC004369,2026-09-02,Wed,BDT-F020,IndiGo,6E7361,UNK,18:20,6E7362,BBI,18:50,ATR 72-600,78,Domestic
OCC004370,2026-09-02,Wed,BDT-F021,Air India Express,IX2023,BLR,18:30,IX1358,VGA,19:00,B737-800,189,Domestic
OCC004371,2026-09-02,Wed,BDT-F022,IndiGo,6E208,HYD,18:40,6E216,HYD,19:20,A321neo,232,Domestic
OCC004372,2026-09-02,Wed,BDT-F023,IndiGo,6E616,CCU,19:10,6E617,CCU,19:50,A321neo,232,Domestic
OCC004373,2026-09-02,Wed,BDT-F024,IndiGo,6E5248,NMI,20:00,6E883,HYD,20:40,A321neo,232,Domestic
OCC004374,2026-09-02,Wed,BDT-F025,IndiGo,6E969,BLR,20:30,6E2772,BLR,21:10,A321neo,232,Domestic
OCC004375,2026-09-02,Wed,BDT-F026,IndiGo,6E384,HYD,20:40,6E385,HYD,21:20,A320neo,186,Domestic
OCC004376,2026-09-02,Wed,BDT-F027,Air India,AI1702,DEL,20:50,AI1802,DEL,21:30,A320ceo,180,Domestic
OCC004377,2026-09-02,Wed,BDT-F028,Air India Express,IX1373,VGA,21:40,IX1373,BLR,22:10,B737-800,189,Domestic
OCC004378,2026-09-02,Wed,BDT-F029,IndiGo,6E2213,DEL,22:05,6E6631,DEL,22:45,A321neo,232,Domestic
OCC004379,2026-09-02,Wed,BDT-F030,Scoot,TR784,SIN,22:15,TR785,SIN,23:00,A320neo,186,International
OCC004380,2026-09-03,Thu,BDT-F001,Air India Express,IX2064,BLR,07:30,IX2065,BLR,08:00,B737-800,189,Domestic
OCC004381,2026-09-03,Thu,BDT-F002,IndiGo,6E6425,DEL,07:40,6E6426,DEL,08:20,A320neo,186,Domestic
OCC004382,2026-09-03,Thu,BDT-F003,IndiGo,6E557,MAA,07:50,6E845,MAA,08:30,A320ceo,186,Domestic
OCC004383,2026-09-03,Thu,BDT-F004,Air India Express,IX2837,HYD,08:20,IX2745,HYD,08:50,B737-800,189,Domestic
OCC004384,2026-09-03,Thu,BDT-F005,IndiGo,6E6408,HYD,08:25,6E915,HYD,08:55,A320neo,186,Domestic
OCC004385,2026-09-03,Thu,BDT-F007,Alliance Air,I7105,PYB,09:25,I7205,PYB,09:40,Cessna 208B,9,Domestic
OCC004386,2026-09-03,Thu,BDT-F008,IndiGo,6E714,HYD,10:05,6E6294,HYD,10:40,A320ceo,186,Domestic
OCC004387,2026-09-03,Thu,BDT-F009,IndiGo,6E7128,VGA,10:30,6E7129,VGA,11:00,ATR 72-600,78,Domestic
OCC004388,2026-09-03,Thu,BDT-F010,IndiGo,6E6181,MAA,11:35,6E881,MAA,12:15,A320neo,186,Domestic
OCC004389,2026-09-03,Thu,BDT-F011,IndiGo,6E879,HYD,12:20,6E6645,HYD,13:00,A320neo,186,Domestic
OCC004390,2026-09-03,Thu,BDT-F012,IndiGo,6E7176,KJB,13:20,6E7177,KJB,13:40,ATR 72-600,78,Domestic
OCC004391,2026-09-03,Thu,BDT-F013,IndiGo,6E7064,TIR,13:25,6E7063,TIR,13:50,ATR 72-600,78,Domestic
OCC004392,2026-09-03,Thu,BDT-F014,IndiGo,6E6336,BLR,14:10,6E5309,BLR,14:55,A321neo,232,Domestic
OCC004393,2026-09-03,Thu,BDT-F015,IndiGo,6E409,HYD,14:25,6E5247,BOM,15:05,A321neo,232,Domestic
OCC004394,2026-09-03,Thu,BDT-F016,IndiGo,6E504,HYD,15:45,6E783,HYD,16:25,A321neo,232,Domestic
OCC004395,2026-09-03,Thu,BDT-F017,Air India Express,IX2819,HYD,15:55,IX2744,HYD,16:35,B737-800,189,Domestic
OCC004396,2026-09-03,Thu,BDT-F018,Air India,AI419,DEL,16:05,AI420,DEL,16:45,A321neo,182,Domestic
OCC004397,2026-09-03,Thu,BDT-F019,IndiGo,6E2698,MAA,17:55,6E6089,MAA,18:35,A321neo,232,Domestic
OCC004398,2026-09-03,Thu,BDT-F021,Air India Express,IX2023,BLR,18:30,IX1358,VGA,19:00,B737-800,189,Domestic
OCC004399,2026-09-03,Thu,BDT-F022,IndiGo,6E208,HYD,18:40,6E216,HYD,19:20,A321neo,232,Domestic
OCC004400,2026-09-03,Thu,BDT-F023,IndiGo,6E616,CCU,19:10,6E617,CCU,19:50,A321neo,232,Domestic
OCC004401,2026-09-03,Thu,BDT-F024,IndiGo,6E5248,NMI,20:00,6E883,HYD,20:40,A321neo,232,Domestic
OCC004402,2026-09-03,Thu,BDT-F025,IndiGo,6E969,BLR,20:30,6E2772,BLR,21:10,A321neo,232,Domestic
OCC004403,2026-09-03,Thu,BDT-F026,IndiGo,6E384,HYD,20:40,6E385,HYD,21:20,A320neo,186,Domestic
OCC004404,2026-09-03,Thu,BDT-F027,Air India,AI1702,DEL,20:50,AI1802,DEL,21:30,A320ceo,180,Domestic
OCC004405,2026-09-03,Thu,BDT-F028,Air India Express,IX1373,VGA,21:40,IX1373,BLR,22:10,B737-800,189,Domestic
OCC004406,2026-09-03,Thu,BDT-F029,IndiGo,6E2213,DEL,22:05,6E6631,DEL,22:45,A321neo,232,Domestic
OCC004407,2026-09-04,Fri,BDT-F002,IndiGo,6E6425,DEL,07:40,6E6426,DEL,08:20,A320neo,186,Domestic
OCC004408,2026-09-04,Fri,BDT-F003,IndiGo,6E557,MAA,07:50,6E845,MAA,08:30,A320ceo,186,Domestic
OCC004409,2026-09-04,Fri,BDT-F004,Air India Express,IX2837,HYD,08:20,IX2745,HYD,08:50,B737-800,189,Domestic
OCC004410,2026-09-04,Fri,BDT-F005,IndiGo,6E6408,HYD,08:25,6E915,HYD,08:55,A320neo,186,Domestic
OCC004411,2026-09-04,Fri,BDT-F006,IndiGo,6E1443,AUH,08:20,6E1444,AUH,09:50,A320neo,186,International
OCC004412,2026-09-04,Fri,BDT-F007,Alliance Air,I7105,PYB,09:25,I7205,PYB,09:40,Cessna 208B,9,Domestic
OCC004413,2026-09-04,Fri,BDT-F008,IndiGo,6E714,HYD,10:05,6E6294,HYD,10:40,A320ceo,186,Domestic
OCC004414,2026-09-04,Fri,BDT-F009,IndiGo,6E7128,VGA,10:30,6E7129,VGA,11:00,ATR 72-600,78,Domestic
OCC004415,2026-09-04,Fri,BDT-F010,IndiGo,6E6181,MAA,11:35,6E881,MAA,12:15,A320neo,186,Domestic
OCC004416,2026-09-04,Fri,BDT-F011,IndiGo,6E879,HYD,12:20,6E6645,HYD,13:00,A320neo,186,Domestic
OCC004417,2026-09-04,Fri,BDT-F013,IndiGo,6E7064,TIR,13:25,6E7063,TIR,13:50,ATR 72-600,78,Domestic
OCC004418,2026-09-04,Fri,BDT-F014,IndiGo,6E6336,BLR,14:10,6E5309,BLR,14:55,A321neo,232,Domestic
OCC004419,2026-09-04,Fri,BDT-F015,IndiGo,6E409,HYD,14:25,6E5247,BOM,15:05,A321neo,232,Domestic
OCC004420,2026-09-04,Fri,BDT-F016,IndiGo,6E504,HYD,15:45,6E783,HYD,16:25,A321neo,232,Domestic
OCC004421,2026-09-04,Fri,BDT-F017,Air India Express,IX2819,HYD,15:55,IX2744,HYD,16:35,B737-800,189,Domestic
OCC004422,2026-09-04,Fri,BDT-F018,Air India,AI419,DEL,16:05,AI420,DEL,16:45,A321neo,182,Domestic
OCC004423,2026-09-04,Fri,BDT-F019,IndiGo,6E2698,MAA,17:55,6E6089,MAA,18:35,A321neo,232,Domestic
OCC004424,2026-09-04,Fri,BDT-F020,IndiGo,6E7361,UNK,18:20,6E7362,BBI,18:50,ATR 72-600,78,Domestic
OCC004425,2026-09-04,Fri,BDT-F021,Air India Express,IX2023,BLR,18:30,IX1358,VGA,19:00,B737-800,189,Domestic
OCC004426,2026-09-04,Fri,BDT-F022,IndiGo,6E208,HYD,18:40,6E216,HYD,19:20,A321neo,232,Domestic
OCC004427,2026-09-04,Fri,BDT-F023,IndiGo,6E616,CCU,19:10,6E617,CCU,19:50,A321neo,232,Domestic
OCC004428,2026-09-04,Fri,BDT-F024,IndiGo,6E5248,NMI,20:00,6E883,HYD,20:40,A321neo,232,Domestic
OCC004429,2026-09-04,Fri,BDT-F025,IndiGo,6E969,BLR,20:30,6E2772,BLR,21:10,A321neo,232,Domestic
OCC004430,2026-09-04,Fri,BDT-F026,IndiGo,6E384,HYD,20:40,6E385,HYD,21:20,A320neo,186,Domestic
OCC004431,2026-09-04,Fri,BDT-F027,Air India,AI1702,DEL,20:50,AI1802,DEL,21:30,A320ceo,180,Domestic
OCC004432,2026-09-04,Fri,BDT-F028,Air India Express,IX1373,VGA,21:40,IX1373,BLR,22:10,B737-800,189,Domestic
OCC004433,2026-09-04,Fri,BDT-F029,IndiGo,6E2213,DEL,22:05,6E6631,DEL,22:45,A321neo,232,Domestic
OCC004434,2026-09-04,Fri,BDT-F030,Scoot,TR784,SIN,22:15,TR785,SIN,23:00,A320neo,186,International
OCC004435,2026-09-05,Sat,BDT-F001,Air India Express,IX2064,BLR,07:30,IX2065,BLR,08:00,B737-800,189,Domestic
OCC004436,2026-09-05,Sat,BDT-F002,IndiGo,6E6425,DEL,07:40,6E6426,DEL,08:20,A320neo,186,Domestic
OCC004437,2026-09-05,Sat,BDT-F003,IndiGo,6E557,MAA,07:50,6E845,MAA,08:30,A320ceo,186,Domestic
OCC004438,2026-09-05,Sat,BDT-F004,Air India Express,IX2837,HYD,08:20,IX2745,HYD,08:50,B737-800,189,Domestic
OCC004439,2026-09-05,Sat,BDT-F005,IndiGo,6E6408,HYD,08:25,6E915,HYD,08:55,A320neo,186,Domestic
OCC004440,2026-09-05,Sat,BDT-F007,Alliance Air,I7105,PYB,09:25,I7205,PYB,09:40,Cessna 208B,9,Domestic
OCC004441,2026-09-05,Sat,BDT-F008,IndiGo,6E714,HYD,10:05,6E6294,HYD,10:40,A320ceo,186,Domestic
OCC004442,2026-09-05,Sat,BDT-F009,IndiGo,6E7128,VGA,10:30,6E7129,VGA,11:00,ATR 72-600,78,Domestic
OCC004443,2026-09-05,Sat,BDT-F010,IndiGo,6E6181,MAA,11:35,6E881,MAA,12:15,A320neo,186,Domestic
OCC004444,2026-09-05,Sat,BDT-F011,IndiGo,6E879,HYD,12:20,6E6645,HYD,13:00,A320neo,186,Domestic
OCC004445,2026-09-05,Sat,BDT-F012,IndiGo,6E7176,KJB,13:20,6E7177,KJB,13:40,ATR 72-600,78,Domestic
OCC004446,2026-09-05,Sat,BDT-F013,IndiGo,6E7064,TIR,13:25,6E7063,TIR,13:50,ATR 72-600,78,Domestic
OCC004447,2026-09-05,Sat,BDT-F014,IndiGo,6E6336,BLR,14:10,6E5309,BLR,14:55,A321neo,232,Domestic
OCC004448,2026-09-05,Sat,BDT-F015,IndiGo,6E409,HYD,14:25,6E5247,BOM,15:05,A321neo,232,Domestic
OCC004449,2026-09-05,Sat,BDT-F016,IndiGo,6E504,HYD,15:45,6E783,HYD,16:25,A321neo,232,Domestic
OCC004450,2026-09-05,Sat,BDT-F017,Air India Express,IX2819,HYD,15:55,IX2744,HYD,16:35,B737-800,189,Domestic
OCC004451,2026-09-05,Sat,BDT-F018,Air India,AI419,DEL,16:05,AI420,DEL,16:45,A321neo,182,Domestic
OCC004452,2026-09-05,Sat,BDT-F019,IndiGo,6E2698,MAA,17:55,6E6089,MAA,18:35,A321neo,232,Domestic
OCC004453,2026-09-05,Sat,BDT-F021,Air India Express,IX2023,BLR,18:30,IX1358,VGA,19:00,B737-800,189,Domestic
OCC004454,2026-09-05,Sat,BDT-F022,IndiGo,6E208,HYD,18:40,6E216,HYD,19:20,A321neo,232,Domestic
OCC004455,2026-09-05,Sat,BDT-F023,IndiGo,6E616,CCU,19:10,6E617,CCU,19:50,A321neo,232,Domestic
OCC004456,2026-09-05,Sat,BDT-F024,IndiGo,6E5248,NMI,20:00,6E883,HYD,20:40,A321neo,232,Domestic
OCC004457,2026-09-05,Sat,BDT-F025,IndiGo,6E969,BLR,20:30,6E2772,BLR,21:10,A321neo,232,Domestic
OCC004458,2026-09-05,Sat,BDT-F026,IndiGo,6E384,HYD,20:40,6E385,HYD,21:20,A320neo,186,Domestic
OCC004459,2026-09-05,Sat,BDT-F027,Air India,AI1702,DEL,20:50,AI1802,DEL,21:30,A320ceo,180,Domestic
OCC004460,2026-09-05,Sat,BDT-F028,Air India Express,IX1373,VGA,21:40,IX1373,BLR,22:10,B737-800,189,Domestic
OCC004461,2026-09-05,Sat,BDT-F029,IndiGo,6E2213,DEL,22:05,6E6631,DEL,22:45,A321neo,232,Domestic
OCC004462,2026-09-05,Sat,BDT-F030,Scoot,TR784,SIN,22:15,TR785,SIN,23:00,A320neo,186,International
OCC004463,2026-09-06,Sun,BDT-F002,IndiGo,6E6425,DEL,07:40,6E6426,DEL,08:20,A320neo,186,Domestic
OCC004464,2026-09-06,Sun,BDT-F003,IndiGo,6E557,MAA,07:50,6E845,MAA,08:30,A320ceo,186,Domestic
OCC004465,2026-09-06,Sun,BDT-F004,Air India Express,IX2837,HYD,08:20,IX2745,HYD,08:50,B737-800,189,Domestic
OCC004466,2026-09-06,Sun,BDT-F005,IndiGo,6E6408,HYD,08:25,6E915,HYD,08:55,A320neo,186,Domestic
OCC004467,2026-09-06,Sun,BDT-F006,IndiGo,6E1443,AUH,08:20,6E1444,AUH,09:50,A320neo,186,International
OCC004468,2026-09-06,Sun,BDT-F007,Alliance Air,I7105,PYB,09:25,I7205,PYB,09:40,Cessna 208B,9,Domestic
OCC004469,2026-09-06,Sun,BDT-F008,IndiGo,6E714,HYD,10:05,6E6294,HYD,10:40,A320ceo,186,Domestic
OCC004470,2026-09-06,Sun,BDT-F009,IndiGo,6E7128,VGA,10:30,6E7129,VGA,11:00,ATR 72-600,78,Domestic
OCC004471,2026-09-06,Sun,BDT-F010,IndiGo,6E6181,MAA,11:35,6E881,MAA,12:15,A320neo,186,Domestic
OCC004472,2026-09-06,Sun,BDT-F011,IndiGo,6E879,HYD,12:20,6E6645,HYD,13:00,A320neo,186,Domestic
OCC004473,2026-09-06,Sun,BDT-F013,IndiGo,6E7064,TIR,13:25,6E7063,TIR,13:50,ATR 72-600,78,Domestic
OCC004474,2026-09-06,Sun,BDT-F014,IndiGo,6E6336,BLR,14:10,6E5309,BLR,14:55,A321neo,232,Domestic
OCC004475,2026-09-06,Sun,BDT-F015,IndiGo,6E409,HYD,14:25,6E5247,BOM,15:05,A321neo,232,Domestic
OCC004476,2026-09-06,Sun,BDT-F016,IndiGo,6E504,HYD,15:45,6E783,HYD,16:25,A321neo,232,Domestic
OCC004477,2026-09-06,Sun,BDT-F017,Air India Express,IX2819,HYD,15:55,IX2744,HYD,16:35,B737-800,189,Domestic
OCC004478,2026-09-06,Sun,BDT-F018,Air India,AI419,DEL,16:05,AI420,DEL,16:45,A321neo,182,Domestic
OCC004479,2026-09-06,Sun,BDT-F019,IndiGo,6E2698,MAA,17:55,6E6089,MAA,18:35,A321neo,232,Domestic
OCC004480,2026-09-06,Sun,BDT-F020,IndiGo,6E7361,UNK,18:20,6E7362,BBI,18:50,ATR 72-600,78,Domestic
OCC004481,2026-09-06,Sun,BDT-F021,Air India Express,IX2023,BLR,18:30,IX1358,VGA,19:00,B737-800,189,Domestic
OCC004482,2026-09-06,Sun,BDT-F022,IndiGo,6E208,HYD,18:40,6E216,HYD,19:20,A321neo,232,Domestic
OCC004483,2026-09-06,Sun,BDT-F023,IndiGo,6E616,CCU,19:10,6E617,CCU,19:50,A321neo,232,Domestic
OCC004484,2026-09-06,Sun,BDT-F024,IndiGo,6E5248,NMI,20:00,6E883,HYD,20:40,A321neo,232,Domestic
OCC004485,2026-09-06,Sun,BDT-F025,IndiGo,6E969,BLR,20:30,6E2772,BLR,21:10,A321neo,232,Domestic
OCC004486,2026-09-06,Sun,BDT-F026,IndiGo,6E384,HYD,20:40,6E385,HYD,21:20,A320neo,186,Domestic
OCC004487,2026-09-06,Sun,BDT-F027,Air India,AI1702,DEL,20:50,AI1802,DEL,21:30,A320ceo,180,Domestic
OCC004488,2026-09-06,Sun,BDT-F028,Air India Express,IX1373,VGA,21:40,IX1373,BLR,22:10,B737-800,189,Domestic
OCC004489,2026-09-06,Sun,BDT-F029,IndiGo,6E2213,DEL,22:05,6E6631,DEL,22:45,A321neo,232,Domestic
OCC004490,2026-09-07,Mon,BDT-F001,Air India Express,IX2064,BLR,07:30,IX2065,BLR,08:00,B737-800,189,Domestic
OCC004491,2026-09-07,Mon,BDT-F002,IndiGo,6E6425,DEL,07:40,6E6426,DEL,08:20,A320neo,186,Domestic
OCC004492,2026-09-07,Mon,BDT-F003,IndiGo,6E557,MAA,07:50,6E845,MAA,08:30,A320ceo,186,Domestic
OCC004493,2026-09-07,Mon,BDT-F004,Air India Express,IX2837,HYD,08:20,IX2745,HYD,08:50,B737-800,189,Domestic
OCC004494,2026-09-07,Mon,BDT-F005,IndiGo,6E6408,HYD,08:25,6E915,HYD,08:55,A320neo,186,Domestic
OCC004495,2026-09-07,Mon,BDT-F006,IndiGo,6E1443,AUH,08:20,6E1444,AUH,09:50,A320neo,186,International
OCC004496,2026-09-07,Mon,BDT-F007,Alliance Air,I7105,PYB,09:25,I7205,PYB,09:40,Cessna 208B,9,Domestic
OCC004497,2026-09-07,Mon,BDT-F008,IndiGo,6E714,HYD,10:05,6E6294,HYD,10:40,A320ceo,186,Domestic
OCC004498,2026-09-07,Mon,BDT-F009,IndiGo,6E7128,VGA,10:30,6E7129,VGA,11:00,ATR 72-600,78,Domestic
OCC004499,2026-09-07,Mon,BDT-F010,IndiGo,6E6181,MAA,11:35,6E881,MAA,12:15,A320neo,186,Domestic
OCC004500,2026-09-07,Mon,BDT-F011,IndiGo,6E879,HYD,12:20,6E6645,HYD,13:00,A320neo,186,Domestic
OCC004501,2026-09-07,Mon,BDT-F013,IndiGo,6E7064,TIR,13:25,6E7063,TIR,13:50,ATR 72-600,78,Domestic
OCC004502,2026-09-07,Mon,BDT-F014,IndiGo,6E6336,BLR,14:10,6E5309,BLR,14:55,A321neo,232,Domestic
OCC004503,2026-09-07,Mon,BDT-F015,IndiGo,6E409,HYD,14:25,6E5247,BOM,15:05,A321neo,232,Domestic
OCC004504,2026-09-07,Mon,BDT-F016,IndiGo,6E504,HYD,15:45,6E783,HYD,16:25,A321neo,232,Domestic
OCC004505,2026-09-07,Mon,BDT-F017,Air India Express,IX2819,HYD,15:55,IX2744,HYD,16:35,B737-800,189,Domestic
OCC004506,2026-09-07,Mon,BDT-F018,Air India,AI419,DEL,16:05,AI420,DEL,16:45,A321neo,182,Domestic
OCC004507,2026-09-07,Mon,BDT-F019,IndiGo,6E2698,MAA,17:55,6E6089,MAA,18:35,A321neo,232,Domestic
OCC004508,2026-09-07,Mon,BDT-F020,IndiGo,6E7361,UNK,18:20,6E7362,BBI,18:50,ATR 72-600,78,Domestic
OCC004509,2026-09-07,Mon,BDT-F021,Air India Express,IX2023,BLR,18:30,IX1358,VGA,19:00,B737-800,189,Domestic
OCC004510,2026-09-07,Mon,BDT-F022,IndiGo,6E208,HYD,18:40,6E216,HYD,19:20,A321neo,232,Domestic
OCC004511,2026-09-07,Mon,BDT-F023,IndiGo,6E616,CCU,19:10,6E617,CCU,19:50,A321neo,232,Domestic
OCC004512,2026-09-07,Mon,BDT-F024,IndiGo,6E5248,NMI,20:00,6E883,HYD,20:40,A321neo,232,Domestic
OCC004513,2026-09-07,Mon,BDT-F025,IndiGo,6E969,BLR,20:30,6E2772,BLR,21:10,A321neo,232,Domestic
OCC004514,2026-09-07,Mon,BDT-F026,IndiGo,6E384,HYD,20:40,6E385,HYD,21:20,A320neo,186,Domestic
OCC004515,2026-09-07,Mon,BDT-F027,Air India,AI1702,DEL,20:50,AI1802,DEL,21:30,A320ceo,180,Domestic
OCC004516,2026-09-07,Mon,BDT-F028,Air India Express,IX1373,VGA,21:40,IX1373,BLR,22:10,B737-800,189,Domestic
OCC004517,2026-09-07,Mon,BDT-F029,IndiGo,6E2213,DEL,22:05,6E6631,DEL,22:45,A321neo,232,Domestic
OCC004518,2026-09-07,Mon,BDT-F030,Scoot,TR784,SIN,22:15,TR785,SIN,23:00,A320neo,186,International
OCC004519,2026-09-08,Tue,BDT-F001,Air India Express,IX2064,BLR,07:30,IX2065,BLR,08:00,B737-800,189,Domestic
OCC004520,2026-09-08,Tue,BDT-F002,IndiGo,6E6425,DEL,07:40,6E6426,DEL,08:20,A320neo,186,Domestic
OCC004521,2026-09-08,Tue,BDT-F003,IndiGo,6E557,MAA,07:50,6E845,MAA,08:30,A320ceo,186,Domestic
OCC004522,2026-09-08,Tue,BDT-F004,Air India Express,IX2837,HYD,08:20,IX2745,HYD,08:50,B737-800,189,Domestic
OCC004523,2026-09-08,Tue,BDT-F005,IndiGo,6E6408,HYD,08:25,6E915,HYD,08:55,A320neo,186,Domestic
OCC004524,2026-09-08,Tue,BDT-F007,Alliance Air,I7105,PYB,09:25,I7205,PYB,09:40,Cessna 208B,9,Domestic
OCC004525,2026-09-08,Tue,BDT-F008,IndiGo,6E714,HYD,10:05,6E6294,HYD,10:40,A320ceo,186,Domestic
OCC004526,2026-09-08,Tue,BDT-F009,IndiGo,6E7128,VGA,10:30,6E7129,VGA,11:00,ATR 72-600,78,Domestic
OCC004527,2026-09-08,Tue,BDT-F010,IndiGo,6E6181,MAA,11:35,6E881,MAA,12:15,A320neo,186,Domestic
OCC004528,2026-09-08,Tue,BDT-F011,IndiGo,6E879,HYD,12:20,6E6645,HYD,13:00,A320neo,186,Domestic
OCC004529,2026-09-08,Tue,BDT-F012,IndiGo,6E7176,KJB,13:20,6E7177,KJB,13:40,ATR 72-600,78,Domestic
OCC004530,2026-09-08,Tue,BDT-F013,IndiGo,6E7064,TIR,13:25,6E7063,TIR,13:50,ATR 72-600,78,Domestic
OCC004531,2026-09-08,Tue,BDT-F014,IndiGo,6E6336,BLR,14:10,6E5309,BLR,14:55,A321neo,232,Domestic
OCC004532,2026-09-08,Tue,BDT-F015,IndiGo,6E409,HYD,14:25,6E5247,BOM,15:05,A321neo,232,Domestic
OCC004533,2026-09-08,Tue,BDT-F016,IndiGo,6E504,HYD,15:45,6E783,HYD,16:25,A321neo,232,Domestic
OCC004534,2026-09-08,Tue,BDT-F017,Air India Express,IX2819,HYD,15:55,IX2744,HYD,16:35,B737-800,189,Domestic
OCC004535,2026-09-08,Tue,BDT-F018,Air India,AI419,DEL,16:05,AI420,DEL,16:45,A321neo,182,Domestic
OCC004536,2026-09-08,Tue,BDT-F019,IndiGo,6E2698,MAA,17:55,6E6089,MAA,18:35,A321neo,232,Domestic
OCC004537,2026-09-08,Tue,BDT-F021,Air India Express,IX2023,BLR,18:30,IX1358,VGA,19:00,B737-800,189,Domestic
OCC004538,2026-09-08,Tue,BDT-F022,IndiGo,6E208,HYD,18:40,6E216,HYD,19:20,A321neo,232,Domestic
OCC004539,2026-09-08,Tue,BDT-F023,IndiGo,6E616,CCU,19:10,6E617,CCU,19:50,A321neo,232,Domestic
OCC004540,2026-09-08,Tue,BDT-F024,IndiGo,6E5248,NMI,20:00,6E883,HYD,20:40,A321neo,232,Domestic
OCC004541,2026-09-08,Tue,BDT-F025,IndiGo,6E969,BLR,20:30,6E2772,BLR,21:10,A321neo,232,Domestic
OCC004542,2026-09-08,Tue,BDT-F026,IndiGo,6E384,HYD,20:40,6E385,HYD,21:20,A320neo,186,Domestic
OCC004543,2026-09-08,Tue,BDT-F027,Air India,AI1702,DEL,20:50,AI1802,DEL,21:30,A320ceo,180,Domestic
OCC004544,2026-09-08,Tue,BDT-F028,Air India Express,IX1373,VGA,21:40,IX1373,BLR,22:10,B737-800,189,Domestic
OCC004545,2026-09-08,Tue,BDT-F029,IndiGo,6E2213,DEL,22:05,6E6631,DEL,22:45,A321neo,232,Domestic
OCC004546,2026-09-09,Wed,BDT-F002,IndiGo,6E6425,DEL,07:40,6E6426,DEL,08:20,A320neo,186,Domestic
OCC004547,2026-09-09,Wed,BDT-F003,IndiGo,6E557,MAA,07:50,6E845,MAA,08:30,A320ceo,186,Domestic
OCC004548,2026-09-09,Wed,BDT-F004,Air India Express,IX2837,HYD,08:20,IX2745,HYD,08:50,B737-800,189,Domestic
OCC004549,2026-09-09,Wed,BDT-F005,IndiGo,6E6408,HYD,08:25,6E915,HYD,08:55,A320neo,186,Domestic
OCC004550,2026-09-09,Wed,BDT-F006,IndiGo,6E1443,AUH,08:20,6E1444,AUH,09:50,A320neo,186,International
OCC004551,2026-09-09,Wed,BDT-F007,Alliance Air,I7105,PYB,09:25,I7205,PYB,09:40,Cessna 208B,9,Domestic
OCC004552,2026-09-09,Wed,BDT-F008,IndiGo,6E714,HYD,10:05,6E6294,HYD,10:40,A320ceo,186,Domestic
OCC004553,2026-09-09,Wed,BDT-F009,IndiGo,6E7128,VGA,10:30,6E7129,VGA,11:00,ATR 72-600,78,Domestic
OCC004554,2026-09-09,Wed,BDT-F010,IndiGo,6E6181,MAA,11:35,6E881,MAA,12:15,A320neo,186,Domestic
OCC004555,2026-09-09,Wed,BDT-F011,IndiGo,6E879,HYD,12:20,6E6645,HYD,13:00,A320neo,186,Domestic
OCC004556,2026-09-09,Wed,BDT-F013,IndiGo,6E7064,TIR,13:25,6E7063,TIR,13:50,ATR 72-600,78,Domestic
OCC004557,2026-09-09,Wed,BDT-F014,IndiGo,6E6336,BLR,14:10,6E5309,BLR,14:55,A321neo,232,Domestic
OCC004558,2026-09-09,Wed,BDT-F015,IndiGo,6E409,HYD,14:25,6E5247,BOM,15:05,A321neo,232,Domestic
OCC004559,2026-09-09,Wed,BDT-F016,IndiGo,6E504,HYD,15:45,6E783,HYD,16:25,A321neo,232,Domestic
OCC004560,2026-09-09,Wed,BDT-F017,Air India Express,IX2819,HYD,15:55,IX2744,HYD,16:35,B737-800,189,Domestic
OCC004561,2026-09-09,Wed,BDT-F018,Air India,AI419,DEL,16:05,AI420,DEL,16:45,A321neo,182,Domestic
OCC004562,2026-09-09,Wed,BDT-F019,IndiGo,6E2698,MAA,17:55,6E6089,MAA,18:35,A321neo,232,Domestic
OCC004563,2026-09-09,Wed,BDT-F020,IndiGo,6E7361,UNK,18:20,6E7362,BBI,18:50,ATR 72-600,78,Domestic
OCC004564,2026-09-09,Wed,BDT-F021,Air India Express,IX2023,BLR,18:30,IX1358,VGA,19:00,B737-800,189,Domestic
OCC004565,2026-09-09,Wed,BDT-F022,IndiGo,6E208,HYD,18:40,6E216,HYD,19:20,A321neo,232,Domestic
OCC004566,2026-09-09,Wed,BDT-F023,IndiGo,6E616,CCU,19:10,6E617,CCU,19:50,A321neo,232,Domestic
OCC004567,2026-09-09,Wed,BDT-F024,IndiGo,6E5248,NMI,20:00,6E883,HYD,20:40,A321neo,232,Domestic
OCC004568,2026-09-09,Wed,BDT-F025,IndiGo,6E969,BLR,20:30,6E2772,BLR,21:10,A321neo,232,Domestic
OCC004569,2026-09-09,Wed,BDT-F026,IndiGo,6E384,HYD,20:40,6E385,HYD,21:20,A320neo,186,Domestic
OCC004570,2026-09-09,Wed,BDT-F027,Air India,AI1702,DEL,20:50,AI1802,DEL,21:30,A320ceo,180,Domestic
OCC004571,2026-09-09,Wed,BDT-F028,Air India Express,IX1373,VGA,21:40,IX1373,BLR,22:10,B737-800,189,Domestic
OCC004572,2026-09-09,Wed,BDT-F029,IndiGo,6E2213,DEL,22:05,6E6631,DEL,22:45,A321neo,232,Domestic
OCC004573,2026-09-09,Wed,BDT-F030,Scoot,TR784,SIN,22:15,TR785,SIN,23:00,A320neo,186,International
OCC004574,2026-09-10,Thu,BDT-F001,Air India Express,IX2064,BLR,07:30,IX2065,BLR,08:00,B737-800,189,Domestic
OCC004575,2026-09-10,Thu,BDT-F002,IndiGo,6E6425,DEL,07:40,6E6426,DEL,08:20,A320neo,186,Domestic
OCC004576,2026-09-10,Thu,BDT-F003,IndiGo,6E557,MAA,07:50,6E845,MAA,08:30,A320ceo,186,Domestic
OCC004577,2026-09-10,Thu,BDT-F004,Air India Express,IX2837,HYD,08:20,IX2745,HYD,08:50,B737-800,189,Domestic
OCC004578,2026-09-10,Thu,BDT-F005,IndiGo,6E6408,HYD,08:25,6E915,HYD,08:55,A320neo,186,Domestic
OCC004579,2026-09-10,Thu,BDT-F007,Alliance Air,I7105,PYB,09:25,I7205,PYB,09:40,Cessna 208B,9,Domestic
OCC004580,2026-09-10,Thu,BDT-F008,IndiGo,6E714,HYD,10:05,6E6294,HYD,10:40,A320ceo,186,Domestic
OCC004581,2026-09-10,Thu,BDT-F009,IndiGo,6E7128,VGA,10:30,6E7129,VGA,11:00,ATR 72-600,78,Domestic
OCC004582,2026-09-10,Thu,BDT-F010,IndiGo,6E6181,MAA,11:35,6E881,MAA,12:15,A320neo,186,Domestic
OCC004583,2026-09-10,Thu,BDT-F011,IndiGo,6E879,HYD,12:20,6E6645,HYD,13:00,A320neo,186,Domestic
OCC004584,2026-09-10,Thu,BDT-F012,IndiGo,6E7176,KJB,13:20,6E7177,KJB,13:40,ATR 72-600,78,Domestic
OCC004585,2026-09-10,Thu,BDT-F013,IndiGo,6E7064,TIR,13:25,6E7063,TIR,13:50,ATR 72-600,78,Domestic
OCC004586,2026-09-10,Thu,BDT-F014,IndiGo,6E6336,BLR,14:10,6E5309,BLR,14:55,A321neo,232,Domestic
OCC004587,2026-09-10,Thu,BDT-F015,IndiGo,6E409,HYD,14:25,6E5247,BOM,15:05,A321neo,232,Domestic
OCC004588,2026-09-10,Thu,BDT-F016,IndiGo,6E504,HYD,15:45,6E783,HYD,16:25,A321neo,232,Domestic
OCC004589,2026-09-10,Thu,BDT-F017,Air India Express,IX2819,HYD,15:55,IX2744,HYD,16:35,B737-800,189,Domestic
OCC004590,2026-09-10,Thu,BDT-F018,Air India,AI419,DEL,16:05,AI420,DEL,16:45,A321neo,182,Domestic
OCC004591,2026-09-10,Thu,BDT-F019,IndiGo,6E2698,MAA,17:55,6E6089,MAA,18:35,A321neo,232,Domestic
OCC004592,2026-09-10,Thu,BDT-F021,Air India Express,IX2023,BLR,18:30,IX1358,VGA,19:00,B737-800,189,Domestic
OCC004593,2026-09-10,Thu,BDT-F022,IndiGo,6E208,HYD,18:40,6E216,HYD,19:20,A321neo,232,Domestic
OCC004594,2026-09-10,Thu,BDT-F023,IndiGo,6E616,CCU,19:10,6E617,CCU,19:50,A321neo,232,Domestic
OCC004595,2026-09-10,Thu,BDT-F024,IndiGo,6E5248,NMI,20:00,6E883,HYD,20:40,A321neo,232,Domestic
OCC004596,2026-09-10,Thu,BDT-F025,IndiGo,6E969,BLR,20:30,6E2772,BLR,21:10,A321neo,232,Domestic
OCC004597,2026-09-10,Thu,BDT-F026,IndiGo,6E384,HYD,20:40,6E385,HYD,21:20,A320neo,186,Domestic
OCC004598,2026-09-10,Thu,BDT-F027,Air India,AI1702,DEL,20:50,AI1802,DEL,21:30,A320ceo,180,Domestic
OCC004599,2026-09-10,Thu,BDT-F028,Air India Express,IX1373,VGA,21:40,IX1373,BLR,22:10,B737-800,189,Domestic
OCC004600,2026-09-10,Thu,BDT-F029,IndiGo,6E2213,DEL,22:05,6E6631,DEL,22:45,A321neo,232,Domestic
OCC004601,2026-09-11,Fri,BDT-F002,IndiGo,6E6425,DEL,07:40,6E6426,DEL,08:20,A320neo,186,Domestic
OCC004602,2026-09-11,Fri,BDT-F003,IndiGo,6E557,MAA,07:50,6E845,MAA,08:30,A320ceo,186,Domestic
OCC004603,2026-09-11,Fri,BDT-F004,Air India Express,IX2837,HYD,08:20,IX2745,HYD,08:50,B737-800,189,Domestic
OCC004604,2026-09-11,Fri,BDT-F005,IndiGo,6E6408,HYD,08:25,6E915,HYD,08:55,A320neo,186,Domestic
OCC004605,2026-09-11,Fri,BDT-F006,IndiGo,6E1443,AUH,08:20,6E1444,AUH,09:50,A320neo,186,International
OCC004606,2026-09-11,Fri,BDT-F007,Alliance Air,I7105,PYB,09:25,I7205,PYB,09:40,Cessna 208B,9,Domestic
OCC004607,2026-09-11,Fri,BDT-F008,IndiGo,6E714,HYD,10:05,6E6294,HYD,10:40,A320ceo,186,Domestic
OCC004608,2026-09-11,Fri,BDT-F009,IndiGo,6E7128,VGA,10:30,6E7129,VGA,11:00,ATR 72-600,78,Domestic
OCC004609,2026-09-11,Fri,BDT-F010,IndiGo,6E6181,MAA,11:35,6E881,MAA,12:15,A320neo,186,Domestic
OCC004610,2026-09-11,Fri,BDT-F011,IndiGo,6E879,HYD,12:20,6E6645,HYD,13:00,A320neo,186,Domestic
OCC004611,2026-09-11,Fri,BDT-F013,IndiGo,6E7064,TIR,13:25,6E7063,TIR,13:50,ATR 72-600,78,Domestic
OCC004612,2026-09-11,Fri,BDT-F014,IndiGo,6E6336,BLR,14:10,6E5309,BLR,14:55,A321neo,232,Domestic
OCC004613,2026-09-11,Fri,BDT-F015,IndiGo,6E409,HYD,14:25,6E5247,BOM,15:05,A321neo,232,Domestic
OCC004614,2026-09-11,Fri,BDT-F016,IndiGo,6E504,HYD,15:45,6E783,HYD,16:25,A321neo,232,Domestic
OCC004615,2026-09-11,Fri,BDT-F017,Air India Express,IX2819,HYD,15:55,IX2744,HYD,16:35,B737-800,189,Domestic
OCC004616,2026-09-11,Fri,BDT-F018,Air India,AI419,DEL,16:05,AI420,DEL,16:45,A321neo,182,Domestic
OCC004617,2026-09-11,Fri,BDT-F019,IndiGo,6E2698,MAA,17:55,6E6089,MAA,18:35,A321neo,232,Domestic
OCC004618,2026-09-11,Fri,BDT-F020,IndiGo,6E7361,UNK,18:20,6E7362,BBI,18:50,ATR 72-600,78,Domestic
OCC004619,2026-09-11,Fri,BDT-F021,Air India Express,IX2023,BLR,18:30,IX1358,VGA,19:00,B737-800,189,Domestic
OCC004620,2026-09-11,Fri,BDT-F022,IndiGo,6E208,HYD,18:40,6E216,HYD,19:20,A321neo,232,Domestic
OCC004621,2026-09-11,Fri,BDT-F023,IndiGo,6E616,CCU,19:10,6E617,CCU,19:50,A321neo,232,Domestic
OCC004622,2026-09-11,Fri,BDT-F024,IndiGo,6E5248,NMI,20:00,6E883,HYD,20:40,A321neo,232,Domestic
OCC004623,2026-09-11,Fri,BDT-F025,IndiGo,6E969,BLR,20:30,6E2772,BLR,21:10,A321neo,232,Domestic
OCC004624,2026-09-11,Fri,BDT-F026,IndiGo,6E384,HYD,20:40,6E385,HYD,21:20,A320neo,186,Domestic
OCC004625,2026-09-11,Fri,BDT-F027,Air India,AI1702,DEL,20:50,AI1802,DEL,21:30,A320ceo,180,Domestic
OCC004626,2026-09-11,Fri,BDT-F028,Air India Express,IX1373,VGA,21:40,IX1373,BLR,22:10,B737-800,189,Domestic
OCC004627,2026-09-11,Fri,BDT-F029,IndiGo,6E2213,DEL,22:05,6E6631,DEL,22:45,A321neo,232,Domestic
OCC004628,2026-09-11,Fri,BDT-F030,Scoot,TR784,SIN,22:15,TR785,SIN,23:00,A320neo,186,International
OCC004629,2026-09-12,Sat,BDT-F001,Air India Express,IX2064,BLR,07:30,IX2065,BLR,08:00,B737-800,189,Domestic
OCC004630,2026-09-12,Sat,BDT-F002,IndiGo,6E6425,DEL,07:40,6E6426,DEL,08:20,A320neo,186,Domestic
OCC004631,2026-09-12,Sat,BDT-F003,IndiGo,6E557,MAA,07:50,6E845,MAA,08:30,A320ceo,186,Domestic
OCC004632,2026-09-12,Sat,BDT-F004,Air India Express,IX2837,HYD,08:20,IX2745,HYD,08:50,B737-800,189,Domestic
OCC004633,2026-09-12,Sat,BDT-F005,IndiGo,6E6408,HYD,08:25,6E915,HYD,08:55,A320neo,186,Domestic
OCC004634,2026-09-12,Sat,BDT-F007,Alliance Air,I7105,PYB,09:25,I7205,PYB,09:40,Cessna 208B,9,Domestic
OCC004635,2026-09-12,Sat,BDT-F008,IndiGo,6E714,HYD,10:05,6E6294,HYD,10:40,A320ceo,186,Domestic
OCC004636,2026-09-12,Sat,BDT-F009,IndiGo,6E7128,VGA,10:30,6E7129,VGA,11:00,ATR 72-600,78,Domestic
OCC004637,2026-09-12,Sat,BDT-F010,IndiGo,6E6181,MAA,11:35,6E881,MAA,12:15,A320neo,186,Domestic
OCC004638,2026-09-12,Sat,BDT-F011,IndiGo,6E879,HYD,12:20,6E6645,HYD,13:00,A320neo,186,Domestic
OCC004639,2026-09-12,Sat,BDT-F012,IndiGo,6E7176,KJB,13:20,6E7177,KJB,13:40,ATR 72-600,78,Domestic
OCC004640,2026-09-12,Sat,BDT-F013,IndiGo,6E7064,TIR,13:25,6E7063,TIR,13:50,ATR 72-600,78,Domestic
OCC004641,2026-09-12,Sat,BDT-F014,IndiGo,6E6336,BLR,14:10,6E5309,BLR,14:55,A321neo,232,Domestic
OCC004642,2026-09-12,Sat,BDT-F015,IndiGo,6E409,HYD,14:25,6E5247,BOM,15:05,A321neo,232,Domestic
OCC004643,2026-09-12,Sat,BDT-F016,IndiGo,6E504,HYD,15:45,6E783,HYD,16:25,A321neo,232,Domestic
OCC004644,2026-09-12,Sat,BDT-F017,Air India Express,IX2819,HYD,15:55,IX2744,HYD,16:35,B737-800,189,Domestic
OCC004645,2026-09-12,Sat,BDT-F018,Air India,AI419,DEL,16:05,AI420,DEL,16:45,A321neo,182,Domestic
OCC004646,2026-09-12,Sat,BDT-F019,IndiGo,6E2698,MAA,17:55,6E6089,MAA,18:35,A321neo,232,Domestic
OCC004647,2026-09-12,Sat,BDT-F021,Air India Express,IX2023,BLR,18:30,IX1358,VGA,19:00,B737-800,189,Domestic
OCC004648,2026-09-12,Sat,BDT-F022,IndiGo,6E208,HYD,18:40,6E216,HYD,19:20,A321neo,232,Domestic
OCC004649,2026-09-12,Sat,BDT-F023,IndiGo,6E616,CCU,19:10,6E617,CCU,19:50,A321neo,232,Domestic
OCC004650,2026-09-12,Sat,BDT-F024,IndiGo,6E5248,NMI,20:00,6E883,HYD,20:40,A321neo,232,Domestic
OCC004651,2026-09-12,Sat,BDT-F025,IndiGo,6E969,BLR,20:30,6E2772,BLR,21:10,A321neo,232,Domestic
OCC004652,2026-09-12,Sat,BDT-F026,IndiGo,6E384,HYD,20:40,6E385,HYD,21:20,A320neo,186,Domestic
OCC004653,2026-09-12,Sat,BDT-F027,Air India,AI1702,DEL,20:50,AI1802,DEL,21:30,A320ceo,180,Domestic
OCC004654,2026-09-12,Sat,BDT-F028,Air India Express,IX1373,VGA,21:40,IX1373,BLR,22:10,B737-800,189,Domestic
OCC004655,2026-09-12,Sat,BDT-F029,IndiGo,6E2213,DEL,22:05,6E6631,DEL,22:45,A321neo,232,Domestic
OCC004656,2026-09-12,Sat,BDT-F030,Scoot,TR784,SIN,22:15,TR785,SIN,23:00,A320neo,186,International
OCC004657,2026-09-13,Sun,BDT-F002,IndiGo,6E6425,DEL,07:40,6E6426,DEL,08:20,A320neo,186,Domestic
OCC004658,2026-09-13,Sun,BDT-F003,IndiGo,6E557,MAA,07:50,6E845,MAA,08:30,A320ceo,186,Domestic
OCC004659,2026-09-13,Sun,BDT-F004,Air India Express,IX2837,HYD,08:20,IX2745,HYD,08:50,B737-800,189,Domestic
OCC004660,2026-09-13,Sun,BDT-F005,IndiGo,6E6408,HYD,08:25,6E915,HYD,08:55,A320neo,186,Domestic
OCC004661,2026-09-13,Sun,BDT-F006,IndiGo,6E1443,AUH,08:20,6E1444,AUH,09:50,A320neo,186,International
OCC004662,2026-09-13,Sun,BDT-F007,Alliance Air,I7105,PYB,09:25,I7205,PYB,09:40,Cessna 208B,9,Domestic
OCC004663,2026-09-13,Sun,BDT-F008,IndiGo,6E714,HYD,10:05,6E6294,HYD,10:40,A320ceo,186,Domestic
OCC004664,2026-09-13,Sun,BDT-F009,IndiGo,6E7128,VGA,10:30,6E7129,VGA,11:00,ATR 72-600,78,Domestic
OCC004665,2026-09-13,Sun,BDT-F010,IndiGo,6E6181,MAA,11:35,6E881,MAA,12:15,A320neo,186,Domestic
OCC004666,2026-09-13,Sun,BDT-F011,IndiGo,6E879,HYD,12:20,6E6645,HYD,13:00,A320neo,186,Domestic
OCC004667,2026-09-13,Sun,BDT-F013,IndiGo,6E7064,TIR,13:25,6E7063,TIR,13:50,ATR 72-600,78,Domestic
OCC004668,2026-09-13,Sun,BDT-F014,IndiGo,6E6336,BLR,14:10,6E5309,BLR,14:55,A321neo,232,Domestic
OCC004669,2026-09-13,Sun,BDT-F015,IndiGo,6E409,HYD,14:25,6E5247,BOM,15:05,A321neo,232,Domestic
OCC004670,2026-09-13,Sun,BDT-F016,IndiGo,6E504,HYD,15:45,6E783,HYD,16:25,A321neo,232,Domestic
OCC004671,2026-09-13,Sun,BDT-F017,Air India Express,IX2819,HYD,15:55,IX2744,HYD,16:35,B737-800,189,Domestic
OCC004672,2026-09-13,Sun,BDT-F018,Air India,AI419,DEL,16:05,AI420,DEL,16:45,A321neo,182,Domestic
OCC004673,2026-09-13,Sun,BDT-F019,IndiGo,6E2698,MAA,17:55,6E6089,MAA,18:35,A321neo,232,Domestic
OCC004674,2026-09-13,Sun,BDT-F020,IndiGo,6E7361,UNK,18:20,6E7362,BBI,18:50,ATR 72-600,78,Domestic
OCC004675,2026-09-13,Sun,BDT-F021,Air India Express,IX2023,BLR,18:30,IX1358,VGA,19:00,B737-800,189,Domestic
OCC004676,2026-09-13,Sun,BDT-F022,IndiGo,6E208,HYD,18:40,6E216,HYD,19:20,A321neo,232,Domestic
OCC004677,2026-09-13,Sun,BDT-F023,IndiGo,6E616,CCU,19:10,6E617,CCU,19:50,A321neo,232,Domestic
OCC004678,2026-09-13,Sun,BDT-F024,IndiGo,6E5248,NMI,20:00,6E883,HYD,20:40,A321neo,232,Domestic
OCC004679,2026-09-13,Sun,BDT-F025,IndiGo,6E969,BLR,20:30,6E2772,BLR,21:10,A321neo,232,Domestic
OCC004680,2026-09-13,Sun,BDT-F026,IndiGo,6E384,HYD,20:40,6E385,HYD,21:20,A320neo,186,Domestic
OCC004681,2026-09-13,Sun,BDT-F027,Air India,AI1702,DEL,20:50,AI1802,DEL,21:30,A320ceo,180,Domestic
OCC004682,2026-09-13,Sun,BDT-F028,Air India Express,IX1373,VGA,21:40,IX1373,BLR,22:10,B737-800,189,Domestic
OCC004683,2026-09-13,Sun,BDT-F029,IndiGo,6E2213,DEL,22:05,6E6631,DEL,22:45,A321neo,232,Domestic
OCC004684,2026-09-14,Mon,BDT-F001,Air India Express,IX2064,BLR,07:30,IX2065,BLR,08:00,B737-800,189,Domestic
OCC004685,2026-09-14,Mon,BDT-F002,IndiGo,6E6425,DEL,07:40,6E6426,DEL,08:20,A320neo,186,Domestic
OCC004686,2026-09-14,Mon,BDT-F003,IndiGo,6E557,MAA,07:50,6E845,MAA,08:30,A320ceo,186,Domestic
OCC004687,2026-09-14,Mon,BDT-F004,Air India Express,IX2837,HYD,08:20,IX2745,HYD,08:50,B737-800,189,Domestic
OCC004688,2026-09-14,Mon,BDT-F005,IndiGo,6E6408,HYD,08:25,6E915,HYD,08:55,A320neo,186,Domestic
OCC004689,2026-09-14,Mon,BDT-F006,IndiGo,6E1443,AUH,08:20,6E1444,AUH,09:50,A320neo,186,International
OCC004690,2026-09-14,Mon,BDT-F007,Alliance Air,I7105,PYB,09:25,I7205,PYB,09:40,Cessna 208B,9,Domestic
OCC004691,2026-09-14,Mon,BDT-F008,IndiGo,6E714,HYD,10:05,6E6294,HYD,10:40,A320ceo,186,Domestic
OCC004692,2026-09-14,Mon,BDT-F009,IndiGo,6E7128,VGA,10:30,6E7129,VGA,11:00,ATR 72-600,78,Domestic
OCC004693,2026-09-14,Mon,BDT-F010,IndiGo,6E6181,MAA,11:35,6E881,MAA,12:15,A320neo,186,Domestic
OCC004694,2026-09-14,Mon,BDT-F011,IndiGo,6E879,HYD,12:20,6E6645,HYD,13:00,A320neo,186,Domestic
OCC004695,2026-09-14,Mon,BDT-F013,IndiGo,6E7064,TIR,13:25,6E7063,TIR,13:50,ATR 72-600,78,Domestic
OCC004696,2026-09-14,Mon,BDT-F014,IndiGo,6E6336,BLR,14:10,6E5309,BLR,14:55,A321neo,232,Domestic
OCC004697,2026-09-14,Mon,BDT-F015,IndiGo,6E409,HYD,14:25,6E5247,BOM,15:05,A321neo,232,Domestic
OCC004698,2026-09-14,Mon,BDT-F016,IndiGo,6E504,HYD,15:45,6E783,HYD,16:25,A321neo,232,Domestic
OCC004699,2026-09-14,Mon,BDT-F017,Air India Express,IX2819,HYD,15:55,IX2744,HYD,16:35,B737-800,189,Domestic
OCC004700,2026-09-14,Mon,BDT-F018,Air India,AI419,DEL,16:05,AI420,DEL,16:45,A321neo,182,Domestic
OCC004701,2026-09-14,Mon,BDT-F019,IndiGo,6E2698,MAA,17:55,6E6089,MAA,18:35,A321neo,232,Domestic
OCC004702,2026-09-14,Mon,BDT-F020,IndiGo,6E7361,UNK,18:20,6E7362,BBI,18:50,ATR 72-600,78,Domestic
OCC004703,2026-09-14,Mon,BDT-F021,Air India Express,IX2023,BLR,18:30,IX1358,VGA,19:00,B737-800,189,Domestic
OCC004704,2026-09-14,Mon,BDT-F022,IndiGo,6E208,HYD,18:40,6E216,HYD,19:20,A321neo,232,Domestic
OCC004705,2026-09-14,Mon,BDT-F023,IndiGo,6E616,CCU,19:10,6E617,CCU,19:50,A321neo,232,Domestic
OCC004706,2026-09-14,Mon,BDT-F024,IndiGo,6E5248,NMI,20:00,6E883,HYD,20:40,A321neo,232,Domestic
OCC004707,2026-09-14,Mon,BDT-F025,IndiGo,6E969,BLR,20:30,6E2772,BLR,21:10,A321neo,232,Domestic
OCC004708,2026-09-14,Mon,BDT-F026,IndiGo,6E384,HYD,20:40,6E385,HYD,21:20,A320neo,186,Domestic
OCC004709,2026-09-14,Mon,BDT-F027,Air India,AI1702,DEL,20:50,AI1802,DEL,21:30,A320ceo,180,Domestic
OCC004710,2026-09-14,Mon,BDT-F028,Air India Express,IX1373,VGA,21:40,IX1373,BLR,22:10,B737-800,189,Domestic
OCC004711,2026-09-14,Mon,BDT-F029,IndiGo,6E2213,DEL,22:05,6E6631,DEL,22:45,A321neo,232,Domestic
OCC004712,2026-09-14,Mon,BDT-F030,Scoot,TR784,SIN,22:15,TR785,SIN,23:00,A320neo,186,International
OCC004713,2026-09-15,Tue,BDT-F001,Air India Express,IX2064,BLR,07:30,IX2065,BLR,08:00,B737-800,189,Domestic
OCC004714,2026-09-15,Tue,BDT-F002,IndiGo,6E6425,DEL,07:40,6E6426,DEL,08:20,A320neo,186,Domestic
OCC004715,2026-09-15,Tue,BDT-F003,IndiGo,6E557,MAA,07:50,6E845,MAA,08:30,A320ceo,186,Domestic
OCC004716,2026-09-15,Tue,BDT-F004,Air India Express,IX2837,HYD,08:20,IX2745,HYD,08:50,B737-800,189,Domestic
OCC004717,2026-09-15,Tue,BDT-F005,IndiGo,6E6408,HYD,08:25,6E915,HYD,08:55,A320neo,186,Domestic
OCC004718,2026-09-15,Tue,BDT-F007,Alliance Air,I7105,PYB,09:25,I7205,PYB,09:40,Cessna 208B,9,Domestic
OCC004719,2026-09-15,Tue,BDT-F008,IndiGo,6E714,HYD,10:05,6E6294,HYD,10:40,A320ceo,186,Domestic
OCC004720,2026-09-15,Tue,BDT-F009,IndiGo,6E7128,VGA,10:30,6E7129,VGA,11:00,ATR 72-600,78,Domestic
OCC004721,2026-09-15,Tue,BDT-F010,IndiGo,6E6181,MAA,11:35,6E881,MAA,12:15,A320neo,186,Domestic
OCC004722,2026-09-15,Tue,BDT-F011,IndiGo,6E879,HYD,12:20,6E6645,HYD,13:00,A320neo,186,Domestic
OCC004723,2026-09-15,Tue,BDT-F012,IndiGo,6E7176,KJB,13:20,6E7177,KJB,13:40,ATR 72-600,78,Domestic
OCC004724,2026-09-15,Tue,BDT-F013,IndiGo,6E7064,TIR,13:25,6E7063,TIR,13:50,ATR 72-600,78,Domestic
OCC004725,2026-09-15,Tue,BDT-F014,IndiGo,6E6336,BLR,14:10,6E5309,BLR,14:55,A321neo,232,Domestic
OCC004726,2026-09-15,Tue,BDT-F015,IndiGo,6E409,HYD,14:25,6E5247,BOM,15:05,A321neo,232,Domestic
OCC004727,2026-09-15,Tue,BDT-F016,IndiGo,6E504,HYD,15:45,6E783,HYD,16:25,A321neo,232,Domestic
OCC004728,2026-09-15,Tue,BDT-F017,Air India Express,IX2819,HYD,15:55,IX2744,HYD,16:35,B737-800,189,Domestic
OCC004729,2026-09-15,Tue,BDT-F018,Air India,AI419,DEL,16:05,AI420,DEL,16:45,A321neo,182,Domestic
OCC004730,2026-09-15,Tue,BDT-F019,IndiGo,6E2698,MAA,17:55,6E6089,MAA,18:35,A321neo,232,Domestic
OCC004731,2026-09-15,Tue,BDT-F021,Air India Express,IX2023,BLR,18:30,IX1358,VGA,19:00,B737-800,189,Domestic
OCC004732,2026-09-15,Tue,BDT-F022,IndiGo,6E208,HYD,18:40,6E216,HYD,19:20,A321neo,232,Domestic
OCC004733,2026-09-15,Tue,BDT-F023,IndiGo,6E616,CCU,19:10,6E617,CCU,19:50,A321neo,232,Domestic
OCC004734,2026-09-15,Tue,BDT-F024,IndiGo,6E5248,NMI,20:00,6E883,HYD,20:40,A321neo,232,Domestic
OCC004735,2026-09-15,Tue,BDT-F025,IndiGo,6E969,BLR,20:30,6E2772,BLR,21:10,A321neo,232,Domestic
OCC004736,2026-09-15,Tue,BDT-F026,IndiGo,6E384,HYD,20:40,6E385,HYD,21:20,A320neo,186,Domestic
OCC004737,2026-09-15,Tue,BDT-F027,Air India,AI1702,DEL,20:50,AI1802,DEL,21:30,A320ceo,180,Domestic
OCC004738,2026-09-15,Tue,BDT-F028,Air India Express,IX1373,VGA,21:40,IX1373,BLR,22:10,B737-800,189,Domestic
OCC004739,2026-09-15,Tue,BDT-F029,IndiGo,6E2213,DEL,22:05,6E6631,DEL,22:45,A321neo,232,Domestic
OCC004740,2026-09-16,Wed,BDT-F002,IndiGo,6E6425,DEL,07:40,6E6426,DEL,08:20,A320neo,186,Domestic
OCC004741,2026-09-16,Wed,BDT-F003,IndiGo,6E557,MAA,07:50,6E845,MAA,08:30,A320ceo,186,Domestic
OCC004742,2026-09-16,Wed,BDT-F004,Air India Express,IX2837,HYD,08:20,IX2745,HYD,08:50,B737-800,189,Domestic
OCC004743,2026-09-16,Wed,BDT-F005,IndiGo,6E6408,HYD,08:25,6E915,HYD,08:55,A320neo,186,Domestic
OCC004744,2026-09-16,Wed,BDT-F006,IndiGo,6E1443,AUH,08:20,6E1444,AUH,09:50,A320neo,186,International
OCC004745,2026-09-16,Wed,BDT-F007,Alliance Air,I7105,PYB,09:25,I7205,PYB,09:40,Cessna 208B,9,Domestic
OCC004746,2026-09-16,Wed,BDT-F008,IndiGo,6E714,HYD,10:05,6E6294,HYD,10:40,A320ceo,186,Domestic
OCC004747,2026-09-16,Wed,BDT-F009,IndiGo,6E7128,VGA,10:30,6E7129,VGA,11:00,ATR 72-600,78,Domestic
OCC004748,2026-09-16,Wed,BDT-F010,IndiGo,6E6181,MAA,11:35,6E881,MAA,12:15,A320neo,186,Domestic
OCC004749,2026-09-16,Wed,BDT-F011,IndiGo,6E879,HYD,12:20,6E6645,HYD,13:00,A320neo,186,Domestic
OCC004750,2026-09-16,Wed,BDT-F013,IndiGo,6E7064,TIR,13:25,6E7063,TIR,13:50,ATR 72-600,78,Domestic
OCC004751,2026-09-16,Wed,BDT-F014,IndiGo,6E6336,BLR,14:10,6E5309,BLR,14:55,A321neo,232,Domestic
OCC004752,2026-09-16,Wed,BDT-F015,IndiGo,6E409,HYD,14:25,6E5247,BOM,15:05,A321neo,232,Domestic
OCC004753,2026-09-16,Wed,BDT-F016,IndiGo,6E504,HYD,15:45,6E783,HYD,16:25,A321neo,232,Domestic
OCC004754,2026-09-16,Wed,BDT-F017,Air India Express,IX2819,HYD,15:55,IX2744,HYD,16:35,B737-800,189,Domestic
OCC004755,2026-09-16,Wed,BDT-F018,Air India,AI419,DEL,16:05,AI420,DEL,16:45,A321neo,182,Domestic
OCC004756,2026-09-16,Wed,BDT-F019,IndiGo,6E2698,MAA,17:55,6E6089,MAA,18:35,A321neo,232,Domestic
OCC004757,2026-09-16,Wed,BDT-F020,IndiGo,6E7361,UNK,18:20,6E7362,BBI,18:50,ATR 72-600,78,Domestic
OCC004758,2026-09-16,Wed,BDT-F021,Air India Express,IX2023,BLR,18:30,IX1358,VGA,19:00,B737-800,189,Domestic
OCC004759,2026-09-16,Wed,BDT-F022,IndiGo,6E208,HYD,18:40,6E216,HYD,19:20,A321neo,232,Domestic
OCC004760,2026-09-16,Wed,BDT-F023,IndiGo,6E616,CCU,19:10,6E617,CCU,19:50,A321neo,232,Domestic
OCC004761,2026-09-16,Wed,BDT-F024,IndiGo,6E5248,NMI,20:00,6E883,HYD,20:40,A321neo,232,Domestic
OCC004762,2026-09-16,Wed,BDT-F025,IndiGo,6E969,BLR,20:30,6E2772,BLR,21:10,A321neo,232,Domestic
OCC004763,2026-09-16,Wed,BDT-F026,IndiGo,6E384,HYD,20:40,6E385,HYD,21:20,A320neo,186,Domestic
OCC004764,2026-09-16,Wed,BDT-F027,Air India,AI1702,DEL,20:50,AI1802,DEL,21:30,A320ceo,180,Domestic
OCC004765,2026-09-16,Wed,BDT-F028,Air India Express,IX1373,VGA,21:40,IX1373,BLR,22:10,B737-800,189,Domestic
OCC004766,2026-09-16,Wed,BDT-F029,IndiGo,6E2213,DEL,22:05,6E6631,DEL,22:45,A321neo,232,Domestic
OCC004767,2026-09-16,Wed,BDT-F030,Scoot,TR784,SIN,22:15,TR785,SIN,23:00,A320neo,186,International
OCC004768,2026-09-17,Thu,BDT-F001,Air India Express,IX2064,BLR,07:30,IX2065,BLR,08:00,B737-800,189,Domestic
OCC004769,2026-09-17,Thu,BDT-F002,IndiGo,6E6425,DEL,07:40,6E6426,DEL,08:20,A320neo,186,Domestic
OCC004770,2026-09-17,Thu,BDT-F003,IndiGo,6E557,MAA,07:50,6E845,MAA,08:30,A320ceo,186,Domestic
OCC004771,2026-09-17,Thu,BDT-F004,Air India Express,IX2837,HYD,08:20,IX2745,HYD,08:50,B737-800,189,Domestic
OCC004772,2026-09-17,Thu,BDT-F005,IndiGo,6E6408,HYD,08:25,6E915,HYD,08:55,A320neo,186,Domestic
OCC004773,2026-09-17,Thu,BDT-F007,Alliance Air,I7105,PYB,09:25,I7205,PYB,09:40,Cessna 208B,9,Domestic
OCC004774,2026-09-17,Thu,BDT-F008,IndiGo,6E714,HYD,10:05,6E6294,HYD,10:40,A320ceo,186,Domestic
OCC004775,2026-09-17,Thu,BDT-F009,IndiGo,6E7128,VGA,10:30,6E7129,VGA,11:00,ATR 72-600,78,Domestic
OCC004776,2026-09-17,Thu,BDT-F010,IndiGo,6E6181,MAA,11:35,6E881,MAA,12:15,A320neo,186,Domestic
OCC004777,2026-09-17,Thu,BDT-F011,IndiGo,6E879,HYD,12:20,6E6645,HYD,13:00,A320neo,186,Domestic
OCC004778,2026-09-17,Thu,BDT-F012,IndiGo,6E7176,KJB,13:20,6E7177,KJB,13:40,ATR 72-600,78,Domestic
OCC004779,2026-09-17,Thu,BDT-F013,IndiGo,6E7064,TIR,13:25,6E7063,TIR,13:50,ATR 72-600,78,Domestic
OCC004780,2026-09-17,Thu,BDT-F014,IndiGo,6E6336,BLR,14:10,6E5309,BLR,14:55,A321neo,232,Domestic
OCC004781,2026-09-17,Thu,BDT-F015,IndiGo,6E409,HYD,14:25,6E5247,BOM,15:05,A321neo,232,Domestic
OCC004782,2026-09-17,Thu,BDT-F016,IndiGo,6E504,HYD,15:45,6E783,HYD,16:25,A321neo,232,Domestic
OCC004783,2026-09-17,Thu,BDT-F017,Air India Express,IX2819,HYD,15:55,IX2744,HYD,16:35,B737-800,189,Domestic
OCC004784,2026-09-17,Thu,BDT-F018,Air India,AI419,DEL,16:05,AI420,DEL,16:45,A321neo,182,Domestic
OCC004785,2026-09-17,Thu,BDT-F019,IndiGo,6E2698,MAA,17:55,6E6089,MAA,18:35,A321neo,232,Domestic
OCC004786,2026-09-17,Thu,BDT-F021,Air India Express,IX2023,BLR,18:30,IX1358,VGA,19:00,B737-800,189,Domestic
OCC004787,2026-09-17,Thu,BDT-F022,IndiGo,6E208,HYD,18:40,6E216,HYD,19:20,A321neo,232,Domestic
OCC004788,2026-09-17,Thu,BDT-F023,IndiGo,6E616,CCU,19:10,6E617,CCU,19:50,A321neo,232,Domestic
OCC004789,2026-09-17,Thu,BDT-F024,IndiGo,6E5248,NMI,20:00,6E883,HYD,20:40,A321neo,232,Domestic
OCC004790,2026-09-17,Thu,BDT-F025,IndiGo,6E969,BLR,20:30,6E2772,BLR,21:10,A321neo,232,Domestic
OCC004791,2026-09-17,Thu,BDT-F026,IndiGo,6E384,HYD,20:40,6E385,HYD,21:20,A320neo,186,Domestic
OCC004792,2026-09-17,Thu,BDT-F027,Air India,AI1702,DEL,20:50,AI1802,DEL,21:30,A320ceo,180,Domestic
OCC004793,2026-09-17,Thu,BDT-F028,Air India Express,IX1373,VGA,21:40,IX1373,BLR,22:10,B737-800,189,Domestic
OCC004794,2026-09-17,Thu,BDT-F029,IndiGo,6E2213,DEL,22:05,6E6631,DEL,22:45,A321neo,232,Domestic
OCC004795,2026-09-18,Fri,BDT-F002,IndiGo,6E6425,DEL,07:40,6E6426,DEL,08:20,A320neo,186,Domestic
OCC004796,2026-09-18,Fri,BDT-F003,IndiGo,6E557,MAA,07:50,6E845,MAA,08:30,A320ceo,186,Domestic
OCC004797,2026-09-18,Fri,BDT-F004,Air India Express,IX2837,HYD,08:20,IX2745,HYD,08:50,B737-800,189,Domestic
OCC004798,2026-09-18,Fri,BDT-F005,IndiGo,6E6408,HYD,08:25,6E915,HYD,08:55,A320neo,186,Domestic
OCC004799,2026-09-18,Fri,BDT-F006,IndiGo,6E1443,AUH,08:20,6E1444,AUH,09:50,A320neo,186,International
OCC004800,2026-09-18,Fri,BDT-F007,Alliance Air,I7105,PYB,09:25,I7205,PYB,09:40,Cessna 208B,9,Domestic
OCC004801,2026-09-18,Fri,BDT-F008,IndiGo,6E714,HYD,10:05,6E6294,HYD,10:40,A320ceo,186,Domestic
OCC004802,2026-09-18,Fri,BDT-F009,IndiGo,6E7128,VGA,10:30,6E7129,VGA,11:00,ATR 72-600,78,Domestic
OCC004803,2026-09-18,Fri,BDT-F010,IndiGo,6E6181,MAA,11:35,6E881,MAA,12:15,A320neo,186,Domestic
OCC004804,2026-09-18,Fri,BDT-F011,IndiGo,6E879,HYD,12:20,6E6645,HYD,13:00,A320neo,186,Domestic
OCC004805,2026-09-18,Fri,BDT-F013,IndiGo,6E7064,TIR,13:25,6E7063,TIR,13:50,ATR 72-600,78,Domestic
OCC004806,2026-09-18,Fri,BDT-F014,IndiGo,6E6336,BLR,14:10,6E5309,BLR,14:55,A321neo,232,Domestic
OCC004807,2026-09-18,Fri,BDT-F015,IndiGo,6E409,HYD,14:25,6E5247,BOM,15:05,A321neo,232,Domestic
OCC004808,2026-09-18,Fri,BDT-F016,IndiGo,6E504,HYD,15:45,6E783,HYD,16:25,A321neo,232,Domestic
OCC004809,2026-09-18,Fri,BDT-F017,Air India Express,IX2819,HYD,15:55,IX2744,HYD,16:35,B737-800,189,Domestic
OCC004810,2026-09-18,Fri,BDT-F018,Air India,AI419,DEL,16:05,AI420,DEL,16:45,A321neo,182,Domestic
OCC004811,2026-09-18,Fri,BDT-F019,IndiGo,6E2698,MAA,17:55,6E6089,MAA,18:35,A321neo,232,Domestic
OCC004812,2026-09-18,Fri,BDT-F020,IndiGo,6E7361,UNK,18:20,6E7362,BBI,18:50,ATR 72-600,78,Domestic
OCC004813,2026-09-18,Fri,BDT-F021,Air India Express,IX2023,BLR,18:30,IX1358,VGA,19:00,B737-800,189,Domestic
OCC004814,2026-09-18,Fri,BDT-F022,IndiGo,6E208,HYD,18:40,6E216,HYD,19:20,A321neo,232,Domestic
OCC004815,2026-09-18,Fri,BDT-F023,IndiGo,6E616,CCU,19:10,6E617,CCU,19:50,A321neo,232,Domestic
OCC004816,2026-09-18,Fri,BDT-F024,IndiGo,6E5248,NMI,20:00,6E883,HYD,20:40,A321neo,232,Domestic
OCC004817,2026-09-18,Fri,BDT-F025,IndiGo,6E969,BLR,20:30,6E2772,BLR,21:10,A321neo,232,Domestic
OCC004818,2026-09-18,Fri,BDT-F026,IndiGo,6E384,HYD,20:40,6E385,HYD,21:20,A320neo,186,Domestic
OCC004819,2026-09-18,Fri,BDT-F027,Air India,AI1702,DEL,20:50,AI1802,DEL,21:30,A320ceo,180,Domestic
OCC004820,2026-09-18,Fri,BDT-F028,Air India Express,IX1373,VGA,21:40,IX1373,BLR,22:10,B737-800,189,Domestic
OCC004821,2026-09-18,Fri,BDT-F029,IndiGo,6E2213,DEL,22:05,6E6631,DEL,22:45,A321neo,232,Domestic
OCC004822,2026-09-18,Fri,BDT-F030,Scoot,TR784,SIN,22:15,TR785,SIN,23:00,A320neo,186,International
OCC004823,2026-09-19,Sat,BDT-F001,Air India Express,IX2064,BLR,07:30,IX2065,BLR,08:00,B737-800,189,Domestic
OCC004824,2026-09-19,Sat,BDT-F002,IndiGo,6E6425,DEL,07:40,6E6426,DEL,08:20,A320neo,186,Domestic
OCC004825,2026-09-19,Sat,BDT-F003,IndiGo,6E557,MAA,07:50,6E845,MAA,08:30,A320ceo,186,Domestic
OCC004826,2026-09-19,Sat,BDT-F004,Air India Express,IX2837,HYD,08:20,IX2745,HYD,08:50,B737-800,189,Domestic
OCC004827,2026-09-19,Sat,BDT-F005,IndiGo,6E6408,HYD,08:25,6E915,HYD,08:55,A320neo,186,Domestic
OCC004828,2026-09-19,Sat,BDT-F007,Alliance Air,I7105,PYB,09:25,I7205,PYB,09:40,Cessna 208B,9,Domestic
OCC004829,2026-09-19,Sat,BDT-F008,IndiGo,6E714,HYD,10:05,6E6294,HYD,10:40,A320ceo,186,Domestic
OCC004830,2026-09-19,Sat,BDT-F009,IndiGo,6E7128,VGA,10:30,6E7129,VGA,11:00,ATR 72-600,78,Domestic
OCC004831,2026-09-19,Sat,BDT-F010,IndiGo,6E6181,MAA,11:35,6E881,MAA,12:15,A320neo,186,Domestic
OCC004832,2026-09-19,Sat,BDT-F011,IndiGo,6E879,HYD,12:20,6E6645,HYD,13:00,A320neo,186,Domestic
OCC004833,2026-09-19,Sat,BDT-F012,IndiGo,6E7176,KJB,13:20,6E7177,KJB,13:40,ATR 72-600,78,Domestic
OCC004834,2026-09-19,Sat,BDT-F013,IndiGo,6E7064,TIR,13:25,6E7063,TIR,13:50,ATR 72-600,78,Domestic
OCC004835,2026-09-19,Sat,BDT-F014,IndiGo,6E6336,BLR,14:10,6E5309,BLR,14:55,A321neo,232,Domestic
OCC004836,2026-09-19,Sat,BDT-F015,IndiGo,6E409,HYD,14:25,6E5247,BOM,15:05,A321neo,232,Domestic
OCC004837,2026-09-19,Sat,BDT-F016,IndiGo,6E504,HYD,15:45,6E783,HYD,16:25,A321neo,232,Domestic
OCC004838,2026-09-19,Sat,BDT-F017,Air India Express,IX2819,HYD,15:55,IX2744,HYD,16:35,B737-800,189,Domestic
OCC004839,2026-09-19,Sat,BDT-F018,Air India,AI419,DEL,16:05,AI420,DEL,16:45,A321neo,182,Domestic
OCC004840,2026-09-19,Sat,BDT-F019,IndiGo,6E2698,MAA,17:55,6E6089,MAA,18:35,A321neo,232,Domestic
OCC004841,2026-09-19,Sat,BDT-F021,Air India Express,IX2023,BLR,18:30,IX1358,VGA,19:00,B737-800,189,Domestic
OCC004842,2026-09-19,Sat,BDT-F022,IndiGo,6E208,HYD,18:40,6E216,HYD,19:20,A321neo,232,Domestic
OCC004843,2026-09-19,Sat,BDT-F023,IndiGo,6E616,CCU,19:10,6E617,CCU,19:50,A321neo,232,Domestic
OCC004844,2026-09-19,Sat,BDT-F024,IndiGo,6E5248,NMI,20:00,6E883,HYD,20:40,A321neo,232,Domestic
OCC004845,2026-09-19,Sat,BDT-F025,IndiGo,6E969,BLR,20:30,6E2772,BLR,21:10,A321neo,232,Domestic
OCC004846,2026-09-19,Sat,BDT-F026,IndiGo,6E384,HYD,20:40,6E385,HYD,21:20,A320neo,186,Domestic
OCC004847,2026-09-19,Sat,BDT-F027,Air India,AI1702,DEL,20:50,AI1802,DEL,21:30,A320ceo,180,Domestic
OCC004848,2026-09-19,Sat,BDT-F028,Air India Express,IX1373,VGA,21:40,IX1373,BLR,22:10,B737-800,189,Domestic
OCC004849,2026-09-19,Sat,BDT-F029,IndiGo,6E2213,DEL,22:05,6E6631,DEL,22:45,A321neo,232,Domestic
OCC004850,2026-09-19,Sat,BDT-F030,Scoot,TR784,SIN,22:15,TR785,SIN,23:00,A320neo,186,International
OCC004851,2026-09-20,Sun,BDT-F002,IndiGo,6E6425,DEL,07:40,6E6426,DEL,08:20,A320neo,186,Domestic
OCC004852,2026-09-20,Sun,BDT-F003,IndiGo,6E557,MAA,07:50,6E845,MAA,08:30,A320ceo,186,Domestic
OCC004853,2026-09-20,Sun,BDT-F004,Air India Express,IX2837,HYD,08:20,IX2745,HYD,08:50,B737-800,189,Domestic
OCC004854,2026-09-20,Sun,BDT-F005,IndiGo,6E6408,HYD,08:25,6E915,HYD,08:55,A320neo,186,Domestic
OCC004855,2026-09-20,Sun,BDT-F006,IndiGo,6E1443,AUH,08:20,6E1444,AUH,09:50,A320neo,186,International
OCC004856,2026-09-20,Sun,BDT-F007,Alliance Air,I7105,PYB,09:25,I7205,PYB,09:40,Cessna 208B,9,Domestic
OCC004857,2026-09-20,Sun,BDT-F008,IndiGo,6E714,HYD,10:05,6E6294,HYD,10:40,A320ceo,186,Domestic
OCC004858,2026-09-20,Sun,BDT-F009,IndiGo,6E7128,VGA,10:30,6E7129,VGA,11:00,ATR 72-600,78,Domestic
OCC004859,2026-09-20,Sun,BDT-F010,IndiGo,6E6181,MAA,11:35,6E881,MAA,12:15,A320neo,186,Domestic
OCC004860,2026-09-20,Sun,BDT-F011,IndiGo,6E879,HYD,12:20,6E6645,HYD,13:00,A320neo,186,Domestic
OCC004861,2026-09-20,Sun,BDT-F013,IndiGo,6E7064,TIR,13:25,6E7063,TIR,13:50,ATR 72-600,78,Domestic
OCC004862,2026-09-20,Sun,BDT-F014,IndiGo,6E6336,BLR,14:10,6E5309,BLR,14:55,A321neo,232,Domestic
OCC004863,2026-09-20,Sun,BDT-F015,IndiGo,6E409,HYD,14:25,6E5247,BOM,15:05,A321neo,232,Domestic
OCC004864,2026-09-20,Sun,BDT-F016,IndiGo,6E504,HYD,15:45,6E783,HYD,16:25,A321neo,232,Domestic
OCC004865,2026-09-20,Sun,BDT-F017,Air India Express,IX2819,HYD,15:55,IX2744,HYD,16:35,B737-800,189,Domestic
OCC004866,2026-09-20,Sun,BDT-F018,Air India,AI419,DEL,16:05,AI420,DEL,16:45,A321neo,182,Domestic
OCC004867,2026-09-20,Sun,BDT-F019,IndiGo,6E2698,MAA,17:55,6E6089,MAA,18:35,A321neo,232,Domestic
OCC004868,2026-09-20,Sun,BDT-F020,IndiGo,6E7361,UNK,18:20,6E7362,BBI,18:50,ATR 72-600,78,Domestic
OCC004869,2026-09-20,Sun,BDT-F021,Air India Express,IX2023,BLR,18:30,IX1358,VGA,19:00,B737-800,189,Domestic
OCC004870,2026-09-20,Sun,BDT-F022,IndiGo,6E208,HYD,18:40,6E216,HYD,19:20,A321neo,232,Domestic
OCC004871,2026-09-20,Sun,BDT-F023,IndiGo,6E616,CCU,19:10,6E617,CCU,19:50,A321neo,232,Domestic
OCC004872,2026-09-20,Sun,BDT-F024,IndiGo,6E5248,NMI,20:00,6E883,HYD,20:40,A321neo,232,Domestic
OCC004873,2026-09-20,Sun,BDT-F025,IndiGo,6E969,BLR,20:30,6E2772,BLR,21:10,A321neo,232,Domestic
OCC004874,2026-09-20,Sun,BDT-F026,IndiGo,6E384,HYD,20:40,6E385,HYD,21:20,A320neo,186,Domestic
OCC004875,2026-09-20,Sun,BDT-F027,Air India,AI1702,DEL,20:50,AI1802,DEL,21:30,A320ceo,180,Domestic
OCC004876,2026-09-20,Sun,BDT-F028,Air India Express,IX1373,VGA,21:40,IX1373,BLR,22:10,B737-800,189,Domestic
OCC004877,2026-09-20,Sun,BDT-F029,IndiGo,6E2213,DEL,22:05,6E6631,DEL,22:45,A321neo,232,Domestic
OCC004878,2026-09-21,Mon,BDT-F001,Air India Express,IX2064,BLR,07:30,IX2065,BLR,08:00,B737-800,189,Domestic
OCC004879,2026-09-21,Mon,BDT-F002,IndiGo,6E6425,DEL,07:40,6E6426,DEL,08:20,A320neo,186,Domestic
OCC004880,2026-09-21,Mon,BDT-F003,IndiGo,6E557,MAA,07:50,6E845,MAA,08:30,A320ceo,186,Domestic
OCC004881,2026-09-21,Mon,BDT-F004,Air India Express,IX2837,HYD,08:20,IX2745,HYD,08:50,B737-800,189,Domestic
OCC004882,2026-09-21,Mon,BDT-F005,IndiGo,6E6408,HYD,08:25,6E915,HYD,08:55,A320neo,186,Domestic
OCC004883,2026-09-21,Mon,BDT-F006,IndiGo,6E1443,AUH,08:20,6E1444,AUH,09:50,A320neo,186,International
OCC004884,2026-09-21,Mon,BDT-F007,Alliance Air,I7105,PYB,09:25,I7205,PYB,09:40,Cessna 208B,9,Domestic
OCC004885,2026-09-21,Mon,BDT-F008,IndiGo,6E714,HYD,10:05,6E6294,HYD,10:40,A320ceo,186,Domestic
OCC004886,2026-09-21,Mon,BDT-F009,IndiGo,6E7128,VGA,10:30,6E7129,VGA,11:00,ATR 72-600,78,Domestic
OCC004887,2026-09-21,Mon,BDT-F010,IndiGo,6E6181,MAA,11:35,6E881,MAA,12:15,A320neo,186,Domestic
OCC004888,2026-09-21,Mon,BDT-F011,IndiGo,6E879,HYD,12:20,6E6645,HYD,13:00,A320neo,186,Domestic
OCC004889,2026-09-21,Mon,BDT-F013,IndiGo,6E7064,TIR,13:25,6E7063,TIR,13:50,ATR 72-600,78,Domestic
OCC004890,2026-09-21,Mon,BDT-F014,IndiGo,6E6336,BLR,14:10,6E5309,BLR,14:55,A321neo,232,Domestic
OCC004891,2026-09-21,Mon,BDT-F015,IndiGo,6E409,HYD,14:25,6E5247,BOM,15:05,A321neo,232,Domestic
OCC004892,2026-09-21,Mon,BDT-F016,IndiGo,6E504,HYD,15:45,6E783,HYD,16:25,A321neo,232,Domestic
OCC004893,2026-09-21,Mon,BDT-F017,Air India Express,IX2819,HYD,15:55,IX2744,HYD,16:35,B737-800,189,Domestic
OCC004894,2026-09-21,Mon,BDT-F018,Air India,AI419,DEL,16:05,AI420,DEL,16:45,A321neo,182,Domestic
OCC004895,2026-09-21,Mon,BDT-F019,IndiGo,6E2698,MAA,17:55,6E6089,MAA,18:35,A321neo,232,Domestic
OCC004896,2026-09-21,Mon,BDT-F020,IndiGo,6E7361,UNK,18:20,6E7362,BBI,18:50,ATR 72-600,78,Domestic
OCC004897,2026-09-21,Mon,BDT-F021,Air India Express,IX2023,BLR,18:30,IX1358,VGA,19:00,B737-800,189,Domestic
OCC004898,2026-09-21,Mon,BDT-F022,IndiGo,6E208,HYD,18:40,6E216,HYD,19:20,A321neo,232,Domestic
OCC004899,2026-09-21,Mon,BDT-F023,IndiGo,6E616,CCU,19:10,6E617,CCU,19:50,A321neo,232,Domestic
OCC004900,2026-09-21,Mon,BDT-F024,IndiGo,6E5248,NMI,20:00,6E883,HYD,20:40,A321neo,232,Domestic
OCC004901,2026-09-21,Mon,BDT-F025,IndiGo,6E969,BLR,20:30,6E2772,BLR,21:10,A321neo,232,Domestic
OCC004902,2026-09-21,Mon,BDT-F026,IndiGo,6E384,HYD,20:40,6E385,HYD,21:20,A320neo,186,Domestic
OCC004903,2026-09-21,Mon,BDT-F027,Air India,AI1702,DEL,20:50,AI1802,DEL,21:30,A320ceo,180,Domestic
OCC004904,2026-09-21,Mon,BDT-F028,Air India Express,IX1373,VGA,21:40,IX1373,BLR,22:10,B737-800,189,Domestic
OCC004905,2026-09-21,Mon,BDT-F029,IndiGo,6E2213,DEL,22:05,6E6631,DEL,22:45,A321neo,232,Domestic
OCC004906,2026-09-21,Mon,BDT-F030,Scoot,TR784,SIN,22:15,TR785,SIN,23:00,A320neo,186,International
OCC004907,2026-09-22,Tue,BDT-F001,Air India Express,IX2064,BLR,07:30,IX2065,BLR,08:00,B737-800,189,Domestic
OCC004908,2026-09-22,Tue,BDT-F002,IndiGo,6E6425,DEL,07:40,6E6426,DEL,08:20,A320neo,186,Domestic
OCC004909,2026-09-22,Tue,BDT-F003,IndiGo,6E557,MAA,07:50,6E845,MAA,08:30,A320ceo,186,Domestic
OCC004910,2026-09-22,Tue,BDT-F004,Air India Express,IX2837,HYD,08:20,IX2745,HYD,08:50,B737-800,189,Domestic
OCC004911,2026-09-22,Tue,BDT-F005,IndiGo,6E6408,HYD,08:25,6E915,HYD,08:55,A320neo,186,Domestic
OCC004912,2026-09-22,Tue,BDT-F007,Alliance Air,I7105,PYB,09:25,I7205,PYB,09:40,Cessna 208B,9,Domestic
OCC004913,2026-09-22,Tue,BDT-F008,IndiGo,6E714,HYD,10:05,6E6294,HYD,10:40,A320ceo,186,Domestic
OCC004914,2026-09-22,Tue,BDT-F009,IndiGo,6E7128,VGA,10:30,6E7129,VGA,11:00,ATR 72-600,78,Domestic
OCC004915,2026-09-22,Tue,BDT-F010,IndiGo,6E6181,MAA,11:35,6E881,MAA,12:15,A320neo,186,Domestic
OCC004916,2026-09-22,Tue,BDT-F011,IndiGo,6E879,HYD,12:20,6E6645,HYD,13:00,A320neo,186,Domestic
OCC004917,2026-09-22,Tue,BDT-F012,IndiGo,6E7176,KJB,13:20,6E7177,KJB,13:40,ATR 72-600,78,Domestic
OCC004918,2026-09-22,Tue,BDT-F013,IndiGo,6E7064,TIR,13:25,6E7063,TIR,13:50,ATR 72-600,78,Domestic
OCC004919,2026-09-22,Tue,BDT-F014,IndiGo,6E6336,BLR,14:10,6E5309,BLR,14:55,A321neo,232,Domestic
OCC004920,2026-09-22,Tue,BDT-F015,IndiGo,6E409,HYD,14:25,6E5247,BOM,15:05,A321neo,232,Domestic
OCC004921,2026-09-22,Tue,BDT-F016,IndiGo,6E504,HYD,15:45,6E783,HYD,16:25,A321neo,232,Domestic
OCC004922,2026-09-22,Tue,BDT-F017,Air India Express,IX2819,HYD,15:55,IX2744,HYD,16:35,B737-800,189,Domestic
OCC004923,2026-09-22,Tue,BDT-F018,Air India,AI419,DEL,16:05,AI420,DEL,16:45,A321neo,182,Domestic
OCC004924,2026-09-22,Tue,BDT-F019,IndiGo,6E2698,MAA,17:55,6E6089,MAA,18:35,A321neo,232,Domestic
OCC004925,2026-09-22,Tue,BDT-F021,Air India Express,IX2023,BLR,18:30,IX1358,VGA,19:00,B737-800,189,Domestic
OCC004926,2026-09-22,Tue,BDT-F022,IndiGo,6E208,HYD,18:40,6E216,HYD,19:20,A321neo,232,Domestic
OCC004927,2026-09-22,Tue,BDT-F023,IndiGo,6E616,CCU,19:10,6E617,CCU,19:50,A321neo,232,Domestic
OCC004928,2026-09-22,Tue,BDT-F024,IndiGo,6E5248,NMI,20:00,6E883,HYD,20:40,A321neo,232,Domestic
OCC004929,2026-09-22,Tue,BDT-F025,IndiGo,6E969,BLR,20:30,6E2772,BLR,21:10,A321neo,232,Domestic
OCC004930,2026-09-22,Tue,BDT-F026,IndiGo,6E384,HYD,20:40,6E385,HYD,21:20,A320neo,186,Domestic
OCC004931,2026-09-22,Tue,BDT-F027,Air India,AI1702,DEL,20:50,AI1802,DEL,21:30,A320ceo,180,Domestic
OCC004932,2026-09-22,Tue,BDT-F028,Air India Express,IX1373,VGA,21:40,IX1373,BLR,22:10,B737-800,189,Domestic
OCC004933,2026-09-22,Tue,BDT-F029,IndiGo,6E2213,DEL,22:05,6E6631,DEL,22:45,A321neo,232,Domestic
OCC004934,2026-09-23,Wed,BDT-F002,IndiGo,6E6425,DEL,07:40,6E6426,DEL,08:20,A320neo,186,Domestic
OCC004935,2026-09-23,Wed,BDT-F003,IndiGo,6E557,MAA,07:50,6E845,MAA,08:30,A320ceo,186,Domestic
OCC004936,2026-09-23,Wed,BDT-F004,Air India Express,IX2837,HYD,08:20,IX2745,HYD,08:50,B737-800,189,Domestic
OCC004937,2026-09-23,Wed,BDT-F005,IndiGo,6E6408,HYD,08:25,6E915,HYD,08:55,A320neo,186,Domestic
OCC004938,2026-09-23,Wed,BDT-F006,IndiGo,6E1443,AUH,08:20,6E1444,AUH,09:50,A320neo,186,International
OCC004939,2026-09-23,Wed,BDT-F007,Alliance Air,I7105,PYB,09:25,I7205,PYB,09:40,Cessna 208B,9,Domestic
OCC004940,2026-09-23,Wed,BDT-F008,IndiGo,6E714,HYD,10:05,6E6294,HYD,10:40,A320ceo,186,Domestic
OCC004941,2026-09-23,Wed,BDT-F009,IndiGo,6E7128,VGA,10:30,6E7129,VGA,11:00,ATR 72-600,78,Domestic
OCC004942,2026-09-23,Wed,BDT-F010,IndiGo,6E6181,MAA,11:35,6E881,MAA,12:15,A320neo,186,Domestic
OCC004943,2026-09-23,Wed,BDT-F011,IndiGo,6E879,HYD,12:20,6E6645,HYD,13:00,A320neo,186,Domestic
OCC004944,2026-09-23,Wed,BDT-F013,IndiGo,6E7064,TIR,13:25,6E7063,TIR,13:50,ATR 72-600,78,Domestic
OCC004945,2026-09-23,Wed,BDT-F014,IndiGo,6E6336,BLR,14:10,6E5309,BLR,14:55,A321neo,232,Domestic
OCC004946,2026-09-23,Wed,BDT-F015,IndiGo,6E409,HYD,14:25,6E5247,BOM,15:05,A321neo,232,Domestic
OCC004947,2026-09-23,Wed,BDT-F016,IndiGo,6E504,HYD,15:45,6E783,HYD,16:25,A321neo,232,Domestic
OCC004948,2026-09-23,Wed,BDT-F017,Air India Express,IX2819,HYD,15:55,IX2744,HYD,16:35,B737-800,189,Domestic
OCC004949,2026-09-23,Wed,BDT-F018,Air India,AI419,DEL,16:05,AI420,DEL,16:45,A321neo,182,Domestic
OCC004950,2026-09-23,Wed,BDT-F019,IndiGo,6E2698,MAA,17:55,6E6089,MAA,18:35,A321neo,232,Domestic
OCC004951,2026-09-23,Wed,BDT-F020,IndiGo,6E7361,UNK,18:20,6E7362,BBI,18:50,ATR 72-600,78,Domestic
OCC004952,2026-09-23,Wed,BDT-F021,Air India Express,IX2023,BLR,18:30,IX1358,VGA,19:00,B737-800,189,Domestic
OCC004953,2026-09-23,Wed,BDT-F022,IndiGo,6E208,HYD,18:40,6E216,HYD,19:20,A321neo,232,Domestic
OCC004954,2026-09-23,Wed,BDT-F023,IndiGo,6E616,CCU,19:10,6E617,CCU,19:50,A321neo,232,Domestic
OCC004955,2026-09-23,Wed,BDT-F024,IndiGo,6E5248,NMI,20:00,6E883,HYD,20:40,A321neo,232,Domestic
OCC004956,2026-09-23,Wed,BDT-F025,IndiGo,6E969,BLR,20:30,6E2772,BLR,21:10,A321neo,232,Domestic
OCC004957,2026-09-23,Wed,BDT-F026,IndiGo,6E384,HYD,20:40,6E385,HYD,21:20,A320neo,186,Domestic
OCC004958,2026-09-23,Wed,BDT-F027,Air India,AI1702,DEL,20:50,AI1802,DEL,21:30,A320ceo,180,Domestic
OCC004959,2026-09-23,Wed,BDT-F028,Air India Express,IX1373,VGA,21:40,IX1373,BLR,22:10,B737-800,189,Domestic
OCC004960,2026-09-23,Wed,BDT-F029,IndiGo,6E2213,DEL,22:05,6E6631,DEL,22:45,A321neo,232,Domestic
OCC004961,2026-09-23,Wed,BDT-F030,Scoot,TR784,SIN,22:15,TR785,SIN,23:00,A320neo,186,International
OCC004962,2026-09-24,Thu,BDT-F001,Air India Express,IX2064,BLR,07:30,IX2065,BLR,08:00,B737-800,189,Domestic
OCC004963,2026-09-24,Thu,BDT-F002,IndiGo,6E6425,DEL,07:40,6E6426,DEL,08:20,A320neo,186,Domestic
OCC004964,2026-09-24,Thu,BDT-F003,IndiGo,6E557,MAA,07:50,6E845,MAA,08:30,A320ceo,186,Domestic
OCC004965,2026-09-24,Thu,BDT-F004,Air India Express,IX2837,HYD,08:20,IX2745,HYD,08:50,B737-800,189,Domestic
OCC004966,2026-09-24,Thu,BDT-F005,IndiGo,6E6408,HYD,08:25,6E915,HYD,08:55,A320neo,186,Domestic
OCC004967,2026-09-24,Thu,BDT-F007,Alliance Air,I7105,PYB,09:25,I7205,PYB,09:40,Cessna 208B,9,Domestic
OCC004968,2026-09-24,Thu,BDT-F008,IndiGo,6E714,HYD,10:05,6E6294,HYD,10:40,A320ceo,186,Domestic
OCC004969,2026-09-24,Thu,BDT-F009,IndiGo,6E7128,VGA,10:30,6E7129,VGA,11:00,ATR 72-600,78,Domestic
OCC004970,2026-09-24,Thu,BDT-F010,IndiGo,6E6181,MAA,11:35,6E881,MAA,12:15,A320neo,186,Domestic
OCC004971,2026-09-24,Thu,BDT-F011,IndiGo,6E879,HYD,12:20,6E6645,HYD,13:00,A320neo,186,Domestic
OCC004972,2026-09-24,Thu,BDT-F012,IndiGo,6E7176,KJB,13:20,6E7177,KJB,13:40,ATR 72-600,78,Domestic
OCC004973,2026-09-24,Thu,BDT-F013,IndiGo,6E7064,TIR,13:25,6E7063,TIR,13:50,ATR 72-600,78,Domestic
OCC004974,2026-09-24,Thu,BDT-F014,IndiGo,6E6336,BLR,14:10,6E5309,BLR,14:55,A321neo,232,Domestic
OCC004975,2026-09-24,Thu,BDT-F015,IndiGo,6E409,HYD,14:25,6E5247,BOM,15:05,A321neo,232,Domestic
OCC004976,2026-09-24,Thu,BDT-F016,IndiGo,6E504,HYD,15:45,6E783,HYD,16:25,A321neo,232,Domestic
OCC004977,2026-09-24,Thu,BDT-F017,Air India Express,IX2819,HYD,15:55,IX2744,HYD,16:35,B737-800,189,Domestic
OCC004978,2026-09-24,Thu,BDT-F018,Air India,AI419,DEL,16:05,AI420,DEL,16:45,A321neo,182,Domestic
OCC004979,2026-09-24,Thu,BDT-F019,IndiGo,6E2698,MAA,17:55,6E6089,MAA,18:35,A321neo,232,Domestic
OCC004980,2026-09-24,Thu,BDT-F021,Air India Express,IX2023,BLR,18:30,IX1358,VGA,19:00,B737-800,189,Domestic
OCC004981,2026-09-24,Thu,BDT-F022,IndiGo,6E208,HYD,18:40,6E216,HYD,19:20,A321neo,232,Domestic
OCC004982,2026-09-24,Thu,BDT-F023,IndiGo,6E616,CCU,19:10,6E617,CCU,19:50,A321neo,232,Domestic
OCC004983,2026-09-24,Thu,BDT-F024,IndiGo,6E5248,NMI,20:00,6E883,HYD,20:40,A321neo,232,Domestic
OCC004984,2026-09-24,Thu,BDT-F025,IndiGo,6E969,BLR,20:30,6E2772,BLR,21:10,A321neo,232,Domestic
OCC004985,2026-09-24,Thu,BDT-F026,IndiGo,6E384,HYD,20:40,6E385,HYD,21:20,A320neo,186,Domestic
OCC004986,2026-09-24,Thu,BDT-F027,Air India,AI1702,DEL,20:50,AI1802,DEL,21:30,A320ceo,180,Domestic
OCC004987,2026-09-24,Thu,BDT-F028,Air India Express,IX1373,VGA,21:40,IX1373,BLR,22:10,B737-800,189,Domestic
OCC004988,2026-09-24,Thu,BDT-F029,IndiGo,6E2213,DEL,22:05,6E6631,DEL,22:45,A321neo,232,Domestic
OCC004989,2026-09-25,Fri,BDT-F002,IndiGo,6E6425,DEL,07:40,6E6426,DEL,08:20,A320neo,186,Domestic
OCC004990,2026-09-25,Fri,BDT-F003,IndiGo,6E557,MAA,07:50,6E845,MAA,08:30,A320ceo,186,Domestic
OCC004991,2026-09-25,Fri,BDT-F004,Air India Express,IX2837,HYD,08:20,IX2745,HYD,08:50,B737-800,189,Domestic
OCC004992,2026-09-25,Fri,BDT-F005,IndiGo,6E6408,HYD,08:25,6E915,HYD,08:55,A320neo,186,Domestic
OCC004993,2026-09-25,Fri,BDT-F006,IndiGo,6E1443,AUH,08:20,6E1444,AUH,09:50,A320neo,186,International
OCC004994,2026-09-25,Fri,BDT-F007,Alliance Air,I7105,PYB,09:25,I7205,PYB,09:40,Cessna 208B,9,Domestic
OCC004995,2026-09-25,Fri,BDT-F008,IndiGo,6E714,HYD,10:05,6E6294,HYD,10:40,A320ceo,186,Domestic
OCC004996,2026-09-25,Fri,BDT-F009,IndiGo,6E7128,VGA,10:30,6E7129,VGA,11:00,ATR 72-600,78,Domestic
OCC004997,2026-09-25,Fri,BDT-F010,IndiGo,6E6181,MAA,11:35,6E881,MAA,12:15,A320neo,186,Domestic
OCC004998,2026-09-25,Fri,BDT-F011,IndiGo,6E879,HYD,12:20,6E6645,HYD,13:00,A320neo,186,Domestic
OCC004999,2026-09-25,Fri,BDT-F013,IndiGo,6E7064,TIR,13:25,6E7063,TIR,13:50,ATR 72-600,78,Domestic
OCC005000,2026-09-25,Fri,BDT-F014,IndiGo,6E6336,BLR,14:10,6E5309,BLR,14:55,A321neo,232,Domestic
OCC005001,2026-09-25,Fri,BDT-F015,IndiGo,6E409,HYD,14:25,6E5247,BOM,15:05,A321neo,232,Domestic
OCC005002,2026-09-25,Fri,BDT-F016,IndiGo,6E504,HYD,15:45,6E783,HYD,16:25,A321neo,232,Domestic
OCC005003,2026-09-25,Fri,BDT-F017,Air India Express,IX2819,HYD,15:55,IX2744,HYD,16:35,B737-800,189,Domestic
OCC005004,2026-09-25,Fri,BDT-F018,Air India,AI419,DEL,16:05,AI420,DEL,16:45,A321neo,182,Domestic
OCC005005,2026-09-25,Fri,BDT-F019,IndiGo,6E2698,MAA,17:55,6E6089,MAA,18:35,A321neo,232,Domestic
OCC005006,2026-09-25,Fri,BDT-F020,IndiGo,6E7361,UNK,18:20,6E7362,BBI,18:50,ATR 72-600,78,Domestic
OCC005007,2026-09-25,Fri,BDT-F021,Air India Express,IX2023,BLR,18:30,IX1358,VGA,19:00,B737-800,189,Domestic
OCC005008,2026-09-25,Fri,BDT-F022,IndiGo,6E208,HYD,18:40,6E216,HYD,19:20,A321neo,232,Domestic
OCC005009,2026-09-25,Fri,BDT-F023,IndiGo,6E616,CCU,19:10,6E617,CCU,19:50,A321neo,232,Domestic
OCC005010,2026-09-25,Fri,BDT-F024,IndiGo,6E5248,NMI,20:00,6E883,HYD,20:40,A321neo,232,Domestic
OCC005011,2026-09-25,Fri,BDT-F025,IndiGo,6E969,BLR,20:30,6E2772,BLR,21:10,A321neo,232,Domestic
OCC005012,2026-09-25,Fri,BDT-F026,IndiGo,6E384,HYD,20:40,6E385,HYD,21:20,A320neo,186,Domestic
OCC005013,2026-09-25,Fri,BDT-F027,Air India,AI1702,DEL,20:50,AI1802,DEL,21:30,A320ceo,180,Domestic
OCC005014,2026-09-25,Fri,BDT-F028,Air India Express,IX1373,VGA,21:40,IX1373,BLR,22:10,B737-800,189,Domestic
OCC005015,2026-09-25,Fri,BDT-F029,IndiGo,6E2213,DEL,22:05,6E6631,DEL,22:45,A321neo,232,Domestic
OCC005016,2026-09-25,Fri,BDT-F030,Scoot,TR784,SIN,22:15,TR785,SIN,23:00,A320neo,186,International
OCC005017,2026-09-26,Sat,BDT-F001,Air India Express,IX2064,BLR,07:30,IX2065,BLR,08:00,B737-800,189,Domestic
OCC005018,2026-09-26,Sat,BDT-F002,IndiGo,6E6425,DEL,07:40,6E6426,DEL,08:20,A320neo,186,Domestic
OCC005019,2026-09-26,Sat,BDT-F003,IndiGo,6E557,MAA,07:50,6E845,MAA,08:30,A320ceo,186,Domestic
OCC005020,2026-09-26,Sat,BDT-F004,Air India Express,IX2837,HYD,08:20,IX2745,HYD,08:50,B737-800,189,Domestic
OCC005021,2026-09-26,Sat,BDT-F005,IndiGo,6E6408,HYD,08:25,6E915,HYD,08:55,A320neo,186,Domestic
OCC005022,2026-09-26,Sat,BDT-F007,Alliance Air,I7105,PYB,09:25,I7205,PYB,09:40,Cessna 208B,9,Domestic
OCC005023,2026-09-26,Sat,BDT-F008,IndiGo,6E714,HYD,10:05,6E6294,HYD,10:40,A320ceo,186,Domestic
OCC005024,2026-09-26,Sat,BDT-F009,IndiGo,6E7128,VGA,10:30,6E7129,VGA,11:00,ATR 72-600,78,Domestic
OCC005025,2026-09-26,Sat,BDT-F010,IndiGo,6E6181,MAA,11:35,6E881,MAA,12:15,A320neo,186,Domestic
OCC005026,2026-09-26,Sat,BDT-F011,IndiGo,6E879,HYD,12:20,6E6645,HYD,13:00,A320neo,186,Domestic
OCC005027,2026-09-26,Sat,BDT-F012,IndiGo,6E7176,KJB,13:20,6E7177,KJB,13:40,ATR 72-600,78,Domestic
OCC005028,2026-09-26,Sat,BDT-F013,IndiGo,6E7064,TIR,13:25,6E7063,TIR,13:50,ATR 72-600,78,Domestic
OCC005029,2026-09-26,Sat,BDT-F014,IndiGo,6E6336,BLR,14:10,6E5309,BLR,14:55,A321neo,232,Domestic
OCC005030,2026-09-26,Sat,BDT-F015,IndiGo,6E409,HYD,14:25,6E5247,BOM,15:05,A321neo,232,Domestic
OCC005031,2026-09-26,Sat,BDT-F016,IndiGo,6E504,HYD,15:45,6E783,HYD,16:25,A321neo,232,Domestic
OCC005032,2026-09-26,Sat,BDT-F017,Air India Express,IX2819,HYD,15:55,IX2744,HYD,16:35,B737-800,189,Domestic
OCC005033,2026-09-26,Sat,BDT-F018,Air India,AI419,DEL,16:05,AI420,DEL,16:45,A321neo,182,Domestic
OCC005034,2026-09-26,Sat,BDT-F019,IndiGo,6E2698,MAA,17:55,6E6089,MAA,18:35,A321neo,232,Domestic
OCC005035,2026-09-26,Sat,BDT-F021,Air India Express,IX2023,BLR,18:30,IX1358,VGA,19:00,B737-800,189,Domestic
OCC005036,2026-09-26,Sat,BDT-F022,IndiGo,6E208,HYD,18:40,6E216,HYD,19:20,A321neo,232,Domestic
OCC005037,2026-09-26,Sat,BDT-F023,IndiGo,6E616,CCU,19:10,6E617,CCU,19:50,A321neo,232,Domestic
OCC005038,2026-09-26,Sat,BDT-F024,IndiGo,6E5248,NMI,20:00,6E883,HYD,20:40,A321neo,232,Domestic
OCC005039,2026-09-26,Sat,BDT-F025,IndiGo,6E969,BLR,20:30,6E2772,BLR,21:10,A321neo,232,Domestic
OCC005040,2026-09-26,Sat,BDT-F026,IndiGo,6E384,HYD,20:40,6E385,HYD,21:20,A320neo,186,Domestic
OCC005041,2026-09-26,Sat,BDT-F027,Air India,AI1702,DEL,20:50,AI1802,DEL,21:30,A320ceo,180,Domestic
OCC005042,2026-09-26,Sat,BDT-F028,Air India Express,IX1373,VGA,21:40,IX1373,BLR,22:10,B737-800,189,Domestic
OCC005043,2026-09-26,Sat,BDT-F029,IndiGo,6E2213,DEL,22:05,6E6631,DEL,22:45,A321neo,232,Domestic
OCC005044,2026-09-26,Sat,BDT-F030,Scoot,TR784,SIN,22:15,TR785,SIN,23:00,A320neo,186,International
OCC005045,2026-09-27,Sun,BDT-F002,IndiGo,6E6425,DEL,07:40,6E6426,DEL,08:20,A320neo,186,Domestic
OCC005046,2026-09-27,Sun,BDT-F003,IndiGo,6E557,MAA,07:50,6E845,MAA,08:30,A320ceo,186,Domestic
OCC005047,2026-09-27,Sun,BDT-F004,Air India Express,IX2837,HYD,08:20,IX2745,HYD,08:50,B737-800,189,Domestic
OCC005048,2026-09-27,Sun,BDT-F005,IndiGo,6E6408,HYD,08:25,6E915,HYD,08:55,A320neo,186,Domestic
OCC005049,2026-09-27,Sun,BDT-F006,IndiGo,6E1443,AUH,08:20,6E1444,AUH,09:50,A320neo,186,International
OCC005050,2026-09-27,Sun,BDT-F007,Alliance Air,I7105,PYB,09:25,I7205,PYB,09:40,Cessna 208B,9,Domestic
OCC005051,2026-09-27,Sun,BDT-F008,IndiGo,6E714,HYD,10:05,6E6294,HYD,10:40,A320ceo,186,Domestic
OCC005052,2026-09-27,Sun,BDT-F009,IndiGo,6E7128,VGA,10:30,6E7129,VGA,11:00,ATR 72-600,78,Domestic
OCC005053,2026-09-27,Sun,BDT-F010,IndiGo,6E6181,MAA,11:35,6E881,MAA,12:15,A320neo,186,Domestic
OCC005054,2026-09-27,Sun,BDT-F011,IndiGo,6E879,HYD,12:20,6E6645,HYD,13:00,A320neo,186,Domestic
OCC005055,2026-09-27,Sun,BDT-F013,IndiGo,6E7064,TIR,13:25,6E7063,TIR,13:50,ATR 72-600,78,Domestic
OCC005056,2026-09-27,Sun,BDT-F014,IndiGo,6E6336,BLR,14:10,6E5309,BLR,14:55,A321neo,232,Domestic
OCC005057,2026-09-27,Sun,BDT-F015,IndiGo,6E409,HYD,14:25,6E5247,BOM,15:05,A321neo,232,Domestic
OCC005058,2026-09-27,Sun,BDT-F016,IndiGo,6E504,HYD,15:45,6E783,HYD,16:25,A321neo,232,Domestic
OCC005059,2026-09-27,Sun,BDT-F017,Air India Express,IX2819,HYD,15:55,IX2744,HYD,16:35,B737-800,189,Domestic
OCC005060,2026-09-27,Sun,BDT-F018,Air India,AI419,DEL,16:05,AI420,DEL,16:45,A321neo,182,Domestic
OCC005061,2026-09-27,Sun,BDT-F019,IndiGo,6E2698,MAA,17:55,6E6089,MAA,18:35,A321neo,232,Domestic
OCC005062,2026-09-27,Sun,BDT-F020,IndiGo,6E7361,UNK,18:20,6E7362,BBI,18:50,ATR 72-600,78,Domestic
OCC005063,2026-09-27,Sun,BDT-F021,Air India Express,IX2023,BLR,18:30,IX1358,VGA,19:00,B737-800,189,Domestic
OCC005064,2026-09-27,Sun,BDT-F022,IndiGo,6E208,HYD,18:40,6E216,HYD,19:20,A321neo,232,Domestic
OCC005065,2026-09-27,Sun,BDT-F023,IndiGo,6E616,CCU,19:10,6E617,CCU,19:50,A321neo,232,Domestic
OCC005066,2026-09-27,Sun,BDT-F024,IndiGo,6E5248,NMI,20:00,6E883,HYD,20:40,A321neo,232,Domestic
OCC005067,2026-09-27,Sun,BDT-F025,IndiGo,6E969,BLR,20:30,6E2772,BLR,21:10,A321neo,232,Domestic
OCC005068,2026-09-27,Sun,BDT-F026,IndiGo,6E384,HYD,20:40,6E385,HYD,21:20,A320neo,186,Domestic
OCC005069,2026-09-27,Sun,BDT-F027,Air India,AI1702,DEL,20:50,AI1802,DEL,21:30,A320ceo,180,Domestic
OCC005070,2026-09-27,Sun,BDT-F028,Air India Express,IX1373,VGA,21:40,IX1373,BLR,22:10,B737-800,189,Domestic
OCC005071,2026-09-27,Sun,BDT-F029,IndiGo,6E2213,DEL,22:05,6E6631,DEL,22:45,A321neo,232,Domestic
OCC005072,2026-09-28,Mon,BDT-F001,Air India Express,IX2064,BLR,07:30,IX2065,BLR,08:00,B737-800,189,Domestic
OCC005073,2026-09-28,Mon,BDT-F002,IndiGo,6E6425,DEL,07:40,6E6426,DEL,08:20,A320neo,186,Domestic
OCC005074,2026-09-28,Mon,BDT-F003,IndiGo,6E557,MAA,07:50,6E845,MAA,08:30,A320ceo,186,Domestic
OCC005075,2026-09-28,Mon,BDT-F004,Air India Express,IX2837,HYD,08:20,IX2745,HYD,08:50,B737-800,189,Domestic
OCC005076,2026-09-28,Mon,BDT-F005,IndiGo,6E6408,HYD,08:25,6E915,HYD,08:55,A320neo,186,Domestic
OCC005077,2026-09-28,Mon,BDT-F006,IndiGo,6E1443,AUH,08:20,6E1444,AUH,09:50,A320neo,186,International
OCC005078,2026-09-28,Mon,BDT-F007,Alliance Air,I7105,PYB,09:25,I7205,PYB,09:40,Cessna 208B,9,Domestic
OCC005079,2026-09-28,Mon,BDT-F008,IndiGo,6E714,HYD,10:05,6E6294,HYD,10:40,A320ceo,186,Domestic
OCC005080,2026-09-28,Mon,BDT-F009,IndiGo,6E7128,VGA,10:30,6E7129,VGA,11:00,ATR 72-600,78,Domestic
OCC005081,2026-09-28,Mon,BDT-F010,IndiGo,6E6181,MAA,11:35,6E881,MAA,12:15,A320neo,186,Domestic
OCC005082,2026-09-28,Mon,BDT-F011,IndiGo,6E879,HYD,12:20,6E6645,HYD,13:00,A320neo,186,Domestic
OCC005083,2026-09-28,Mon,BDT-F013,IndiGo,6E7064,TIR,13:25,6E7063,TIR,13:50,ATR 72-600,78,Domestic
OCC005084,2026-09-28,Mon,BDT-F014,IndiGo,6E6336,BLR,14:10,6E5309,BLR,14:55,A321neo,232,Domestic
OCC005085,2026-09-28,Mon,BDT-F015,IndiGo,6E409,HYD,14:25,6E5247,BOM,15:05,A321neo,232,Domestic
OCC005086,2026-09-28,Mon,BDT-F016,IndiGo,6E504,HYD,15:45,6E783,HYD,16:25,A321neo,232,Domestic
OCC005087,2026-09-28,Mon,BDT-F017,Air India Express,IX2819,HYD,15:55,IX2744,HYD,16:35,B737-800,189,Domestic
OCC005088,2026-09-28,Mon,BDT-F018,Air India,AI419,DEL,16:05,AI420,DEL,16:45,A321neo,182,Domestic
OCC005089,2026-09-28,Mon,BDT-F019,IndiGo,6E2698,MAA,17:55,6E6089,MAA,18:35,A321neo,232,Domestic
OCC005090,2026-09-28,Mon,BDT-F020,IndiGo,6E7361,UNK,18:20,6E7362,BBI,18:50,ATR 72-600,78,Domestic
OCC005091,2026-09-28,Mon,BDT-F021,Air India Express,IX2023,BLR,18:30,IX1358,VGA,19:00,B737-800,189,Domestic
OCC005092,2026-09-28,Mon,BDT-F022,IndiGo,6E208,HYD,18:40,6E216,HYD,19:20,A321neo,232,Domestic
OCC005093,2026-09-28,Mon,BDT-F023,IndiGo,6E616,CCU,19:10,6E617,CCU,19:50,A321neo,232,Domestic
OCC005094,2026-09-28,Mon,BDT-F024,IndiGo,6E5248,NMI,20:00,6E883,HYD,20:40,A321neo,232,Domestic
OCC005095,2026-09-28,Mon,BDT-F025,IndiGo,6E969,BLR,20:30,6E2772,BLR,21:10,A321neo,232,Domestic
OCC005096,2026-09-28,Mon,BDT-F026,IndiGo,6E384,HYD,20:40,6E385,HYD,21:20,A320neo,186,Domestic
OCC005097,2026-09-28,Mon,BDT-F027,Air India,AI1702,DEL,20:50,AI1802,DEL,21:30,A320ceo,180,Domestic
OCC005098,2026-09-28,Mon,BDT-F028,Air India Express,IX1373,VGA,21:40,IX1373,BLR,22:10,B737-800,189,Domestic
OCC005099,2026-09-28,Mon,BDT-F029,IndiGo,6E2213,DEL,22:05,6E6631,DEL,22:45,A321neo,232,Domestic
OCC005100,2026-09-28,Mon,BDT-F030,Scoot,TR784,SIN,22:15,TR785,SIN,23:00,A320neo,186,International
OCC005101,2026-09-29,Tue,BDT-F001,Air India Express,IX2064,BLR,07:30,IX2065,BLR,08:00,B737-800,189,Domestic
OCC005102,2026-09-29,Tue,BDT-F002,IndiGo,6E6425,DEL,07:40,6E6426,DEL,08:20,A320neo,186,Domestic
OCC005103,2026-09-29,Tue,BDT-F003,IndiGo,6E557,MAA,07:50,6E845,MAA,08:30,A320ceo,186,Domestic
OCC005104,2026-09-29,Tue,BDT-F004,Air India Express,IX2837,HYD,08:20,IX2745,HYD,08:50,B737-800,189,Domestic
OCC005105,2026-09-29,Tue,BDT-F005,IndiGo,6E6408,HYD,08:25,6E915,HYD,08:55,A320neo,186,Domestic
OCC005106,2026-09-29,Tue,BDT-F007,Alliance Air,I7105,PYB,09:25,I7205,PYB,09:40,Cessna 208B,9,Domestic
OCC005107,2026-09-29,Tue,BDT-F008,IndiGo,6E714,HYD,10:05,6E6294,HYD,10:40,A320ceo,186,Domestic
OCC005108,2026-09-29,Tue,BDT-F009,IndiGo,6E7128,VGA,10:30,6E7129,VGA,11:00,ATR 72-600,78,Domestic
OCC005109,2026-09-29,Tue,BDT-F010,IndiGo,6E6181,MAA,11:35,6E881,MAA,12:15,A320neo,186,Domestic
OCC005110,2026-09-29,Tue,BDT-F011,IndiGo,6E879,HYD,12:20,6E6645,HYD,13:00,A320neo,186,Domestic
OCC005111,2026-09-29,Tue,BDT-F012,IndiGo,6E7176,KJB,13:20,6E7177,KJB,13:40,ATR 72-600,78,Domestic
OCC005112,2026-09-29,Tue,BDT-F013,IndiGo,6E7064,TIR,13:25,6E7063,TIR,13:50,ATR 72-600,78,Domestic
OCC005113,2026-09-29,Tue,BDT-F014,IndiGo,6E6336,BLR,14:10,6E5309,BLR,14:55,A321neo,232,Domestic
OCC005114,2026-09-29,Tue,BDT-F015,IndiGo,6E409,HYD,14:25,6E5247,BOM,15:05,A321neo,232,Domestic
OCC005115,2026-09-29,Tue,BDT-F016,IndiGo,6E504,HYD,15:45,6E783,HYD,16:25,A321neo,232,Domestic
OCC005116,2026-09-29,Tue,BDT-F017,Air India Express,IX2819,HYD,15:55,IX2744,HYD,16:35,B737-800,189,Domestic
OCC005117,2026-09-29,Tue,BDT-F018,Air India,AI419,DEL,16:05,AI420,DEL,16:45,A321neo,182,Domestic
OCC005118,2026-09-29,Tue,BDT-F019,IndiGo,6E2698,MAA,17:55,6E6089,MAA,18:35,A321neo,232,Domestic
OCC005119,2026-09-29,Tue,BDT-F021,Air India Express,IX2023,BLR,18:30,IX1358,VGA,19:00,B737-800,189,Domestic
OCC005120,2026-09-29,Tue,BDT-F022,IndiGo,6E208,HYD,18:40,6E216,HYD,19:20,A321neo,232,Domestic
OCC005121,2026-09-29,Tue,BDT-F023,IndiGo,6E616,CCU,19:10,6E617,CCU,19:50,A321neo,232,Domestic
OCC005122,2026-09-29,Tue,BDT-F024,IndiGo,6E5248,NMI,20:00,6E883,HYD,20:40,A321neo,232,Domestic
OCC005123,2026-09-29,Tue,BDT-F025,IndiGo,6E969,BLR,20:30,6E2772,BLR,21:10,A321neo,232,Domestic
OCC005124,2026-09-29,Tue,BDT-F026,IndiGo,6E384,HYD,20:40,6E385,HYD,21:20,A320neo,186,Domestic
OCC005125,2026-09-29,Tue,BDT-F027,Air India,AI1702,DEL,20:50,AI1802,DEL,21:30,A320ceo,180,Domestic
OCC005126,2026-09-29,Tue,BDT-F028,Air India Express,IX1373,VGA,21:40,IX1373,BLR,22:10,B737-800,189,Domestic
OCC005127,2026-09-29,Tue,BDT-F029,IndiGo,6E2213,DEL,22:05,6E6631,DEL,22:45,A321neo,232,Domestic
OCC005128,2026-09-30,Wed,BDT-F002,IndiGo,6E6425,DEL,07:40,6E6426,DEL,08:20,A320neo,186,Domestic
OCC005129,2026-09-30,Wed,BDT-F003,IndiGo,6E557,MAA,07:50,6E845,MAA,08:30,A320ceo,186,Domestic
OCC005130,2026-09-30,Wed,BDT-F004,Air India Express,IX2837,HYD,08:20,IX2745,HYD,08:50,B737-800,189,Domestic
OCC005131,2026-09-30,Wed,BDT-F005,IndiGo,6E6408,HYD,08:25,6E915,HYD,08:55,A320neo,186,Domestic
OCC005132,2026-09-30,Wed,BDT-F006,IndiGo,6E1443,AUH,08:20,6E1444,AUH,09:50,A320neo,186,International
OCC005133,2026-09-30,Wed,BDT-F007,Alliance Air,I7105,PYB,09:25,I7205,PYB,09:40,Cessna 208B,9,Domestic
OCC005134,2026-09-30,Wed,BDT-F008,IndiGo,6E714,HYD,10:05,6E6294,HYD,10:40,A320ceo,186,Domestic
OCC005135,2026-09-30,Wed,BDT-F009,IndiGo,6E7128,VGA,10:30,6E7129,VGA,11:00,ATR 72-600,78,Domestic
OCC005136,2026-09-30,Wed,BDT-F010,IndiGo,6E6181,MAA,11:35,6E881,MAA,12:15,A320neo,186,Domestic
OCC005137,2026-09-30,Wed,BDT-F011,IndiGo,6E879,HYD,12:20,6E6645,HYD,13:00,A320neo,186,Domestic
OCC005138,2026-09-30,Wed,BDT-F013,IndiGo,6E7064,TIR,13:25,6E7063,TIR,13:50,ATR 72-600,78,Domestic
OCC005139,2026-09-30,Wed,BDT-F014,IndiGo,6E6336,BLR,14:10,6E5309,BLR,14:55,A321neo,232,Domestic
OCC005140,2026-09-30,Wed,BDT-F015,IndiGo,6E409,HYD,14:25,6E5247,BOM,15:05,A321neo,232,Domestic
OCC005141,2026-09-30,Wed,BDT-F016,IndiGo,6E504,HYD,15:45,6E783,HYD,16:25,A321neo,232,Domestic
OCC005142,2026-09-30,Wed,BDT-F017,Air India Express,IX2819,HYD,15:55,IX2744,HYD,16:35,B737-800,189,Domestic
OCC005143,2026-09-30,Wed,BDT-F018,Air India,AI419,DEL,16:05,AI420,DEL,16:45,A321neo,182,Domestic
OCC005144,2026-09-30,Wed,BDT-F019,IndiGo,6E2698,MAA,17:55,6E6089,MAA,18:35,A321neo,232,Domestic
OCC005145,2026-09-30,Wed,BDT-F020,IndiGo,6E7361,UNK,18:20,6E7362,BBI,18:50,ATR 72-600,78,Domestic
OCC005146,2026-09-30,Wed,BDT-F021,Air India Express,IX2023,BLR,18:30,IX1358,VGA,19:00,B737-800,189,Domestic
OCC005147,2026-09-30,Wed,BDT-F022,IndiGo,6E208,HYD,18:40,6E216,HYD,19:20,A321neo,232,Domestic
OCC005148,2026-09-30,Wed,BDT-F023,IndiGo,6E616,CCU,19:10,6E617,CCU,19:50,A321neo,232,Domestic
OCC005149,2026-09-30,Wed,BDT-F024,IndiGo,6E5248,NMI,20:00,6E883,HYD,20:40,A321neo,232,Domestic
OCC005150,2026-09-30,Wed,BDT-F025,IndiGo,6E969,BLR,20:30,6E2772,BLR,21:10,A321neo,232,Domestic
OCC005151,2026-09-30,Wed,BDT-F026,IndiGo,6E384,HYD,20:40,6E385,HYD,21:20,A320neo,186,Domestic
OCC005152,2026-09-30,Wed,BDT-F027,Air India,AI1702,DEL,20:50,AI1802,DEL,21:30,A320ceo,180,Domestic
OCC005153,2026-09-30,Wed,BDT-F028,Air India Express,IX1373,VGA,21:40,IX1373,BLR,22:10,B737-800,189,Domestic
OCC005154,2026-09-30,Wed,BDT-F029,IndiGo,6E2213,DEL,22:05,6E6631,DEL,22:45,A321neo,232,Domestic
OCC005155,2026-09-30,Wed,BDT-F030,Scoot,TR784,SIN,22:15,TR785,SIN,23:00,A320neo,186,International
OCC005156,2026-10-01,Thu,BDT-F001,Air India Express,IX2064,BLR,07:30,IX2065,BLR,08:00,B737-800,189,Domestic
OCC005157,2026-10-01,Thu,BDT-F002,IndiGo,6E6425,DEL,07:40,6E6426,DEL,08:20,A320neo,186,Domestic
OCC005158,2026-10-01,Thu,BDT-F003,IndiGo,6E557,MAA,07:50,6E845,MAA,08:30,A320ceo,186,Domestic
OCC005159,2026-10-01,Thu,BDT-F004,Air India Express,IX2837,HYD,08:20,IX2745,HYD,08:50,B737-800,189,Domestic
OCC005160,2026-10-01,Thu,BDT-F005,IndiGo,6E6408,HYD,08:25,6E915,HYD,08:55,A320neo,186,Domestic
OCC005161,2026-10-01,Thu,BDT-F007,Alliance Air,I7105,PYB,09:25,I7205,PYB,09:40,Cessna 208B,9,Domestic
OCC005162,2026-10-01,Thu,BDT-F008,IndiGo,6E714,HYD,10:05,6E6294,HYD,10:40,A320ceo,186,Domestic
OCC005163,2026-10-01,Thu,BDT-F009,IndiGo,6E7128,VGA,10:30,6E7129,VGA,11:00,ATR 72-600,78,Domestic
OCC005164,2026-10-01,Thu,BDT-F010,IndiGo,6E6181,MAA,11:35,6E881,MAA,12:15,A320neo,186,Domestic
OCC005165,2026-10-01,Thu,BDT-F011,IndiGo,6E879,HYD,12:20,6E6645,HYD,13:00,A320neo,186,Domestic
OCC005166,2026-10-01,Thu,BDT-F012,IndiGo,6E7176,KJB,13:20,6E7177,KJB,13:40,ATR 72-600,78,Domestic
OCC005167,2026-10-01,Thu,BDT-F013,IndiGo,6E7064,TIR,13:25,6E7063,TIR,13:50,ATR 72-600,78,Domestic
OCC005168,2026-10-01,Thu,BDT-F014,IndiGo,6E6336,BLR,14:10,6E5309,BLR,14:55,A321neo,232,Domestic
OCC005169,2026-10-01,Thu,BDT-F015,IndiGo,6E409,HYD,14:25,6E5247,BOM,15:05,A321neo,232,Domestic
OCC005170,2026-10-01,Thu,BDT-F016,IndiGo,6E504,HYD,15:45,6E783,HYD,16:25,A321neo,232,Domestic
OCC005171,2026-10-01,Thu,BDT-F017,Air India Express,IX2819,HYD,15:55,IX2744,HYD,16:35,B737-800,189,Domestic
OCC005172,2026-10-01,Thu,BDT-F018,Air India,AI419,DEL,16:05,AI420,DEL,16:45,A321neo,182,Domestic
OCC005173,2026-10-01,Thu,BDT-F019,IndiGo,6E2698,MAA,17:55,6E6089,MAA,18:35,A321neo,232,Domestic
OCC005174,2026-10-01,Thu,BDT-F021,Air India Express,IX2023,BLR,18:30,IX1358,VGA,19:00,B737-800,189,Domestic
OCC005175,2026-10-01,Thu,BDT-F022,IndiGo,6E208,HYD,18:40,6E216,HYD,19:20,A321neo,232,Domestic
OCC005176,2026-10-01,Thu,BDT-F023,IndiGo,6E616,CCU,19:10,6E617,CCU,19:50,A321neo,232,Domestic
OCC005177,2026-10-01,Thu,BDT-F024,IndiGo,6E5248,NMI,20:00,6E883,HYD,20:40,A321neo,232,Domestic
OCC005178,2026-10-01,Thu,BDT-F025,IndiGo,6E969,BLR,20:30,6E2772,BLR,21:10,A321neo,232,Domestic
OCC005179,2026-10-01,Thu,BDT-F026,IndiGo,6E384,HYD,20:40,6E385,HYD,21:20,A320neo,186,Domestic
OCC005180,2026-10-01,Thu,BDT-F027,Air India,AI1702,DEL,20:50,AI1802,DEL,21:30,A320ceo,180,Domestic
OCC005181,2026-10-01,Thu,BDT-F028,Air India Express,IX1373,VGA,21:40,IX1373,BLR,22:10,B737-800,189,Domestic
OCC005182,2026-10-01,Thu,BDT-F029,IndiGo,6E2213,DEL,22:05,6E6631,DEL,22:45,A321neo,232,Domestic
OCC005183,2026-10-02,Fri,BDT-F002,IndiGo,6E6425,DEL,07:40,6E6426,DEL,08:20,A320neo,186,Domestic
OCC005184,2026-10-02,Fri,BDT-F003,IndiGo,6E557,MAA,07:50,6E845,MAA,08:30,A320ceo,186,Domestic
OCC005185,2026-10-02,Fri,BDT-F004,Air India Express,IX2837,HYD,08:20,IX2745,HYD,08:50,B737-800,189,Domestic
OCC005186,2026-10-02,Fri,BDT-F005,IndiGo,6E6408,HYD,08:25,6E915,HYD,08:55,A320neo,186,Domestic
OCC005187,2026-10-02,Fri,BDT-F006,IndiGo,6E1443,AUH,08:20,6E1444,AUH,09:50,A320neo,186,International
OCC005188,2026-10-02,Fri,BDT-F007,Alliance Air,I7105,PYB,09:25,I7205,PYB,09:40,Cessna 208B,9,Domestic
OCC005189,2026-10-02,Fri,BDT-F008,IndiGo,6E714,HYD,10:05,6E6294,HYD,10:40,A320ceo,186,Domestic
OCC005190,2026-10-02,Fri,BDT-F009,IndiGo,6E7128,VGA,10:30,6E7129,VGA,11:00,ATR 72-600,78,Domestic
OCC005191,2026-10-02,Fri,BDT-F010,IndiGo,6E6181,MAA,11:35,6E881,MAA,12:15,A320neo,186,Domestic
OCC005192,2026-10-02,Fri,BDT-F011,IndiGo,6E879,HYD,12:20,6E6645,HYD,13:00,A320neo,186,Domestic
OCC005193,2026-10-02,Fri,BDT-F013,IndiGo,6E7064,TIR,13:25,6E7063,TIR,13:50,ATR 72-600,78,Domestic
OCC005194,2026-10-02,Fri,BDT-F014,IndiGo,6E6336,BLR,14:10,6E5309,BLR,14:55,A321neo,232,Domestic
OCC005195,2026-10-02,Fri,BDT-F015,IndiGo,6E409,HYD,14:25,6E5247,BOM,15:05,A321neo,232,Domestic
OCC005196,2026-10-02,Fri,BDT-F016,IndiGo,6E504,HYD,15:45,6E783,HYD,16:25,A321neo,232,Domestic
OCC005197,2026-10-02,Fri,BDT-F017,Air India Express,IX2819,HYD,15:55,IX2744,HYD,16:35,B737-800,189,Domestic
OCC005198,2026-10-02,Fri,BDT-F018,Air India,AI419,DEL,16:05,AI420,DEL,16:45,A321neo,182,Domestic
OCC005199,2026-10-02,Fri,BDT-F019,IndiGo,6E2698,MAA,17:55,6E6089,MAA,18:35,A321neo,232,Domestic
OCC005200,2026-10-02,Fri,BDT-F020,IndiGo,6E7361,UNK,18:20,6E7362,BBI,18:50,ATR 72-600,78,Domestic
OCC005201,2026-10-02,Fri,BDT-F021,Air India Express,IX2023,BLR,18:30,IX1358,VGA,19:00,B737-800,189,Domestic
OCC005202,2026-10-02,Fri,BDT-F022,IndiGo,6E208,HYD,18:40,6E216,HYD,19:20,A321neo,232,Domestic
OCC005203,2026-10-02,Fri,BDT-F023,IndiGo,6E616,CCU,19:10,6E617,CCU,19:50,A321neo,232,Domestic
OCC005204,2026-10-02,Fri,BDT-F024,IndiGo,6E5248,NMI,20:00,6E883,HYD,20:40,A321neo,232,Domestic
OCC005205,2026-10-02,Fri,BDT-F025,IndiGo,6E969,BLR,20:30,6E2772,BLR,21:10,A321neo,232,Domestic
OCC005206,2026-10-02,Fri,BDT-F026,IndiGo,6E384,HYD,20:40,6E385,HYD,21:20,A320neo,186,Domestic
OCC005207,2026-10-02,Fri,BDT-F027,Air India,AI1702,DEL,20:50,AI1802,DEL,21:30,A320ceo,180,Domestic
OCC005208,2026-10-02,Fri,BDT-F028,Air India Express,IX1373,VGA,21:40,IX1373,BLR,22:10,B737-800,189,Domestic
OCC005209,2026-10-02,Fri,BDT-F029,IndiGo,6E2213,DEL,22:05,6E6631,DEL,22:45,A321neo,232,Domestic
OCC005210,2026-10-02,Fri,BDT-F030,Scoot,TR784,SIN,22:15,TR785,SIN,23:00,A320neo,186,International
OCC005211,2026-10-03,Sat,BDT-F001,Air India Express,IX2064,BLR,07:30,IX2065,BLR,08:00,B737-800,189,Domestic
OCC005212,2026-10-03,Sat,BDT-F002,IndiGo,6E6425,DEL,07:40,6E6426,DEL,08:20,A320neo,186,Domestic
OCC005213,2026-10-03,Sat,BDT-F003,IndiGo,6E557,MAA,07:50,6E845,MAA,08:30,A320ceo,186,Domestic
OCC005214,2026-10-03,Sat,BDT-F004,Air India Express,IX2837,HYD,08:20,IX2745,HYD,08:50,B737-800,189,Domestic
OCC005215,2026-10-03,Sat,BDT-F005,IndiGo,6E6408,HYD,08:25,6E915,HYD,08:55,A320neo,186,Domestic
OCC005216,2026-10-03,Sat,BDT-F007,Alliance Air,I7105,PYB,09:25,I7205,PYB,09:40,Cessna 208B,9,Domestic
OCC005217,2026-10-03,Sat,BDT-F008,IndiGo,6E714,HYD,10:05,6E6294,HYD,10:40,A320ceo,186,Domestic
OCC005218,2026-10-03,Sat,BDT-F009,IndiGo,6E7128,VGA,10:30,6E7129,VGA,11:00,ATR 72-600,78,Domestic
OCC005219,2026-10-03,Sat,BDT-F010,IndiGo,6E6181,MAA,11:35,6E881,MAA,12:15,A320neo,186,Domestic
OCC005220,2026-10-03,Sat,BDT-F011,IndiGo,6E879,HYD,12:20,6E6645,HYD,13:00,A320neo,186,Domestic
OCC005221,2026-10-03,Sat,BDT-F012,IndiGo,6E7176,KJB,13:20,6E7177,KJB,13:40,ATR 72-600,78,Domestic
OCC005222,2026-10-03,Sat,BDT-F013,IndiGo,6E7064,TIR,13:25,6E7063,TIR,13:50,ATR 72-600,78,Domestic
OCC005223,2026-10-03,Sat,BDT-F014,IndiGo,6E6336,BLR,14:10,6E5309,BLR,14:55,A321neo,232,Domestic
OCC005224,2026-10-03,Sat,BDT-F015,IndiGo,6E409,HYD,14:25,6E5247,BOM,15:05,A321neo,232,Domestic
OCC005225,2026-10-03,Sat,BDT-F016,IndiGo,6E504,HYD,15:45,6E783,HYD,16:25,A321neo,232,Domestic
OCC005226,2026-10-03,Sat,BDT-F017,Air India Express,IX2819,HYD,15:55,IX2744,HYD,16:35,B737-800,189,Domestic
OCC005227,2026-10-03,Sat,BDT-F018,Air India,AI419,DEL,16:05,AI420,DEL,16:45,A321neo,182,Domestic
OCC005228,2026-10-03,Sat,BDT-F019,IndiGo,6E2698,MAA,17:55,6E6089,MAA,18:35,A321neo,232,Domestic
OCC005229,2026-10-03,Sat,BDT-F021,Air India Express,IX2023,BLR,18:30,IX1358,VGA,19:00,B737-800,189,Domestic
OCC005230,2026-10-03,Sat,BDT-F022,IndiGo,6E208,HYD,18:40,6E216,HYD,19:20,A321neo,232,Domestic
OCC005231,2026-10-03,Sat,BDT-F023,IndiGo,6E616,CCU,19:10,6E617,CCU,19:50,A321neo,232,Domestic
OCC005232,2026-10-03,Sat,BDT-F024,IndiGo,6E5248,NMI,20:00,6E883,HYD,20:40,A321neo,232,Domestic
OCC005233,2026-10-03,Sat,BDT-F025,IndiGo,6E969,BLR,20:30,6E2772,BLR,21:10,A321neo,232,Domestic
OCC005234,2026-10-03,Sat,BDT-F026,IndiGo,6E384,HYD,20:40,6E385,HYD,21:20,A320neo,186,Domestic
OCC005235,2026-10-03,Sat,BDT-F027,Air India,AI1702,DEL,20:50,AI1802,DEL,21:30,A320ceo,180,Domestic
OCC005236,2026-10-03,Sat,BDT-F028,Air India Express,IX1373,VGA,21:40,IX1373,BLR,22:10,B737-800,189,Domestic
OCC005237,2026-10-03,Sat,BDT-F029,IndiGo,6E2213,DEL,22:05,6E6631,DEL,22:45,A321neo,232,Domestic
OCC005238,2026-10-03,Sat,BDT-F030,Scoot,TR784,SIN,22:15,TR785,SIN,23:00,A320neo,186,International
OCC005239,2026-10-04,Sun,BDT-F002,IndiGo,6E6425,DEL,07:40,6E6426,DEL,08:20,A320neo,186,Domestic
OCC005240,2026-10-04,Sun,BDT-F003,IndiGo,6E557,MAA,07:50,6E845,MAA,08:30,A320ceo,186,Domestic
OCC005241,2026-10-04,Sun,BDT-F004,Air India Express,IX2837,HYD,08:20,IX2745,HYD,08:50,B737-800,189,Domestic
OCC005242,2026-10-04,Sun,BDT-F005,IndiGo,6E6408,HYD,08:25,6E915,HYD,08:55,A320neo,186,Domestic
OCC005243,2026-10-04,Sun,BDT-F006,IndiGo,6E1443,AUH,08:20,6E1444,AUH,09:50,A320neo,186,International
OCC005244,2026-10-04,Sun,BDT-F007,Alliance Air,I7105,PYB,09:25,I7205,PYB,09:40,Cessna 208B,9,Domestic
OCC005245,2026-10-04,Sun,BDT-F008,IndiGo,6E714,HYD,10:05,6E6294,HYD,10:40,A320ceo,186,Domestic
OCC005246,2026-10-04,Sun,BDT-F009,IndiGo,6E7128,VGA,10:30,6E7129,VGA,11:00,ATR 72-600,78,Domestic
OCC005247,2026-10-04,Sun,BDT-F010,IndiGo,6E6181,MAA,11:35,6E881,MAA,12:15,A320neo,186,Domestic
OCC005248,2026-10-04,Sun,BDT-F011,IndiGo,6E879,HYD,12:20,6E6645,HYD,13:00,A320neo,186,Domestic
OCC005249,2026-10-04,Sun,BDT-F013,IndiGo,6E7064,TIR,13:25,6E7063,TIR,13:50,ATR 72-600,78,Domestic
OCC005250,2026-10-04,Sun,BDT-F014,IndiGo,6E6336,BLR,14:10,6E5309,BLR,14:55,A321neo,232,Domestic
OCC005251,2026-10-04,Sun,BDT-F015,IndiGo,6E409,HYD,14:25,6E5247,BOM,15:05,A321neo,232,Domestic
OCC005252,2026-10-04,Sun,BDT-F016,IndiGo,6E504,HYD,15:45,6E783,HYD,16:25,A321neo,232,Domestic
OCC005253,2026-10-04,Sun,BDT-F017,Air India Express,IX2819,HYD,15:55,IX2744,HYD,16:35,B737-800,189,Domestic
OCC005254,2026-10-04,Sun,BDT-F018,Air India,AI419,DEL,16:05,AI420,DEL,16:45,A321neo,182,Domestic
OCC005255,2026-10-04,Sun,BDT-F019,IndiGo,6E2698,MAA,17:55,6E6089,MAA,18:35,A321neo,232,Domestic
OCC005256,2026-10-04,Sun,BDT-F020,IndiGo,6E7361,UNK,18:20,6E7362,BBI,18:50,ATR 72-600,78,Domestic
OCC005257,2026-10-04,Sun,BDT-F021,Air India Express,IX2023,BLR,18:30,IX1358,VGA,19:00,B737-800,189,Domestic
OCC005258,2026-10-04,Sun,BDT-F022,IndiGo,6E208,HYD,18:40,6E216,HYD,19:20,A321neo,232,Domestic
OCC005259,2026-10-04,Sun,BDT-F023,IndiGo,6E616,CCU,19:10,6E617,CCU,19:50,A321neo,232,Domestic
OCC005260,2026-10-04,Sun,BDT-F024,IndiGo,6E5248,NMI,20:00,6E883,HYD,20:40,A321neo,232,Domestic
OCC005261,2026-10-04,Sun,BDT-F025,IndiGo,6E969,BLR,20:30,6E2772,BLR,21:10,A321neo,232,Domestic
OCC005262,2026-10-04,Sun,BDT-F026,IndiGo,6E384,HYD,20:40,6E385,HYD,21:20,A320neo,186,Domestic
OCC005263,2026-10-04,Sun,BDT-F027,Air India,AI1702,DEL,20:50,AI1802,DEL,21:30,A320ceo,180,Domestic
OCC005264,2026-10-04,Sun,BDT-F028,Air India Express,IX1373,VGA,21:40,IX1373,BLR,22:10,B737-800,189,Domestic
OCC005265,2026-10-04,Sun,BDT-F029,IndiGo,6E2213,DEL,22:05,6E6631,DEL,22:45,A321neo,232,Domestic
OCC005266,2026-10-05,Mon,BDT-F001,Air India Express,IX2064,BLR,07:30,IX2065,BLR,08:00,B737-800,189,Domestic
OCC005267,2026-10-05,Mon,BDT-F002,IndiGo,6E6425,DEL,07:40,6E6426,DEL,08:20,A320neo,186,Domestic
OCC005268,2026-10-05,Mon,BDT-F003,IndiGo,6E557,MAA,07:50,6E845,MAA,08:30,A320ceo,186,Domestic
OCC005269,2026-10-05,Mon,BDT-F004,Air India Express,IX2837,HYD,08:20,IX2745,HYD,08:50,B737-800,189,Domestic
OCC005270,2026-10-05,Mon,BDT-F005,IndiGo,6E6408,HYD,08:25,6E915,HYD,08:55,A320neo,186,Domestic
OCC005271,2026-10-05,Mon,BDT-F006,IndiGo,6E1443,AUH,08:20,6E1444,AUH,09:50,A320neo,186,International
OCC005272,2026-10-05,Mon,BDT-F007,Alliance Air,I7105,PYB,09:25,I7205,PYB,09:40,Cessna 208B,9,Domestic
OCC005273,2026-10-05,Mon,BDT-F008,IndiGo,6E714,HYD,10:05,6E6294,HYD,10:40,A320ceo,186,Domestic
OCC005274,2026-10-05,Mon,BDT-F009,IndiGo,6E7128,VGA,10:30,6E7129,VGA,11:00,ATR 72-600,78,Domestic
OCC005275,2026-10-05,Mon,BDT-F010,IndiGo,6E6181,MAA,11:35,6E881,MAA,12:15,A320neo,186,Domestic
OCC005276,2026-10-05,Mon,BDT-F011,IndiGo,6E879,HYD,12:20,6E6645,HYD,13:00,A320neo,186,Domestic
OCC005277,2026-10-05,Mon,BDT-F013,IndiGo,6E7064,TIR,13:25,6E7063,TIR,13:50,ATR 72-600,78,Domestic
OCC005278,2026-10-05,Mon,BDT-F014,IndiGo,6E6336,BLR,14:10,6E5309,BLR,14:55,A321neo,232,Domestic
OCC005279,2026-10-05,Mon,BDT-F015,IndiGo,6E409,HYD,14:25,6E5247,BOM,15:05,A321neo,232,Domestic
OCC005280,2026-10-05,Mon,BDT-F016,IndiGo,6E504,HYD,15:45,6E783,HYD,16:25,A321neo,232,Domestic
OCC005281,2026-10-05,Mon,BDT-F017,Air India Express,IX2819,HYD,15:55,IX2744,HYD,16:35,B737-800,189,Domestic
OCC005282,2026-10-05,Mon,BDT-F018,Air India,AI419,DEL,16:05,AI420,DEL,16:45,A321neo,182,Domestic
OCC005283,2026-10-05,Mon,BDT-F019,IndiGo,6E2698,MAA,17:55,6E6089,MAA,18:35,A321neo,232,Domestic
OCC005284,2026-10-05,Mon,BDT-F020,IndiGo,6E7361,UNK,18:20,6E7362,BBI,18:50,ATR 72-600,78,Domestic
OCC005285,2026-10-05,Mon,BDT-F021,Air India Express,IX2023,BLR,18:30,IX1358,VGA,19:00,B737-800,189,Domestic
OCC005286,2026-10-05,Mon,BDT-F022,IndiGo,6E208,HYD,18:40,6E216,HYD,19:20,A321neo,232,Domestic
OCC005287,2026-10-05,Mon,BDT-F023,IndiGo,6E616,CCU,19:10,6E617,CCU,19:50,A321neo,232,Domestic
OCC005288,2026-10-05,Mon,BDT-F024,IndiGo,6E5248,NMI,20:00,6E883,HYD,20:40,A321neo,232,Domestic
OCC005289,2026-10-05,Mon,BDT-F025,IndiGo,6E969,BLR,20:30,6E2772,BLR,21:10,A321neo,232,Domestic
OCC005290,2026-10-05,Mon,BDT-F026,IndiGo,6E384,HYD,20:40,6E385,HYD,21:20,A320neo,186,Domestic
OCC005291,2026-10-05,Mon,BDT-F027,Air India,AI1702,DEL,20:50,AI1802,DEL,21:30,A320ceo,180,Domestic
OCC005292,2026-10-05,Mon,BDT-F028,Air India Express,IX1373,VGA,21:40,IX1373,BLR,22:10,B737-800,189,Domestic
OCC005293,2026-10-05,Mon,BDT-F029,IndiGo,6E2213,DEL,22:05,6E6631,DEL,22:45,A321neo,232,Domestic
OCC005294,2026-10-05,Mon,BDT-F030,Scoot,TR784,SIN,22:15,TR785,SIN,23:00,A320neo,186,International
OCC005295,2026-10-06,Tue,BDT-F001,Air India Express,IX2064,BLR,07:30,IX2065,BLR,08:00,B737-800,189,Domestic
OCC005296,2026-10-06,Tue,BDT-F002,IndiGo,6E6425,DEL,07:40,6E6426,DEL,08:20,A320neo,186,Domestic
OCC005297,2026-10-06,Tue,BDT-F003,IndiGo,6E557,MAA,07:50,6E845,MAA,08:30,A320ceo,186,Domestic
OCC005298,2026-10-06,Tue,BDT-F004,Air India Express,IX2837,HYD,08:20,IX2745,HYD,08:50,B737-800,189,Domestic
OCC005299,2026-10-06,Tue,BDT-F005,IndiGo,6E6408,HYD,08:25,6E915,HYD,08:55,A320neo,186,Domestic
OCC005300,2026-10-06,Tue,BDT-F007,Alliance Air,I7105,PYB,09:25,I7205,PYB,09:40,Cessna 208B,9,Domestic
OCC005301,2026-10-06,Tue,BDT-F008,IndiGo,6E714,HYD,10:05,6E6294,HYD,10:40,A320ceo,186,Domestic
OCC005302,2026-10-06,Tue,BDT-F009,IndiGo,6E7128,VGA,10:30,6E7129,VGA,11:00,ATR 72-600,78,Domestic
OCC005303,2026-10-06,Tue,BDT-F010,IndiGo,6E6181,MAA,11:35,6E881,MAA,12:15,A320neo,186,Domestic
OCC005304,2026-10-06,Tue,BDT-F011,IndiGo,6E879,HYD,12:20,6E6645,HYD,13:00,A320neo,186,Domestic
OCC005305,2026-10-06,Tue,BDT-F012,IndiGo,6E7176,KJB,13:20,6E7177,KJB,13:40,ATR 72-600,78,Domestic
OCC005306,2026-10-06,Tue,BDT-F013,IndiGo,6E7064,TIR,13:25,6E7063,TIR,13:50,ATR 72-600,78,Domestic
OCC005307,2026-10-06,Tue,BDT-F014,IndiGo,6E6336,BLR,14:10,6E5309,BLR,14:55,A321neo,232,Domestic
OCC005308,2026-10-06,Tue,BDT-F015,IndiGo,6E409,HYD,14:25,6E5247,BOM,15:05,A321neo,232,Domestic
OCC005309,2026-10-06,Tue,BDT-F016,IndiGo,6E504,HYD,15:45,6E783,HYD,16:25,A321neo,232,Domestic
OCC005310,2026-10-06,Tue,BDT-F017,Air India Express,IX2819,HYD,15:55,IX2744,HYD,16:35,B737-800,189,Domestic
OCC005311,2026-10-06,Tue,BDT-F018,Air India,AI419,DEL,16:05,AI420,DEL,16:45,A321neo,182,Domestic
OCC005312,2026-10-06,Tue,BDT-F019,IndiGo,6E2698,MAA,17:55,6E6089,MAA,18:35,A321neo,232,Domestic
OCC005313,2026-10-06,Tue,BDT-F021,Air India Express,IX2023,BLR,18:30,IX1358,VGA,19:00,B737-800,189,Domestic
OCC005314,2026-10-06,Tue,BDT-F022,IndiGo,6E208,HYD,18:40,6E216,HYD,19:20,A321neo,232,Domestic
OCC005315,2026-10-06,Tue,BDT-F023,IndiGo,6E616,CCU,19:10,6E617,CCU,19:50,A321neo,232,Domestic
OCC005316,2026-10-06,Tue,BDT-F024,IndiGo,6E5248,NMI,20:00,6E883,HYD,20:40,A321neo,232,Domestic
OCC005317,2026-10-06,Tue,BDT-F025,IndiGo,6E969,BLR,20:30,6E2772,BLR,21:10,A321neo,232,Domestic
OCC005318,2026-10-06,Tue,BDT-F026,IndiGo,6E384,HYD,20:40,6E385,HYD,21:20,A320neo,186,Domestic
OCC005319,2026-10-06,Tue,BDT-F027,Air India,AI1702,DEL,20:50,AI1802,DEL,21:30,A320ceo,180,Domestic
OCC005320,2026-10-06,Tue,BDT-F028,Air India Express,IX1373,VGA,21:40,IX1373,BLR,22:10,B737-800,189,Domestic
OCC005321,2026-10-06,Tue,BDT-F029,IndiGo,6E2213,DEL,22:05,6E6631,DEL,22:45,A321neo,232,Domestic
OCC005322,2026-10-07,Wed,BDT-F002,IndiGo,6E6425,DEL,07:40,6E6426,DEL,08:20,A320neo,186,Domestic
OCC005323,2026-10-07,Wed,BDT-F003,IndiGo,6E557,MAA,07:50,6E845,MAA,08:30,A320ceo,186,Domestic
OCC005324,2026-10-07,Wed,BDT-F004,Air India Express,IX2837,HYD,08:20,IX2745,HYD,08:50,B737-800,189,Domestic
OCC005325,2026-10-07,Wed,BDT-F005,IndiGo,6E6408,HYD,08:25,6E915,HYD,08:55,A320neo,186,Domestic
OCC005326,2026-10-07,Wed,BDT-F006,IndiGo,6E1443,AUH,08:20,6E1444,AUH,09:50,A320neo,186,International
OCC005327,2026-10-07,Wed,BDT-F007,Alliance Air,I7105,PYB,09:25,I7205,PYB,09:40,Cessna 208B,9,Domestic
OCC005328,2026-10-07,Wed,BDT-F008,IndiGo,6E714,HYD,10:05,6E6294,HYD,10:40,A320ceo,186,Domestic
OCC005329,2026-10-07,Wed,BDT-F009,IndiGo,6E7128,VGA,10:30,6E7129,VGA,11:00,ATR 72-600,78,Domestic
OCC005330,2026-10-07,Wed,BDT-F010,IndiGo,6E6181,MAA,11:35,6E881,MAA,12:15,A320neo,186,Domestic
OCC005331,2026-10-07,Wed,BDT-F011,IndiGo,6E879,HYD,12:20,6E6645,HYD,13:00,A320neo,186,Domestic
OCC005332,2026-10-07,Wed,BDT-F013,IndiGo,6E7064,TIR,13:25,6E7063,TIR,13:50,ATR 72-600,78,Domestic
OCC005333,2026-10-07,Wed,BDT-F014,IndiGo,6E6336,BLR,14:10,6E5309,BLR,14:55,A321neo,232,Domestic
OCC005334,2026-10-07,Wed,BDT-F015,IndiGo,6E409,HYD,14:25,6E5247,BOM,15:05,A321neo,232,Domestic
OCC005335,2026-10-07,Wed,BDT-F016,IndiGo,6E504,HYD,15:45,6E783,HYD,16:25,A321neo,232,Domestic
OCC005336,2026-10-07,Wed,BDT-F017,Air India Express,IX2819,HYD,15:55,IX2744,HYD,16:35,B737-800,189,Domestic
OCC005337,2026-10-07,Wed,BDT-F018,Air India,AI419,DEL,16:05,AI420,DEL,16:45,A321neo,182,Domestic
OCC005338,2026-10-07,Wed,BDT-F019,IndiGo,6E2698,MAA,17:55,6E6089,MAA,18:35,A321neo,232,Domestic
OCC005339,2026-10-07,Wed,BDT-F020,IndiGo,6E7361,UNK,18:20,6E7362,BBI,18:50,ATR 72-600,78,Domestic
OCC005340,2026-10-07,Wed,BDT-F021,Air India Express,IX2023,BLR,18:30,IX1358,VGA,19:00,B737-800,189,Domestic
OCC005341,2026-10-07,Wed,BDT-F022,IndiGo,6E208,HYD,18:40,6E216,HYD,19:20,A321neo,232,Domestic
OCC005342,2026-10-07,Wed,BDT-F023,IndiGo,6E616,CCU,19:10,6E617,CCU,19:50,A321neo,232,Domestic
OCC005343,2026-10-07,Wed,BDT-F024,IndiGo,6E5248,NMI,20:00,6E883,HYD,20:40,A321neo,232,Domestic
OCC005344,2026-10-07,Wed,BDT-F025,IndiGo,6E969,BLR,20:30,6E2772,BLR,21:10,A321neo,232,Domestic
OCC005345,2026-10-07,Wed,BDT-F026,IndiGo,6E384,HYD,20:40,6E385,HYD,21:20,A320neo,186,Domestic
OCC005346,2026-10-07,Wed,BDT-F027,Air India,AI1702,DEL,20:50,AI1802,DEL,21:30,A320ceo,180,Domestic
OCC005347,2026-10-07,Wed,BDT-F028,Air India Express,IX1373,VGA,21:40,IX1373,BLR,22:10,B737-800,189,Domestic
OCC005348,2026-10-07,Wed,BDT-F029,IndiGo,6E2213,DEL,22:05,6E6631,DEL,22:45,A321neo,232,Domestic
OCC005349,2026-10-07,Wed,BDT-F030,Scoot,TR784,SIN,22:15,TR785,SIN,23:00,A320neo,186,International
OCC005350,2026-10-08,Thu,BDT-F001,Air India Express,IX2064,BLR,07:30,IX2065,BLR,08:00,B737-800,189,Domestic
OCC005351,2026-10-08,Thu,BDT-F002,IndiGo,6E6425,DEL,07:40,6E6426,DEL,08:20,A320neo,186,Domestic
OCC005352,2026-10-08,Thu,BDT-F003,IndiGo,6E557,MAA,07:50,6E845,MAA,08:30,A320ceo,186,Domestic
OCC005353,2026-10-08,Thu,BDT-F004,Air India Express,IX2837,HYD,08:20,IX2745,HYD,08:50,B737-800,189,Domestic
OCC005354,2026-10-08,Thu,BDT-F005,IndiGo,6E6408,HYD,08:25,6E915,HYD,08:55,A320neo,186,Domestic
OCC005355,2026-10-08,Thu,BDT-F007,Alliance Air,I7105,PYB,09:25,I7205,PYB,09:40,Cessna 208B,9,Domestic
OCC005356,2026-10-08,Thu,BDT-F008,IndiGo,6E714,HYD,10:05,6E6294,HYD,10:40,A320ceo,186,Domestic
OCC005357,2026-10-08,Thu,BDT-F009,IndiGo,6E7128,VGA,10:30,6E7129,VGA,11:00,ATR 72-600,78,Domestic
OCC005358,2026-10-08,Thu,BDT-F010,IndiGo,6E6181,MAA,11:35,6E881,MAA,12:15,A320neo,186,Domestic
OCC005359,2026-10-08,Thu,BDT-F011,IndiGo,6E879,HYD,12:20,6E6645,HYD,13:00,A320neo,186,Domestic
OCC005360,2026-10-08,Thu,BDT-F012,IndiGo,6E7176,KJB,13:20,6E7177,KJB,13:40,ATR 72-600,78,Domestic
OCC005361,2026-10-08,Thu,BDT-F013,IndiGo,6E7064,TIR,13:25,6E7063,TIR,13:50,ATR 72-600,78,Domestic
OCC005362,2026-10-08,Thu,BDT-F014,IndiGo,6E6336,BLR,14:10,6E5309,BLR,14:55,A321neo,232,Domestic
OCC005363,2026-10-08,Thu,BDT-F015,IndiGo,6E409,HYD,14:25,6E5247,BOM,15:05,A321neo,232,Domestic
OCC005364,2026-10-08,Thu,BDT-F016,IndiGo,6E504,HYD,15:45,6E783,HYD,16:25,A321neo,232,Domestic
OCC005365,2026-10-08,Thu,BDT-F017,Air India Express,IX2819,HYD,15:55,IX2744,HYD,16:35,B737-800,189,Domestic
OCC005366,2026-10-08,Thu,BDT-F018,Air India,AI419,DEL,16:05,AI420,DEL,16:45,A321neo,182,Domestic
OCC005367,2026-10-08,Thu,BDT-F019,IndiGo,6E2698,MAA,17:55,6E6089,MAA,18:35,A321neo,232,Domestic
OCC005368,2026-10-08,Thu,BDT-F021,Air India Express,IX2023,BLR,18:30,IX1358,VGA,19:00,B737-800,189,Domestic
OCC005369,2026-10-08,Thu,BDT-F022,IndiGo,6E208,HYD,18:40,6E216,HYD,19:20,A321neo,232,Domestic
OCC005370,2026-10-08,Thu,BDT-F023,IndiGo,6E616,CCU,19:10,6E617,CCU,19:50,A321neo,232,Domestic
OCC005371,2026-10-08,Thu,BDT-F024,IndiGo,6E5248,NMI,20:00,6E883,HYD,20:40,A321neo,232,Domestic
OCC005372,2026-10-08,Thu,BDT-F025,IndiGo,6E969,BLR,20:30,6E2772,BLR,21:10,A321neo,232,Domestic
OCC005373,2026-10-08,Thu,BDT-F026,IndiGo,6E384,HYD,20:40,6E385,HYD,21:20,A320neo,186,Domestic
OCC005374,2026-10-08,Thu,BDT-F027,Air India,AI1702,DEL,20:50,AI1802,DEL,21:30,A320ceo,180,Domestic
OCC005375,2026-10-08,Thu,BDT-F028,Air India Express,IX1373,VGA,21:40,IX1373,BLR,22:10,B737-800,189,Domestic
OCC005376,2026-10-08,Thu,BDT-F029,IndiGo,6E2213,DEL,22:05,6E6631,DEL,22:45,A321neo,232,Domestic
OCC005377,2026-10-09,Fri,BDT-F002,IndiGo,6E6425,DEL,07:40,6E6426,DEL,08:20,A320neo,186,Domestic
OCC005378,2026-10-09,Fri,BDT-F003,IndiGo,6E557,MAA,07:50,6E845,MAA,08:30,A320ceo,186,Domestic
OCC005379,2026-10-09,Fri,BDT-F004,Air India Express,IX2837,HYD,08:20,IX2745,HYD,08:50,B737-800,189,Domestic
OCC005380,2026-10-09,Fri,BDT-F005,IndiGo,6E6408,HYD,08:25,6E915,HYD,08:55,A320neo,186,Domestic
OCC005381,2026-10-09,Fri,BDT-F006,IndiGo,6E1443,AUH,08:20,6E1444,AUH,09:50,A320neo,186,International
OCC005382,2026-10-09,Fri,BDT-F007,Alliance Air,I7105,PYB,09:25,I7205,PYB,09:40,Cessna 208B,9,Domestic
OCC005383,2026-10-09,Fri,BDT-F008,IndiGo,6E714,HYD,10:05,6E6294,HYD,10:40,A320ceo,186,Domestic
OCC005384,2026-10-09,Fri,BDT-F009,IndiGo,6E7128,VGA,10:30,6E7129,VGA,11:00,ATR 72-600,78,Domestic
OCC005385,2026-10-09,Fri,BDT-F010,IndiGo,6E6181,MAA,11:35,6E881,MAA,12:15,A320neo,186,Domestic
OCC005386,2026-10-09,Fri,BDT-F011,IndiGo,6E879,HYD,12:20,6E6645,HYD,13:00,A320neo,186,Domestic
OCC005387,2026-10-09,Fri,BDT-F013,IndiGo,6E7064,TIR,13:25,6E7063,TIR,13:50,ATR 72-600,78,Domestic
OCC005388,2026-10-09,Fri,BDT-F014,IndiGo,6E6336,BLR,14:10,6E5309,BLR,14:55,A321neo,232,Domestic
OCC005389,2026-10-09,Fri,BDT-F015,IndiGo,6E409,HYD,14:25,6E5247,BOM,15:05,A321neo,232,Domestic
OCC005390,2026-10-09,Fri,BDT-F016,IndiGo,6E504,HYD,15:45,6E783,HYD,16:25,A321neo,232,Domestic
OCC005391,2026-10-09,Fri,BDT-F017,Air India Express,IX2819,HYD,15:55,IX2744,HYD,16:35,B737-800,189,Domestic
OCC005392,2026-10-09,Fri,BDT-F018,Air India,AI419,DEL,16:05,AI420,DEL,16:45,A321neo,182,Domestic
OCC005393,2026-10-09,Fri,BDT-F019,IndiGo,6E2698,MAA,17:55,6E6089,MAA,18:35,A321neo,232,Domestic
OCC005394,2026-10-09,Fri,BDT-F020,IndiGo,6E7361,UNK,18:20,6E7362,BBI,18:50,ATR 72-600,78,Domestic
OCC005395,2026-10-09,Fri,BDT-F021,Air India Express,IX2023,BLR,18:30,IX1358,VGA,19:00,B737-800,189,Domestic
OCC005396,2026-10-09,Fri,BDT-F022,IndiGo,6E208,HYD,18:40,6E216,HYD,19:20,A321neo,232,Domestic
OCC005397,2026-10-09,Fri,BDT-F023,IndiGo,6E616,CCU,19:10,6E617,CCU,19:50,A321neo,232,Domestic
OCC005398,2026-10-09,Fri,BDT-F024,IndiGo,6E5248,NMI,20:00,6E883,HYD,20:40,A321neo,232,Domestic
OCC005399,2026-10-09,Fri,BDT-F025,IndiGo,6E969,BLR,20:30,6E2772,BLR,21:10,A321neo,232,Domestic
OCC005400,2026-10-09,Fri,BDT-F026,IndiGo,6E384,HYD,20:40,6E385,HYD,21:20,A320neo,186,Domestic
OCC005401,2026-10-09,Fri,BDT-F027,Air India,AI1702,DEL,20:50,AI1802,DEL,21:30,A320ceo,180,Domestic
OCC005402,2026-10-09,Fri,BDT-F028,Air India Express,IX1373,VGA,21:40,IX1373,BLR,22:10,B737-800,189,Domestic
OCC005403,2026-10-09,Fri,BDT-F029,IndiGo,6E2213,DEL,22:05,6E6631,DEL,22:45,A321neo,232,Domestic
OCC005404,2026-10-09,Fri,BDT-F030,Scoot,TR784,SIN,22:15,TR785,SIN,23:00,A320neo,186,International
OCC005405,2026-10-10,Sat,BDT-F001,Air India Express,IX2064,BLR,07:30,IX2065,BLR,08:00,B737-800,189,Domestic
OCC005406,2026-10-10,Sat,BDT-F002,IndiGo,6E6425,DEL,07:40,6E6426,DEL,08:20,A320neo,186,Domestic
OCC005407,2026-10-10,Sat,BDT-F003,IndiGo,6E557,MAA,07:50,6E845,MAA,08:30,A320ceo,186,Domestic
OCC005408,2026-10-10,Sat,BDT-F004,Air India Express,IX2837,HYD,08:20,IX2745,HYD,08:50,B737-800,189,Domestic
OCC005409,2026-10-10,Sat,BDT-F005,IndiGo,6E6408,HYD,08:25,6E915,HYD,08:55,A320neo,186,Domestic
OCC005410,2026-10-10,Sat,BDT-F007,Alliance Air,I7105,PYB,09:25,I7205,PYB,09:40,Cessna 208B,9,Domestic
OCC005411,2026-10-10,Sat,BDT-F008,IndiGo,6E714,HYD,10:05,6E6294,HYD,10:40,A320ceo,186,Domestic
OCC005412,2026-10-10,Sat,BDT-F009,IndiGo,6E7128,VGA,10:30,6E7129,VGA,11:00,ATR 72-600,78,Domestic
OCC005413,2026-10-10,Sat,BDT-F010,IndiGo,6E6181,MAA,11:35,6E881,MAA,12:15,A320neo,186,Domestic
OCC005414,2026-10-10,Sat,BDT-F011,IndiGo,6E879,HYD,12:20,6E6645,HYD,13:00,A320neo,186,Domestic
OCC005415,2026-10-10,Sat,BDT-F012,IndiGo,6E7176,KJB,13:20,6E7177,KJB,13:40,ATR 72-600,78,Domestic
OCC005416,2026-10-10,Sat,BDT-F013,IndiGo,6E7064,TIR,13:25,6E7063,TIR,13:50,ATR 72-600,78,Domestic
OCC005417,2026-10-10,Sat,BDT-F014,IndiGo,6E6336,BLR,14:10,6E5309,BLR,14:55,A321neo,232,Domestic
OCC005418,2026-10-10,Sat,BDT-F015,IndiGo,6E409,HYD,14:25,6E5247,BOM,15:05,A321neo,232,Domestic
OCC005419,2026-10-10,Sat,BDT-F016,IndiGo,6E504,HYD,15:45,6E783,HYD,16:25,A321neo,232,Domestic
OCC005420,2026-10-10,Sat,BDT-F017,Air India Express,IX2819,HYD,15:55,IX2744,HYD,16:35,B737-800,189,Domestic
OCC005421,2026-10-10,Sat,BDT-F018,Air India,AI419,DEL,16:05,AI420,DEL,16:45,A321neo,182,Domestic
OCC005422,2026-10-10,Sat,BDT-F019,IndiGo,6E2698,MAA,17:55,6E6089,MAA,18:35,A321neo,232,Domestic
OCC005423,2026-10-10,Sat,BDT-F021,Air India Express,IX2023,BLR,18:30,IX1358,VGA,19:00,B737-800,189,Domestic
OCC005424,2026-10-10,Sat,BDT-F022,IndiGo,6E208,HYD,18:40,6E216,HYD,19:20,A321neo,232,Domestic
OCC005425,2026-10-10,Sat,BDT-F023,IndiGo,6E616,CCU,19:10,6E617,CCU,19:50,A321neo,232,Domestic
OCC005426,2026-10-10,Sat,BDT-F024,IndiGo,6E5248,NMI,20:00,6E883,HYD,20:40,A321neo,232,Domestic
OCC005427,2026-10-10,Sat,BDT-F025,IndiGo,6E969,BLR,20:30,6E2772,BLR,21:10,A321neo,232,Domestic
OCC005428,2026-10-10,Sat,BDT-F026,IndiGo,6E384,HYD,20:40,6E385,HYD,21:20,A320neo,186,Domestic
OCC005429,2026-10-10,Sat,BDT-F027,Air India,AI1702,DEL,20:50,AI1802,DEL,21:30,A320ceo,180,Domestic
OCC005430,2026-10-10,Sat,BDT-F028,Air India Express,IX1373,VGA,21:40,IX1373,BLR,22:10,B737-800,189,Domestic
OCC005431,2026-10-10,Sat,BDT-F029,IndiGo,6E2213,DEL,22:05,6E6631,DEL,22:45,A321neo,232,Domestic
OCC005432,2026-10-10,Sat,BDT-F030,Scoot,TR784,SIN,22:15,TR785,SIN,23:00,A320neo,186,International
OCC005433,2026-10-11,Sun,BDT-F002,IndiGo,6E6425,DEL,07:40,6E6426,DEL,08:20,A320neo,186,Domestic
OCC005434,2026-10-11,Sun,BDT-F003,IndiGo,6E557,MAA,07:50,6E845,MAA,08:30,A320ceo,186,Domestic
OCC005435,2026-10-11,Sun,BDT-F004,Air India Express,IX2837,HYD,08:20,IX2745,HYD,08:50,B737-800,189,Domestic
OCC005436,2026-10-11,Sun,BDT-F005,IndiGo,6E6408,HYD,08:25,6E915,HYD,08:55,A320neo,186,Domestic
OCC005437,2026-10-11,Sun,BDT-F006,IndiGo,6E1443,AUH,08:20,6E1444,AUH,09:50,A320neo,186,International
OCC005438,2026-10-11,Sun,BDT-F007,Alliance Air,I7105,PYB,09:25,I7205,PYB,09:40,Cessna 208B,9,Domestic
OCC005439,2026-10-11,Sun,BDT-F008,IndiGo,6E714,HYD,10:05,6E6294,HYD,10:40,A320ceo,186,Domestic
OCC005440,2026-10-11,Sun,BDT-F009,IndiGo,6E7128,VGA,10:30,6E7129,VGA,11:00,ATR 72-600,78,Domestic
OCC005441,2026-10-11,Sun,BDT-F010,IndiGo,6E6181,MAA,11:35,6E881,MAA,12:15,A320neo,186,Domestic
OCC005442,2026-10-11,Sun,BDT-F011,IndiGo,6E879,HYD,12:20,6E6645,HYD,13:00,A320neo,186,Domestic
OCC005443,2026-10-11,Sun,BDT-F013,IndiGo,6E7064,TIR,13:25,6E7063,TIR,13:50,ATR 72-600,78,Domestic
OCC005444,2026-10-11,Sun,BDT-F014,IndiGo,6E6336,BLR,14:10,6E5309,BLR,14:55,A321neo,232,Domestic
OCC005445,2026-10-11,Sun,BDT-F015,IndiGo,6E409,HYD,14:25,6E5247,BOM,15:05,A321neo,232,Domestic
OCC005446,2026-10-11,Sun,BDT-F016,IndiGo,6E504,HYD,15:45,6E783,HYD,16:25,A321neo,232,Domestic
OCC005447,2026-10-11,Sun,BDT-F017,Air India Express,IX2819,HYD,15:55,IX2744,HYD,16:35,B737-800,189,Domestic
OCC005448,2026-10-11,Sun,BDT-F018,Air India,AI419,DEL,16:05,AI420,DEL,16:45,A321neo,182,Domestic
OCC005449,2026-10-11,Sun,BDT-F019,IndiGo,6E2698,MAA,17:55,6E6089,MAA,18:35,A321neo,232,Domestic
OCC005450,2026-10-11,Sun,BDT-F020,IndiGo,6E7361,UNK,18:20,6E7362,BBI,18:50,ATR 72-600,78,Domestic
OCC005451,2026-10-11,Sun,BDT-F021,Air India Express,IX2023,BLR,18:30,IX1358,VGA,19:00,B737-800,189,Domestic
OCC005452,2026-10-11,Sun,BDT-F022,IndiGo,6E208,HYD,18:40,6E216,HYD,19:20,A321neo,232,Domestic
OCC005453,2026-10-11,Sun,BDT-F023,IndiGo,6E616,CCU,19:10,6E617,CCU,19:50,A321neo,232,Domestic
OCC005454,2026-10-11,Sun,BDT-F024,IndiGo,6E5248,NMI,20:00,6E883,HYD,20:40,A321neo,232,Domestic
OCC005455,2026-10-11,Sun,BDT-F025,IndiGo,6E969,BLR,20:30,6E2772,BLR,21:10,A321neo,232,Domestic
OCC005456,2026-10-11,Sun,BDT-F026,IndiGo,6E384,HYD,20:40,6E385,HYD,21:20,A320neo,186,Domestic
OCC005457,2026-10-11,Sun,BDT-F027,Air India,AI1702,DEL,20:50,AI1802,DEL,21:30,A320ceo,180,Domestic
OCC005458,2026-10-11,Sun,BDT-F028,Air India Express,IX1373,VGA,21:40,IX1373,BLR,22:10,B737-800,189,Domestic
OCC005459,2026-10-11,Sun,BDT-F029,IndiGo,6E2213,DEL,22:05,6E6631,DEL,22:45,A321neo,232,Domestic
OCC005460,2026-10-12,Mon,BDT-F001,Air India Express,IX2064,BLR,07:30,IX2065,BLR,08:00,B737-800,189,Domestic
OCC005461,2026-10-12,Mon,BDT-F002,IndiGo,6E6425,DEL,07:40,6E6426,DEL,08:20,A320neo,186,Domestic
OCC005462,2026-10-12,Mon,BDT-F003,IndiGo,6E557,MAA,07:50,6E845,MAA,08:30,A320ceo,186,Domestic
OCC005463,2026-10-12,Mon,BDT-F004,Air India Express,IX2837,HYD,08:20,IX2745,HYD,08:50,B737-800,189,Domestic
OCC005464,2026-10-12,Mon,BDT-F005,IndiGo,6E6408,HYD,08:25,6E915,HYD,08:55,A320neo,186,Domestic
OCC005465,2026-10-12,Mon,BDT-F006,IndiGo,6E1443,AUH,08:20,6E1444,AUH,09:50,A320neo,186,International
OCC005466,2026-10-12,Mon,BDT-F007,Alliance Air,I7105,PYB,09:25,I7205,PYB,09:40,Cessna 208B,9,Domestic
OCC005467,2026-10-12,Mon,BDT-F008,IndiGo,6E714,HYD,10:05,6E6294,HYD,10:40,A320ceo,186,Domestic
OCC005468,2026-10-12,Mon,BDT-F009,IndiGo,6E7128,VGA,10:30,6E7129,VGA,11:00,ATR 72-600,78,Domestic
OCC005469,2026-10-12,Mon,BDT-F010,IndiGo,6E6181,MAA,11:35,6E881,MAA,12:15,A320neo,186,Domestic
OCC005470,2026-10-12,Mon,BDT-F011,IndiGo,6E879,HYD,12:20,6E6645,HYD,13:00,A320neo,186,Domestic
OCC005471,2026-10-12,Mon,BDT-F013,IndiGo,6E7064,TIR,13:25,6E7063,TIR,13:50,ATR 72-600,78,Domestic
OCC005472,2026-10-12,Mon,BDT-F014,IndiGo,6E6336,BLR,14:10,6E5309,BLR,14:55,A321neo,232,Domestic
OCC005473,2026-10-12,Mon,BDT-F015,IndiGo,6E409,HYD,14:25,6E5247,BOM,15:05,A321neo,232,Domestic
OCC005474,2026-10-12,Mon,BDT-F016,IndiGo,6E504,HYD,15:45,6E783,HYD,16:25,A321neo,232,Domestic
OCC005475,2026-10-12,Mon,BDT-F017,Air India Express,IX2819,HYD,15:55,IX2744,HYD,16:35,B737-800,189,Domestic
OCC005476,2026-10-12,Mon,BDT-F018,Air India,AI419,DEL,16:05,AI420,DEL,16:45,A321neo,182,Domestic
OCC005477,2026-10-12,Mon,BDT-F019,IndiGo,6E2698,MAA,17:55,6E6089,MAA,18:35,A321neo,232,Domestic
OCC005478,2026-10-12,Mon,BDT-F020,IndiGo,6E7361,UNK,18:20,6E7362,BBI,18:50,ATR 72-600,78,Domestic
OCC005479,2026-10-12,Mon,BDT-F021,Air India Express,IX2023,BLR,18:30,IX1358,VGA,19:00,B737-800,189,Domestic
OCC005480,2026-10-12,Mon,BDT-F022,IndiGo,6E208,HYD,18:40,6E216,HYD,19:20,A321neo,232,Domestic
OCC005481,2026-10-12,Mon,BDT-F023,IndiGo,6E616,CCU,19:10,6E617,CCU,19:50,A321neo,232,Domestic
OCC005482,2026-10-12,Mon,BDT-F024,IndiGo,6E5248,NMI,20:00,6E883,HYD,20:40,A321neo,232,Domestic
OCC005483,2026-10-12,Mon,BDT-F025,IndiGo,6E969,BLR,20:30,6E2772,BLR,21:10,A321neo,232,Domestic
OCC005484,2026-10-12,Mon,BDT-F026,IndiGo,6E384,HYD,20:40,6E385,HYD,21:20,A320neo,186,Domestic
OCC005485,2026-10-12,Mon,BDT-F027,Air India,AI1702,DEL,20:50,AI1802,DEL,21:30,A320ceo,180,Domestic
OCC005486,2026-10-12,Mon,BDT-F028,Air India Express,IX1373,VGA,21:40,IX1373,BLR,22:10,B737-800,189,Domestic
OCC005487,2026-10-12,Mon,BDT-F029,IndiGo,6E2213,DEL,22:05,6E6631,DEL,22:45,A321neo,232,Domestic
OCC005488,2026-10-12,Mon,BDT-F030,Scoot,TR784,SIN,22:15,TR785,SIN,23:00,A320neo,186,International
OCC005489,2026-10-13,Tue,BDT-F001,Air India Express,IX2064,BLR,07:30,IX2065,BLR,08:00,B737-800,189,Domestic
OCC005490,2026-10-13,Tue,BDT-F002,IndiGo,6E6425,DEL,07:40,6E6426,DEL,08:20,A320neo,186,Domestic
OCC005491,2026-10-13,Tue,BDT-F003,IndiGo,6E557,MAA,07:50,6E845,MAA,08:30,A320ceo,186,Domestic
OCC005492,2026-10-13,Tue,BDT-F004,Air India Express,IX2837,HYD,08:20,IX2745,HYD,08:50,B737-800,189,Domestic
OCC005493,2026-10-13,Tue,BDT-F005,IndiGo,6E6408,HYD,08:25,6E915,HYD,08:55,A320neo,186,Domestic
OCC005494,2026-10-13,Tue,BDT-F007,Alliance Air,I7105,PYB,09:25,I7205,PYB,09:40,Cessna 208B,9,Domestic
OCC005495,2026-10-13,Tue,BDT-F008,IndiGo,6E714,HYD,10:05,6E6294,HYD,10:40,A320ceo,186,Domestic
OCC005496,2026-10-13,Tue,BDT-F009,IndiGo,6E7128,VGA,10:30,6E7129,VGA,11:00,ATR 72-600,78,Domestic
OCC005497,2026-10-13,Tue,BDT-F010,IndiGo,6E6181,MAA,11:35,6E881,MAA,12:15,A320neo,186,Domestic
OCC005498,2026-10-13,Tue,BDT-F011,IndiGo,6E879,HYD,12:20,6E6645,HYD,13:00,A320neo,186,Domestic
OCC005499,2026-10-13,Tue,BDT-F012,IndiGo,6E7176,KJB,13:20,6E7177,KJB,13:40,ATR 72-600,78,Domestic
OCC005500,2026-10-13,Tue,BDT-F013,IndiGo,6E7064,TIR,13:25,6E7063,TIR,13:50,ATR 72-600,78,Domestic
OCC005501,2026-10-13,Tue,BDT-F014,IndiGo,6E6336,BLR,14:10,6E5309,BLR,14:55,A321neo,232,Domestic
OCC005502,2026-10-13,Tue,BDT-F015,IndiGo,6E409,HYD,14:25,6E5247,BOM,15:05,A321neo,232,Domestic
OCC005503,2026-10-13,Tue,BDT-F016,IndiGo,6E504,HYD,15:45,6E783,HYD,16:25,A321neo,232,Domestic
OCC005504,2026-10-13,Tue,BDT-F017,Air India Express,IX2819,HYD,15:55,IX2744,HYD,16:35,B737-800,189,Domestic
OCC005505,2026-10-13,Tue,BDT-F018,Air India,AI419,DEL,16:05,AI420,DEL,16:45,A321neo,182,Domestic
OCC005506,2026-10-13,Tue,BDT-F019,IndiGo,6E2698,MAA,17:55,6E6089,MAA,18:35,A321neo,232,Domestic
OCC005507,2026-10-13,Tue,BDT-F021,Air India Express,IX2023,BLR,18:30,IX1358,VGA,19:00,B737-800,189,Domestic
OCC005508,2026-10-13,Tue,BDT-F022,IndiGo,6E208,HYD,18:40,6E216,HYD,19:20,A321neo,232,Domestic
OCC005509,2026-10-13,Tue,BDT-F023,IndiGo,6E616,CCU,19:10,6E617,CCU,19:50,A321neo,232,Domestic
OCC005510,2026-10-13,Tue,BDT-F024,IndiGo,6E5248,NMI,20:00,6E883,HYD,20:40,A321neo,232,Domestic
OCC005511,2026-10-13,Tue,BDT-F025,IndiGo,6E969,BLR,20:30,6E2772,BLR,21:10,A321neo,232,Domestic
OCC005512,2026-10-13,Tue,BDT-F026,IndiGo,6E384,HYD,20:40,6E385,HYD,21:20,A320neo,186,Domestic
OCC005513,2026-10-13,Tue,BDT-F027,Air India,AI1702,DEL,20:50,AI1802,DEL,21:30,A320ceo,180,Domestic
OCC005514,2026-10-13,Tue,BDT-F028,Air India Express,IX1373,VGA,21:40,IX1373,BLR,22:10,B737-800,189,Domestic
OCC005515,2026-10-13,Tue,BDT-F029,IndiGo,6E2213,DEL,22:05,6E6631,DEL,22:45,A321neo,232,Domestic
OCC005516,2026-10-14,Wed,BDT-F002,IndiGo,6E6425,DEL,07:40,6E6426,DEL,08:20,A320neo,186,Domestic
OCC005517,2026-10-14,Wed,BDT-F003,IndiGo,6E557,MAA,07:50,6E845,MAA,08:30,A320ceo,186,Domestic
OCC005518,2026-10-14,Wed,BDT-F004,Air India Express,IX2837,HYD,08:20,IX2745,HYD,08:50,B737-800,189,Domestic
OCC005519,2026-10-14,Wed,BDT-F005,IndiGo,6E6408,HYD,08:25,6E915,HYD,08:55,A320neo,186,Domestic
OCC005520,2026-10-14,Wed,BDT-F006,IndiGo,6E1443,AUH,08:20,6E1444,AUH,09:50,A320neo,186,International
OCC005521,2026-10-14,Wed,BDT-F007,Alliance Air,I7105,PYB,09:25,I7205,PYB,09:40,Cessna 208B,9,Domestic
OCC005522,2026-10-14,Wed,BDT-F008,IndiGo,6E714,HYD,10:05,6E6294,HYD,10:40,A320ceo,186,Domestic
OCC005523,2026-10-14,Wed,BDT-F009,IndiGo,6E7128,VGA,10:30,6E7129,VGA,11:00,ATR 72-600,78,Domestic
OCC005524,2026-10-14,Wed,BDT-F010,IndiGo,6E6181,MAA,11:35,6E881,MAA,12:15,A320neo,186,Domestic
OCC005525,2026-10-14,Wed,BDT-F011,IndiGo,6E879,HYD,12:20,6E6645,HYD,13:00,A320neo,186,Domestic
OCC005526,2026-10-14,Wed,BDT-F013,IndiGo,6E7064,TIR,13:25,6E7063,TIR,13:50,ATR 72-600,78,Domestic
OCC005527,2026-10-14,Wed,BDT-F014,IndiGo,6E6336,BLR,14:10,6E5309,BLR,14:55,A321neo,232,Domestic
OCC005528,2026-10-14,Wed,BDT-F015,IndiGo,6E409,HYD,14:25,6E5247,BOM,15:05,A321neo,232,Domestic
OCC005529,2026-10-14,Wed,BDT-F016,IndiGo,6E504,HYD,15:45,6E783,HYD,16:25,A321neo,232,Domestic
OCC005530,2026-10-14,Wed,BDT-F017,Air India Express,IX2819,HYD,15:55,IX2744,HYD,16:35,B737-800,189,Domestic
OCC005531,2026-10-14,Wed,BDT-F018,Air India,AI419,DEL,16:05,AI420,DEL,16:45,A321neo,182,Domestic
OCC005532,2026-10-14,Wed,BDT-F019,IndiGo,6E2698,MAA,17:55,6E6089,MAA,18:35,A321neo,232,Domestic
OCC005533,2026-10-14,Wed,BDT-F020,IndiGo,6E7361,UNK,18:20,6E7362,BBI,18:50,ATR 72-600,78,Domestic
OCC005534,2026-10-14,Wed,BDT-F021,Air India Express,IX2023,BLR,18:30,IX1358,VGA,19:00,B737-800,189,Domestic
OCC005535,2026-10-14,Wed,BDT-F022,IndiGo,6E208,HYD,18:40,6E216,HYD,19:20,A321neo,232,Domestic
OCC005536,2026-10-14,Wed,BDT-F023,IndiGo,6E616,CCU,19:10,6E617,CCU,19:50,A321neo,232,Domestic
OCC005537,2026-10-14,Wed,BDT-F024,IndiGo,6E5248,NMI,20:00,6E883,HYD,20:40,A321neo,232,Domestic
OCC005538,2026-10-14,Wed,BDT-F025,IndiGo,6E969,BLR,20:30,6E2772,BLR,21:10,A321neo,232,Domestic
OCC005539,2026-10-14,Wed,BDT-F026,IndiGo,6E384,HYD,20:40,6E385,HYD,21:20,A320neo,186,Domestic
OCC005540,2026-10-14,Wed,BDT-F027,Air India,AI1702,DEL,20:50,AI1802,DEL,21:30,A320ceo,180,Domestic
OCC005541,2026-10-14,Wed,BDT-F028,Air India Express,IX1373,VGA,21:40,IX1373,BLR,22:10,B737-800,189,Domestic
OCC005542,2026-10-14,Wed,BDT-F029,IndiGo,6E2213,DEL,22:05,6E6631,DEL,22:45,A321neo,232,Domestic
OCC005543,2026-10-14,Wed,BDT-F030,Scoot,TR784,SIN,22:15,TR785,SIN,23:00,A320neo,186,International
OCC005544,2026-10-15,Thu,BDT-F001,Air India Express,IX2064,BLR,07:30,IX2065,BLR,08:00,B737-800,189,Domestic
OCC005545,2026-10-15,Thu,BDT-F002,IndiGo,6E6425,DEL,07:40,6E6426,DEL,08:20,A320neo,186,Domestic
OCC005546,2026-10-15,Thu,BDT-F003,IndiGo,6E557,MAA,07:50,6E845,MAA,08:30,A320ceo,186,Domestic
OCC005547,2026-10-15,Thu,BDT-F004,Air India Express,IX2837,HYD,08:20,IX2745,HYD,08:50,B737-800,189,Domestic
OCC005548,2026-10-15,Thu,BDT-F005,IndiGo,6E6408,HYD,08:25,6E915,HYD,08:55,A320neo,186,Domestic
OCC005549,2026-10-15,Thu,BDT-F007,Alliance Air,I7105,PYB,09:25,I7205,PYB,09:40,Cessna 208B,9,Domestic
OCC005550,2026-10-15,Thu,BDT-F008,IndiGo,6E714,HYD,10:05,6E6294,HYD,10:40,A320ceo,186,Domestic
OCC005551,2026-10-15,Thu,BDT-F009,IndiGo,6E7128,VGA,10:30,6E7129,VGA,11:00,ATR 72-600,78,Domestic
OCC005552,2026-10-15,Thu,BDT-F010,IndiGo,6E6181,MAA,11:35,6E881,MAA,12:15,A320neo,186,Domestic
OCC005553,2026-10-15,Thu,BDT-F011,IndiGo,6E879,HYD,12:20,6E6645,HYD,13:00,A320neo,186,Domestic
OCC005554,2026-10-15,Thu,BDT-F012,IndiGo,6E7176,KJB,13:20,6E7177,KJB,13:40,ATR 72-600,78,Domestic
OCC005555,2026-10-15,Thu,BDT-F013,IndiGo,6E7064,TIR,13:25,6E7063,TIR,13:50,ATR 72-600,78,Domestic
OCC005556,2026-10-15,Thu,BDT-F014,IndiGo,6E6336,BLR,14:10,6E5309,BLR,14:55,A321neo,232,Domestic
OCC005557,2026-10-15,Thu,BDT-F015,IndiGo,6E409,HYD,14:25,6E5247,BOM,15:05,A321neo,232,Domestic
OCC005558,2026-10-15,Thu,BDT-F016,IndiGo,6E504,HYD,15:45,6E783,HYD,16:25,A321neo,232,Domestic
OCC005559,2026-10-15,Thu,BDT-F017,Air India Express,IX2819,HYD,15:55,IX2744,HYD,16:35,B737-800,189,Domestic
OCC005560,2026-10-15,Thu,BDT-F018,Air India,AI419,DEL,16:05,AI420,DEL,16:45,A321neo,182,Domestic
OCC005561,2026-10-15,Thu,BDT-F019,IndiGo,6E2698,MAA,17:55,6E6089,MAA,18:35,A321neo,232,Domestic
OCC005562,2026-10-15,Thu,BDT-F021,Air India Express,IX2023,BLR,18:30,IX1358,VGA,19:00,B737-800,189,Domestic
OCC005563,2026-10-15,Thu,BDT-F022,IndiGo,6E208,HYD,18:40,6E216,HYD,19:20,A321neo,232,Domestic
OCC005564,2026-10-15,Thu,BDT-F023,IndiGo,6E616,CCU,19:10,6E617,CCU,19:50,A321neo,232,Domestic
OCC005565,2026-10-15,Thu,BDT-F024,IndiGo,6E5248,NMI,20:00,6E883,HYD,20:40,A321neo,232,Domestic
OCC005566,2026-10-15,Thu,BDT-F025,IndiGo,6E969,BLR,20:30,6E2772,BLR,21:10,A321neo,232,Domestic
OCC005567,2026-10-15,Thu,BDT-F026,IndiGo,6E384,HYD,20:40,6E385,HYD,21:20,A320neo,186,Domestic
OCC005568,2026-10-15,Thu,BDT-F027,Air India,AI1702,DEL,20:50,AI1802,DEL,21:30,A320ceo,180,Domestic
OCC005569,2026-10-15,Thu,BDT-F028,Air India Express,IX1373,VGA,21:40,IX1373,BLR,22:10,B737-800,189,Domestic
OCC005570,2026-10-15,Thu,BDT-F029,IndiGo,6E2213,DEL,22:05,6E6631,DEL,22:45,A321neo,232,Domestic
OCC005571,2026-10-16,Fri,BDT-F002,IndiGo,6E6425,DEL,07:40,6E6426,DEL,08:20,A320neo,186,Domestic
OCC005572,2026-10-16,Fri,BDT-F003,IndiGo,6E557,MAA,07:50,6E845,MAA,08:30,A320ceo,186,Domestic
OCC005573,2026-10-16,Fri,BDT-F004,Air India Express,IX2837,HYD,08:20,IX2745,HYD,08:50,B737-800,189,Domestic
OCC005574,2026-10-16,Fri,BDT-F005,IndiGo,6E6408,HYD,08:25,6E915,HYD,08:55,A320neo,186,Domestic
OCC005575,2026-10-16,Fri,BDT-F006,IndiGo,6E1443,AUH,08:20,6E1444,AUH,09:50,A320neo,186,International
OCC005576,2026-10-16,Fri,BDT-F007,Alliance Air,I7105,PYB,09:25,I7205,PYB,09:40,Cessna 208B,9,Domestic
OCC005577,2026-10-16,Fri,BDT-F008,IndiGo,6E714,HYD,10:05,6E6294,HYD,10:40,A320ceo,186,Domestic
OCC005578,2026-10-16,Fri,BDT-F009,IndiGo,6E7128,VGA,10:30,6E7129,VGA,11:00,ATR 72-600,78,Domestic
OCC005579,2026-10-16,Fri,BDT-F010,IndiGo,6E6181,MAA,11:35,6E881,MAA,12:15,A320neo,186,Domestic
OCC005580,2026-10-16,Fri,BDT-F011,IndiGo,6E879,HYD,12:20,6E6645,HYD,13:00,A320neo,186,Domestic
OCC005581,2026-10-16,Fri,BDT-F013,IndiGo,6E7064,TIR,13:25,6E7063,TIR,13:50,ATR 72-600,78,Domestic
OCC005582,2026-10-16,Fri,BDT-F014,IndiGo,6E6336,BLR,14:10,6E5309,BLR,14:55,A321neo,232,Domestic
OCC005583,2026-10-16,Fri,BDT-F015,IndiGo,6E409,HYD,14:25,6E5247,BOM,15:05,A321neo,232,Domestic
OCC005584,2026-10-16,Fri,BDT-F016,IndiGo,6E504,HYD,15:45,6E783,HYD,16:25,A321neo,232,Domestic
OCC005585,2026-10-16,Fri,BDT-F017,Air India Express,IX2819,HYD,15:55,IX2744,HYD,16:35,B737-800,189,Domestic
OCC005586,2026-10-16,Fri,BDT-F018,Air India,AI419,DEL,16:05,AI420,DEL,16:45,A321neo,182,Domestic
OCC005587,2026-10-16,Fri,BDT-F019,IndiGo,6E2698,MAA,17:55,6E6089,MAA,18:35,A321neo,232,Domestic
OCC005588,2026-10-16,Fri,BDT-F020,IndiGo,6E7361,UNK,18:20,6E7362,BBI,18:50,ATR 72-600,78,Domestic
OCC005589,2026-10-16,Fri,BDT-F021,Air India Express,IX2023,BLR,18:30,IX1358,VGA,19:00,B737-800,189,Domestic
OCC005590,2026-10-16,Fri,BDT-F022,IndiGo,6E208,HYD,18:40,6E216,HYD,19:20,A321neo,232,Domestic
OCC005591,2026-10-16,Fri,BDT-F023,IndiGo,6E616,CCU,19:10,6E617,CCU,19:50,A321neo,232,Domestic
OCC005592,2026-10-16,Fri,BDT-F024,IndiGo,6E5248,NMI,20:00,6E883,HYD,20:40,A321neo,232,Domestic
OCC005593,2026-10-16,Fri,BDT-F025,IndiGo,6E969,BLR,20:30,6E2772,BLR,21:10,A321neo,232,Domestic
OCC005594,2026-10-16,Fri,BDT-F026,IndiGo,6E384,HYD,20:40,6E385,HYD,21:20,A320neo,186,Domestic
OCC005595,2026-10-16,Fri,BDT-F027,Air India,AI1702,DEL,20:50,AI1802,DEL,21:30,A320ceo,180,Domestic
OCC005596,2026-10-16,Fri,BDT-F028,Air India Express,IX1373,VGA,21:40,IX1373,BLR,22:10,B737-800,189,Domestic
OCC005597,2026-10-16,Fri,BDT-F029,IndiGo,6E2213,DEL,22:05,6E6631,DEL,22:45,A321neo,232,Domestic
OCC005598,2026-10-16,Fri,BDT-F030,Scoot,TR784,SIN,22:15,TR785,SIN,23:00,A320neo,186,International
OCC005599,2026-10-17,Sat,BDT-F001,Air India Express,IX2064,BLR,07:30,IX2065,BLR,08:00,B737-800,189,Domestic
OCC005600,2026-10-17,Sat,BDT-F002,IndiGo,6E6425,DEL,07:40,6E6426,DEL,08:20,A320neo,186,Domestic
OCC005601,2026-10-17,Sat,BDT-F003,IndiGo,6E557,MAA,07:50,6E845,MAA,08:30,A320ceo,186,Domestic
OCC005602,2026-10-17,Sat,BDT-F004,Air India Express,IX2837,HYD,08:20,IX2745,HYD,08:50,B737-800,189,Domestic
OCC005603,2026-10-17,Sat,BDT-F005,IndiGo,6E6408,HYD,08:25,6E915,HYD,08:55,A320neo,186,Domestic
OCC005604,2026-10-17,Sat,BDT-F007,Alliance Air,I7105,PYB,09:25,I7205,PYB,09:40,Cessna 208B,9,Domestic
OCC005605,2026-10-17,Sat,BDT-F008,IndiGo,6E714,HYD,10:05,6E6294,HYD,10:40,A320ceo,186,Domestic
OCC005606,2026-10-17,Sat,BDT-F009,IndiGo,6E7128,VGA,10:30,6E7129,VGA,11:00,ATR 72-600,78,Domestic
OCC005607,2026-10-17,Sat,BDT-F010,IndiGo,6E6181,MAA,11:35,6E881,MAA,12:15,A320neo,186,Domestic
OCC005608,2026-10-17,Sat,BDT-F011,IndiGo,6E879,HYD,12:20,6E6645,HYD,13:00,A320neo,186,Domestic
OCC005609,2026-10-17,Sat,BDT-F012,IndiGo,6E7176,KJB,13:20,6E7177,KJB,13:40,ATR 72-600,78,Domestic
OCC005610,2026-10-17,Sat,BDT-F013,IndiGo,6E7064,TIR,13:25,6E7063,TIR,13:50,ATR 72-600,78,Domestic
OCC005611,2026-10-17,Sat,BDT-F014,IndiGo,6E6336,BLR,14:10,6E5309,BLR,14:55,A321neo,232,Domestic
OCC005612,2026-10-17,Sat,BDT-F015,IndiGo,6E409,HYD,14:25,6E5247,BOM,15:05,A321neo,232,Domestic
OCC005613,2026-10-17,Sat,BDT-F016,IndiGo,6E504,HYD,15:45,6E783,HYD,16:25,A321neo,232,Domestic
OCC005614,2026-10-17,Sat,BDT-F017,Air India Express,IX2819,HYD,15:55,IX2744,HYD,16:35,B737-800,189,Domestic
OCC005615,2026-10-17,Sat,BDT-F018,Air India,AI419,DEL,16:05,AI420,DEL,16:45,A321neo,182,Domestic
OCC005616,2026-10-17,Sat,BDT-F019,IndiGo,6E2698,MAA,17:55,6E6089,MAA,18:35,A321neo,232,Domestic
OCC005617,2026-10-17,Sat,BDT-F021,Air India Express,IX2023,BLR,18:30,IX1358,VGA,19:00,B737-800,189,Domestic
OCC005618,2026-10-17,Sat,BDT-F022,IndiGo,6E208,HYD,18:40,6E216,HYD,19:20,A321neo,232,Domestic
OCC005619,2026-10-17,Sat,BDT-F023,IndiGo,6E616,CCU,19:10,6E617,CCU,19:50,A321neo,232,Domestic
OCC005620,2026-10-17,Sat,BDT-F024,IndiGo,6E5248,NMI,20:00,6E883,HYD,20:40,A321neo,232,Domestic
OCC005621,2026-10-17,Sat,BDT-F025,IndiGo,6E969,BLR,20:30,6E2772,BLR,21:10,A321neo,232,Domestic
OCC005622,2026-10-17,Sat,BDT-F026,IndiGo,6E384,HYD,20:40,6E385,HYD,21:20,A320neo,186,Domestic
OCC005623,2026-10-17,Sat,BDT-F027,Air India,AI1702,DEL,20:50,AI1802,DEL,21:30,A320ceo,180,Domestic
OCC005624,2026-10-17,Sat,BDT-F028,Air India Express,IX1373,VGA,21:40,IX1373,BLR,22:10,B737-800,189,Domestic
OCC005625,2026-10-17,Sat,BDT-F029,IndiGo,6E2213,DEL,22:05,6E6631,DEL,22:45,A321neo,232,Domestic
OCC005626,2026-10-17,Sat,BDT-F030,Scoot,TR784,SIN,22:15,TR785,SIN,23:00,A320neo,186,International
OCC005627,2026-10-18,Sun,BDT-F002,IndiGo,6E6425,DEL,07:40,6E6426,DEL,08:20,A320neo,186,Domestic
OCC005628,2026-10-18,Sun,BDT-F003,IndiGo,6E557,MAA,07:50,6E845,MAA,08:30,A320ceo,186,Domestic
OCC005629,2026-10-18,Sun,BDT-F004,Air India Express,IX2837,HYD,08:20,IX2745,HYD,08:50,B737-800,189,Domestic
OCC005630,2026-10-18,Sun,BDT-F005,IndiGo,6E6408,HYD,08:25,6E915,HYD,08:55,A320neo,186,Domestic
OCC005631,2026-10-18,Sun,BDT-F006,IndiGo,6E1443,AUH,08:20,6E1444,AUH,09:50,A320neo,186,International
OCC005632,2026-10-18,Sun,BDT-F007,Alliance Air,I7105,PYB,09:25,I7205,PYB,09:40,Cessna 208B,9,Domestic
OCC005633,2026-10-18,Sun,BDT-F008,IndiGo,6E714,HYD,10:05,6E6294,HYD,10:40,A320ceo,186,Domestic
OCC005634,2026-10-18,Sun,BDT-F009,IndiGo,6E7128,VGA,10:30,6E7129,VGA,11:00,ATR 72-600,78,Domestic
OCC005635,2026-10-18,Sun,BDT-F010,IndiGo,6E6181,MAA,11:35,6E881,MAA,12:15,A320neo,186,Domestic
OCC005636,2026-10-18,Sun,BDT-F011,IndiGo,6E879,HYD,12:20,6E6645,HYD,13:00,A320neo,186,Domestic
OCC005637,2026-10-18,Sun,BDT-F013,IndiGo,6E7064,TIR,13:25,6E7063,TIR,13:50,ATR 72-600,78,Domestic
OCC005638,2026-10-18,Sun,BDT-F014,IndiGo,6E6336,BLR,14:10,6E5309,BLR,14:55,A321neo,232,Domestic
OCC005639,2026-10-18,Sun,BDT-F015,IndiGo,6E409,HYD,14:25,6E5247,BOM,15:05,A321neo,232,Domestic
OCC005640,2026-10-18,Sun,BDT-F016,IndiGo,6E504,HYD,15:45,6E783,HYD,16:25,A321neo,232,Domestic
OCC005641,2026-10-18,Sun,BDT-F017,Air India Express,IX2819,HYD,15:55,IX2744,HYD,16:35,B737-800,189,Domestic
OCC005642,2026-10-18,Sun,BDT-F018,Air India,AI419,DEL,16:05,AI420,DEL,16:45,A321neo,182,Domestic
OCC005643,2026-10-18,Sun,BDT-F019,IndiGo,6E2698,MAA,17:55,6E6089,MAA,18:35,A321neo,232,Domestic
OCC005644,2026-10-18,Sun,BDT-F020,IndiGo,6E7361,UNK,18:20,6E7362,BBI,18:50,ATR 72-600,78,Domestic
OCC005645,2026-10-18,Sun,BDT-F021,Air India Express,IX2023,BLR,18:30,IX1358,VGA,19:00,B737-800,189,Domestic
OCC005646,2026-10-18,Sun,BDT-F022,IndiGo,6E208,HYD,18:40,6E216,HYD,19:20,A321neo,232,Domestic
OCC005647,2026-10-18,Sun,BDT-F023,IndiGo,6E616,CCU,19:10,6E617,CCU,19:50,A321neo,232,Domestic
OCC005648,2026-10-18,Sun,BDT-F024,IndiGo,6E5248,NMI,20:00,6E883,HYD,20:40,A321neo,232,Domestic
OCC005649,2026-10-18,Sun,BDT-F025,IndiGo,6E969,BLR,20:30,6E2772,BLR,21:10,A321neo,232,Domestic
OCC005650,2026-10-18,Sun,BDT-F026,IndiGo,6E384,HYD,20:40,6E385,HYD,21:20,A320neo,186,Domestic
OCC005651,2026-10-18,Sun,BDT-F027,Air India,AI1702,DEL,20:50,AI1802,DEL,21:30,A320ceo,180,Domestic
OCC005652,2026-10-18,Sun,BDT-F028,Air India Express,IX1373,VGA,21:40,IX1373,BLR,22:10,B737-800,189,Domestic
OCC005653,2026-10-18,Sun,BDT-F029,IndiGo,6E2213,DEL,22:05,6E6631,DEL,22:45,A321neo,232,Domestic
OCC005654,2026-10-19,Mon,BDT-F001,Air India Express,IX2064,BLR,07:30,IX2065,BLR,08:00,B737-800,189,Domestic
OCC005655,2026-10-19,Mon,BDT-F002,IndiGo,6E6425,DEL,07:40,6E6426,DEL,08:20,A320neo,186,Domestic
OCC005656,2026-10-19,Mon,BDT-F003,IndiGo,6E557,MAA,07:50,6E845,MAA,08:30,A320ceo,186,Domestic
OCC005657,2026-10-19,Mon,BDT-F004,Air India Express,IX2837,HYD,08:20,IX2745,HYD,08:50,B737-800,189,Domestic
OCC005658,2026-10-19,Mon,BDT-F005,IndiGo,6E6408,HYD,08:25,6E915,HYD,08:55,A320neo,186,Domestic
OCC005659,2026-10-19,Mon,BDT-F006,IndiGo,6E1443,AUH,08:20,6E1444,AUH,09:50,A320neo,186,International
OCC005660,2026-10-19,Mon,BDT-F007,Alliance Air,I7105,PYB,09:25,I7205,PYB,09:40,Cessna 208B,9,Domestic
OCC005661,2026-10-19,Mon,BDT-F008,IndiGo,6E714,HYD,10:05,6E6294,HYD,10:40,A320ceo,186,Domestic
OCC005662,2026-10-19,Mon,BDT-F009,IndiGo,6E7128,VGA,10:30,6E7129,VGA,11:00,ATR 72-600,78,Domestic
OCC005663,2026-10-19,Mon,BDT-F010,IndiGo,6E6181,MAA,11:35,6E881,MAA,12:15,A320neo,186,Domestic
OCC005664,2026-10-19,Mon,BDT-F011,IndiGo,6E879,HYD,12:20,6E6645,HYD,13:00,A320neo,186,Domestic
OCC005665,2026-10-19,Mon,BDT-F013,IndiGo,6E7064,TIR,13:25,6E7063,TIR,13:50,ATR 72-600,78,Domestic
OCC005666,2026-10-19,Mon,BDT-F014,IndiGo,6E6336,BLR,14:10,6E5309,BLR,14:55,A321neo,232,Domestic
OCC005667,2026-10-19,Mon,BDT-F015,IndiGo,6E409,HYD,14:25,6E5247,BOM,15:05,A321neo,232,Domestic
OCC005668,2026-10-19,Mon,BDT-F016,IndiGo,6E504,HYD,15:45,6E783,HYD,16:25,A321neo,232,Domestic
OCC005669,2026-10-19,Mon,BDT-F017,Air India Express,IX2819,HYD,15:55,IX2744,HYD,16:35,B737-800,189,Domestic
OCC005670,2026-10-19,Mon,BDT-F018,Air India,AI419,DEL,16:05,AI420,DEL,16:45,A321neo,182,Domestic
OCC005671,2026-10-19,Mon,BDT-F019,IndiGo,6E2698,MAA,17:55,6E6089,MAA,18:35,A321neo,232,Domestic
OCC005672,2026-10-19,Mon,BDT-F020,IndiGo,6E7361,UNK,18:20,6E7362,BBI,18:50,ATR 72-600,78,Domestic
OCC005673,2026-10-19,Mon,BDT-F021,Air India Express,IX2023,BLR,18:30,IX1358,VGA,19:00,B737-800,189,Domestic
OCC005674,2026-10-19,Mon,BDT-F022,IndiGo,6E208,HYD,18:40,6E216,HYD,19:20,A321neo,232,Domestic
OCC005675,2026-10-19,Mon,BDT-F023,IndiGo,6E616,CCU,19:10,6E617,CCU,19:50,A321neo,232,Domestic
OCC005676,2026-10-19,Mon,BDT-F024,IndiGo,6E5248,NMI,20:00,6E883,HYD,20:40,A321neo,232,Domestic
OCC005677,2026-10-19,Mon,BDT-F025,IndiGo,6E969,BLR,20:30,6E2772,BLR,21:10,A321neo,232,Domestic
OCC005678,2026-10-19,Mon,BDT-F026,IndiGo,6E384,HYD,20:40,6E385,HYD,21:20,A320neo,186,Domestic
OCC005679,2026-10-19,Mon,BDT-F027,Air India,AI1702,DEL,20:50,AI1802,DEL,21:30,A320ceo,180,Domestic
OCC005680,2026-10-19,Mon,BDT-F028,Air India Express,IX1373,VGA,21:40,IX1373,BLR,22:10,B737-800,189,Domestic
OCC005681,2026-10-19,Mon,BDT-F029,IndiGo,6E2213,DEL,22:05,6E6631,DEL,22:45,A321neo,232,Domestic
OCC005682,2026-10-19,Mon,BDT-F030,Scoot,TR784,SIN,22:15,TR785,SIN,23:00,A320neo,186,International
OCC005683,2026-10-20,Tue,BDT-F001,Air India Express,IX2064,BLR,07:30,IX2065,BLR,08:00,B737-800,189,Domestic
OCC005684,2026-10-20,Tue,BDT-F002,IndiGo,6E6425,DEL,07:40,6E6426,DEL,08:20,A320neo,186,Domestic
OCC005685,2026-10-20,Tue,BDT-F003,IndiGo,6E557,MAA,07:50,6E845,MAA,08:30,A320ceo,186,Domestic
OCC005686,2026-10-20,Tue,BDT-F004,Air India Express,IX2837,HYD,08:20,IX2745,HYD,08:50,B737-800,189,Domestic
OCC005687,2026-10-20,Tue,BDT-F005,IndiGo,6E6408,HYD,08:25,6E915,HYD,08:55,A320neo,186,Domestic
OCC005688,2026-10-20,Tue,BDT-F007,Alliance Air,I7105,PYB,09:25,I7205,PYB,09:40,Cessna 208B,9,Domestic
OCC005689,2026-10-20,Tue,BDT-F008,IndiGo,6E714,HYD,10:05,6E6294,HYD,10:40,A320ceo,186,Domestic
OCC005690,2026-10-20,Tue,BDT-F009,IndiGo,6E7128,VGA,10:30,6E7129,VGA,11:00,ATR 72-600,78,Domestic
OCC005691,2026-10-20,Tue,BDT-F010,IndiGo,6E6181,MAA,11:35,6E881,MAA,12:15,A320neo,186,Domestic
OCC005692,2026-10-20,Tue,BDT-F011,IndiGo,6E879,HYD,12:20,6E6645,HYD,13:00,A320neo,186,Domestic
OCC005693,2026-10-20,Tue,BDT-F012,IndiGo,6E7176,KJB,13:20,6E7177,KJB,13:40,ATR 72-600,78,Domestic
OCC005694,2026-10-20,Tue,BDT-F013,IndiGo,6E7064,TIR,13:25,6E7063,TIR,13:50,ATR 72-600,78,Domestic
OCC005695,2026-10-20,Tue,BDT-F014,IndiGo,6E6336,BLR,14:10,6E5309,BLR,14:55,A321neo,232,Domestic
OCC005696,2026-10-20,Tue,BDT-F015,IndiGo,6E409,HYD,14:25,6E5247,BOM,15:05,A321neo,232,Domestic
OCC005697,2026-10-20,Tue,BDT-F016,IndiGo,6E504,HYD,15:45,6E783,HYD,16:25,A321neo,232,Domestic
OCC005698,2026-10-20,Tue,BDT-F017,Air India Express,IX2819,HYD,15:55,IX2744,HYD,16:35,B737-800,189,Domestic
OCC005699,2026-10-20,Tue,BDT-F018,Air India,AI419,DEL,16:05,AI420,DEL,16:45,A321neo,182,Domestic
OCC005700,2026-10-20,Tue,BDT-F019,IndiGo,6E2698,MAA,17:55,6E6089,MAA,18:35,A321neo,232,Domestic
OCC005701,2026-10-20,Tue,BDT-F021,Air India Express,IX2023,BLR,18:30,IX1358,VGA,19:00,B737-800,189,Domestic
OCC005702,2026-10-20,Tue,BDT-F022,IndiGo,6E208,HYD,18:40,6E216,HYD,19:20,A321neo,232,Domestic
OCC005703,2026-10-20,Tue,BDT-F023,IndiGo,6E616,CCU,19:10,6E617,CCU,19:50,A321neo,232,Domestic
OCC005704,2026-10-20,Tue,BDT-F024,IndiGo,6E5248,NMI,20:00,6E883,HYD,20:40,A321neo,232,Domestic
OCC005705,2026-10-20,Tue,BDT-F025,IndiGo,6E969,BLR,20:30,6E2772,BLR,21:10,A321neo,232,Domestic
OCC005706,2026-10-20,Tue,BDT-F026,IndiGo,6E384,HYD,20:40,6E385,HYD,21:20,A320neo,186,Domestic
OCC005707,2026-10-20,Tue,BDT-F027,Air India,AI1702,DEL,20:50,AI1802,DEL,21:30,A320ceo,180,Domestic
OCC005708,2026-10-20,Tue,BDT-F028,Air India Express,IX1373,VGA,21:40,IX1373,BLR,22:10,B737-800,189,Domestic
OCC005709,2026-10-20,Tue,BDT-F029,IndiGo,6E2213,DEL,22:05,6E6631,DEL,22:45,A321neo,232,Domestic
OCC005710,2026-10-21,Wed,BDT-F002,IndiGo,6E6425,DEL,07:40,6E6426,DEL,08:20,A320neo,186,Domestic
OCC005711,2026-10-21,Wed,BDT-F003,IndiGo,6E557,MAA,07:50,6E845,MAA,08:30,A320ceo,186,Domestic
OCC005712,2026-10-21,Wed,BDT-F004,Air India Express,IX2837,HYD,08:20,IX2745,HYD,08:50,B737-800,189,Domestic
OCC005713,2026-10-21,Wed,BDT-F005,IndiGo,6E6408,HYD,08:25,6E915,HYD,08:55,A320neo,186,Domestic
OCC005714,2026-10-21,Wed,BDT-F006,IndiGo,6E1443,AUH,08:20,6E1444,AUH,09:50,A320neo,186,International
OCC005715,2026-10-21,Wed,BDT-F007,Alliance Air,I7105,PYB,09:25,I7205,PYB,09:40,Cessna 208B,9,Domestic
OCC005716,2026-10-21,Wed,BDT-F008,IndiGo,6E714,HYD,10:05,6E6294,HYD,10:40,A320ceo,186,Domestic
OCC005717,2026-10-21,Wed,BDT-F009,IndiGo,6E7128,VGA,10:30,6E7129,VGA,11:00,ATR 72-600,78,Domestic
OCC005718,2026-10-21,Wed,BDT-F010,IndiGo,6E6181,MAA,11:35,6E881,MAA,12:15,A320neo,186,Domestic
OCC005719,2026-10-21,Wed,BDT-F011,IndiGo,6E879,HYD,12:20,6E6645,HYD,13:00,A320neo,186,Domestic
OCC005720,2026-10-21,Wed,BDT-F013,IndiGo,6E7064,TIR,13:25,6E7063,TIR,13:50,ATR 72-600,78,Domestic
OCC005721,2026-10-21,Wed,BDT-F014,IndiGo,6E6336,BLR,14:10,6E5309,BLR,14:55,A321neo,232,Domestic
OCC005722,2026-10-21,Wed,BDT-F015,IndiGo,6E409,HYD,14:25,6E5247,BOM,15:05,A321neo,232,Domestic
OCC005723,2026-10-21,Wed,BDT-F016,IndiGo,6E504,HYD,15:45,6E783,HYD,16:25,A321neo,232,Domestic
OCC005724,2026-10-21,Wed,BDT-F017,Air India Express,IX2819,HYD,15:55,IX2744,HYD,16:35,B737-800,189,Domestic
OCC005725,2026-10-21,Wed,BDT-F018,Air India,AI419,DEL,16:05,AI420,DEL,16:45,A321neo,182,Domestic
OCC005726,2026-10-21,Wed,BDT-F019,IndiGo,6E2698,MAA,17:55,6E6089,MAA,18:35,A321neo,232,Domestic
OCC005727,2026-10-21,Wed,BDT-F020,IndiGo,6E7361,UNK,18:20,6E7362,BBI,18:50,ATR 72-600,78,Domestic
OCC005728,2026-10-21,Wed,BDT-F021,Air India Express,IX2023,BLR,18:30,IX1358,VGA,19:00,B737-800,189,Domestic
OCC005729,2026-10-21,Wed,BDT-F022,IndiGo,6E208,HYD,18:40,6E216,HYD,19:20,A321neo,232,Domestic
OCC005730,2026-10-21,Wed,BDT-F023,IndiGo,6E616,CCU,19:10,6E617,CCU,19:50,A321neo,232,Domestic
OCC005731,2026-10-21,Wed,BDT-F024,IndiGo,6E5248,NMI,20:00,6E883,HYD,20:40,A321neo,232,Domestic
OCC005732,2026-10-21,Wed,BDT-F025,IndiGo,6E969,BLR,20:30,6E2772,BLR,21:10,A321neo,232,Domestic
OCC005733,2026-10-21,Wed,BDT-F026,IndiGo,6E384,HYD,20:40,6E385,HYD,21:20,A320neo,186,Domestic
OCC005734,2026-10-21,Wed,BDT-F027,Air India,AI1702,DEL,20:50,AI1802,DEL,21:30,A320ceo,180,Domestic
OCC005735,2026-10-21,Wed,BDT-F028,Air India Express,IX1373,VGA,21:40,IX1373,BLR,22:10,B737-800,189,Domestic
OCC005736,2026-10-21,Wed,BDT-F029,IndiGo,6E2213,DEL,22:05,6E6631,DEL,22:45,A321neo,232,Domestic
OCC005737,2026-10-21,Wed,BDT-F030,Scoot,TR784,SIN,22:15,TR785,SIN,23:00,A320neo,186,International
OCC005738,2026-10-22,Thu,BDT-F001,Air India Express,IX2064,BLR,07:30,IX2065,BLR,08:00,B737-800,189,Domestic
OCC005739,2026-10-22,Thu,BDT-F002,IndiGo,6E6425,DEL,07:40,6E6426,DEL,08:20,A320neo,186,Domestic
OCC005740,2026-10-22,Thu,BDT-F003,IndiGo,6E557,MAA,07:50,6E845,MAA,08:30,A320ceo,186,Domestic
OCC005741,2026-10-22,Thu,BDT-F004,Air India Express,IX2837,HYD,08:20,IX2745,HYD,08:50,B737-800,189,Domestic
OCC005742,2026-10-22,Thu,BDT-F005,IndiGo,6E6408,HYD,08:25,6E915,HYD,08:55,A320neo,186,Domestic
OCC005743,2026-10-22,Thu,BDT-F007,Alliance Air,I7105,PYB,09:25,I7205,PYB,09:40,Cessna 208B,9,Domestic
OCC005744,2026-10-22,Thu,BDT-F008,IndiGo,6E714,HYD,10:05,6E6294,HYD,10:40,A320ceo,186,Domestic
OCC005745,2026-10-22,Thu,BDT-F009,IndiGo,6E7128,VGA,10:30,6E7129,VGA,11:00,ATR 72-600,78,Domestic
OCC005746,2026-10-22,Thu,BDT-F010,IndiGo,6E6181,MAA,11:35,6E881,MAA,12:15,A320neo,186,Domestic
OCC005747,2026-10-22,Thu,BDT-F011,IndiGo,6E879,HYD,12:20,6E6645,HYD,13:00,A320neo,186,Domestic
OCC005748,2026-10-22,Thu,BDT-F012,IndiGo,6E7176,KJB,13:20,6E7177,KJB,13:40,ATR 72-600,78,Domestic
OCC005749,2026-10-22,Thu,BDT-F013,IndiGo,6E7064,TIR,13:25,6E7063,TIR,13:50,ATR 72-600,78,Domestic
OCC005750,2026-10-22,Thu,BDT-F014,IndiGo,6E6336,BLR,14:10,6E5309,BLR,14:55,A321neo,232,Domestic
OCC005751,2026-10-22,Thu,BDT-F015,IndiGo,6E409,HYD,14:25,6E5247,BOM,15:05,A321neo,232,Domestic
OCC005752,2026-10-22,Thu,BDT-F016,IndiGo,6E504,HYD,15:45,6E783,HYD,16:25,A321neo,232,Domestic
OCC005753,2026-10-22,Thu,BDT-F017,Air India Express,IX2819,HYD,15:55,IX2744,HYD,16:35,B737-800,189,Domestic
OCC005754,2026-10-22,Thu,BDT-F018,Air India,AI419,DEL,16:05,AI420,DEL,16:45,A321neo,182,Domestic
OCC005755,2026-10-22,Thu,BDT-F019,IndiGo,6E2698,MAA,17:55,6E6089,MAA,18:35,A321neo,232,Domestic
OCC005756,2026-10-22,Thu,BDT-F021,Air India Express,IX2023,BLR,18:30,IX1358,VGA,19:00,B737-800,189,Domestic
OCC005757,2026-10-22,Thu,BDT-F022,IndiGo,6E208,HYD,18:40,6E216,HYD,19:20,A321neo,232,Domestic
OCC005758,2026-10-22,Thu,BDT-F023,IndiGo,6E616,CCU,19:10,6E617,CCU,19:50,A321neo,232,Domestic
OCC005759,2026-10-22,Thu,BDT-F024,IndiGo,6E5248,NMI,20:00,6E883,HYD,20:40,A321neo,232,Domestic
OCC005760,2026-10-22,Thu,BDT-F025,IndiGo,6E969,BLR,20:30,6E2772,BLR,21:10,A321neo,232,Domestic
OCC005761,2026-10-22,Thu,BDT-F026,IndiGo,6E384,HYD,20:40,6E385,HYD,21:20,A320neo,186,Domestic
OCC005762,2026-10-22,Thu,BDT-F027,Air India,AI1702,DEL,20:50,AI1802,DEL,21:30,A320ceo,180,Domestic
OCC005763,2026-10-22,Thu,BDT-F028,Air India Express,IX1373,VGA,21:40,IX1373,BLR,22:10,B737-800,189,Domestic
OCC005764,2026-10-22,Thu,BDT-F029,IndiGo,6E2213,DEL,22:05,6E6631,DEL,22:45,A321neo,232,Domestic
OCC005765,2026-10-23,Fri,BDT-F002,IndiGo,6E6425,DEL,07:40,6E6426,DEL,08:20,A320neo,186,Domestic
OCC005766,2026-10-23,Fri,BDT-F003,IndiGo,6E557,MAA,07:50,6E845,MAA,08:30,A320ceo,186,Domestic
OCC005767,2026-10-23,Fri,BDT-F004,Air India Express,IX2837,HYD,08:20,IX2745,HYD,08:50,B737-800,189,Domestic
OCC005768,2026-10-23,Fri,BDT-F005,IndiGo,6E6408,HYD,08:25,6E915,HYD,08:55,A320neo,186,Domestic
OCC005769,2026-10-23,Fri,BDT-F006,IndiGo,6E1443,AUH,08:20,6E1444,AUH,09:50,A320neo,186,International
OCC005770,2026-10-23,Fri,BDT-F007,Alliance Air,I7105,PYB,09:25,I7205,PYB,09:40,Cessna 208B,9,Domestic
OCC005771,2026-10-23,Fri,BDT-F008,IndiGo,6E714,HYD,10:05,6E6294,HYD,10:40,A320ceo,186,Domestic
OCC005772,2026-10-23,Fri,BDT-F009,IndiGo,6E7128,VGA,10:30,6E7129,VGA,11:00,ATR 72-600,78,Domestic
OCC005773,2026-10-23,Fri,BDT-F010,IndiGo,6E6181,MAA,11:35,6E881,MAA,12:15,A320neo,186,Domestic
OCC005774,2026-10-23,Fri,BDT-F011,IndiGo,6E879,HYD,12:20,6E6645,HYD,13:00,A320neo,186,Domestic
OCC005775,2026-10-23,Fri,BDT-F013,IndiGo,6E7064,TIR,13:25,6E7063,TIR,13:50,ATR 72-600,78,Domestic
OCC005776,2026-10-23,Fri,BDT-F014,IndiGo,6E6336,BLR,14:10,6E5309,BLR,14:55,A321neo,232,Domestic
OCC005777,2026-10-23,Fri,BDT-F015,IndiGo,6E409,HYD,14:25,6E5247,BOM,15:05,A321neo,232,Domestic
OCC005778,2026-10-23,Fri,BDT-F016,IndiGo,6E504,HYD,15:45,6E783,HYD,16:25,A321neo,232,Domestic
OCC005779,2026-10-23,Fri,BDT-F017,Air India Express,IX2819,HYD,15:55,IX2744,HYD,16:35,B737-800,189,Domestic
OCC005780,2026-10-23,Fri,BDT-F018,Air India,AI419,DEL,16:05,AI420,DEL,16:45,A321neo,182,Domestic
OCC005781,2026-10-23,Fri,BDT-F019,IndiGo,6E2698,MAA,17:55,6E6089,MAA,18:35,A321neo,232,Domestic
OCC005782,2026-10-23,Fri,BDT-F020,IndiGo,6E7361,UNK,18:20,6E7362,BBI,18:50,ATR 72-600,78,Domestic
OCC005783,2026-10-23,Fri,BDT-F021,Air India Express,IX2023,BLR,18:30,IX1358,VGA,19:00,B737-800,189,Domestic
OCC005784,2026-10-23,Fri,BDT-F022,IndiGo,6E208,HYD,18:40,6E216,HYD,19:20,A321neo,232,Domestic
OCC005785,2026-10-23,Fri,BDT-F023,IndiGo,6E616,CCU,19:10,6E617,CCU,19:50,A321neo,232,Domestic
OCC005786,2026-10-23,Fri,BDT-F024,IndiGo,6E5248,NMI,20:00,6E883,HYD,20:40,A321neo,232,Domestic
OCC005787,2026-10-23,Fri,BDT-F025,IndiGo,6E969,BLR,20:30,6E2772,BLR,21:10,A321neo,232,Domestic
OCC005788,2026-10-23,Fri,BDT-F026,IndiGo,6E384,HYD,20:40,6E385,HYD,21:20,A320neo,186,Domestic
OCC005789,2026-10-23,Fri,BDT-F027,Air India,AI1702,DEL,20:50,AI1802,DEL,21:30,A320ceo,180,Domestic
OCC005790,2026-10-23,Fri,BDT-F028,Air India Express,IX1373,VGA,21:40,IX1373,BLR,22:10,B737-800,189,Domestic
OCC005791,2026-10-23,Fri,BDT-F029,IndiGo,6E2213,DEL,22:05,6E6631,DEL,22:45,A321neo,232,Domestic
OCC005792,2026-10-23,Fri,BDT-F030,Scoot,TR784,SIN,22:15,TR785,SIN,23:00,A320neo,186,International
OCC005793,2026-10-24,Sat,BDT-F001,Air India Express,IX2064,BLR,07:30,IX2065,BLR,08:00,B737-800,189,Domestic
OCC005794,2026-10-24,Sat,BDT-F002,IndiGo,6E6425,DEL,07:40,6E6426,DEL,08:20,A320neo,186,Domestic
OCC005795,2026-10-24,Sat,BDT-F003,IndiGo,6E557,MAA,07:50,6E845,MAA,08:30,A320ceo,186,Domestic
OCC005796,2026-10-24,Sat,BDT-F004,Air India Express,IX2837,HYD,08:20,IX2745,HYD,08:50,B737-800,189,Domestic
OCC005797,2026-10-24,Sat,BDT-F005,IndiGo,6E6408,HYD,08:25,6E915,HYD,08:55,A320neo,186,Domestic
OCC005798,2026-10-24,Sat,BDT-F007,Alliance Air,I7105,PYB,09:25,I7205,PYB,09:40,Cessna 208B,9,Domestic
OCC005799,2026-10-24,Sat,BDT-F008,IndiGo,6E714,HYD,10:05,6E6294,HYD,10:40,A320ceo,186,Domestic
OCC005800,2026-10-24,Sat,BDT-F009,IndiGo,6E7128,VGA,10:30,6E7129,VGA,11:00,ATR 72-600,78,Domestic
OCC005801,2026-10-24,Sat,BDT-F010,IndiGo,6E6181,MAA,11:35,6E881,MAA,12:15,A320neo,186,Domestic
OCC005802,2026-10-24,Sat,BDT-F011,IndiGo,6E879,HYD,12:20,6E6645,HYD,13:00,A320neo,186,Domestic
OCC005803,2026-10-24,Sat,BDT-F012,IndiGo,6E7176,KJB,13:20,6E7177,KJB,13:40,ATR 72-600,78,Domestic
OCC005804,2026-10-24,Sat,BDT-F013,IndiGo,6E7064,TIR,13:25,6E7063,TIR,13:50,ATR 72-600,78,Domestic
OCC005805,2026-10-24,Sat,BDT-F014,IndiGo,6E6336,BLR,14:10,6E5309,BLR,14:55,A321neo,232,Domestic
OCC005806,2026-10-24,Sat,BDT-F015,IndiGo,6E409,HYD,14:25,6E5247,BOM,15:05,A321neo,232,Domestic
OCC005807,2026-10-24,Sat,BDT-F016,IndiGo,6E504,HYD,15:45,6E783,HYD,16:25,A321neo,232,Domestic
OCC005808,2026-10-24,Sat,BDT-F017,Air India Express,IX2819,HYD,15:55,IX2744,HYD,16:35,B737-800,189,Domestic
OCC005809,2026-10-24,Sat,BDT-F018,Air India,AI419,DEL,16:05,AI420,DEL,16:45,A321neo,182,Domestic
OCC005810,2026-10-24,Sat,BDT-F019,IndiGo,6E2698,MAA,17:55,6E6089,MAA,18:35,A321neo,232,Domestic
OCC005811,2026-10-24,Sat,BDT-F021,Air India Express,IX2023,BLR,18:30,IX1358,VGA,19:00,B737-800,189,Domestic
OCC005812,2026-10-24,Sat,BDT-F022,IndiGo,6E208,HYD,18:40,6E216,HYD,19:20,A321neo,232,Domestic
OCC005813,2026-10-24,Sat,BDT-F023,IndiGo,6E616,CCU,19:10,6E617,CCU,19:50,A321neo,232,Domestic
OCC005814,2026-10-24,Sat,BDT-F024,IndiGo,6E5248,NMI,20:00,6E883,HYD,20:40,A321neo,232,Domestic
OCC005815,2026-10-24,Sat,BDT-F025,IndiGo,6E969,BLR,20:30,6E2772,BLR,21:10,A321neo,232,Domestic
OCC005816,2026-10-24,Sat,BDT-F026,IndiGo,6E384,HYD,20:40,6E385,HYD,21:20,A320neo,186,Domestic
OCC005817,2026-10-24,Sat,BDT-F027,Air India,AI1702,DEL,20:50,AI1802,DEL,21:30,A320ceo,180,Domestic
OCC005818,2026-10-24,Sat,BDT-F028,Air India Express,IX1373,VGA,21:40,IX1373,BLR,22:10,B737-800,189,Domestic
OCC005819,2026-10-24,Sat,BDT-F029,IndiGo,6E2213,DEL,22:05,6E6631,DEL,22:45,A321neo,232,Domestic
OCC005820,2026-10-24,Sat,BDT-F030,Scoot,TR784,SIN,22:15,TR785,SIN,23:00,A320neo,186,International
