timestamp,aircraft_on_ground
2026-03-29 07:40,1
2026-03-29 07:45,1
2026-03-29 07:50,2
2026-03-29 07:55,2
2026-03-29 08:00,2
2026-03-29 08:05,2
2026-03-29 08:10,2
2026-03-29 08:15,2
2026-03-29 08:20,4
2026-03-29 08:25,4
2026-03-29 08:30,4
2026-03-29 08:35,3
2026-03-29 08:40,3
2026-03-29 08:45,3
2026-03-29 08:50,3
2026-03-29 08:55,2
2026-03-29 09:00,1
2026-03-29 09:05,1
2026-03-29 09:10,1
2026-03-29 09:15,1
2026-03-29 09:20,1
2026-03-29 09:25,2
2026-03-29 09:30,2
2026-03-29 09:35,2
2026-03-29 09:40,2
2026-03-29 09:45,1
2026-03-29 09:50,1
2026-03-29 10:05,1
2026-03-29 10:10,1
2026-03-29 10:15,1
2026-03-29 10:20,1
2026-03-29 10:25,1
2026-03-29 10:30,2
2026-03-29 10:35,2
2026-03-29 10:40,2
2026-03-29 10:45,1
2026-03-29 10:50,1
2026-03-29 10:55,1
2026-03-29 11:00,1
2026-03-29 11:35,1
2026-03-29 11:40,1
2026-03-29 11:45,1
2026-03-29 11:50,1
2026-03-29 11:55,1
2026-03-29 12:00,1
2026-03-29 12:05,1
2026-03-29 12:10,1
2026-03-29 12:15,1
2026-03-29 12:20,1
2026-03-29 12:25,1
2026-03-29 12:30,1
2026-03-29 12:35,1
2026-03-29 12:40,1
2026-03-29 12:45,1
2026-03-29 12:50,1
2026-03-29 12:55,1
2026-03-29 13:00,1
2026-03-29 13:25,1
2026-03-29 13:30,1
2026-03-29 13:35,1
2026-03-29 13:40,1
2026-03-29 13:45,1
2026-03-29 13:50,1
2026-03-29 14:10,1
2026-03-29 14:15,1
2026-03-29 14:20,1
2026-03-29 14:25,2
2026-03-29 14:30,2
2026-03-29 14:35,2
2026-03-29 14:40,2
2026-03-29 14:45,2
2026-03-29 14:50,2
2026-03-29 14:55,2
2026-03-29 15:00,1
2026-03-29 15:05,1
2026-03-29 15:45,1
2026-03-29 15:50,1
2026-03-29 15:55,2
2026-03-29 16:00,2
2026-03-29 16:05,3
2026-03-29 16:10,3
2026-03-29 16:15,3
2026-03-29 16:20,3
2026-03-29 16:25,3
2026-03-29 16:30,2
2026-03-29 16:35,2
2026-03-29 16:40,1
2026-03-29 16:45,1
2026-03-29 17:55,1
2026-03-29 18:00,1
2026-03-29 18:05,1
2026-03-29 18:10,1
2026-03-29 18:15,1
2026-03-29 18:20,2
2026-03-29 18:25,2
2026-03-29 18:30,3
2026-03-29 18:35,3
2026-03-29 18:40,3
2026-03-29 18:45,3
2026-03-29 18:50,3
2026-03-29 18:55,2
2026-03-29 19:00,2
2026-03-29 19:05,1
2026-03-29 19:10,2
2026-03-29 19:15,2
2026-03-29 19:20,2
2026-03-29 19:25,1
2026-03-29 19:30,1
2026-03-29 19:35,1
2026-03-29 19:40,1
2026-03-29 19:45,1
2026-03-29 19:50,1
2026-03-29 20:00,1
2026-03-29 20:05,1
2026-03-29 20:10,1
2026-03-29 20:15,1
2026-03-29 20:20,1
2026-03-29 20:25,1
2026-03-29 20:30,2
2026-03-29 20:35,2
2026-03-29 20:40,3
2026-03-29 20:45,2
2026-03-29 20:50,3
2026-03-29 20:55,3
2026-03-29 21:00,3
2026-03-29 21:05,3
2026-03-29 21:10,3
2026-03-29 21:15,2
2026-03-29 21:20,2
2026-03-29 21:25,1
2026-03-29 21:30,1
2026-03-29 21:40,1
2026-03-29 21:45,1
2026-03-29 21:50,1
2026-03-29 21:55,1
2026-03-29 22:00,1
2026-03-29 22:05,2
2026-03-29 22:10,2
2026-03-29 22:15,1
2026-03-29 22:20,1
2026-03-29 22:25,1
2026-03-29 22:30,1
2026-03-29 22:35,1
2026-03-29 22:40,1
2026-03-29 22:45,1
2026-03-30 07:30,1
2026-03-30 07:35,1
2026-03-30 07:40,2
2026-03-30 07:45,2
2026-03-30 07:50,3
2026-03-30 07:55,3
2026-03-30 08:00,3
2026-03-30 08:05,2
2026-03-30 08:10,2
2026-03-30 08:15,2
2026-03-30 08:20,4
2026-03-30 08:25,4
2026-03-30 08:30,4
2026-03-30 08:35,3
2026-03-30 08:40,3
2026-03-30 08:45,3
2026-03-30 08:50,3
2026-03-30 08:55,2
2026-03-30 09:00,1
2026-03-30 09:05,1
2026-03-30 09:10,1
2026-03-30 09:15,1
2026-03-30 09:20,1
2026-03-30 09:25,2
2026-03-30 09:30,2
2026-03-30 09:35,2
2026-03-30 09:40,2
2026-03-30 09:45,1
2026-03-30 09:50,1
2026-03-30 10:05,1
2026-03-30 10:10,1
2026-03-30 10:15,1
2026-03-30 10:20,1
2026-03-30 10:25,1
2026-03-30 10:30,2
2026-03-30 10:35,2
2026-03-30 10:40,2
2026-03-30 10:45,1
2026-03-30 10:50,1
2026-03-30 10:55,1
2026-03-30 11:00,1
2026-03-30 11:35,1
2026-03-30 11:40,1
2026-03-30 11:45,1
2026-03-30 11:50,1
2026-03-30 11:55,1
2026-03-30 12:00,1
2026-03-30 12:05,1
2026-03-30 12:10,1
2026-03-30 12:15,1
2026-03-30 12:20,1
2026-03-30 12:25,1
2026-03-30 12:30,1
2026-03-30 12:35,1
2026-03-30 12:40,1
2026-03-30 12:45,1
2026-03-30 12:50,1
2026-03-30 12:55,1
2026-03-30 13:00,1
2026-03-30 13:25,1
2026-03-30 13:30,1
2026-03-30 13:35,1
2026-03-30 13:40,1
2026-03-30 13:45,1
2026-03-30 13:50,1
2026-03-30 14:10,1
2026-03-30 14:15,1
2026-03-30 14:20,1
2026-03-30 14:25,2
2026-03-30 14:30,2
2026-03-30 14:35,2
2026-03-30 14:40,2
2026-03-30 14:45,2
2026-03-30 14:50,2
2026-03-30 14:55,2
2026-03-30 15:00,1
2026-03-30 15:05,1
2026-03-30 15:45,1
2026-03-30 15:50,1
2026-03-30 15:55,2
2026-03-30 16:00,2
2026-03-30 16:05,3
2026-03-30 16:10,3
2026-03-30 16:15,3
2026-03-30 16:20,3
2026-03-30 16:25,3
2026-03-30 16:30,2
2026-03-30 16:35,2
2026-03-30 16:40,1
2026-03-30 16:45,1
2026-03-30 17:55,1
2026-03-30 18:00,1
2026-03-30 18:05,1
2026-03-30 18:10,1
2026-03-30 18:15,1
2026-03-30 18:20,2
2026-03-30 18:25,2
2026-03-30 18:30,3
2026-03-30 18:35,3
2026-03-30 18:40,3
2026-03-30 18:45,3
2026-03-30 18:50,3
2026-03-30 18:55,2
2026-03-30 19:00,2
2026-03-30 19:05,1
2026-03-30 19:10,2
2026-03-30 19:15,2
2026-03-30 19:20,2
2026-03-30 19:25,1
2026-03-30 19:30,1
2026-03-30 19:35,1
2026-03-30 19:40,1
2026-03-30 19:45,1
2026-03-30 19:50,1
2026-03-30 20:00,1
2026-03-30 20:05,1
2026-03-30 20:10,1
2026-03-30 20:15,1
2026-03-30 20:20,1
2026-03-30 20:25,1
2026-03-30 20:30,2
2026-03-30 20:35,2
2026-03-30 20:40,3
2026-03-30 20:45,2
2026-03-30 20:50,3
2026-03-30 20:55,3
2026-03-30 21:00,3
2026-03-30 21:05,3
2026-03-30 21:10,3
2026-03-30 21:15,2
2026-03-30 21:20,2
2026-03-30 21:25,1
2026-03-30 21:30,1
2026-03-30 21:40,1
2026-03-30 21:45,1
2026-03-30 21:50,1
2026-03-30 21:55,1
2026-03-30 22:00,1
2026-03-30 22:05,2
2026-03-30 22:10,2
2026-03-30 22:15,2
2026-03-30 22:20,2
2026-03-30 22:25,2
2026-03-30 22:30,2
2026-03-30 22:35,2
2026-03-30 22:40,2
2026-03-30 22:45,2
2026-03-30 22:50,1
2026-03-30 22:55,1
2026-03-30 23:00,1
2026-03-31 07:30,1
2026-03-31 07:35,1
2026-03-31 07:40,2
2026-03-31 07:45,2
2026-03-31 07:50,3
2026-03-31 07:55,3
2026-03-31 08:00,3
2026-03-31 08:05,2
2026-03-31 08:10,2
2026-03-31 08:15,2
2026-03-31 08:20,3
2026-03-31 08:25,3
2026-03-31 08:30,3
2026-03-31 08:35,2
2026-03-31 08:40,2
2026-03-31 08:45,2
2026-03-31 08:50,2
2026-03-31 08:55,1
2026-03-31 09:25,1
2026-03-31 09:30,1
2026-03-31 09:35,1
2026-03-31 09:40,1
2026-03-31 10:05,1
2026-03-31 10:10,1
2026-03-31 10:15,1
2026-03-31 10:20,1
2026-03-31 10:25,1
2026-03-31 10:30,2
2026-03-31 10:35,2
2026-03-31 10:40,2
2026-03-31 10:45,1
2026-03-31 10:50,1
2026-03-31 10:55,1
2026-03-31 11:00,1
2026-03-31 11:35,1
2026-03-31 11:40,1
2026-03-31 11:45,1
2026-03-31 11:50,1
2026-03-31 11:55,1
2026-03-31 12:00,1
2026-03-31 12:05,1
2026-03-31 12:10,1
2026-03-31 12:15,1
2026-03-31 12:20,1
2026-03-31 12:25,1
2026-03-31 12:30,1
2026-03-31 12:35,1
2026-03-31 12:40,1
2026-03-31 12:45,1
2026-03-31 12:50,1
2026-03-31 12:55,1
2026-03-31 13:00,1
2026-03-31 13:20,1
2026-03-31 13:25,2
2026-03-31 13:30,2
2026-03-31 13:35,2
2026-03-31 13:40,2
2026-03-31 13:45,1
2026-03-31 13:50,1
2026-03-31 14:10,1
2026-03-31 14:15,1
2026-03-31 14:20,1
2026-03-31 14:25,2
2026-03-31 14:30,2
2026-03-31 14:35,2
2026-03-31 14:40,2
2026-03-31 14:45,2
2026-03-31 14:50,2
2026-03-31 14:55,2
2026-03-31 15:00,1
2026-03-31 15:05,1
2026-03-31 15:45,1
2026-03-31 15:50,1
2026-03-31 15:55,2
2026-03-31 16:00,2
2026-03-31 16:05,3
2026-03-31 16:10,3
2026-03-31 16:15,3
2026-03-31 16:20,3
2026-03-31 16:25,3
2026-03-31 16:30,2
2026-03-31 16:35,2
2026-03-31 16:40,1
2026-03-31 16:45,1
2026-03-31 17:55,1
2026-03-31 18:00,1
2026-03-31 18:05,1
2026-03-31 18:10,1
2026-03-31 18:15,1
2026-03-31 18:20,1
2026-03-31 18:25,1
2026-03-31 18:30,2
2026-03-31 18:35,2
2026-03-31 18:40,2
2026-03-31 18:45,2
2026-03-31 18:50,2
2026-03-31 18:55,2
2026-03-31 19:00,2
2026-03-31 19:05,1
2026-03-31 19:10,2
2026-03-31 19:15,2
2026-03-31 19:20,2
2026-03-31 19:25,1
2026-03-31 19:30,1
2026-03-31 19:35,1
2026-03-31 19:40,1
2026-03-31 19:45,1
2026-03-31 19:50,1
2026-03-31 20:00,1
2026-03-31 20:05,1
2026-03-31 20:10,1
2026-03-31 20:15,1
2026-03-31 20:20,1
2026-03-31 20:25,1
2026-03-31 20:30,2
2026-03-31 20:35,2
2026-03-31 20:40,3
2026-03-31 20:45,2
2026-03-31 20:50,3
2026-03-31 20:55,3
2026-03-31 21:00,3
2026-03-31 21:05,3
2026-03-31 21:10,3
2026-03-31 21:15,2
2026-03-31 21:20,2
2026-03-31 21:25,1
2026-03-31 21:30,1
2026-03-31 21:40,1
2026-03-31 21:45,1
2026-03-31 21:50,1
2026-03-31 21:55,1
2026-03-31 22:00,1
2026-03-31 22:05,2
2026-03-31 22:10,2
2026-03-31 22:15,1
2026-03-31 22:20,1
2026-03-31 22:25,1
2026-03-31 22:30,1
2026-03-31 22:35,1
2026-03-31 22:40,1
2026-03-31 22:45,1
2026-04-01 07:40,1
2026-04-01 07:45,1
2026-04-01 07:50,2
2026-04-01 07:55,2
2026-04-01 08:00,2
2026-04-01 08:05,2
2026-04-01 08:10,2
2026-04-01 08:15,2
2026-04-01 08:20,4
2026-04-01 08:25,4
2026-04-01 08:30,4
2026-04-01 08:35,3
2026-04-01 08:40,3
2026-04-01 08:45,3
2026-04-01 08:50,3
2026-04-01 08:55,2
2026-04-01 09:00,1
2026-04-01 09:05,1
2026-04-01 09:10,1
2026-04-01 09:15,1
2026-04-01 09:20,1
2026-04-01 09:25,2
2026-04-01 09:30,2
2026-04-01 09:35,2
2026-04-01 09:40,2
2026-04-01 09:45,1
2026-04-01 09:50,1
2026-04-01 10:05,1
2026-04-01 10:10,1
2026-04-01 10:15,1
2026-04-01 10:20,1
2026-04-01 10:25,1
2026-04-01 10:30,2
2026-04-01 10:35,2
2026-04-01 10:40,2
2026-04-01 10:45,1
2026-04-01 10:50,1
2026-04-01 10:55,1
2026-04-01 11:00,1
2026-04-01 11:35,1
2026-04-01 11:40,1
2026-04-01 11:45,1
2026-04-01 11:50,1
2026-04-01 11:55,1
2026-04-01 12:00,1
2026-04-01 12:05,1
2026-04-01 12:10,1
2026-04-01 12:15,1
2026-04-01 12:20,1
2026-04-01 12:25,1
2026-04-01 12:30,1
2026-04-01 12:35,1
2026-04-01 12:40,1
2026-04-01 12:45,1
2026-04-01 12:50,1
2026-04-01 12:55,1
2026-04-01 13:00,1
2026-04-01 13:25,1
2026-04-01 13:30,1
2026-04-01 13:35,1
2026-04-01 13:40,1
2026-04-01 13:45,1
2026-04-01 13:50,1
2026-04-01 14:10,1
2026-04-01 14:15,1
2026-04-01 14:20,1
2026-04-01 14:25,2
2026-04-01 14:30,2
2026-04-01 14:35,2
2026-04-01 14:40,2
2026-04-01 14:45,2
2026-04-01 14:50,2
2026-04-01 14:55,2
2026-04-01 15:00,1
2026-04-01 15:05,1
2026-04-01 15:45,1
2026-04-01 15:50,1
2026-04-01 15:55,2
2026-04-01 16:00,2
2026-04-01 16:05,3
2026-04-01 16:10,3
2026-04-01 16:15,3
2026-04-01 16:20,3
2026-04-01 16:25,3
2026-04-01 16:30,2
2026-04-01 16:35,2
2026-04-01 16:40,1
2026-04-01 16:45,1
2026-04-01 17:55,1
2026-04-01 18:00,1
2026-04-01 18:05,1
2026-04-01 18:10,1
2026-04-01 18:15,1
2026-04-01 18:20,2
2026-04-01 18:25,2
2026-04-01 18:30,3
2026-04-01 18:35,3
2026-04-01 18:40,3
2026-04-01 18:45,3
2026-04-01 18:50,3
2026-04-01 18:55,2
2026-04-01 19:00,2
2026-04-01 19:05,1
2026-04-01 19:10,2
2026-04-01 19:15,2
2026-04-01 19:20,2
2026-04-01 19:25,1
2026-04-01 19:30,1
2026-04-01 19:35,1
2026-04-01 19:40,1
2026-04-01 19:45,1
2026-04-01 19:50,1
2026-04-01 20:00,1
2026-04-01 20:05,1
2026-04-01 20:10,1
2026-04-01 20:15,1
2026-04-01 20:20,1
2026-04-01 20:25,1
2026-04-01 20:30,2
2026-04-01 20:35,2
2026-04-01 20:40,3
2026-04-01 20:45,2
2026-04-01 20:50,3
2026-04-01 20:55,3
2026-04-01 21:00,3
2026-04-01 21:05,3
2026-04-01 21:10,3
2026-04-01 21:15,2
2026-04-01 21:20,2
2026-04-01 21:25,1
2026-04-01 21:30,1
2026-04-01 21:40,1
2026-04-01 21:45,1
2026-04-01 21:50,1
2026-04-01 21:55,1
2026-04-01 22:00,1
2026-04-01 22:05,2
2026-04-01 22:10,2
2026-04-01 22:15,2
2026-04-01 22:20,2
2026-04-01 22:25,2
2026-04-01 22:30,2
2026-04-01 22:35,2
2026-04-01 22:40,2
2026-04-01 22:45,2
2026-04-01 22:50,1
2026-04-01 22:55,1
2026-04-01 23:00,1
2026-04-02 07:30,1
2026-04-02 07:35,1
2026-04-02 07:40,2
2026-04-02 07:45,2
2026-04-02 07:50,3
2026-04-02 07:55,3
2026-04-02 08:00,3
2026-04-02 08:05,2
2026-04-02 08:10,2
2026-04-02 08:15,2
2026-04-02 08:20,3
2026-04-02 08:25,3
2026-04-02 08:30,3
2026-04-02 08:35,2
2026-04-02 08:40,2
2026-04-02 08:45,2
2026-04-02 08:50,2
2026-04-02 08:55,1
2026-04-02 09:25,1
2026-04-02 09:30,1
2026-04-02 09:35,1
2026-04-02 09:40,1
2026-04-02 10:05,1
2026-04-02 10:10,1
2026-04-02 10:15,1
2026-04-02 10:20,1
2026-04-02 10:25,1
2026-04-02 10:30,2
2026-04-02 10:35,2
2026-04-02 10:40,2
2026-04-02 10:45,1
2026-04-02 10:50,1
2026-04-02 10:55,1
2026-04-02 11:00,1
2026-04-02 11:35,1
2026-04-02 11:40,1
2026-04-02 11:45,1
2026-04-02 11:50,1
2026-04-02 11:55,1
2026-04-02 12:00,1
2026-04-02 12:05,1
2026-04-02 12:10,1
2026-04-02 12:15,1
2026-04-02 12:20,1
2026-04-02 12:25,1
2026-04-02 12:30,1
2026-04-02 12:35,1
2026-04-02 12:40,1
2026-04-02 12:45,1
2026-04-02 12:50,1
2026-04-02 12:55,1
2026-04-02 13:00,1
2026-04-02 13:20,1
2026-04-02 13:25,2
2026-04-02 13:30,2
2026-04-02 13:35,2
2026-04-02 13:40,2
2026-04-02 13:45,1
2026-04-02 13:50,1
2026-04-02 14:10,1
2026-04-02 14:15,1
2026-04-02 14:20,1
2026-04-02 14:25,2
2026-04-02 14:30,2
2026-04-02 14:35,2
2026-04-02 14:40,2
2026-04-02 14:45,2
2026-04-02 14:50,2
2026-04-02 14:55,2
2026-04-02 15:00,1
2026-04-02 15:05,1
2026-04-02 15:45,1
2026-04-02 15:50,1
2026-04-02 15:55,2
2026-04-02 16:00,2
2026-04-02 16:05,3
2026-04-02 16:10,3
2026-04-02 16:15,3
2026-04-02 16:20,3
2026-04-02 16:25,3
2026-04-02 16:30,2
2026-04-02 16:35,2
2026-04-02 16:40,1
2026-04-02 16:45,1
2026-04-02 17:55,1
2026-04-02 18:00,1
2026-04-02 18:05,1
2026-04-02 18:10,1
2026-04-02 18:15,1
2026-04-02 18:20,1
2026-04-02 18:25,1
2026-04-02 18:30,2
2026-04-02 18:35,2
2026-04-02 18:40,2
2026-04-02 18:45,2
2026-04-02 18:50,2
2026-04-02 18:55,2
2026-04-02 19:00,2
2026-04-02 19:05,1
2026-04-02 19:10,2
2026-04-02 19:15,2
2026-04-02 19:20,2
2026-04-02 19:25,1
2026-04-02 19:30,1
2026-04-02 19:35,1
2026-04-02 19:40,1
2026-04-02 19:45,1
2026-04-02 19:50,1
2026-04-02 20:00,1
2026-04-02 20:05,1
2026-04-02 20:10,1
2026-04-02 20:15,1
2026-04-02 20:20,1
2026-04-02 20:25,1
2026-04-02 20:30,2
2026-04-02 20:35,2
2026-04-02 20:40,3
2026-04-02 20:45,2
2026-04-02 20:50,3
2026-04-02 20:55,3
2026-04-02 21:00,3
2026-04-02 21:05,3
2026-04-02 21:10,3
2026-04-02 21:15,2
2026-04-02 21:20,2
2026-04-02 21:25,1
2026-04-02 21:30,1
2026-04-02 21:40,1
2026-04-02 21:45,1
2026-04-02 21:50,1
2026-04-02 21:55,1
2026-04-02 22:00,1
2026-04-02 22:05,2
2026-04-02 22:10,2
2026-04-02 22:15,1
2026-04-02 22:20,1
2026-04-02 22:25,1
2026-04-02 22:30,1
2026-04-02 22:35,1
2026-04-02 22:40,1
2026-04-02 22:45,1
2026-04-03 07:40,1
2026-04-03 07:45,1
2026-04-03 07:50,2
2026-04-03 07:55,2
2026-04-03 08:00,2
2026-04-03 08:05,2
2026-04-03 08:10,2
2026-04-03 08:15,2
2026-04-03 08:20,4
2026-04-03 08:25,4
2026-04-03 08:30,4
2026-04-03 08:35,3
2026-04-03 08:40,3
2026-04-03 08:45,3
2026-04-03 08:50,3
2026-04-03 08:55,2
2026-04-03 09:00,1
2026-04-03 09:05,1
2026-04-03 09:10,1
2026-04-03 09:15,1
2026-04-03 09:20,1
2026-04-03 09:25,2
2026-04-03 09:30,2
2026-04-03 09:35,2
2026-04-03 09:40,2
2026-04-03 09:45,1
2026-04-03 09:50,1
2026-04-03 10:05,1
2026-04-03 10:10,1
2026-04-03 10:15,1
2026-04-03 10:20,1
2026-04-03 10:25,1
2026-04-03 10:30,2
2026-04-03 10:35,2
2026-04-03 10:40,2
2026-04-03 10:45,1
2026-04-03 10:50,1
2026-04-03 10:55,1
2026-04-03 11:00,1
2026-04-03 11:35,1
2026-04-03 11:40,1
2026-04-03 11:45,1
2026-04-03 11:50,1
2026-04-03 11:55,1
2026-04-03 12:00,1
2026-04-03 12:05,1
2026-04-03 12:10,1
2026-04-03 12:15,1
2026-04-03 12:20,1
2026-04-03 12:25,1
2026-04-03 12:30,1
2026-04-03 12:35,1
2026-04-03 12:40,1
2026-04-03 12:45,1
2026-04-03 12:50,1
2026-04-03 12:55,1
2026-04-03 13:00,1
2026-04-03 13:25,1
2026-04-03 13:30,1
2026-04-03 13:35,1
2026-04-03 13:40,1
2026-04-03 13:45,1
2026-04-03 13:50,1
2026-04-03 14:10,1
2026-04-03 14:15,1
2026-04-03 14:20,1
2026-04-03 14:25,2
2026-04-03 14:30,2
2026-04-03 14:35,2
2026-04-03 14:40,2
2026-04-03 14:45,2
2026-04-03 14:50,2
2026-04-03 14:55,2
2026-04-03 15:00,1
2026-04-03 15:05,1
2026-04-03 15:45,1
2026-04-03 15:50,1
2026-04-03 15:55,2
2026-04-03 16:00,2
2026-04-03 16:05,3
2026-04-03 16:10,3
2026-04-03 16:15,3
2026-04-03 16:20,3
2026-04-03 16:25,3
2026-04-03 16:30,2
2026-04-03 16:35,2
2026-04-03 16:40,1
2026-04-03 16:45,1
2026-04-03 17:55,1
2026-04-03 18:00,1
2026-04-03 18:05,1
2026-04-03 18:10,1
2026-04-03 18:15,1
2026-04-03 18:20,2
2026-04-03 18:25,2
2026-04-03 18:30,3
2026-04-03 18:35,3
2026-04-03 18:40,3
2026-04-03 18:45,3
2026-04-03 18:50,3
2026-04-03 18:55,2
2026-04-03 19:00,2
2026-04-03 19:05,1
2026-04-03 19:10,2
2026-04-03 19:15,2
2026-04-03 19:20,2
2026-04-03 19:25,1
2026-04-03 19:30,1
2026-04-03 19:35,1
2026-04-03 19:40,1
2026-04-03 19:45,1
2026-04-03 19:50,1
2026-04-03 20:00,1
2026-04-03 20:05,1
2026-04-03 20:10,1
2026-04-03 20:15,1
2026-04-03 20:20,1
2026-04-03 20:25,1
2026-04-03 20:30,2
2026-04-03 20:35,2
2026-04-03 20:40,3
2026-04-03 20:45,2
2026-04-03 20:50,3
2026-04-03 20:55,3
2026-04-03 21:00,3
2026-04-03 21:05,3
2026-04-03 21:10,3
2026-04-03 21:15,2
2026-04-03 21:20,2
2026-04-03 21:25,1
2026-04-03 21:30,1
2026-04-03 21:40,1
2026-04-03 21:45,1
2026-04-03 21:50,1
2026-04-03 21:55,1
2026-04-03 22:00,1
2026-04-03 22:05,2
2026-04-03 22:10,2
2026-04-03 22:15,2
2026-04-03 22:20,2
2026-04-03 22:25,2
2026-04-03 22:30,2
2026-04-03 22:35,2
2026-04-03 22:40,2
2026-04-03 22:45,2
2026-04-03 22:50,1
2026-04-03 22:55,1
2026-04-03 23:00,1
2026-04-04 07:30,1
2026-04-04 07:35,1
2026-04-04 07:40,2
2026-04-04 07:45,2
2026-04-04 07:50,3
2026-04-04 07:55,3
2026-04-04 08:00,3
2026-04-04 08:05,2
2026-04-04 08:10,2
2026-04-04 08:15,2
2026-04-04 08:20,3
2026-04-04 08:25,3
2026-04-04 08:30,3
2026-04-04 08:35,2
2026-04-04 08:40,2
2026-04-04 08:45,2
2026-04-04 08:50,2
2026-04-04 08:55,1
2026-04-04 09:25,1
2026-04-04 09:30,1
2026-04-04 09:35,1
2026-04-04 09:40,1
2026-04-04 10:05,1
2026-04-04 10:10,1
2026-04-04 10:15,1
2026-04-04 10:20,1
2026-04-04 10:25,1
2026-04-04 10:30,2
2026-04-04 10:35,2
2026-04-04 10:40,2
2026-04-04 10:45,1
2026-04-04 10:50,1
2026-04-04 10:55,1
2026-04-04 11:00,1
2026-04-04 11:35,1
2026-04-04 11:40,1
2026-04-04 11:45,1
2026-04-04 11:50,1
2026-04-04 11:55,1
2026-04-04 12:00,1
2026-04-04 12:05,1
2026-04-04 12:10,1
2026-04-04 12:15,1
2026-04-04 12:20,1
2026-04-04 12:25,1
2026-04-04 12:30,1
2026-04-04 12:35,1
2026-04-04 12:40,1
2026-04-04 12:45,1
2026-04-04 12:50,1
2026-04-04 12:55,1
2026-04-04 13:00,1
2026-04-04 13:20,1
2026-04-04 13:25,2
2026-04-04 13:30,2
2026-04-04 13:35,2
2026-04-04 13:40,2
2026-04-04 13:45,1
2026-04-04 13:50,1
2026-04-04 14:10,1
2026-04-04 14:15,1
2026-04-04 14:20,1
2026-04-04 14:25,2
2026-04-04 14:30,2
2026-04-04 14:35,2
2026-04-04 14:40,2
2026-04-04 14:45,2
2026-04-04 14:50,2
2026-04-04 14:55,2
2026-04-04 15:00,1
2026-04-04 15:05,1
2026-04-04 15:45,1
2026-04-04 15:50,1
2026-04-04 15:55,2
2026-04-04 16:00,2
2026-04-04 16:05,3
2026-04-04 16:10,3
2026-04-04 16:15,3
2026-04-04 16:20,3
2026-04-04 16:25,3
2026-04-04 16:30,2
2026-04-04 16:35,2
2026-04-04 16:40,1
2026-04-04 16:45,1
2026-04-04 17:55,1
2026-04-04 18:00,1
2026-04-04 18:05,1
2026-04-04 18:10,1
2026-04-04 18:15,1
2026-04-04 18:20,1
2026-04-04 18:25,1
2026-04-04 18:30,2
2026-04-04 18:35,2
2026-04-04 18:40,2
2026-04-04 18:45,2
2026-04-04 18:50,2
2026-04-04 18:55,2
2026-04-04 19:00,2
2026-04-04 19:05,1
2026-04-04 19:10,2
2026-04-04 19:15,2
2026-04-04 19:20,2
2026-04-04 19:25,1
2026-04-04 19:30,1
2026-04-04 19:35,1
2026-04-04 19:40,1
2026-04-04 19:45,1
2026-04-04 19:50,1
2026-04-04 20:00,1
2026-04-04 20:05,1
2026-04-04 20:10,1
2026-04-04 20:15,1
2026-04-04 20:20,1
2026-04-04 20:25,1
2026-04-04 20:30,2
2026-04-04 20:35,2
2026-04-04 20:40,3
2026-04-04 20:45,2
2026-04-04 20:50,3
2026-04-04 20:55,3
2026-04-04 21:00,3
2026-04-04 21:05,3
2026-04-04 21:10,3
2026-04-04 21:15,2
2026-04-04 21:20,2
2026-04-04 21:25,1
2026-04-04 21:30,1
2026-04-04 21:40,1
2026-04-04 21:45,1
2026-04-04 21:50,1
2026-04-04 21:55,1
2026-04-04 22:00,1
2026-04-04 22:05,2
2026-04-04 22:10,2
2026-04-04 22:15,2
2026-04-04 22:20,2
2026-04-04 22:25,2
2026-04-04 22:30,2
2026-04-04 22:35,2
2026-04-04 22:40,2
2026-04-04 22:45,2
2026-04-04 22:50,1
2026-04-04 22:55,1
2026-04-04 23:00,1
2026-04-05 07:40,1
2026-04-05 07:45,1
2026-04-05 07:50,2
2026-04-05 07:55,2
2026-04-05 08:00,2
2026-04-05 08:05,2
2026-04-05 08:10,2
2026-04-05 08:15,2
2026-04-05 08:20,4
2026-04-05 08:25,4
2026-04-05 08:30,4
2026-04-05 08:35,3
2026-04-05 08:40,3
2026-04-05 08:45,3
2026-04-05 08:50,3
2026-04-05 08:55,2
2026-04-05 09:00,1
2026-04-05 09:05,1
2026-04-05 09:10,1
2026-04-05 09:15,1
2026-04-05 09:20,1
2026-04-05 09:25,2
2026-04-05 09:30,2
2026-04-05 09:35,2
2026-04-05 09:40,2
2026-04-05 09:45,1
2026-04-05 09:50,1
2026-04-05 10:05,1
2026-04-05 10:10,1
2026-04-05 10:15,1
2026-04-05 10:20,1
2026-04-05 10:25,1
2026-04-05 10:30,2
2026-04-05 10:35,2
2026-04-05 10:40,2
2026-04-05 10:45,1
2026-04-05 10:50,1
2026-04-05 10:55,1
2026-04-05 11:00,1
2026-04-05 11:35,1
2026-04-05 11:40,1
2026-04-05 11:45,1
2026-04-05 11:50,1
2026-04-05 11:55,1
2026-04-05 12:00,1
2026-04-05 12:05,1
2026-04-05 12:10,1
2026-04-05 12:15,1
2026-04-05 12:20,1
2026-04-05 12:25,1
2026-04-05 12:30,1
2026-04-05 12:35,1
2026-04-05 12:40,1
2026-04-05 12:45,1
2026-04-05 12:50,1
2026-04-05 12:55,1
2026-04-05 13:00,1
2026-04-05 13:25,1
2026-04-05 13:30,1
2026-04-05 13:35,1
2026-04-05 13:40,1
2026-04-05 13:45,1
2026-04-05 13:50,1
2026-04-05 14:10,1
2026-04-05 14:15,1
2026-04-05 14:20,1
2026-04-05 14:25,2
2026-04-05 14:30,2
2026-04-05 14:35,2
2026-04-05 14:40,2
2026-04-05 14:45,2
2026-04-05 14:50,2
2026-04-05 14:55,2
2026-04-05 15:00,1
2026-04-05 15:05,1
2026-04-05 15:45,1
2026-04-05 15:50,1
2026-04-05 15:55,2
2026-04-05 16:00,2
2026-04-05 16:05,3
2026-04-05 16:10,3
2026-04-05 16:15,3
2026-04-05 16:20,3
2026-04-05 16:25,3
2026-04-05 16:30,2
2026-04-05 16:35,2
2026-04-05 16:40,1
2026-04-05 16:45,1
2026-04-05 17:55,1
2026-04-05 18:00,1
2026-04-05 18:05,1
2026-04-05 18:10,1
2026-04-05 18:15,1
2026-04-05 18:20,2
2026-04-05 18:25,2
2026-04-05 18:30,3
2026-04-05 18:35,3
2026-04-05 18:40,3
2026-04-05 18:45,3
2026-04-05 18:50,3
2026-04-05 18:55,2
2026-04-05 19:00,2
2026-04-05 19:05,1
2026-04-05 19:10,2
2026-04-05 19:15,2
2026-04-05 19:20,2
2026-04-05 19:25,1
2026-04-05 19:30,1
2026-04-05 19:35,1
2026-04-05 19:40,1
2026-04-05 19:45,1
2026-04-05 19:50,1
2026-04-05 20:00,1
2026-04-05 20:05,1
2026-04-05 20:10,1
2026-04-05 20:15,1
2026-04-05 20:20,1
2026-04-05 20:25,1
2026-04-05 20:30,2
2026-04-05 20:35,2
2026-04-05 20:40,3
2026-04-05 20:45,2
2026-04-05 20:50,3
2026-04-05 20:55,3
2026-04-05 21:00,3
2026-04-05 21:05,3
2026-04-05 21:10,3
2026-04-05 21:15,2
2026-04-05 21:20,2
2026-04-05 21:25,1
2026-04-05 21:30,1
2026-04-05 21:40,1
2026-04-05 21:45,1
2026-04-05 21:50,1
2026-04-05 21:55,1
2026-04-05 22:00,1
2026-04-05 22:05,2
2026-04-05 22:10,2
2026-04-05 22:15,1
2026-04-05 22:20,1
2026-04-05 22:25,1
2026-04-05 22:30,1
2026-04-05 22:35,1
2026-04-05 22:40,1
2026-04-05 22:45,1
2026-04-06 07:30,1
2026-04-06 07:35,1
2026-04-06 07:40,2
2026-04-06 07:45,2
2026-04-06 07:50,3
2026-04-06 07:55,3
2026-04-06 08:00,3
2026-04-06 08:05,2
2026-04-06 08:10,2
2026-04-06 08:15,2
2026-04-06 08:20,4
2026-04-06 08:25,4
2026-04-06 08:30,4
2026-04-06 08:35,3
2026-04-06 08:40,3
2026-04-06 08:45,3
2026-04-06 08:50,3
2026-04-06 08:55,2
2026-04-06 09:00,1
2026-04-06 09:05,1
2026-04-06 09:10,1
2026-04-06 09:15,1
2026-04-06 09:20,1
2026-04-06 09:25,2
2026-04-06 09:30,2
2026-04-06 09:35,2
2026-04-06 09:40,2
2026-04-06 09:45,1
2026-04-06 09:50,1
2026-04-06 10:05,1
2026-04-06 10:10,1
2026-04-06 10:15,1
2026-04-06 10:20,1
2026-04-06 10:25,1
2026-04-06 10:30,2
2026-04-06 10:35,2
2026-04-06 10:40,2
2026-04-06 10:45,1
2026-04-06 10:50,1
2026-04-06 10:55,1
2026-04-06 11:00,1
2026-04-06 11:35,1
2026-04-06 11:40,1
2026-04-06 11:45,1
2026-04-06 11:50,1
2026-04-06 11:55,1
2026-04-06 12:00,1
2026-04-06 12:05,1
2026-04-06 12:10,1
2026-04-06 12:15,1
2026-04-06 12:20,1
2026-04-06 12:25,1
2026-04-06 12:30,1
2026-04-06 12:35,1
2026-04-06 12:40,1
2026-04-06 12:45,1
2026-04-06 12:50,1
2026-04-06 12:55,1
2026-04-06 13:00,1
2026-04-06 13:25,1
2026-04-06 13:30,1
2026-04-06 13:35,1
2026-04-06 13:40,1
2026-04-06 13:45,1
2026-04-06 13:50,1
2026-04-06 14:10,1
2026-04-06 14:15,1
2026-04-06 14:20,1
2026-04-06 14:25,2
2026-04-06 14:30,2
2026-04-06 14:35,2
2026-04-06 14:40,2
2026-04-06 14:45,2
2026-04-06 14:50,2
2026-04-06 14:55,2
2026-04-06 15:00,1
2026-04-06 15:05,1
2026-04-06 15:45,1
2026-04-06 15:50,1
2026-04-06 15:55,2
2026-04-06 16:00,2
2026-04-06 16:05,3
2026-04-06 16:10,3
2026-04-06 16:15,3
2026-04-06 16:20,3
2026-04-06 16:25,3
2026-04-06 16:30,2
2026-04-06 16:35,2
2026-04-06 16:40,1
2026-04-06 16:45,1
2026-04-06 17:55,1
2026-04-06 18:00,1
2026-04-06 18:05,1
2026-04-06 18:10,1
2026-04-06 18:15,1
2026-04-06 18:20,2
2026-04-06 18:25,2
2026-04-06 18:30,3
2026-04-06 18:35,3
2026-04-06 18:40,3
2026-04-06 18:45,3
2026-04-06 18:50,3
2026-04-06 18:55,2
2026-04-06 19:00,2
2026-04-06 19:05,1
2026-04-06 19:10,2
2026-04-06 19:15,2
2026-04-06 19:20,2
2026-04-06 19:25,1
2026-04-06 19:30,1
2026-04-06 19:35,1
2026-04-06 19:40,1
2026-04-06 19:45,1
2026-04-06 19:50,1
2026-04-06 20:00,1
2026-04-06 20:05,1
2026-04-06 20:10,1
2026-04-06 20:15,1
2026-04-06 20:20,1
2026-04-06 20:25,1
2026-04-06 20:30,2
2026-04-06 20:35,2
2026-04-06 20:40,3
2026-04-06 20:45,2
2026-04-06 20:50,3
2026-04-06 20:55,3
2026-04-06 21:00,3
2026-04-06 21:05,3
2026-04-06 21:10,3
2026-04-06 21:15,2
2026-04-06 21:20,2
2026-04-06 21:25,1
2026-04-06 21:30,1
2026-04-06 21:40,1
2026-04-06 21:45,1
2026-04-06 21:50,1
2026-04-06 21:55,1
2026-04-06 22:00,1
2026-04-06 22:05,2
2026-04-06 22:10,2
2026-04-06 22:15,2
2026-04-06 22:20,2
2026-04-06 22:25,2
2026-04-06 22:30,2
2026-04-06 22:35,2
2026-04-06 22:40,2
2026-04-06 22:45,2
2026-04-06 22:50,1
2026-04-06 22:55,1
2026-04-06 23:00,1
2026-04-07 07:30,1
2026-04-07 07:35,1
2026-04-07 07:40,2
2026-04-07 07:45,2
2026-04-07 07:50,3
2026-04-07 07:55,3
2026-04-07 08:00,3
2026-04-07 08:05,2
2026-04-07 08:10,2
2026-04-07 08:15,2
2026-04-07 08:20,3
2026-04-07 08:25,3
2026-04-07 08:30,3
2026-04-07 08:35,2
2026-04-07 08:40,2
2026-04-07 08:45,2
2026-04-07 08:50,2
2026-04-07 08:55,1
2026-04-07 09:25,1
2026-04-07 09:30,1
2026-04-07 09:35,1
2026-04-07 09:40,1
2026-04-07 10:05,1
2026-04-07 10:10,1
2026-04-07 10:15,1
2026-04-07 10:20,1
2026-04-07 10:25,1
2026-04-07 10:30,2
2026-04-07 10:35,2
2026-04-07 10:40,2
2026-04-07 10:45,1
2026-04-07 10:50,1
2026-04-07 10:55,1
2026-04-07 11:00,1
2026-04-07 11:35,1
2026-04-07 11:40,1
2026-04-07 11:45,1
2026-04-07 11:50,1
2026-04-07 11:55,1
2026-04-07 12:00,1
2026-04-07 12:05,1
2026-04-07 12:10,1
2026-04-07 12:15,1
2026-04-07 12:20,1
2026-04-07 12:25,1
2026-04-07 12:30,1
2026-04-07 12:35,1
2026-04-07 12:40,1
2026-04-07 12:45,1
2026-04-07 12:50,1
2026-04-07 12:55,1
2026-04-07 13:00,1
2026-04-07 13:20,1
2026-04-07 13:25,2
2026-04-07 13:30,2
2026-04-07 13:35,2
2026-04-07 13:40,2
2026-04-07 13:45,1
2026-04-07 13:50,1
2026-04-07 14:10,1
2026-04-07 14:15,1
2026-04-07 14:20,1
2026-04-07 14:25,2
2026-04-07 14:30,2
2026-04-07 14:35,2
2026-04-07 14:40,2
2026-04-07 14:45,2
2026-04-07 14:50,2
2026-04-07 14:55,2
2026-04-07 15:00,1
2026-04-07 15:05,1
2026-04-07 15:45,1
2026-04-07 15:50,1
2026-04-07 15:55,2
2026-04-07 16:00,2
2026-04-07 16:05,3
2026-04-07 16:10,3
2026-04-07 16:15,3
2026-04-07 16:20,3
2026-04-07 16:25,3
2026-04-07 16:30,2
2026-04-07 16:35,2
2026-04-07 16:40,1
2026-04-07 16:45,1
2026-04-07 17:55,1
2026-04-07 18:00,1
2026-04-07 18:05,1
2026-04-07 18:10,1
2026-04-07 18:15,1
2026-04-07 18:20,1
2026-04-07 18:25,1
2026-04-07 18:30,2
2026-04-07 18:35,2
2026-04-07 18:40,2
2026-04-07 18:45,2
2026-04-07 18:50,2
2026-04-07 18:55,2
2026-04-07 19:00,2
2026-04-07 19:05,1
2026-04-07 19:10,2
2026-04-07 19:15,2
2026-04-07 19:20,2
2026-04-07 19:25,1
2026-04-07 19:30,1
2026-04-07 19:35,1
2026-04-07 19:40,1
2026-04-07 19:45,1
2026-04-07 19:50,1
2026-04-07 20:00,1
2026-04-07 20:05,1
2026-04-07 20:10,1
2026-04-07 20:15,1
2026-04-07 20:20,1
2026-04-07 20:25,1
2026-04-07 20:30,2
2026-04-07 20:35,2
2026-04-07 20:40,3
2026-04-07 20:45,2
2026-04-07 20:50,3
2026-04-07 20:55,3
2026-04-07 21:00,3
2026-04-07 21:05,3
2026-04-07 21:10,3
2026-04-07 21:15,2
2026-04-07 21:20,2
2026-04-07 21:25,1
2026-04-07 21:30,1
2026-04-07 21:40,1
2026-04-07 21:45,1
2026-04-07 21:50,1
2026-04-07 21:55,1
2026-04-07 22:00,1
2026-04-07 22:05,2
2026-04-07 22:10,2
2026-04-07 22:15,1
2026-04-07 22:20,1
2026-04-07 22:25,1
2026-04-07 22:30,1
2026-04-07 22:35,1
2026-04-07 22:40,1
2026-04-07 22:45,1
2026-04-08 07:40,1
2026-04-08 07:45,1
2026-04-08 07:50,2
2026-04-08 07:55,2
2026-04-08 08:00,2
2026-04-08 08:05,2
2026-04-08 08:10,2
2026-04-08 08:15,2
2026-04-08 08:20,4
2026-04-08 08:25,4
2026-04-08 08:30,4
2026-04-08 08:35,3
2026-04-08 08:40,3
2026-04-08 08:45,3
2026-04-08 08:50,3
2026-04-08 08:55,2
2026-04-08 09:00,1
2026-04-08 09:05,1
2026-04-08 09:10,1
2026-04-08 09:15,1
2026-04-08 09:20,1
2026-04-08 09:25,2
2026-04-08 09:30,2
2026-04-08 09:35,2
2026-04-08 09:40,2
2026-04-08 09:45,1
2026-04-08 09:50,1
2026-04-08 10:05,1
2026-04-08 10:10,1
2026-04-08 10:15,1
2026-04-08 10:20,1
2026-04-08 10:25,1
2026-04-08 10:30,2
2026-04-08 10:35,2
2026-04-08 10:40,2
2026-04-08 10:45,1
2026-04-08 10:50,1
2026-04-08 10:55,1
2026-04-08 11:00,1
2026-04-08 11:35,1
2026-04-08 11:40,1
2026-04-08 11:45,1
2026-04-08 11:50,1
2026-04-08 11:55,1
2026-04-08 12:00,1
2026-04-08 12:05,1
2026-04-08 12:10,1
2026-04-08 12:15,1
2026-04-08 12:20,1
2026-04-08 12:25,1
2026-04-08 12:30,1
2026-04-08 12:35,1
2026-04-08 12:40,1
2026-04-08 12:45,1
2026-04-08 12:50,1
2026-04-08 12:55,1
2026-04-08 13:00,1
2026-04-08 13:25,1
2026-04-08 13:30,1
2026-04-08 13:35,1
2026-04-08 13:40,1
2026-04-08 13:45,1
2026-04-08 13:50,1
2026-04-08 14:10,1
2026-04-08 14:15,1
2026-04-08 14:20,1
2026-04-08 14:25,2
2026-04-08 14:30,2
2026-04-08 14:35,2
2026-04-08 14:40,2
2026-04-08 14:45,2
2026-04-08 14:50,2
2026-04-08 14:55,2
2026-04-08 15:00,1
2026-04-08 15:05,1
2026-04-08 15:45,1
2026-04-08 15:50,1
2026-04-08 15:55,2
2026-04-08 16:00,2
2026-04-08 16:05,3
2026-04-08 16:10,3
2026-04-08 16:15,3
2026-04-08 16:20,3
2026-04-08 16:25,3
2026-04-08 16:30,2
2026-04-08 16:35,2
2026-04-08 16:40,1
2026-04-08 16:45,1
2026-04-08 17:55,1
2026-04-08 18:00,1
2026-04-08 18:05,1
2026-04-08 18:10,1
2026-04-08 18:15,1
2026-04-08 18:20,2
2026-04-08 18:25,2
2026-04-08 18:30,3
2026-04-08 18:35,3
2026-04-08 18:40,3
2026-04-08 18:45,3
2026-04-08 18:50,3
2026-04-08 18:55,2
2026-04-08 19:00,2
2026-04-08 19:05,1
2026-04-08 19:10,2
2026-04-08 19:15,2
2026-04-08 19:20,2
2026-04-08 19:25,1
2026-04-08 19:30,1
2026-04-08 19:35,1
2026-04-08 19:40,1
2026-04-08 19:45,1
2026-04-08 19:50,1
2026-04-08 20:00,1
2026-04-08 20:05,1
2026-04-08 20:10,1
2026-04-08 20:15,1
2026-04-08 20:20,1
2026-04-08 20:25,1
2026-04-08 20:30,2
2026-04-08 20:35,2
2026-04-08 20:40,3
2026-04-08 20:45,2
2026-04-08 20:50,3
2026-04-08 20:55,3
2026-04-08 21:00,3
2026-04-08 21:05,3
2026-04-08 21:10,3
2026-04-08 21:15,2
2026-04-08 21:20,2
2026-04-08 21:25,1
2026-04-08 21:30,1
2026-04-08 21:40,1
2026-04-08 21:45,1
2026-04-08 21:50,1
2026-04-08 21:55,1
2026-04-08 22:00,1
2026-04-08 22:05,2
2026-04-08 22:10,2
2026-04-08 22:15,2
2026-04-08 22:20,2
2026-04-08 22:25,2
2026-04-08 22:30,2
2026-04-08 22:35,2
2026-04-08 22:40,2
2026-04-08 22:45,2
2026-04-08 22:50,1
2026-04-08 22:55,1
2026-04-08 23:00,1
2026-04-09 07:30,1
2026-04-09 07:35,1
2026-04-09 07:40,2
2026-04-09 07:45,2
2026-04-09 07:50,3
2026-04-09 07:55,3
2026-04-09 08:00,3
2026-04-09 08:05,2
2026-04-09 08:10,2
2026-04-09 08:15,2
2026-04-09 08:20,3
2026-04-09 08:25,3
2026-04-09 08:30,3
2026-04-09 08:35,2
2026-04-09 08:40,2
2026-04-09 08:45,2
2026-04-09 08:50,2
2026-04-09 08:55,1
2026-04-09 09:25,1
2026-04-09 09:30,1
2026-04-09 09:35,1
2026-04-09 09:40,1
2026-04-09 10:05,1
2026-04-09 10:10,1
2026-04-09 10:15,1
2026-04-09 10:20,1
2026-04-09 10:25,1
2026-04-09 10:30,2
2026-04-09 10:35,2
2026-04-09 10:40,2
2026-04-09 10:45,1
2026-04-09 10:50,1
2026-04-09 10:55,1
2026-04-09 11:00,1
2026-04-09 11:35,1
2026-04-09 11:40,1
2026-04-09 11:45,1
2026-04-09 11:50,1
2026-04-09 11:55,1
2026-04-09 12:00,1
2026-04-09 12:05,1
2026-04-09 12:10,1
2026-04-09 12:15,1
2026-04-09 12:20,1
2026-04-09 12:25,1
2026-04-09 12:30,1
2026-04-09 12:35,1
2026-04-09 12:40,1
2026-04-09 12:45,1
2026-04-09 12:50,1
2026-04-09 12:55,1
2026-04-09 13:00,1
2026-04-09 13:20,1
2026-04-09 13:25,2
2026-04-09 13:30,2
2026-04-09 13:35,2
2026-04-09 13:40,2
2026-04-09 13:45,1
2026-04-09 13:50,1
2026-04-09 14:10,1
2026-04-09 14:15,1
2026-04-09 14:20,1
2026-04-09 14:25,2
2026-04-09 14:30,2
2026-04-09 14:35,2
2026-04-09 14:40,2
2026-04-09 14:45,2
2026-04-09 14:50,2
2026-04-09 14:55,2
2026-04-09 15:00,1
2026-04-09 15:05,1
2026-04-09 15:45,1
2026-04-09 15:50,1
2026-04-09 15:55,2
2026-04-09 16:00,2
2026-04-09 16:05,3
2026-04-09 16:10,3
2026-04-09 16:15,3
2026-04-09 16:20,3
2026-04-09 16:25,3
2026-04-09 16:30,2
2026-04-09 16:35,2
2026-04-09 16:40,1
2026-04-09 16:45,1
2026-04-09 17:55,1
2026-04-09 18:00,1
2026-04-09 18:05,1
2026-04-09 18:10,1
2026-04-09 18:15,1
2026-04-09 18:20,1
2026-04-09 18:25,1
2026-04-09 18:30,2
2026-04-09 18:35,2
2026-04-09 18:40,2
2026-04-09 18:45,2
2026-04-09 18:50,2
2026-04-09 18:55,2
2026-04-09 19:00,2
2026-04-09 19:05,1
2026-04-09 19:10,2
2026-04-09 19:15,2
2026-04-09 19:20,2
2026-04-09 19:25,1
2026-04-09 19:30,1
2026-04-09 19:35,1
2026-04-09 19:40,1
2026-04-09 19:45,1
2026-04-09 19:50,1
2026-04-09 20:00,1
2026-04-09 20:05,1
2026-04-09 20:10,1
2026-04-09 20:15,1
2026-04-09 20:20,1
2026-04-09 20:25,1
2026-04-09 20:30,2
2026-04-09 20:35,2
2026-04-09 20:40,3
2026-04-09 20:45,2
2026-04-09 20:50,3
2026-04-09 20:55,3
2026-04-09 21:00,3
2026-04-09 21:05,3
2026-04-09 21:10,3
2026-04-09 21:15,2
2026-04-09 21:20,2
2026-04-09 21:25,1
2026-04-09 21:30,1
2026-04-09 21:40,1
2026-04-09 21:45,1
2026-04-09 21:50,1
2026-04-09 21:55,1
2026-04-09 22:00,1
2026-04-09 22:05,2
2026-04-09 22:10,2
2026-04-09 22:15,1
2026-04-09 22:20,1
2026-04-09 22:25,1
2026-04-09 22:30,1
2026-04-09 22:35,1
2026-04-09 22:40,1
2026-04-09 22:45,1
2026-04-10 07:40,1
2026-04-10 07:45,1
2026-04-10 07:50,2
2026-04-10 07:55,2
2026-04-10 08:00,2
2026-04-10 08:05,2
2026-04-10 08:10,2
2026-04-10 08:15,2
2026-04-10 08:20,4
2026-04-10 08:25,4
2026-04-10 08:30,4
2026-04-10 08:35,3
2026-04-10 08:40,3
2026-04-10 08:45,3
2026-04-10 08:50,3
2026-04-10 08:55,2
2026-04-10 09:00,1
2026-04-10 09:05,1
2026-04-10 09:10,1
2026-04-10 09:15,1
2026-04-10 09:20,1
2026-04-10 09:25,2
2026-04-10 09:30,2
2026-04-10 09:35,2
2026-04-10 09:40,2
2026-04-10 09:45,1
2026-04-10 09:50,1
2026-04-10 10:05,1
2026-04-10 10:10,1
2026-04-10 10:15,1
2026-04-10 10:20,1
2026-04-10 10:25,1
2026-04-10 10:30,2
2026-04-10 10:35,2
2026-04-10 10:40,2
2026-04-10 10:45,1
2026-04-10 10:50,1
2026-04-10 10:55,1
2026-04-10 11:00,1
2026-04-10 11:35,1
2026-04-10 11:40,1
2026-04-10 11:45,1
2026-04-10 11:50,1
2026-04-10 11:55,1
2026-04-10 12:00,1
2026-04-10 12:05,1
2026-04-10 12:10,1
2026-04-10 12:15,1
2026-04-10 12:20,1
2026-04-10 12:25,1
2026-04-10 12:30,1
2026-04-10 12:35,1
2026-04-10 12:40,1
2026-04-10 12:45,1
2026-04-10 12:50,1
2026-04-10 12:55,1
2026-04-10 13:00,1
2026-04-10 13:25,1
2026-04-10 13:30,1
2026-04-10 13:35,1
2026-04-10 13:40,1
2026-04-10 13:45,1
2026-04-10 13:50,1
2026-04-10 14:10,1
2026-04-10 14:15,1
2026-04-10 14:20,1
2026-04-10 14:25,2
2026-04-10 14:30,2
2026-04-10 14:35,2
2026-04-10 14:40,2
2026-04-10 14:45,2
2026-04-10 14:50,2
2026-04-10 14:55,2
2026-04-10 15:00,1
2026-04-10 15:05,1
2026-04-10 15:45,1
2026-04-10 15:50,1
2026-04-10 15:55,2
2026-04-10 16:00,2
2026-04-10 16:05,3
2026-04-10 16:10,3
2026-04-10 16:15,3
2026-04-10 16:20,3
2026-04-10 16:25,3
2026-04-10 16:30,2
2026-04-10 16:35,2
2026-04-10 16:40,1
2026-04-10 16:45,1
2026-04-10 17:55,1
2026-04-10 18:00,1
2026-04-10 18:05,1
2026-04-10 18:10,1
2026-04-10 18:15,1
2026-04-10 18:20,2
2026-04-10 18:25,2
2026-04-10 18:30,3
2026-04-10 18:35,3
2026-04-10 18:40,3
2026-04-10 18:45,3
2026-04-10 18:50,3
2026-04-10 18:55,2
2026-04-10 19:00,2
2026-04-10 19:05,1
2026-04-10 19:10,2
2026-04-10 19:15,2
2026-04-10 19:20,2
2026-04-10 19:25,1
2026-04-10 19:30,1
2026-04-10 19:35,1
2026-04-10 19:40,1
2026-04-10 19:45,1
2026-04-10 19:50,1
2026-04-10 20:00,1
2026-04-10 20:05,1
2026-04-10 20:10,1
2026-04-10 20:15,1
2026-04-10 20:20,1
2026-04-10 20:25,1
2026-04-10 20:30,2
2026-04-10 20:35,2
2026-04-10 20:40,3
2026-04-10 20:45,2
2026-04-10 20:50,3
2026-04-10 20:55,3
2026-04-10 21:00,3
2026-04-10 21:05,3
2026-04-10 21:10,3
2026-04-10 21:15,2
2026-04-10 21:20,2
2026-04-10 21:25,1
2026-04-10 21:30,1
2026-04-10 21:40,1
2026-04-10 21:45,1
2026-04-10 21:50,1
2026-04-10 21:55,1
2026-04-10 22:00,1
2026-04-10 22:05,2
2026-04-10 22:10,2
2026-04-10 22:15,2
2026-04-10 22:20,2
2026-04-10 22:25,2
2026-04-10 22:30,2
2026-04-10 22:35,2
2026-04-10 22:40,2
2026-04-10 22:45,2
2026-04-10 22:50,1
2026-04-10 22:55,1
2026-04-10 23:00,1
2026-04-11 07:30,1
2026-04-11 07:35,1
2026-04-11 07:40,2
2026-04-11 07:45,2
2026-04-11 07:50,3
2026-04-11 07:55,3
2026-04-11 08:00,3
2026-04-11 08:05,2
2026-04-11 08:10,2
2026-04-11 08:15,2
2026-04-11 08:20,3
2026-04-11 08:25,3
2026-04-11 08:30,3
2026-04-11 08:35,2
2026-04-11 08:40,2
2026-04-11 08:45,2
2026-04-11 08:50,2
2026-04-11 08:55,1
2026-04-11 09:25,1
2026-04-11 09:30,1
2026-04-11 09:35,1
2026-04-11 09:40,1
2026-04-11 10:05,1
2026-04-11 10:10,1
2026-04-11 10:15,1
2026-04-11 10:20,1
2026-04-11 10:25,1
2026-04-11 10:30,2
2026-04-11 10:35,2
2026-04-11 10:40,2
2026-04-11 10:45,1
2026-04-11 10:50,1
2026-04-11 10:55,1
2026-04-11 11:00,1
2026-04-11 11:35,1
2026-04-11 11:40,1
2026-04-11 11:45,1
2026-04-11 11:50,1
2026-04-11 11:55,1
2026-04-11 12:00,1
2026-04-11 12:05,1
2026-04-11 12:10,1
2026-04-11 12:15,1
2026-04-11 12:20,1
2026-04-11 12:25,1
2026-04-11 12:30,1
2026-04-11 12:35,1
2026-04-11 12:40,1
2026-04-11 12:45,1
2026-04-11 12:50,1
2026-04-11 12:55,1
2026-04-11 13:00,1
2026-04-11 13:20,1
2026-04-11 13:25,2
2026-04-11 13:30,2
2026-04-11 13:35,2
2026-04-11 13:40,2
2026-04-11 13:45,1
2026-04-11 13:50,1
2026-04-11 14:10,1
2026-04-11 14:15,1
2026-04-11 14:20,1
2026-04-11 14:25,2
2026-04-11 14:30,2
2026-04-11 14:35,2
2026-04-11 14:40,2
2026-04-11 14:45,2
2026-04-11 14:50,2
2026-04-11 14:55,2
2026-04-11 15:00,1
2026-04-11 15:05,1
2026-04-11 15:45,1
2026-04-11 15:50,1
2026-04-11 15:55,2
2026-04-11 16:00,2
2026-04-11 16:05,3
2026-04-11 16:10,3
2026-04-11 16:15,3
2026-04-11 16:20,3
2026-04-11 16:25,3
2026-04-11 16:30,2
2026-04-11 16:35,2
2026-04-11 16:40,1
2026-04-11 16:45,1
2026-04-11 17:55,1
2026-04-11 18:00,1
2026-04-11 18:05,1
2026-04-11 18:10,1
2026-04-11 18:15,1
2026-04-11 18:20,1
2026-04-11 18:25,1
2026-04-11 18:30,2
2026-04-11 18:35,2
2026-04-11 18:40,2
2026-04-11 18:45,2
2026-04-11 18:50,2
2026-04-11 18:55,2
2026-04-11 19:00,2
2026-04-11 19:05,1
2026-04-11 19:10,2
2026-04-11 19:15,2
2026-04-11 19:20,2
2026-04-11 19:25,1
2026-04-11 19:30,1
2026-04-11 19:35,1
2026-04-11 19:40,1
2026-04-11 19:45,1
2026-04-11 19:50,1
2026-04-11 20:00,1
2026-04-11 20:05,1
2026-04-11 20:10,1
2026-04-11 20:15,1
2026-04-11 20:20,1
2026-04-11 20:25,1
2026-04-11 20:30,2
2026-04-11 20:35,2
2026-04-11 20:40,3
2026-04-11 20:45,2
2026-04-11 20:50,3
2026-04-11 20:55,3
2026-04-11 21:00,3
2026-04-11 21:05,3
2026-04-11 21:10,3
2026-04-11 21:15,2
2026-04-11 21:20,2
2026-04-11 21:25,1
2026-04-11 21:30,1
2026-04-11 21:40,1
2026-04-11 21:45,1
2026-04-11 21:50,1
2026-04-11 21:55,1
2026-04-11 22:00,1
2026-04-11 22:05,2
2026-04-11 22:10,2
2026-04-11 22:15,2
2026-04-11 22:20,2
2026-04-11 22:25,2
2026-04-11 22:30,2
2026-04-11 22:35,2
2026-04-11 22:40,2
2026-04-11 22:45,2
2026-04-11 22:50,1
2026-04-11 22:55,1
2026-04-11 23:00,1
2026-04-12 07:40,1
2026-04-12 07:45,1
2026-04-12 07:50,2
2026-04-12 07:55,2
2026-04-12 08:00,2
2026-04-12 08:05,2
2026-04-12 08:10,2
2026-04-12 08:15,2
2026-04-12 08:20,4
2026-04-12 08:25,4
2026-04-12 08:30,4
2026-04-12 08:35,3
2026-04-12 08:40,3
2026-04-12 08:45,3
2026-04-12 08:50,3
2026-04-12 08:55,2
2026-04-12 09:00,1
2026-04-12 09:05,1
2026-04-12 09:10,1
2026-04-12 09:15,1
2026-04-12 09:20,1
2026-04-12 09:25,2
2026-04-12 09:30,2
2026-04-12 09:35,2
2026-04-12 09:40,2
2026-04-12 09:45,1
2026-04-12 09:50,1
2026-04-12 10:05,1
2026-04-12 10:10,1
2026-04-12 10:15,1
2026-04-12 10:20,1
2026-04-12 10:25,1
2026-04-12 10:30,2
2026-04-12 10:35,2
2026-04-12 10:40,2
2026-04-12 10:45,1
2026-04-12 10:50,1
2026-04-12 10:55,1
2026-04-12 11:00,1
2026-04-12 11:35,1
2026-04-12 11:40,1
2026-04-12 11:45,1
2026-04-12 11:50,1
2026-04-12 11:55,1
2026-04-12 12:00,1
2026-04-12 12:05,1
2026-04-12 12:10,1
2026-04-12 12:15,1
2026-04-12 12:20,1
2026-04-12 12:25,1
2026-04-12 12:30,1
2026-04-12 12:35,1
2026-04-12 12:40,1
2026-04-12 12:45,1
2026-04-12 12:50,1
2026-04-12 12:55,1
2026-04-12 13:00,1
2026-04-12 13:25,1
2026-04-12 13:30,1
2026-04-12 13:35,1
2026-04-12 13:40,1
2026-04-12 13:45,1
2026-04-12 13:50,1
2026-04-12 14:10,1
2026-04-12 14:15,1
2026-04-12 14:20,1
2026-04-12 14:25,2
2026-04-12 14:30,2
2026-04-12 14:35,2
2026-04-12 14:40,2
2026-04-12 14:45,2
2026-04-12 14:50,2
2026-04-12 14:55,2
2026-04-12 15:00,1
2026-04-12 15:05,1
2026-04-12 15:45,1
2026-04-12 15:50,1
2026-04-12 15:55,2
2026-04-12 16:00,2
2026-04-12 16:05,3
2026-04-12 16:10,3
2026-04-12 16:15,3
2026-04-12 16:20,3
2026-04-12 16:25,3
2026-04-12 16:30,2
2026-04-12 16:35,2
2026-04-12 16:40,1
2026-04-12 16:45,1
2026-04-12 17:55,1
2026-04-12 18:00,1
2026-04-12 18:05,1
2026-04-12 18:10,1
2026-04-12 18:15,1
2026-04-12 18:20,2
2026-04-12 18:25,2
2026-04-12 18:30,3
2026-04-12 18:35,3
2026-04-12 18:40,3
2026-04-12 18:45,3
2026-04-12 18:50,3
2026-04-12 18:55,2
2026-04-12 19:00,2
2026-04-12 19:05,1
2026-04-12 19:10,2
2026-04-12 19:15,2
2026-04-12 19:20,2
2026-04-12 19:25,1
2026-04-12 19:30,1
2026-04-12 19:35,1
2026-04-12 19:40,1
2026-04-12 19:45,1
2026-04-12 19:50,1
2026-04-12 20:00,1
2026-04-12 20:05,1
2026-04-12 20:10,1
2026-04-12 20:15,1
2026-04-12 20:20,1
2026-04-12 20:25,1
2026-04-12 20:30,2
2026-04-12 20:35,2
2026-04-12 20:40,3
2026-04-12 20:45,2
2026-04-12 20:50,3
2026-04-12 20:55,3
2026-04-12 21:00,3
2026-04-12 21:05,3
2026-04-12 21:10,3
2026-04-12 21:15,2
2026-04-12 21:20,2
2026-04-12 21:25,1
2026-04-12 21:30,1
2026-04-12 21:40,1
2026-04-12 21:45,1
2026-04-12 21:50,1
2026-04-12 21:55,1
2026-04-12 22:00,1
2026-04-12 22:05,2
2026-04-12 22:10,2
2026-04-12 22:15,1
2026-04-12 22:20,1
2026-04-12 22:25,1
2026-04-12 22:30,1
2026-04-12 22:35,1
2026-04-12 22:40,1
2026-04-12 22:45,1
2026-04-13 07:30,1
2026-04-13 07:35,1
2026-04-13 07:40,2
2026-04-13 07:45,2
2026-04-13 07:50,3
2026-04-13 07:55,3
2026-04-13 08:00,3
2026-04-13 08:05,2
2026-04-13 08:10,2
2026-04-13 08:15,2
2026-04-13 08:20,4
2026-04-13 08:25,4
2026-04-13 08:30,4
2026-04-13 08:35,3
2026-04-13 08:40,3
2026-04-13 08:45,3
2026-04-13 08:50,3
2026-04-13 08:55,2
2026-04-13 09:00,1
2026-04-13 09:05,1
2026-04-13 09:10,1
2026-04-13 09:15,1
2026-04-13 09:20,1
2026-04-13 09:25,2
2026-04-13 09:30,2
2026-04-13 09:35,2
2026-04-13 09:40,2
2026-04-13 09:45,1
2026-04-13 09:50,1
2026-04-13 10:05,1
2026-04-13 10:10,1
2026-04-13 10:15,1
2026-04-13 10:20,1
2026-04-13 10:25,1
2026-04-13 10:30,2
2026-04-13 10:35,2
2026-04-13 10:40,2
2026-04-13 10:45,1
2026-04-13 10:50,1
2026-04-13 10:55,1
2026-04-13 11:00,1
2026-04-13 11:35,1
2026-04-13 11:40,1
2026-04-13 11:45,1
2026-04-13 11:50,1
2026-04-13 11:55,1
2026-04-13 12:00,1
2026-04-13 12:05,1
2026-04-13 12:10,1
2026-04-13 12:15,1
2026-04-13 12:20,1
2026-04-13 12:25,1
2026-04-13 12:30,1
2026-04-13 12:35,1
2026-04-13 12:40,1
2026-04-13 12:45,1
2026-04-13 12:50,1
2026-04-13 12:55,1
2026-04-13 13:00,1
2026-04-13 13:25,1
2026-04-13 13:30,1
2026-04-13 13:35,1
2026-04-13 13:40,1
2026-04-13 13:45,1
2026-04-13 13:50,1
2026-04-13 14:10,1
2026-04-13 14:15,1
2026-04-13 14:20,1
2026-04-13 14:25,2
2026-04-13 14:30,2
2026-04-13 14:35,2
2026-04-13 14:40,2
2026-04-13 14:45,2
2026-04-13 14:50,2
2026-04-13 14:55,2
2026-04-13 15:00,1
2026-04-13 15:05,1
2026-04-13 15:45,1
2026-04-13 15:50,1
2026-04-13 15:55,2
2026-04-13 16:00,2
2026-04-13 16:05,3
2026-04-13 16:10,3
2026-04-13 16:15,3
2026-04-13 16:20,3
2026-04-13 16:25,3
2026-04-13 16:30,2
2026-04-13 16:35,2
2026-04-13 16:40,1
2026-04-13 16:45,1
2026-04-13 17:55,1
2026-04-13 18:00,1
2026-04-13 18:05,1
2026-04-13 18:10,1
2026-04-13 18:15,1
2026-04-13 18:20,2
2026-04-13 18:25,2
2026-04-13 18:30,3
2026-04-13 18:35,3
2026-04-13 18:40,3
2026-04-13 18:45,3
2026-04-13 18:50,3
2026-04-13 18:55,2
2026-04-13 19:00,2
2026-04-13 19:05,1
2026-04-13 19:10,2
2026-04-13 19:15,2
2026-04-13 19:20,2
2026-04-13 19:25,1
2026-04-13 19:30,1
2026-04-13 19:35,1
2026-04-13 19:40,1
2026-04-13 19:45,1
2026-04-13 19:50,1
2026-04-13 20:00,1
2026-04-13 20:05,1
2026-04-13 20:10,1
2026-04-13 20:15,1
2026-04-13 20:20,1
2026-04-13 20:25,1
2026-04-13 20:30,2
2026-04-13 20:35,2
2026-04-13 20:40,3
2026-04-13 20:45,2
2026-04-13 20:50,3
2026-04-13 20:55,3
2026-04-13 21:00,3
2026-04-13 21:05,3
2026-04-13 21:10,3
2026-04-13 21:15,2
2026-04-13 21:20,2
2026-04-13 21:25,1
2026-04-13 21:30,1
2026-04-13 21:40,1
2026-04-13 21:45,1
2026-04-13 21:50,1
2026-04-13 21:55,1
2026-04-13 22:00,1
2026-04-13 22:05,2
2026-04-13 22:10,2
2026-04-13 22:15,2
2026-04-13 22:20,2
2026-04-13 22:25,2
2026-04-13 22:30,2
2026-04-13 22:35,2
2026-04-13 22:40,2
2026-04-13 22:45,2
2026-04-13 22:50,1
2026-04-13 22:55,1
2026-04-13 23:00,1
2026-04-14 07:30,1
2026-04-14 07:35,1
2026-04-14 07:40,2
2026-04-14 07:45,2
2026-04-14 07:50,3
2026-04-14 07:55,3
2026-04-14 08:00,3
2026-04-14 08:05,2
2026-04-14 08:10,2
2026-04-14 08:15,2
2026-04-14 08:20,3
2026-04-14 08:25,3
2026-04-14 08:30,3
2026-04-14 08:35,2
2026-04-14 08:40,2
2026-04-14 08:45,2
2026-04-14 08:50,2
2026-04-14 08:55,1
2026-04-14 09:25,1
2026-04-14 09:30,1
2026-04-14 09:35,1
2026-04-14 09:40,1
2026-04-14 10:05,1
2026-04-14 10:10,1
2026-04-14 10:15,1
2026-04-14 10:20,1
2026-04-14 10:25,1
2026-04-14 10:30,2
2026-04-14 10:35,2
2026-04-14 10:40,2
2026-04-14 10:45,1
2026-04-14 10:50,1
2026-04-14 10:55,1
2026-04-14 11:00,1
2026-04-14 11:35,1
2026-04-14 11:40,1
2026-04-14 11:45,1
2026-04-14 11:50,1
2026-04-14 11:55,1
2026-04-14 12:00,1
2026-04-14 12:05,1
2026-04-14 12:10,1
2026-04-14 12:15,1
2026-04-14 12:20,1
2026-04-14 12:25,1
2026-04-14 12:30,1
2026-04-14 12:35,1
2026-04-14 12:40,1
2026-04-14 12:45,1
2026-04-14 12:50,1
2026-04-14 12:55,1
2026-04-14 13:00,1
2026-04-14 13:20,1
2026-04-14 13:25,2
2026-04-14 13:30,2
2026-04-14 13:35,2
2026-04-14 13:40,2
2026-04-14 13:45,1
2026-04-14 13:50,1
2026-04-14 14:10,1
2026-04-14 14:15,1
2026-04-14 14:20,1
2026-04-14 14:25,2
2026-04-14 14:30,2
2026-04-14 14:35,2
2026-04-14 14:40,2
2026-04-14 14:45,2
2026-04-14 14:50,2
2026-04-14 14:55,2
2026-04-14 15:00,1
2026-04-14 15:05,1
2026-04-14 15:45,1
2026-04-14 15:50,1
2026-04-14 15:55,2
2026-04-14 16:00,2
2026-04-14 16:05,3
2026-04-14 16:10,3
2026-04-14 16:15,3
2026-04-14 16:20,3
2026-04-14 16:25,3
2026-04-14 16:30,2
2026-04-14 16:35,2
2026-04-14 16:40,1
2026-04-14 16:45,1
2026-04-14 17:55,1
2026-04-14 18:00,1
2026-04-14 18:05,1
2026-04-14 18:10,1
2026-04-14 18:15,1
2026-04-14 18:20,1
2026-04-14 18:25,1
2026-04-14 18:30,2
2026-04-14 18:35,2
2026-04-14 18:40,2
2026-04-14 18:45,2
2026-04-14 18:50,2
2026-04-14 18:55,2
2026-04-14 19:00,2
2026-04-14 19:05,1
2026-04-14 19:10,2
2026-04-14 19:15,2
2026-04-14 19:20,2
2026-04-14 19:25,1
2026-04-14 19:30,1
2026-04-14 19:35,1
2026-04-14 19:40,1
2026-04-14 19:45,1
2026-04-14 19:50,1
2026-04-14 20:00,1
2026-04-14 20:05,1
2026-04-14 20:10,1
2026-04-14 20:15,1
2026-04-14 20:20,1
2026-04-14 20:25,1
2026-04-14 20:30,2
2026-04-14 20:35,2
2026-04-14 20:40,3
2026-04-14 20:45,2
2026-04-14 20:50,3
2026-04-14 20:55,3
2026-04-14 21:00,3
2026-04-14 21:05,3
2026-04-14 21:10,3
2026-04-14 21:15,2
2026-04-14 21:20,2
2026-04-14 21:25,1
2026-04-14 21:30,1
2026-04-14 21:40,1
2026-04-14 21:45,1
2026-04-14 21:50,1
2026-04-14 21:55,1
2026-04-14 22:00,1
2026-04-14 22:05,2
2026-04-14 22:10,2
2026-04-14 22:15,1
2026-04-14 22:20,1
2026-04-14 22:25,1
2026-04-14 22:30,1
2026-04-14 22:35,1
2026-04-14 22:40,1
2026-04-14 22:45,1
2026-04-15 07:40,1
2026-04-15 07:45,1
2026-04-15 07:50,2
2026-04-15 07:55,2
2026-04-15 08:00,2
2026-04-15 08:05,2
2026-04-15 08:10,2
2026-04-15 08:15,2
2026-04-15 08:20,4
2026-04-15 08:25,4
2026-04-15 08:30,4
2026-04-15 08:35,3
2026-04-15 08:40,3
2026-04-15 08:45,3
2026-04-15 08:50,3
2026-04-15 08:55,2
2026-04-15 09:00,1
2026-04-15 09:05,1
2026-04-15 09:10,1
2026-04-15 09:15,1
2026-04-15 09:20,1
2026-04-15 09:25,2
2026-04-15 09:30,2
2026-04-15 09:35,2
2026-04-15 09:40,2
2026-04-15 09:45,1
2026-04-15 09:50,1
2026-04-15 10:05,1
2026-04-15 10:10,1
2026-04-15 10:15,1
2026-04-15 10:20,1
2026-04-15 10:25,1
2026-04-15 10:30,2
2026-04-15 10:35,2
2026-04-15 10:40,2
2026-04-15 10:45,1
2026-04-15 10:50,1
2026-04-15 10:55,1
2026-04-15 11:00,1
2026-04-15 11:35,1
2026-04-15 11:40,1
2026-04-15 11:45,1
2026-04-15 11:50,1
2026-04-15 11:55,1
2026-04-15 12:00,1
2026-04-15 12:05,1
2026-04-15 12:10,1
2026-04-15 12:15,1
2026-04-15 12:20,1
2026-04-15 12:25,1
2026-04-15 12:30,1
2026-04-15 12:35,1
2026-04-15 12:40,1
2026-04-15 12:45,1
2026-04-15 12:50,1
2026-04-15 12:55,1
2026-04-15 13:00,1
2026-04-15 13:25,1
2026-04-15 13:30,1
2026-04-15 13:35,1
2026-04-15 13:40,1
2026-04-15 13:45,1
2026-04-15 13:50,1
2026-04-15 14:10,1
2026-04-15 14:15,1
2026-04-15 14:20,1
2026-04-15 14:25,2
2026-04-15 14:30,2
2026-04-15 14:35,2
2026-04-15 14:40,2
2026-04-15 14:45,2
2026-04-15 14:50,2
2026-04-15 14:55,2
2026-04-15 15:00,1
2026-04-15 15:05,1
2026-04-15 15:45,1
2026-04-15 15:50,1
2026-04-15 15:55,2
2026-04-15 16:00,2
2026-04-15 16:05,3
2026-04-15 16:10,3
2026-04-15 16:15,3
2026-04-15 16:20,3
2026-04-15 16:25,3
2026-04-15 16:30,2
2026-04-15 16:35,2
2026-04-15 16:40,1
2026-04-15 16:45,1
2026-04-15 17:55,1
2026-04-15 18:00,1
2026-04-15 18:05,1
2026-04-15 18:10,1
2026-04-15 18:15,1
2026-04-15 18:20,2
2026-04-15 18:25,2
2026-04-15 18:30,3
2026-04-15 18:35,3
2026-04-15 18:40,3
2026-04-15 18:45,3
2026-04-15 18:50,3
2026-04-15 18:55,2
2026-04-15 19:00,2
2026-04-15 19:05,1
2026-04-15 19:10,2
2026-04-15 19:15,2
2026-04-15 19:20,2
2026-04-15 19:25,1
2026-04-15 19:30,1
2026-04-15 19:35,1
2026-04-15 19:40,1
2026-04-15 19:45,1
2026-04-15 19:50,1
2026-04-15 20:00,1
2026-04-15 20:05,1
2026-04-15 20:10,1
2026-04-15 20:15,1
2026-04-15 20:20,1
2026-04-15 20:25,1
2026-04-15 20:30,2
2026-04-15 20:35,2
2026-04-15 20:40,3
2026-04-15 20:45,2
2026-04-15 20:50,3
2026-04-15 20:55,3
2026-04-15 21:00,3
2026-04-15 21:05,3
2026-04-15 21:10,3
2026-04-15 21:15,2
2026-04-15 21:20,2
2026-04-15 21:25,1
2026-04-15 21:30,1
2026-04-15 21:40,1
2026-04-15 21:45,1
2026-04-15 21:50,1
2026-04-15 21:55,1
2026-04-15 22:00,1
2026-04-15 22:05,2
2026-04-15 22:10,2
2026-04-15 22:15,2
2026-04-15 22:20,2
2026-04-15 22:25,2
2026-04-15 22:30,2
2026-04-15 22:35,2
2026-04-15 22:40,2
2026-04-15 22:45,2
2026-04-15 22:50,1
2026-04-15 22:55,1
2026-04-15 23:00,1
2026-04-16 07:30,1
2026-04-16 07:35,1
2026-04-16 07:40,2
2026-04-16 07:45,2
2026-04-16 07:50,3
2026-04-16 07:55,3
2026-04-16 08:00,3
2026-04-16 08:05,2
2026-04-16 08:10,2
2026-04-16 08:15,2
2026-04-16 08:20,3
2026-04-16 08:25,3
2026-04-16 08:30,3
2026-04-16 08:35,2
2026-04-16 08:40,2
2026-04-16 08:45,2
2026-04-16 08:50,2
2026-04-16 08:55,1
2026-04-16 09:25,1
2026-04-16 09:30,1
2026-04-16 09:35,1
2026-04-16 09:40,1
2026-04-16 10:05,1
2026-04-16 10:10,1
2026-04-16 10:15,1
2026-04-16 10:20,1
2026-04-16 10:25,1
2026-04-16 10:30,2
2026-04-16 10:35,2
2026-04-16 10:40,2
2026-04-16 10:45,1
2026-04-16 10:50,1
2026-04-16 10:55,1
2026-04-16 11:00,1
2026-04-16 11:35,1
2026-04-16 11:40,1
2026-04-16 11:45,1
2026-04-16 11:50,1
2026-04-16 11:55,1
2026-04-16 12:00,1
2026-04-16 12:05,1
2026-04-16 12:10,1
2026-04-16 12:15,1
2026-04-16 12:20,1
2026-04-16 12:25,1
2026-04-16 12:30,1
2026-04-16 12:35,1
2026-04-16 12:40,1
2026-04-16 12:45,1
2026-04-16 12:50,1
2026-04-16 12:55,1
2026-04-16 13:00,1
2026-04-16 13:20,1
2026-04-16 13:25,2
2026-04-16 13:30,2
2026-04-16 13:35,2
2026-04-16 13:40,2
2026-04-16 13:45,1
2026-04-16 13:50,1
2026-04-16 14:10,1
2026-04-16 14:15,1
2026-04-16 14:20,1
2026-04-16 14:25,2
2026-04-16 14:30,2
2026-04-16 14:35,2
2026-04-16 14:40,2
2026-04-16 14:45,2
2026-04-16 14:50,2
2026-04-16 14:55,2
2026-04-16 15:00,1
2026-04-16 15:05,1
2026-04-16 15:45,1
2026-04-16 15:50,1
2026-04-16 15:55,2
2026-04-16 16:00,2
2026-04-16 16:05,3
2026-04-16 16:10,3
2026-04-16 16:15,3
2026-04-16 16:20,3
2026-04-16 16:25,3
2026-04-16 16:30,2
2026-04-16 16:35,2
2026-04-16 16:40,1
2026-04-16 16:45,1
2026-04-16 17:55,1
2026-04-16 18:00,1
2026-04-16 18:05,1
2026-04-16 18:10,1
2026-04-16 18:15,1
2026-04-16 18:20,1
2026-04-16 18:25,1
2026-04-16 18:30,2
2026-04-16 18:35,2
2026-04-16 18:40,2
2026-04-16 18:45,2
2026-04-16 18:50,2
2026-04-16 18:55,2
2026-04-16 19:00,2
2026-04-16 19:05,1
2026-04-16 19:10,2
2026-04-16 19:15,2
2026-04-16 19:20,2
2026-04-16 19:25,1
2026-04-16 19:30,1
2026-04-16 19:35,1
2026-04-16 19:40,1
2026-04-16 19:45,1
2026-04-16 19:50,1
2026-04-16 20:00,1
2026-04-16 20:05,1
2026-04-16 20:10,1
2026-04-16 20:15,1
2026-04-16 20:20,1
2026-04-16 20:25,1
2026-04-16 20:30,2
2026-04-16 20:35,2
2026-04-16 20:40,3
2026-04-16 20:45,2
2026-04-16 20:50,3
2026-04-16 20:55,3
2026-04-16 21:00,3
2026-04-16 21:05,3
2026-04-16 21:10,3
2026-04-16 21:15,2
2026-04-16 21:20,2
2026-04-16 21:25,1
2026-04-16 21:30,1
2026-04-16 21:40,1
2026-04-16 21:45,1
2026-04-16 21:50,1
2026-04-16 21:55,1
2026-04-16 22:00,1
2026-04-16 22:05,2
2026-04-16 22:10,2
2026-04-16 22:15,1
2026-04-16 22:20,1
2026-04-16 22:25,1
2026-04-16 22:30,1
2026-04-16 22:35,1
2026-04-16 22:40,1
2026-04-16 22:45,1
2026-04-17 07:40,1
2026-04-17 07:45,1
2026-04-17 07:50,2
2026-04-17 07:55,2
2026-04-17 08:00,2
2026-04-17 08:05,2
2026-04-17 08:10,2
2026-04-17 08:15,2
2026-04-17 08:20,4
2026-04-17 08:25,4
2026-04-17 08:30,4
2026-04-17 08:35,3
2026-04-17 08:40,3
2026-04-17 08:45,3
2026-04-17 08:50,3
2026-04-17 08:55,2
2026-04-17 09:00,1
2026-04-17 09:05,1
2026-04-17 09:10,1
2026-04-17 09:15,1
2026-04-17 09:20,1
2026-04-17 09:25,2
2026-04-17 09:30,2
2026-04-17 09:35,2
2026-04-17 09:40,2
2026-04-17 09:45,1
2026-04-17 09:50,1
2026-04-17 10:05,1
2026-04-17 10:10,1
2026-04-17 10:15,1
2026-04-17 10:20,1
2026-04-17 10:25,1
2026-04-17 10:30,2
2026-04-17 10:35,2
2026-04-17 10:40,2
2026-04-17 10:45,1
2026-04-17 10:50,1
2026-04-17 10:55,1
2026-04-17 11:00,1
2026-04-17 11:35,1
2026-04-17 11:40,1
2026-04-17 11:45,1
2026-04-17 11:50,1
2026-04-17 11:55,1
2026-04-17 12:00,1
2026-04-17 12:05,1
2026-04-17 12:10,1
2026-04-17 12:15,1
2026-04-17 12:20,1
2026-04-17 12:25,1
2026-04-17 12:30,1
2026-04-17 12:35,1
2026-04-17 12:40,1
2026-04-17 12:45,1
2026-04-17 12:50,1
2026-04-17 12:55,1
2026-04-17 13:00,1
2026-04-17 13:25,1
2026-04-17 13:30,1
2026-04-17 13:35,1
2026-04-17 13:40,1
2026-04-17 13:45,1
2026-04-17 13:50,1
2026-04-17 14:10,1
2026-04-17 14:15,1
2026-04-17 14:20,1
2026-04-17 14:25,2
2026-04-17 14:30,2
2026-04-17 14:35,2
2026-04-17 14:40,2
2026-04-17 14:45,2
2026-04-17 14:50,2
2026-04-17 14:55,2
2026-04-17 15:00,1
2026-04-17 15:05,1
2026-04-17 15:45,1
2026-04-17 15:50,1
2026-04-17 15:55,2
2026-04-17 16:00,2
2026-04-17 16:05,3
2026-04-17 16:10,3
2026-04-17 16:15,3
2026-04-17 16:20,3
2026-04-17 16:25,3
2026-04-17 16:30,2
2026-04-17 16:35,2
2026-04-17 16:40,1
2026-04-17 16:45,1
2026-04-17 17:55,1
2026-04-17 18:00,1
2026-04-17 18:05,1
2026-04-17 18:10,1
2026-04-17 18:15,1
2026-04-17 18:20,2
2026-04-17 18:25,2
2026-04-17 18:30,3
2026-04-17 18:35,3
2026-04-17 18:40,3
2026-04-17 18:45,3
2026-04-17 18:50,3
2026-04-17 18:55,2
2026-04-17 19:00,2
2026-04-17 19:05,1
2026-04-17 19:10,2
2026-04-17 19:15,2
2026-04-17 19:20,2
2026-04-17 19:25,1
2026-04-17 19:30,1
2026-04-17 19:35,1
2026-04-17 19:40,1
2026-04-17 19:45,1
2026-04-17 19:50,1
2026-04-17 20:00,1
2026-04-17 20:05,1
2026-04-17 20:10,1
2026-04-17 20:15,1
2026-04-17 20:20,1
2026-04-17 20:25,1
2026-04-17 20:30,2
2026-04-17 20:35,2
2026-04-17 20:40,3
2026-04-17 20:45,2
2026-04-17 20:50,3
2026-04-17 20:55,3
2026-04-17 21:00,3
2026-04-17 21:05,3
2026-04-17 21:10,3
2026-04-17 21:15,2
2026-04-17 21:20,2
2026-04-17 21:25,1
2026-04-17 21:30,1
2026-04-17 21:40,1
2026-04-17 21:45,1
2026-04-17 21:50,1
2026-04-17 21:55,1
2026-04-17 22:00,1
2026-04-17 22:05,2
2026-04-17 22:10,2
2026-04-17 22:15,2
2026-04-17 22:20,2
2026-04-17 22:25,2
2026-04-17 22:30,2
2026-04-17 22:35,2
2026-04-17 22:40,2
2026-04-17 22:45,2
2026-04-17 22:50,1
2026-04-17 22:55,1
2026-04-17 23:00,1
2026-04-18 07:30,1
2026-04-18 07:35,1
2026-04-18 07:40,2
2026-04-18 07:45,2
2026-04-18 07:50,3
2026-04-18 07:55,3
2026-04-18 08:00,3
2026-04-18 08:05,2
2026-04-18 08:10,2
2026-04-18 08:15,2
2026-04-18 08:20,3
2026-04-18 08:25,3
2026-04-18 08:30,3
2026-04-18 08:35,2
2026-04-18 08:40,2
2026-04-18 08:45,2
2026-04-18 08:50,2
2026-04-18 08:55,1
2026-04-18 09:25,1
2026-04-18 09:30,1
2026-04-18 09:35,1
2026-04-18 09:40,1
2026-04-18 10:05,1
2026-04-18 10:10,1
2026-04-18 10:15,1
2026-04-18 10:20,1
2026-04-18 10:25,1
2026-04-18 10:30,2
2026-04-18 10:35,2
2026-04-18 10:40,2
2026-04-18 10:45,1
2026-04-18 10:50,1
2026-04-18 10:55,1
2026-04-18 11:00,1
2026-04-18 11:35,1
2026-04-18 11:40,1
2026-04-18 11:45,1
2026-04-18 11:50,1
2026-04-18 11:55,1
2026-04-18 12:00,1
2026-04-18 12:05,1
2026-04-18 12:10,1
2026-04-18 12:15,1
2026-04-18 12:20,1
2026-04-18 12:25,1
2026-04-18 12:30,1
2026-04-18 12:35,1
2026-04-18 12:40,1
2026-04-18 12:45,1
2026-04-18 12:50,1
2026-04-18 12:55,1
2026-04-18 13:00,1
2026-04-18 13:20,1
2026-04-18 13:25,2
2026-04-18 13:30,2
2026-04-18 13:35,2
2026-04-18 13:40,2
2026-04-18 13:45,1
2026-04-18 13:50,1
2026-04-18 14:10,1
2026-04-18 14:15,1
2026-04-18 14:20,1
2026-04-18 14:25,2
2026-04-18 14:30,2
2026-04-18 14:35,2
2026-04-18 14:40,2
2026-04-18 14:45,2
2026-04-18 14:50,2
2026-04-18 14:55,2
2026-04-18 15:00,1
2026-04-18 15:05,1
2026-04-18 15:45,1
2026-04-18 15:50,1
2026-04-18 15:55,2
2026-04-18 16:00,2
2026-04-18 16:05,3
2026-04-18 16:10,3
2026-04-18 16:15,3
2026-04-18 16:20,3
2026-04-18 16:25,3
2026-04-18 16:30,2
2026-04-18 16:35,2
2026-04-18 16:40,1
2026-04-18 16:45,1
2026-04-18 17:55,1
2026-04-18 18:00,1
2026-04-18 18:05,1
2026-04-18 18:10,1
2026-04-18 18:15,1
2026-04-18 18:20,1
2026-04-18 18:25,1
2026-04-18 18:30,2
2026-04-18 18:35,2
2026-04-18 18:40,2
2026-04-18 18:45,2
2026-04-18 18:50,2
2026-04-18 18:55,2
2026-04-18 19:00,2
2026-04-18 19:05,1
2026-04-18 19:10,2
2026-04-18 19:15,2
2026-04-18 19:20,2
2026-04-18 19:25,1
2026-04-18 19:30,1
2026-04-18 19:35,1
2026-04-18 19:40,1
2026-04-18 19:45,1
2026-04-18 19:50,1
2026-04-18 20:00,1
2026-04-18 20:05,1
2026-04-18 20:10,1
2026-04-18 20:15,1
2026-04-18 20:20,1
2026-04-18 20:25,1
2026-04-18 20:30,2
2026-04-18 20:35,2
2026-04-18 20:40,3
2026-04-18 20:45,2
2026-04-18 20:50,3
2026-04-18 20:55,3
2026-04-18 21:00,3
2026-04-18 21:05,3
2026-04-18 21:10,3
2026-04-18 21:15,2
2026-04-18 21:20,2
2026-04-18 21:25,1
2026-04-18 21:30,1
2026-04-18 21:40,1
2026-04-18 21:45,1
2026-04-18 21:50,1
2026-04-18 21:55,1
2026-04-18 22:00,1
2026-04-18 22:05,2
2026-04-18 22:10,2
2026-04-18 22:15,2
2026-04-18 22:20,2
2026-04-18 22:25,2
2026-04-18 22:30,2
2026-04-18 22:35,2
2026-04-18 22:40,2
2026-04-18 22:45,2
2026-04-18 22:50,1
2026-04-18 22:55,1
2026-04-18 23:00,1
2026-04-19 07:40,1
2026-04-19 07:45,1
2026-04-19 07:50,2
2026-04-19 07:55,2
2026-04-19 08:00,2
2026-04-19 08:05,2
2026-04-19 08:10,2
2026-04-19 08:15,2
2026-04-19 08:20,4
2026-04-19 08:25,4
2026-04-19 08:30,4
2026-04-19 08:35,3
2026-04-19 08:40,3
2026-04-19 08:45,3
2026-04-19 08:50,3
2026-04-19 08:55,2
2026-04-19 09:00,1
2026-04-19 09:05,1
2026-04-19 09:10,1
2026-04-19 09:15,1
2026-04-19 09:20,1
2026-04-19 09:25,2
2026-04-19 09:30,2
2026-04-19 09:35,2
2026-04-19 09:40,2
2026-04-19 09:45,1
2026-04-19 09:50,1
2026-04-19 10:05,1
2026-04-19 10:10,1
2026-04-19 10:15,1
2026-04-19 10:20,1
2026-04-19 10:25,1
2026-04-19 10:30,2
2026-04-19 10:35,2
2026-04-19 10:40,2
2026-04-19 10:45,1
2026-04-19 10:50,1
2026-04-19 10:55,1
2026-04-19 11:00,1
2026-04-19 11:35,1
2026-04-19 11:40,1
2026-04-19 11:45,1
2026-04-19 11:50,1
2026-04-19 11:55,1
2026-04-19 12:00,1
2026-04-19 12:05,1
2026-04-19 12:10,1
2026-04-19 12:15,1
2026-04-19 12:20,1
2026-04-19 12:25,1
2026-04-19 12:30,1
2026-04-19 12:35,1
2026-04-19 12:40,1
2026-04-19 12:45,1
2026-04-19 12:50,1
2026-04-19 12:55,1
2026-04-19 13:00,1
2026-04-19 13:25,1
2026-04-19 13:30,1
2026-04-19 13:35,1
2026-04-19 13:40,1
2026-04-19 13:45,1
2026-04-19 13:50,1
2026-04-19 14:10,1
2026-04-19 14:15,1
2026-04-19 14:20,1
2026-04-19 14:25,2
2026-04-19 14:30,2
2026-04-19 14:35,2
2026-04-19 14:40,2
2026-04-19 14:45,2
2026-04-19 14:50,2
2026-04-19 14:55,2
2026-04-19 15:00,1
2026-04-19 15:05,1
2026-04-19 15:45,1
2026-04-19 15:50,1
2026-04-19 15:55,2
2026-04-19 16:00,2
2026-04-19 16:05,3
2026-04-19 16:10,3
2026-04-19 16:15,3
2026-04-19 16:20,3
2026-04-19 16:25,3
2026-04-19 16:30,2
2026-04-19 16:35,2
2026-04-19 16:40,1
2026-04-19 16:45,1
2026-04-19 17:55,1
2026-04-19 18:00,1
2026-04-19 18:05,1
2026-04-19 18:10,1
2026-04-19 18:15,1
2026-04-19 18:20,2
2026-04-19 18:25,2
2026-04-19 18:30,3
2026-04-19 18:35,3
2026-04-19 18:40,3
2026-04-19 18:45,3
2026-04-19 18:50,3
2026-04-19 18:55,2
2026-04-19 19:00,2
2026-04-19 19:05,1
2026-04-19 19:10,2
2026-04-19 19:15,2
2026-04-19 19:20,2
2026-04-19 19:25,1
2026-04-19 19:30,1
2026-04-19 19:35,1
2026-04-19 19:40,1
2026-04-19 19:45,1
2026-04-19 19:50,1
2026-04-19 20:00,1
2026-04-19 20:05,1
2026-04-19 20:10,1
2026-04-19 20:15,1
2026-04-19 20:20,1
2026-04-19 20:25,1
2026-04-19 20:30,2
2026-04-19 20:35,2
2026-04-19 20:40,3
2026-04-19 20:45,2
2026-04-19 20:50,3
2026-04-19 20:55,3
2026-04-19 21:00,3
2026-04-19 21:05,3
2026-04-19 21:10,3
2026-04-19 21:15,2
2026-04-19 21:20,2
2026-04-19 21:25,1
2026-04-19 21:30,1
2026-04-19 21:40,1
2026-04-19 21:45,1
2026-04-19 21:50,1
2026-04-19 21:55,1
2026-04-19 22:00,1
2026-04-19 22:05,2
2026-04-19 22:10,2
2026-04-19 22:15,1
2026-04-19 22:20,1
2026-04-19 22:25,1
2026-04-19 22:30,1
2026-04-19 22:35,1
2026-04-19 22:40,1
2026-04-19 22:45,1
2026-04-20 07:30,1
2026-04-20 07:35,1
2026-04-20 07:40,2
2026-04-20 07:45,2
2026-04-20 07:50,3
2026-04-20 07:55,3
2026-04-20 08:00,3
2026-04-20 08:05,2
2026-04-20 08:10,2
2026-04-20 08:15,2
2026-04-20 08:20,4
2026-04-20 08:25,4
2026-04-20 08:30,4
2026-04-20 08:35,3
2026-04-20 08:40,3
2026-04-20 08:45,3
2026-04-20 08:50,3
2026-04-20 08:55,2
2026-04-20 09:00,1
2026-04-20 09:05,1
2026-04-20 09:10,1
2026-04-20 09:15,1
2026-04-20 09:20,1
2026-04-20 09:25,2
2026-04-20 09:30,2
2026-04-20 09:35,2
2026-04-20 09:40,2
2026-04-20 09:45,1
2026-04-20 09:50,1
2026-04-20 10:05,1
2026-04-20 10:10,1
2026-04-20 10:15,1
2026-04-20 10:20,1
2026-04-20 10:25,1
2026-04-20 10:30,2
2026-04-20 10:35,2
2026-04-20 10:40,2
2026-04-20 10:45,1
2026-04-20 10:50,1
2026-04-20 10:55,1
2026-04-20 11:00,1
2026-04-20 11:35,1
2026-04-20 11:40,1
2026-04-20 11:45,1
2026-04-20 11:50,1
2026-04-20 11:55,1
2026-04-20 12:00,1
2026-04-20 12:05,1
2026-04-20 12:10,1
2026-04-20 12:15,1
2026-04-20 12:20,1
2026-04-20 12:25,1
2026-04-20 12:30,1
2026-04-20 12:35,1
2026-04-20 12:40,1
2026-04-20 12:45,1
2026-04-20 12:50,1
2026-04-20 12:55,1
2026-04-20 13:00,1
2026-04-20 13:25,1
2026-04-20 13:30,1
2026-04-20 13:35,1
2026-04-20 13:40,1
2026-04-20 13:45,1
2026-04-20 13:50,1
2026-04-20 14:10,1
2026-04-20 14:15,1
2026-04-20 14:20,1
2026-04-20 14:25,2
2026-04-20 14:30,2
2026-04-20 14:35,2
2026-04-20 14:40,2
2026-04-20 14:45,2
2026-04-20 14:50,2
2026-04-20 14:55,2
2026-04-20 15:00,1
2026-04-20 15:05,1
2026-04-20 15:45,1
2026-04-20 15:50,1
2026-04-20 15:55,2
2026-04-20 16:00,2
2026-04-20 16:05,3
2026-04-20 16:10,3
2026-04-20 16:15,3
2026-04-20 16:20,3
2026-04-20 16:25,3
2026-04-20 16:30,2
2026-04-20 16:35,2
2026-04-20 16:40,1
2026-04-20 16:45,1
2026-04-20 17:55,1
2026-04-20 18:00,1
2026-04-20 18:05,1
2026-04-20 18:10,1
2026-04-20 18:15,1
2026-04-20 18:20,2
2026-04-20 18:25,2
2026-04-20 18:30,3
2026-04-20 18:35,3
2026-04-20 18:40,3
2026-04-20 18:45,3
2026-04-20 18:50,3
2026-04-20 18:55,2
2026-04-20 19:00,2
2026-04-20 19:05,1
2026-04-20 19:10,2
2026-04-20 19:15,2
2026-04-20 19:20,2
2026-04-20 19:25,1
2026-04-20 19:30,1
2026-04-20 19:35,1
2026-04-20 19:40,1
2026-04-20 19:45,1
2026-04-20 19:50,1
2026-04-20 20:00,1
2026-04-20 20:05,1
2026-04-20 20:10,1
2026-04-20 20:15,1
2026-04-20 20:20,1
2026-04-20 20:25,1
2026-04-20 20:30,2
2026-04-20 20:35,2
2026-04-20 20:40,3
2026-04-20 20:45,2
2026-04-20 20:50,3
2026-04-20 20:55,3
2026-04-20 21:00,3
2026-04-20 21:05,3
2026-04-20 21:10,3
2026-04-20 21:15,2
2026-04-20 21:20,2
2026-04-20 21:25,1
2026-04-20 21:30,1
2026-04-20 21:40,1
2026-04-20 21:45,1
2026-04-20 21:50,1
2026-04-20 21:55,1
2026-04-20 22:00,1
2026-04-20 22:05,2
2026-04-20 22:10,2
2026-04-20 22:15,2
2026-04-20 22:20,2
2026-04-20 22:25,2
2026-04-20 22:30,2
2026-04-20 22:35,2
2026-04-20 22:40,2
2026-04-20 22:45,2
2026-04-20 22:50,1
2026-04-20 22:55,1
2026-04-20 23:00,1
2026-04-21 07:30,1
2026-04-21 07:35,1
2026-04-21 07:40,2
2026-04-21 07:45,2
2026-04-21 07:50,3
2026-04-21 07:55,3
2026-04-21 08:00,3
2026-04-21 08:05,2
2026-04-21 08:10,2
2026-04-21 08:15,2
2026-04-21 08:20,3
2026-04-21 08:25,3
2026-04-21 08:30,3
2026-04-21 08:35,2
2026-04-21 08:40,2
2026-04-21 08:45,2
2026-04-21 08:50,2
2026-04-21 08:55,1
2026-04-21 09:25,1
2026-04-21 09:30,1
2026-04-21 09:35,1
2026-04-21 09:40,1
2026-04-21 10:05,1
2026-04-21 10:10,1
2026-04-21 10:15,1
2026-04-21 10:20,1
2026-04-21 10:25,1
2026-04-21 10:30,2
2026-04-21 10:35,2
2026-04-21 10:40,2
2026-04-21 10:45,1
2026-04-21 10:50,1
2026-04-21 10:55,1
2026-04-21 11:00,1
2026-04-21 11:35,1
2026-04-21 11:40,1
2026-04-21 11:45,1
2026-04-21 11:50,1
2026-04-21 11:55,1
2026-04-21 12:00,1
2026-04-21 12:05,1
2026-04-21 12:10,1
2026-04-21 12:15,1
2026-04-21 12:20,1
2026-04-21 12:25,1
2026-04-21 12:30,1
2026-04-21 12:35,1
2026-04-21 12:40,1
2026-04-21 12:45,1
2026-04-21 12:50,1
2026-04-21 12:55,1
2026-04-21 13:00,1
2026-04-21 13:20,1
2026-04-21 13:25,2
2026-04-21 13:30,2
2026-04-21 13:35,2
2026-04-21 13:40,2
2026-04-21 13:45,1
2026-04-21 13:50,1
2026-04-21 14:10,1
2026-04-21 14:15,1
2026-04-21 14:20,1
2026-04-21 14:25,2
2026-04-21 14:30,2
2026-04-21 14:35,2
2026-04-21 14:40,2
2026-04-21 14:45,2
2026-04-21 14:50,2
2026-04-21 14:55,2
2026-04-21 15:00,1
2026-04-21 15:05,1
2026-04-21 15:45,1
2026-04-21 15:50,1
2026-04-21 15:55,2
2026-04-21 16:00,2
2026-04-21 16:05,3
2026-04-21 16:10,3
2026-04-21 16:15,3
2026-04-21 16:20,3
2026-04-21 16:25,3
2026-04-21 16:30,2
2026-04-21 16:35,2
2026-04-21 16:40,1
2026-04-21 16:45,1
2026-04-21 17:55,1
2026-04-21 18:00,1
2026-04-21 18:05,1
2026-04-21 18:10,1
2026-04-21 18:15,1
2026-04-21 18:20,1
2026-04-21 18:25,1
2026-04-21 18:30,2
2026-04-21 18:35,2
2026-04-21 18:40,2
2026-04-21 18:45,2
2026-04-21 18:50,2
2026-04-21 18:55,2
2026-04-21 19:00,2
2026-04-21 19:05,1
2026-04-21 19:10,2
2026-04-21 19:15,2
2026-04-21 19:20,2
2026-04-21 19:25,1
2026-04-21 19:30,1
2026-04-21 19:35,1
2026-04-21 19:40,1
2026-04-21 19:45,1
2026-04-21 19:50,1
2026-04-21 20:00,1
2026-04-21 20:05,1
2026-04-21 20:10,1
2026-04-21 20:15,1
2026-04-21 20:20,1
2026-04-21 20:25,1
2026-04-21 20:30,2
2026-04-21 20:35,2
2026-04-21 20:40,3
2026-04-21 20:45,2
2026-04-21 20:50,3
2026-04-21 20:55,3
2026-04-21 21:00,3
2026-04-21 21:05,3
2026-04-21 21:10,3
2026-04-21 21:15,2
2026-04-21 21:20,2
2026-04-21 21:25,1
2026-04-21 21:30,1
2026-04-21 21:40,1
2026-04-21 21:45,1
2026-04-21 21:50,1
2026-04-21 21:55,1
2026-04-21 22:00,1
2026-04-21 22:05,2
2026-04-21 22:10,2
2026-04-21 22:15,1
2026-04-21 22:20,1
2026-04-21 22:25,1
2026-04-21 22:30,1
2026-04-21 22:35,1
2026-04-21 22:40,1
2026-04-21 22:45,1
2026-04-22 07:40,1
2026-04-22 07:45,1
2026-04-22 07:50,2
2026-04-22 07:55,2
2026-04-22 08:00,2
2026-04-22 08:05,2
2026-04-22 08:10,2
2026-04-22 08:15,2
2026-04-22 08:20,4
2026-04-22 08:25,4
2026-04-22 08:30,4
2026-04-22 08:35,3
2026-04-22 08:40,3
2026-04-22 08:45,3
2026-04-22 08:50,3
2026-04-22 08:55,2
2026-04-22 09:00,1
2026-04-22 09:05,1
2026-04-22 09:10,1
2026-04-22 09:15,1
2026-04-22 09:20,1
2026-04-22 09:25,2
2026-04-22 09:30,2
2026-04-22 09:35,2
2026-04-22 09:40,2
2026-04-22 09:45,1
2026-04-22 09:50,1
2026-04-22 10:05,1
2026-04-22 10:10,1
2026-04-22 10:15,1
2026-04-22 10:20,1
2026-04-22 10:25,1
2026-04-22 10:30,2
2026-04-22 10:35,2
2026-04-22 10:40,2
2026-04-22 10:45,1
2026-04-22 10:50,1
2026-04-22 10:55,1
2026-04-22 11:00,1
2026-04-22 11:35,1
2026-04-22 11:40,1
2026-04-22 11:45,1
2026-04-22 11:50,1
2026-04-22 11:55,1
2026-04-22 12:00,1
2026-04-22 12:05,1
2026-04-22 12:10,1
2026-04-22 12:15,1
2026-04-22 12:20,1
2026-04-22 12:25,1
2026-04-22 12:30,1
2026-04-22 12:35,1
2026-04-22 12:40,1
2026-04-22 12:45,1
2026-04-22 12:50,1
2026-04-22 12:55,1
2026-04-22 13:00,1
2026-04-22 13:25,1
2026-04-22 13:30,1
2026-04-22 13:35,1
2026-04-22 13:40,1
2026-04-22 13:45,1
2026-04-22 13:50,1
2026-04-22 14:10,1
2026-04-22 14:15,1
2026-04-22 14:20,1
2026-04-22 14:25,2
2026-04-22 14:30,2
2026-04-22 14:35,2
2026-04-22 14:40,2
2026-04-22 14:45,2
2026-04-22 14:50,2
2026-04-22 14:55,2
2026-04-22 15:00,1
2026-04-22 15:05,1
2026-04-22 15:45,1
2026-04-22 15:50,1
2026-04-22 15:55,2
2026-04-22 16:00,2
2026-04-22 16:05,3
2026-04-22 16:10,3
2026-04-22 16:15,3
2026-04-22 16:20,3
2026-04-22 16:25,3
2026-04-22 16:30,2
2026-04-22 16:35,2
2026-04-22 16:40,1
2026-04-22 16:45,1
2026-04-22 17:55,1
2026-04-22 18:00,1
2026-04-22 18:05,1
2026-04-22 18:10,1
2026-04-22 18:15,1
2026-04-22 18:20,2
2026-04-22 18:25,2
2026-04-22 18:30,3
2026-04-22 18:35,3
2026-04-22 18:40,3
2026-04-22 18:45,3
2026-04-22 18:50,3
2026-04-22 18:55,2
2026-04-22 19:00,2
2026-04-22 19:05,1
2026-04-22 19:10,2
2026-04-22 19:15,2
2026-04-22 19:20,2
2026-04-22 19:25,1
2026-04-22 19:30,1
2026-04-22 19:35,1
2026-04-22 19:40,1
2026-04-22 19:45,1
2026-04-22 19:50,1
2026-04-22 20:00,1
2026-04-22 20:05,1
2026-04-22 20:10,1
2026-04-22 20:15,1
2026-04-22 20:20,1
2026-04-22 20:25,1
2026-04-22 20:30,2
2026-04-22 20:35,2
2026-04-22 20:40,3
2026-04-22 20:45,2
2026-04-22 20:50,3
2026-04-22 20:55,3
2026-04-22 21:00,3
2026-04-22 21:05,3
2026-04-22 21:10,3
2026-04-22 21:15,2
2026-04-22 21:20,2
2026-04-22 21:25,1
2026-04-22 21:30,1
2026-04-22 21:40,1
2026-04-22 21:45,1
2026-04-22 21:50,1
2026-04-22 21:55,1
2026-04-22 22:00,1
2026-04-22 22:05,2
2026-04-22 22:10,2
2026-04-22 22:15,2
2026-04-22 22:20,2
2026-04-22 22:25,2
2026-04-22 22:30,2
2026-04-22 22:35,2
2026-04-22 22:40,2
2026-04-22 22:45,2
2026-04-22 22:50,1
2026-04-22 22:55,1
2026-04-22 23:00,1
2026-04-23 07:30,1
2026-04-23 07:35,1
2026-04-23 07:40,2
2026-04-23 07:45,2
2026-04-23 07:50,3
2026-04-23 07:55,3
2026-04-23 08:00,3
2026-04-23 08:05,2
2026-04-23 08:10,2
2026-04-23 08:15,2
2026-04-23 08:20,3
2026-04-23 08:25,3
2026-04-23 08:30,3
2026-04-23 08:35,2
2026-04-23 08:40,2
2026-04-23 08:45,2
2026-04-23 08:50,2
2026-04-23 08:55,1
2026-04-23 09:25,1
2026-04-23 09:30,1
2026-04-23 09:35,1
2026-04-23 09:40,1
2026-04-23 10:05,1
2026-04-23 10:10,1
2026-04-23 10:15,1
2026-04-23 10:20,1
2026-04-23 10:25,1
2026-04-23 10:30,2
2026-04-23 10:35,2
2026-04-23 10:40,2
2026-04-23 10:45,1
2026-04-23 10:50,1
2026-04-23 10:55,1
2026-04-23 11:00,1
2026-04-23 11:35,1
2026-04-23 11:40,1
2026-04-23 11:45,1
2026-04-23 11:50,1
2026-04-23 11:55,1
2026-04-23 12:00,1
2026-04-23 12:05,1
2026-04-23 12:10,1
2026-04-23 12:15,1
2026-04-23 12:20,1
2026-04-23 12:25,1
2026-04-23 12:30,1
2026-04-23 12:35,1
2026-04-23 12:40,1
2026-04-23 12:45,1
2026-04-23 12:50,1
2026-04-23 12:55,1
2026-04-23 13:00,1
2026-04-23 13:20,1
2026-04-23 13:25,2
2026-04-23 13:30,2
2026-04-23 13:35,2
2026-04-23 13:40,2
2026-04-23 13:45,1
2026-04-23 13:50,1
2026-04-23 14:10,1
2026-04-23 14:15,1
2026-04-23 14:20,1
2026-04-23 14:25,2
2026-04-23 14:30,2
2026-04-23 14:35,2
2026-04-23 14:40,2
2026-04-23 14:45,2
2026-04-23 14:50,2
2026-04-23 14:55,2
2026-04-23 15:00,1
2026-04-23 15:05,1
2026-04-23 15:45,1
2026-04-23 15:50,1
2026-04-23 15:55,2
2026-04-23 16:00,2
2026-04-23 16:05,3
2026-04-23 16:10,3
2026-04-23 16:15,3
2026-04-23 16:20,3
2026-04-23 16:25,3
2026-04-23 16:30,2
2026-04-23 16:35,2
2026-04-23 16:40,1
2026-04-23 16:45,1
2026-04-23 17:55,1
2026-04-23 18:00,1
2026-04-23 18:05,1
2026-04-23 18:10,1
2026-04-23 18:15,1
2026-04-23 18:20,1
2026-04-23 18:25,1
2026-04-23 18:30,2
2026-04-23 18:35,2
2026-04-23 18:40,2
2026-04-23 18:45,2
2026-04-23 18:50,2
2026-04-23 18:55,2
2026-04-23 19:00,2
2026-04-23 19:05,1
2026-04-23 19:10,2
2026-04-23 19:15,2
2026-04-23 19:20,2
2026-04-23 19:25,1
2026-04-23 19:30,1
2026-04-23 19:35,1
2026-04-23 19:40,1
2026-04-23 19:45,1
2026-04-23 19:50,1
2026-04-23 20:00,1
2026-04-23 20:05,1
2026-04-23 20:10,1
2026-04-23 20:15,1
2026-04-23 20:20,1
2026-04-23 20:25,1
2026-04-23 20:30,2
2026-04-23 20:35,2
2026-04-23 20:40,3
2026-04-23 20:45,2
2026-04-23 20:50,3
2026-04-23 20:55,3
2026-04-23 21:00,3
2026-04-23 21:05,3
2026-04-23 21:10,3
2026-04-23 21:15,2
2026-04-23 21:20,2
2026-04-23 21:25,1
2026-04-23 21:30,1
2026-04-23 21:40,1
2026-04-23 21:45,1
2026-04-23 21:50,1
2026-04-23 21:55,1
2026-04-23 22:00,1
2026-04-23 22:05,2
2026-04-23 22:10,2
2026-04-23 22:15,1
2026-04-23 22:20,1
2026-04-23 22:25,1
2026-04-23 22:30,1
2026-04-23 22:35,1
2026-04-23 22:40,1
2026-04-23 22:45,1
2026-04-24 07:40,1
2026-04-24 07:45,1
2026-04-24 07:50,2
2026-04-24 07:55,2
2026-04-24 08:00,2
2026-04-24 08:05,2
2026-04-24 08:10,2
2026-04-24 08:15,2
2026-04-24 08:20,4
2026-04-24 08:25,4
2026-04-24 08:30,4
2026-04-24 08:35,3
2026-04-24 08:40,3
2026-04-24 08:45,3
2026-04-24 08:50,3
2026-04-24 08:55,2
2026-04-24 09:00,1
2026-04-24 09:05,1
2026-04-24 09:10,1
2026-04-24 09:15,1
2026-04-24 09:20,1
2026-04-24 09:25,2
2026-04-24 09:30,2
2026-04-24 09:35,2
2026-04-24 09:40,2
2026-04-24 09:45,1
2026-04-24 09:50,1
2026-04-24 10:05,1
2026-04-24 10:10,1
2026-04-24 10:15,1
2026-04-24 10:20,1
2026-04-24 10:25,1
2026-04-24 10:30,2
2026-04-24 10:35,2
2026-04-24 10:40,2
2026-04-24 10:45,1
2026-04-24 10:50,1
2026-04-24 10:55,1
2026-04-24 11:00,1
2026-04-24 11:35,1
2026-04-24 11:40,1
2026-04-24 11:45,1
2026-04-24 11:50,1
2026-04-24 11:55,1
2026-04-24 12:00,1
2026-04-24 12:05,1
2026-04-24 12:10,1
2026-04-24 12:15,1
2026-04-24 12:20,1
2026-04-24 12:25,1
2026-04-24 12:30,1
2026-04-24 12:35,1
2026-04-24 12:40,1
2026-04-24 12:45,1
2026-04-24 12:50,1
2026-04-24 12:55,1
2026-04-24 13:00,1
2026-04-24 13:25,1
2026-04-24 13:30,1
2026-04-24 13:35,1
2026-04-24 13:40,1
2026-04-24 13:45,1
2026-04-24 13:50,1
2026-04-24 14:10,1
2026-04-24 14:15,1
2026-04-24 14:20,1
2026-04-24 14:25,2
2026-04-24 14:30,2
2026-04-24 14:35,2
2026-04-24 14:40,2
2026-04-24 14:45,2
2026-04-24 14:50,2
2026-04-24 14:55,2
2026-04-24 15:00,1
2026-04-24 15:05,1
2026-04-24 15:45,1
2026-04-24 15:50,1
2026-04-24 15:55,2
2026-04-24 16:00,2
2026-04-24 16:05,3
2026-04-24 16:10,3
2026-04-24 16:15,3
2026-04-24 16:20,3
2026-04-24 16:25,3
2026-04-24 16:30,2
2026-04-24 16:35,2
2026-04-24 16:40,1
2026-04-24 16:45,1
2026-04-24 17:55,1
2026-04-24 18:00,1
2026-04-24 18:05,1
2026-04-24 18:10,1
2026-04-24 18:15,1
2026-04-24 18:20,2
2026-04-24 18:25,2
2026-04-24 18:30,3
2026-04-24 18:35,3
2026-04-24 18:40,3
2026-04-24 18:45,3
2026-04-24 18:50,3
2026-04-24 18:55,2
2026-04-24 19:00,2
2026-04-24 19:05,1
2026-04-24 19:10,2
2026-04-24 19:15,2
2026-04-24 19:20,2
2026-04-24 19:25,1
2026-04-24 19:30,1
2026-04-24 19:35,1
2026-04-24 19:40,1
2026-04-24 19:45,1
2026-04-24 19:50,1
2026-04-24 20:00,1
2026-04-24 20:05,1
2026-04-24 20:10,1
2026-04-24 20:15,1
2026-04-24 20:20,1
2026-04-24 20:25,1
2026-04-24 20:30,2
2026-04-24 20:35,2
2026-04-24 20:40,3
2026-04-24 20:45,2
2026-04-24 20:50,3
2026-04-24 20:55,3
2026-04-24 21:00,3
2026-04-24 21:05,3
2026-04-24 21:10,3
2026-04-24 21:15,2
2026-04-24 21:20,2
2026-04-24 21:25,1
2026-04-24 21:30,1
2026-04-24 21:40,1
2026-04-24 21:45,1
2026-04-24 21:50,1
2026-04-24 21:55,1
2026-04-24 22:00,1
2026-04-24 22:05,2
2026-04-24 22:10,2
2026-04-24 22:15,2
2026-04-24 22:20,2
2026-04-24 22:25,2
2026-04-24 22:30,2
2026-04-24 22:35,2
2026-04-24 22:40,2
2026-04-24 22:45,2
2026-04-24 22:50,1
2026-04-24 22:55,1
2026-04-24 23:00,1
2026-04-25 07:30,1
2026-04-25 07:35,1
2026-04-25 07:40,2
2026-04-25 07:45,2
2026-04-25 07:50,3
2026-04-25 07:55,3
2026-04-25 08:00,3
2026-04-25 08:05,2
2026-04-25 08:10,2
2026-04-25 08:15,2
2026-04-25 08:20,3
2026-04-25 08:25,3
2026-04-25 08:30,3
2026-04-25 08:35,2
2026-04-25 08:40,2
2026-04-25 08:45,2
2026-04-25 08:50,2
2026-04-25 08:55,1
2026-04-25 09:25,1
2026-04-25 09:30,1
2026-04-25 09:35,1
2026-04-25 09:40,1
2026-04-25 10:05,1
2026-04-25 10:10,1
2026-04-25 10:15,1
2026-04-25 10:20,1
2026-04-25 10:25,1
2026-04-25 10:30,2
2026-04-25 10:35,2
2026-04-25 10:40,2
2026-04-25 10:45,1
2026-04-25 10:50,1
2026-04-25 10:55,1
2026-04-25 11:00,1
2026-04-25 11:35,1
2026-04-25 11:40,1
2026-04-25 11:45,1
2026-04-25 11:50,1
2026-04-25 11:55,1
2026-04-25 12:00,1
2026-04-25 12:05,1
2026-04-25 12:10,1
2026-04-25 12:15,1
2026-04-25 12:20,1
2026-04-25 12:25,1
2026-04-25 12:30,1
2026-04-25 12:35,1
2026-04-25 12:40,1
2026-04-25 12:45,1
2026-04-25 12:50,1
2026-04-25 12:55,1
2026-04-25 13:00,1
2026-04-25 13:20,1
2026-04-25 13:25,2
2026-04-25 13:30,2
2026-04-25 13:35,2
2026-04-25 13:40,2
2026-04-25 13:45,1
2026-04-25 13:50,1
2026-04-25 14:10,1
2026-04-25 14:15,1
2026-04-25 14:20,1
2026-04-25 14:25,2
2026-04-25 14:30,2
2026-04-25 14:35,2
2026-04-25 14:40,2
2026-04-25 14:45,2
2026-04-25 14:50,2
2026-04-25 14:55,2
2026-04-25 15:00,1
2026-04-25 15:05,1
2026-04-25 15:45,1
2026-04-25 15:50,1
2026-04-25 15:55,2
2026-04-25 16:00,2
2026-04-25 16:05,3
2026-04-25 16:10,3
2026-04-25 16:15,3
2026-04-25 16:20,3
2026-04-25 16:25,3
2026-04-25 16:30,2
2026-04-25 16:35,2
2026-04-25 16:40,1
2026-04-25 16:45,1
2026-04-25 17:55,1
2026-04-25 18:00,1
2026-04-25 18:05,1
2026-04-25 18:10,1
2026-04-25 18:15,1
2026-04-25 18:20,1
2026-04-25 18:25,1
2026-04-25 18:30,2
2026-04-25 18:35,2
2026-04-25 18:40,2
2026-04-25 18:45,2
2026-04-25 18:50,2
2026-04-25 18:55,2
2026-04-25 19:00,2
2026-04-25 19:05,1
2026-04-25 19:10,2
2026-04-25 19:15,2
2026-04-25 19:20,2
2026-04-25 19:25,1
2026-04-25 19:30,1
2026-04-25 19:35,1
2026-04-25 19:40,1
2026-04-25 19:45,1
2026-04-25 19:50,1
2026-04-25 20:00,1
2026-04-25 20:05,1
2026-04-25 20:10,1
2026-04-25 20:15,1
2026-04-25 20:20,1
2026-04-25 20:25,1
2026-04-25 20:30,2
2026-04-25 20:35,2
2026-04-25 20:40,3
2026-04-25 20:45,2
2026-04-25 20:50,3
2026-04-25 20:55,3
2026-04-25 21:00,3
2026-04-25 21:05,3
2026-04-25 21:10,3
2026-04-25 21:15,2
2026-04-25 21:20,2
2026-04-25 21:25,1
2026-04-25 21:30,1
2026-04-25 21:40,1
2026-04-25 21:45,1
2026-04-25 21:50,1
2026-04-25 21:55,1
2026-04-25 22:00,1
2026-04-25 22:05,2
2026-04-25 22:10,2
2026-04-25 22:15,2
2026-04-25 22:20,2
2026-04-25 22:25,2
2026-04-25 22:30,2
2026-04-25 22:35,2
2026-04-25 22:40,2
2026-04-25 22:45,2
2026-04-25 22:50,1
2026-04-25 22:55,1
2026-04-25 23:00,1
2026-04-26 07:40,1
2026-04-26 07:45,1
2026-04-26 07:50,2
2026-04-26 07:55,2
2026-04-26 08:00,2
2026-04-26 08:05,2
2026-04-26 08:10,2
2026-04-26 08:15,2
2026-04-26 08:20,4
2026-04-26 08:25,4
2026-04-26 08:30,4
2026-04-26 08:35,3
2026-04-26 08:40,3
2026-04-26 08:45,3
2026-04-26 08:50,3
2026-04-26 08:55,2
2026-04-26 09:00,1
2026-04-26 09:05,1
2026-04-26 09:10,1
2026-04-26 09:15,1
2026-04-26 09:20,1
2026-04-26 09:25,2
2026-04-26 09:30,2
2026-04-26 09:35,2
2026-04-26 09:40,2
2026-04-26 09:45,1
2026-04-26 09:50,1
2026-04-26 10:05,1
2026-04-26 10:10,1
2026-04-26 10:15,1
2026-04-26 10:20,1
2026-04-26 10:25,1
2026-04-26 10:30,2
2026-04-26 10:35,2
2026-04-26 10:40,2
2026-04-26 10:45,1
2026-04-26 10:50,1
2026-04-26 10:55,1
2026-04-26 11:00,1
2026-04-26 11:35,1
2026-04-26 11:40,1
2026-04-26 11:45,1
2026-04-26 11:50,1
2026-04-26 11:55,1
2026-04-26 12:00,1
2026-04-26 12:05,1
2026-04-26 12:10,1
2026-04-26 12:15,1
2026-04-26 12:20,1
2026-04-26 12:25,1
2026-04-26 12:30,1
2026-04-26 12:35,1
2026-04-26 12:40,1
2026-04-26 12:45,1
2026-04-26 12:50,1
2026-04-26 12:55,1
2026-04-26 13:00,1
2026-04-26 13:25,1
2026-04-26 13:30,1
2026-04-26 13:35,1
2026-04-26 13:40,1
2026-04-26 13:45,1
2026-04-26 13:50,1
2026-04-26 14:10,1
2026-04-26 14:15,1
2026-04-26 14:20,1
2026-04-26 14:25,2
2026-04-26 14:30,2
2026-04-26 14:35,2
2026-04-26 14:40,2
2026-04-26 14:45,2
2026-04-26 14:50,2
2026-04-26 14:55,2
2026-04-26 15:00,1
2026-04-26 15:05,1
2026-04-26 15:45,1
2026-04-26 15:50,1
2026-04-26 15:55,2
2026-04-26 16:00,2
2026-04-26 16:05,3
2026-04-26 16:10,3
2026-04-26 16:15,3
2026-04-26 16:20,3
2026-04-26 16:25,3
2026-04-26 16:30,2
2026-04-26 16:35,2
2026-04-26 16:40,1
2026-04-26 16:45,1
2026-04-26 17:55,1
2026-04-26 18:00,1
2026-04-26 18:05,1
2026-04-26 18:10,1
2026-04-26 18:15,1
2026-04-26 18:20,2
2026-04-26 18:25,2
2026-04-26 18:30,3
2026-04-26 18:35,3
2026-04-26 18:40,3
2026-04-26 18:45,3
2026-04-26 18:50,3
2026-04-26 18:55,2
2026-04-26 19:00,2
2026-04-26 19:05,1
2026-04-26 19:10,2
2026-04-26 19:15,2
2026-04-26 19:20,2
2026-04-26 19:25,1
2026-04-26 19:30,1
2026-04-26 19:35,1
2026-04-26 19:40,1
2026-04-26 19:45,1
2026-04-26 19:50,1
2026-04-26 20:00,1
2026-04-26 20:05,1
2026-04-26 20:10,1
2026-04-26 20:15,1
2026-04-26 20:20,1
2026-04-26 20:25,1
2026-04-26 20:30,2
2026-04-26 20:35,2
2026-04-26 20:40,3
2026-04-26 20:45,2
2026-04-26 20:50,3
2026-04-26 20:55,3
2026-04-26 21:00,3
2026-04-26 21:05,3
2026-04-26 21:10,3
2026-04-26 21:15,2
2026-04-26 21:20,2
2026-04-26 21:25,1
2026-04-26 21:30,1
2026-04-26 21:40,1
2026-04-26 21:45,1
2026-04-26 21:50,1
2026-04-26 21:55,1
2026-04-26 22:00,1
2026-04-26 22:05,2
2026-04-26 22:10,2
2026-04-26 22:15,1
2026-04-26 22:20,1
2026-04-26 22:25,1
2026-04-26 22:30,1
2026-04-26 22:35,1
2026-04-26 22:40,1
2026-04-26 22:45,1
2026-04-27 07:30,1
2026-04-27 07:35,1
2026-04-27 07:40,2
2026-04-27 07:45,2
2026-04-27 07:50,3
2026-04-27 07:55,3
2026-04-27 08:00,3
2026-04-27 08:05,2
2026-04-27 08:10,2
2026-04-27 08:15,2
2026-04-27 08:20,4
2026-04-27 08:25,4
2026-04-27 08:30,4
2026-04-27 08:35,3
2026-04-27 08:40,3
2026-04-27 08:45,3
2026-04-27 08:50,3
2026-04-27 08:55,2
2026-04-27 09:00,1
2026-04-27 09:05,1
2026-04-27 09:10,1
2026-04-27 09:15,1
2026-04-27 09:20,1
2026-04-27 09:25,2
2026-04-27 09:30,2
2026-04-27 09:35,2
2026-04-27 09:40,2
2026-04-27 09:45,1
2026-04-27 09:50,1
2026-04-27 10:05,1
2026-04-27 10:10,1
2026-04-27 10:15,1
2026-04-27 10:20,1
2026-04-27 10:25,1
2026-04-27 10:30,2
2026-04-27 10:35,2
2026-04-27 10:40,2
2026-04-27 10:45,1
2026-04-27 10:50,1
2026-04-27 10:55,1
2026-04-27 11:00,1
2026-04-27 11:35,1
2026-04-27 11:40,1
2026-04-27 11:45,1
2026-04-27 11:50,1
2026-04-27 11:55,1
2026-04-27 12:00,1
2026-04-27 12:05,1
2026-04-27 12:10,1
2026-04-27 12:15,1
2026-04-27 12:20,1
2026-04-27 12:25,1
2026-04-27 12:30,1
2026-04-27 12:35,1
2026-04-27 12:40,1
2026-04-27 12:45,1
2026-04-27 12:50,1
2026-04-27 12:55,1
2026-04-27 13:00,1
2026-04-27 13:25,1
2026-04-27 13:30,1
2026-04-27 13:35,1
2026-04-27 13:40,1
2026-04-27 13:45,1
2026-04-27 13:50,1
2026-04-27 14:10,1
2026-04-27 14:15,1
2026-04-27 14:20,1
2026-04-27 14:25,2
2026-04-27 14:30,2
2026-04-27 14:35,2
2026-04-27 14:40,2
2026-04-27 14:45,2
2026-04-27 14:50,2
2026-04-27 14:55,2
2026-04-27 15:00,1
2026-04-27 15:05,1
2026-04-27 15:45,1
2026-04-27 15:50,1
2026-04-27 15:55,2
2026-04-27 16:00,2
2026-04-27 16:05,3
2026-04-27 16:10,3
2026-04-27 16:15,3
2026-04-27 16:20,3
2026-04-27 16:25,3
2026-04-27 16:30,2
2026-04-27 16:35,2
2026-04-27 16:40,1
2026-04-27 16:45,1
2026-04-27 17:55,1
2026-04-27 18:00,1
2026-04-27 18:05,1
2026-04-27 18:10,1
2026-04-27 18:15,1
2026-04-27 18:20,2
2026-04-27 18:25,2
2026-04-27 18:30,3
2026-04-27 18:35,3
2026-04-27 18:40,3
2026-04-27 18:45,3
2026-04-27 18:50,3
2026-04-27 18:55,2
2026-04-27 19:00,2
2026-04-27 19:05,1
2026-04-27 19:10,2
2026-04-27 19:15,2
2026-04-27 19:20,2
2026-04-27 19:25,1
2026-04-27 19:30,1
2026-04-27 19:35,1
2026-04-27 19:40,1
2026-04-27 19:45,1
2026-04-27 19:50,1
2026-04-27 20:00,1
2026-04-27 20:05,1
2026-04-27 20:10,1
2026-04-27 20:15,1
2026-04-27 20:20,1
2026-04-27 20:25,1
2026-04-27 20:30,2
2026-04-27 20:35,2
2026-04-27 20:40,3
2026-04-27 20:45,2
2026-04-27 20:50,3
2026-04-27 20:55,3
2026-04-27 21:00,3
2026-04-27 21:05,3
2026-04-27 21:10,3
2026-04-27 21:15,2
2026-04-27 21:20,2
2026-04-27 21:25,1
2026-04-27 21:30,1
2026-04-27 21:40,1
2026-04-27 21:45,1
2026-04-27 21:50,1
2026-04-27 21:55,1
2026-04-27 22:00,1
2026-04-27 22:05,2
2026-04-27 22:10,2
2026-04-27 22:15,2
2026-04-27 22:20,2
2026-04-27 22:25,2
2026-04-27 22:30,2
2026-04-27 22:35,2
2026-04-27 22:40,2
2026-04-27 22:45,2
2026-04-27 22:50,1
2026-04-27 22:55,1
2026-04-27 23:00,1
2026-04-28 07:30,1
2026-04-28 07:35,1
2026-04-28 07:40,2
2026-04-28 07:45,2
2026-04-28 07:50,3
2026-04-28 07:55,3
2026-04-28 08:00,3
2026-04-28 08:05,2
2026-04-28 08:10,2
2026-04-28 08:15,2
2026-04-28 08:20,3
2026-04-28 08:25,3
2026-04-28 08:30,3
2026-04-28 08:35,2
2026-04-28 08:40,2
2026-04-28 08:45,2
2026-04-28 08:50,2
2026-04-28 08:55,1
2026-04-28 09:25,1
2026-04-28 09:30,1
2026-04-28 09:35,1
2026-04-28 09:40,1
2026-04-28 10:05,1
2026-04-28 10:10,1
2026-04-28 10:15,1
2026-04-28 10:20,1
2026-04-28 10:25,1
2026-04-28 10:30,2
2026-04-28 10:35,2
2026-04-28 10:40,2
2026-04-28 10:45,1
2026-04-28 10:50,1
2026-04-28 10:55,1
2026-04-28 11:00,1
2026-04-28 11:35,1
2026-04-28 11:40,1
2026-04-28 11:45,1
2026-04-28 11:50,1
2026-04-28 11:55,1
2026-04-28 12:00,1
2026-04-28 12:05,1
2026-04-28 12:10,1
2026-04-28 12:15,1
2026-04-28 12:20,1
2026-04-28 12:25,1
2026-04-28 12:30,1
2026-04-28 12:35,1
2026-04-28 12:40,1
2026-04-28 12:45,1
2026-04-28 12:50,1
2026-04-28 12:55,1
2026-04-28 13:00,1
2026-04-28 13:20,1
2026-04-28 13:25,2
2026-04-28 13:30,2
2026-04-28 13:35,2
2026-04-28 13:40,2
2026-04-28 13:45,1
2026-04-28 13:50,1
2026-04-28 14:10,1
2026-04-28 14:15,1
2026-04-28 14:20,1
2026-04-28 14:25,2
2026-04-28 14:30,2
2026-04-28 14:35,2
2026-04-28 14:40,2
2026-04-28 14:45,2
2026-04-28 14:50,2
2026-04-28 14:55,2
2026-04-28 15:00,1
2026-04-28 15:05,1
2026-04-28 15:45,1
2026-04-28 15:50,1
2026-04-28 15:55,2
2026-04-28 16:00,2
2026-04-28 16:05,3
2026-04-28 16:10,3
2026-04-28 16:15,3
2026-04-28 16:20,3
2026-04-28 16:25,3
2026-04-28 16:30,2
2026-04-28 16:35,2
2026-04-28 16:40,1
2026-04-28 16:45,1
2026-04-28 17:55,1
2026-04-28 18:00,1
2026-04-28 18:05,1
2026-04-28 18:10,1
2026-04-28 18:15,1
2026-04-28 18:20,1
2026-04-28 18:25,1
2026-04-28 18:30,2
2026-04-28 18:35,2
2026-04-28 18:40,2
2026-04-28 18:45,2
2026-04-28 18:50,2
2026-04-28 18:55,2
2026-04-28 19:00,2
2026-04-28 19:05,1
2026-04-28 19:10,2
2026-04-28 19:15,2
2026-04-28 19:20,2
2026-04-28 19:25,1
2026-04-28 19:30,1
2026-04-28 19:35,1
2026-04-28 19:40,1
2026-04-28 19:45,1
2026-04-28 19:50,1
2026-04-28 20:00,1
2026-04-28 20:05,1
2026-04-28 20:10,1
2026-04-28 20:15,1
2026-04-28 20:20,1
2026-04-28 20:25,1
2026-04-28 20:30,2
2026-04-28 20:35,2
2026-04-28 20:40,3
2026-04-28 20:45,2
2026-04-28 20:50,3
2026-04-28 20:55,3
2026-04-28 21:00,3
2026-04-28 21:05,3
2026-04-28 21:10,3
2026-04-28 21:15,2
2026-04-28 21:20,2
2026-04-28 21:25,1
2026-04-28 21:30,1
2026-04-28 21:40,1
2026-04-28 21:45,1
2026-04-28 21:50,1
2026-04-28 21:55,1
2026-04-28 22:00,1
2026-04-28 22:05,2
2026-04-28 22:10,2
2026-04-28 22:15,1
2026-04-28 22:20,1
2026-04-28 22:25,1
2026-04-28 22:30,1
2026-04-28 22:35,1
2026-04-28 22:40,1
2026-04-28 22:45,1
2026-04-29 07:40,1
2026-04-29 07:45,1
2026-04-29 07:50,2
2026-04-29 07:55,2
2026-04-29 08:00,2
2026-04-29 08:05,2
2026-04-29 08:10,2
2026-04-29 08:15,2
2026-04-29 08:20,4
2026-04-29 08:25,4
2026-04-29 08:30,4
2026-04-29 08:35,3
2026-04-29 08:40,3
2026-04-29 08:45,3
2026-04-29 08:50,3
2026-04-29 08:55,2
2026-04-29 09:00,1
2026-04-29 09:05,1
2026-04-29 09:10,1
2026-04-29 09:15,1
2026-04-29 09:20,1
2026-04-29 09:25,2
2026-04-29 09:30,2
2026-04-29 09:35,2
2026-04-29 09:40,2
2026-04-29 09:45,1
2026-04-29 09:50,1
2026-04-29 10:05,1
2026-04-29 10:10,1
2026-04-29 10:15,1
2026-04-29 10:20,1
2026-04-29 10:25,1
2026-04-29 10:30,2
2026-04-29 10:35,2
2026-04-29 10:40,2
2026-04-29 10:45,1
2026-04-29 10:50,1
2026-04-29 10:55,1
2026-04-29 11:00,1
2026-04-29 11:35,1
2026-04-29 11:40,1
2026-04-29 11:45,1
2026-04-29 11:50,1
2026-04-29 11:55,1
2026-04-29 12:00,1
2026-04-29 12:05,1
2026-04-29 12:10,1
2026-04-29 12:15,1
2026-04-29 12:20,1
2026-04-29 12:25,1
2026-04-29 12:30,1
2026-04-29 12:35,1
2026-04-29 12:40,1
2026-04-29 12:45,1
2026-04-29 12:50,1
2026-04-29 12:55,1
2026-04-29 13:00,1
2026-04-29 13:25,1
2026-04-29 13:30,1
2026-04-29 13:35,1
2026-04-29 13:40,1
2026-04-29 13:45,1
2026-04-29 13:50,1
2026-04-29 14:10,1
2026-04-29 14:15,1
2026-04-29 14:20,1
2026-04-29 14:25,2
2026-04-29 14:30,2
2026-04-29 14:35,2
2026-04-29 14:40,2
2026-04-29 14:45,2
2026-04-29 14:50,2
2026-04-29 14:55,2
2026-04-29 15:00,1
2026-04-29 15:05,1
2026-04-29 15:45,1
2026-04-29 15:50,1
2026-04-29 15:55,2
2026-04-29 16:00,2
2026-04-29 16:05,3
2026-04-29 16:10,3
2026-04-29 16:15,3
2026-04-29 16:20,3
2026-04-29 16:25,3
2026-04-29 16:30,2
2026-04-29 16:35,2
2026-04-29 16:40,1
2026-04-29 16:45,1
2026-04-29 17:55,1
2026-04-29 18:00,1
2026-04-29 18:05,1
2026-04-29 18:10,1
2026-04-29 18:15,1
2026-04-29 18:20,2
2026-04-29 18:25,2
2026-04-29 18:30,3
2026-04-29 18:35,3
2026-04-29 18:40,3
2026-04-29 18:45,3
2026-04-29 18:50,3
2026-04-29 18:55,2
2026-04-29 19:00,2
2026-04-29 19:05,1
2026-04-29 19:10,2
2026-04-29 19:15,2
2026-04-29 19:20,2
2026-04-29 19:25,1
2026-04-29 19:30,1
2026-04-29 19:35,1
2026-04-29 19:40,1
2026-04-29 19:45,1
2026-04-29 19:50,1
2026-04-29 20:00,1
2026-04-29 20:05,1
2026-04-29 20:10,1
2026-04-29 20:15,1
2026-04-29 20:20,1
2026-04-29 20:25,1
2026-04-29 20:30,2
2026-04-29 20:35,2
2026-04-29 20:40,3
2026-04-29 20:45,2
2026-04-29 20:50,3
2026-04-29 20:55,3
2026-04-29 21:00,3
2026-04-29 21:05,3
2026-04-29 21:10,3
2026-04-29 21:15,2
2026-04-29 21:20,2
2026-04-29 21:25,1
2026-04-29 21:30,1
2026-04-29 21:40,1
2026-04-29 21:45,1
2026-04-29 21:50,1
2026-04-29 21:55,1
2026-04-29 22:00,1
2026-04-29 22:05,2
2026-04-29 22:10,2
2026-04-29 22:15,2
2026-04-29 22:20,2
2026-04-29 22:25,2
2026-04-29 22:30,2
2026-04-29 22:35,2
2026-04-29 22:40,2
2026-04-29 22:45,2
2026-04-29 22:50,1
2026-04-29 22:55,1
2026-04-29 23:00,1
2026-04-30 07:30,1
2026-04-30 07:35,1
2026-04-30 07:40,2
2026-04-30 07:45,2
2026-04-30 07:50,3
2026-04-30 07:55,3
2026-04-30 08:00,3
2026-04-30 08:05,2
2026-04-30 08:10,2
2026-04-30 08:15,2
2026-04-30 08:20,3
2026-04-30 08:25,3
2026-04-30 08:30,3
2026-04-30 08:35,2
2026-04-30 08:40,2
2026-04-30 08:45,2
2026-04-30 08:50,2
2026-04-30 08:55,1
2026-04-30 09:25,1
2026-04-30 09:30,1
2026-04-30 09:35,1
2026-04-30 09:40,1
2026-04-30 10:05,1
2026-04-30 10:10,1
2026-04-30 10:15,1
2026-04-30 10:20,1
2026-04-30 10:25,1
2026-04-30 10:30,2
2026-04-30 10:35,2
2026-04-30 10:40,2
2026-04-30 10:45,1
2026-04-30 10:50,1
2026-04-30 10:55,1
2026-04-30 11:00,1
2026-04-30 11:35,1
2026-04-30 11:40,1
2026-04-30 11:45,1
2026-04-30 11:50,1
2026-04-30 11:55,1
2026-04-30 12:00,1
2026-04-30 12:05,1
2026-04-30 12:10,1
2026-04-30 12:15,1
2026-04-30 12:20,1
2026-04-30 12:25,1
2026-04-30 12:30,1
2026-04-30 12:35,1
2026-04-30 12:40,1
2026-04-30 12:45,1
2026-04-30 12:50,1
2026-04-30 12:55,1
2026-04-30 13:00,1
2026-04-30 13:20,1
2026-04-30 13:25,2
2026-04-30 13:30,2
2026-04-30 13:35,2
2026-04-30 13:40,2
2026-04-30 13:45,1
2026-04-30 13:50,1
2026-04-30 14:10,1
2026-04-30 14:15,1
2026-04-30 14:20,1
2026-04-30 14:25,2
2026-04-30 14:30,2
2026-04-30 14:35,2
2026-04-30 14:40,2
2026-04-30 14:45,2
2026-04-30 14:50,2
2026-04-30 14:55,2
2026-04-30 15:00,1
2026-04-30 15:05,1
2026-04-30 15:45,1
2026-04-30 15:50,1
2026-04-30 15:55,2
2026-04-30 16:00,2
2026-04-30 16:05,3
2026-04-30 16:10,3
2026-04-30 16:15,3
2026-04-30 16:20,3
2026-04-30 16:25,3
2026-04-30 16:30,2
2026-04-30 16:35,2
2026-04-30 16:40,1
2026-04-30 16:45,1
2026-04-30 17:55,1
2026-04-30 18:00,1
2026-04-30 18:05,1
2026-04-30 18:10,1
2026-04-30 18:15,1
2026-04-30 18:20,1
2026-04-30 18:25,1
2026-04-30 18:30,2
2026-04-30 18:35,2
2026-04-30 18:40,2
2026-04-30 18:45,2
2026-04-30 18:50,2
2026-04-30 18:55,2
2026-04-30 19:00,2
2026-04-30 19:05,1
2026-04-30 19:10,2
2026-04-30 19:15,2
2026-04-30 19:20,2
2026-04-30 19:25,1
2026-04-30 19:30,1
2026-04-30 19:35,1
2026-04-30 19:40,1
2026-04-30 19:45,1
2026-04-30 19:50,1
2026-04-30 20:00,1
2026-04-30 20:05,1
2026-04-30 20:10,1
2026-04-30 20:15,1
2026-04-30 20:20,1
2026-04-30 20:25,1
2026-04-30 20:30,2
2026-04-30 20:35,2
2026-04-30 20:40,3
2026-04-30 20:45,2
2026-04-30 20:50,3
2026-04-30 20:55,3
2026-04-30 21:00,3
2026-04-30 21:05,3
2026-04-30 21:10,3
2026-04-30 21:15,2
2026-04-30 21:20,2
2026-04-30 21:25,1
2026-04-30 21:30,1
2026-04-30 21:40,1
2026-04-30 21:45,1
2026-04-30 21:50,1
2026-04-30 21:55,1
2026-04-30 22:00,1
2026-04-30 22:05,2
2026-04-30 22:10,2
2026-04-30 22:15,1
2026-04-30 22:20,1
2026-04-30 22:25,1
2026-04-30 22:30,1
2026-04-30 22:35,1
2026-04-30 22:40,1
2026-04-30 22:45,1
2026-05-01 07:40,1
2026-05-01 07:45,1
2026-05-01 07:50,2
2026-05-01 07:55,2
2026-05-01 08:00,2
2026-05-01 08:05,2
2026-05-01 08:10,2
2026-05-01 08:15,2
2026-05-01 08:20,4
2026-05-01 08:25,4
2026-05-01 08:30,4
2026-05-01 08:35,3
2026-05-01 08:40,3
2026-05-01 08:45,3
2026-05-01 08:50,3
2026-05-01 08:55,2
2026-05-01 09:00,1
2026-05-01 09:05,1
2026-05-01 09:10,1
2026-05-01 09:15,1
2026-05-01 09:20,1
2026-05-01 09:25,2
2026-05-01 09:30,2
2026-05-01 09:35,2
2026-05-01 09:40,2
2026-05-01 09:45,1
2026-05-01 09:50,1
2026-05-01 10:05,1
2026-05-01 10:10,1
2026-05-01 10:15,1
2026-05-01 10:20,1
2026-05-01 10:25,1
2026-05-01 10:30,2
2026-05-01 10:35,2
2026-05-01 10:40,2
2026-05-01 10:45,1
2026-05-01 10:50,1
2026-05-01 10:55,1
2026-05-01 11:00,1
2026-05-01 11:35,1
2026-05-01 11:40,1
2026-05-01 11:45,1
2026-05-01 11:50,1
2026-05-01 11:55,1
2026-05-01 12:00,1
2026-05-01 12:05,1
2026-05-01 12:10,1
2026-05-01 12:15,1
2026-05-01 12:20,1
2026-05-01 12:25,1
2026-05-01 12:30,1
2026-05-01 12:35,1
2026-05-01 12:40,1
2026-05-01 12:45,1
2026-05-01 12:50,1
2026-05-01 12:55,1
2026-05-01 13:00,1
2026-05-01 13:25,1
2026-05-01 13:30,1
2026-05-01 13:35,1
2026-05-01 13:40,1
2026-05-01 13:45,1
2026-05-01 13:50,1
2026-05-01 14:10,1
2026-05-01 14:15,1
2026-05-01 14:20,1
2026-05-01 14:25,2
2026-05-01 14:30,2
2026-05-01 14:35,2
2026-05-01 14:40,2
2026-05-01 14:45,2
2026-05-01 14:50,2
2026-05-01 14:55,2
2026-05-01 15:00,1
2026-05-01 15:05,1
2026-05-01 15:45,1
2026-05-01 15:50,1
2026-05-01 15:55,2
2026-05-01 16:00,2
2026-05-01 16:05,3
2026-05-01 16:10,3
2026-05-01 16:15,3
2026-05-01 16:20,3
2026-05-01 16:25,3
2026-05-01 16:30,2
2026-05-01 16:35,2
2026-05-01 16:40,1
2026-05-01 16:45,1
2026-05-01 17:55,1
2026-05-01 18:00,1
2026-05-01 18:05,1
2026-05-01 18:10,1
2026-05-01 18:15,1
2026-05-01 18:20,2
2026-05-01 18:25,2
2026-05-01 18:30,3
2026-05-01 18:35,3
2026-05-01 18:40,3
2026-05-01 18:45,3
2026-05-01 18:50,3
2026-05-01 18:55,2
2026-05-01 19:00,2
2026-05-01 19:05,1
2026-05-01 19:10,2
2026-05-01 19:15,2
2026-05-01 19:20,2
2026-05-01 19:25,1
2026-05-01 19:30,1
2026-05-01 19:35,1
2026-05-01 19:40,1
2026-05-01 19:45,1
2026-05-01 19:50,1
2026-05-01 20:00,1
2026-05-01 20:05,1
2026-05-01 20:10,1
2026-05-01 20:15,1
2026-05-01 20:20,1
2026-05-01 20:25,1
2026-05-01 20:30,2
2026-05-01 20:35,2
2026-05-01 20:40,3
2026-05-01 20:45,2
2026-05-01 20:50,3
2026-05-01 20:55,3
2026-05-01 21:00,3
2026-05-01 21:05,3
2026-05-01 21:10,3
2026-05-01 21:15,2
2026-05-01 21:20,2
2026-05-01 21:25,1
2026-05-01 21:30,1
2026-05-01 21:40,1
2026-05-01 21:45,1
2026-05-01 21:50,1
2026-05-01 21:55,1
2026-05-01 22:00,1
2026-05-01 22:05,2
2026-05-01 22:10,2
2026-05-01 22:15,2
2026-05-01 22:20,2
2026-05-01 22:25,2
2026-05-01 22:30,2
2026-05-01 22:35,2
2026-05-01 22:40,2
2026-05-01 22:45,2
2026-05-01 22:50,1
2026-05-01 22:55,1
2026-05-01 23:00,1
2026-05-02 07:30,1
2026-05-02 07:35,1
2026-05-02 07:40,2
2026-05-02 07:45,2
2026-05-02 07:50,3
2026-05-02 07:55,3
2026-05-02 08:00,3
2026-05-02 08:05,2
2026-05-02 08:10,2
2026-05-02 08:15,2
2026-05-02 08:20,3
2026-05-02 08:25,3
2026-05-02 08:30,3
2026-05-02 08:35,2
2026-05-02 08:40,2
2026-05-02 08:45,2
2026-05-02 08:50,2
2026-05-02 08:55,1
2026-05-02 09:25,1
2026-05-02 09:30,1
2026-05-02 09:35,1
2026-05-02 09:40,1
2026-05-02 10:05,1
2026-05-02 10:10,1
2026-05-02 10:15,1
2026-05-02 10:20,1
2026-05-02 10:25,1
2026-05-02 10:30,2
2026-05-02 10:35,2
2026-05-02 10:40,2
2026-05-02 10:45,1
2026-05-02 10:50,1
2026-05-02 10:55,1
2026-05-02 11:00,1
2026-05-02 11:35,1
2026-05-02 11:40,1
2026-05-02 11:45,1
2026-05-02 11:50,1
2026-05-02 11:55,1
2026-05-02 12:00,1
2026-05-02 12:05,1
2026-05-02 12:10,1
2026-05-02 12:15,1
2026-05-02 12:20,1
2026-05-02 12:25,1
2026-05-02 12:30,1
2026-05-02 12:35,1
2026-05-02 12:40,1
2026-05-02 12:45,1
2026-05-02 12:50,1
2026-05-02 12:55,1
2026-05-02 13:00,1
2026-05-02 13:20,1
2026-05-02 13:25,2
2026-05-02 13:30,2
2026-05-02 13:35,2
2026-05-02 13:40,2
2026-05-02 13:45,1
2026-05-02 13:50,1
2026-05-02 14:10,1
2026-05-02 14:15,1
2026-05-02 14:20,1
2026-05-02 14:25,2
2026-05-02 14:30,2
2026-05-02 14:35,2
2026-05-02 14:40,2
2026-05-02 14:45,2
2026-05-02 14:50,2
2026-05-02 14:55,2
2026-05-02 15:00,1
2026-05-02 15:05,1
2026-05-02 15:45,1
2026-05-02 15:50,1
2026-05-02 15:55,2
2026-05-02 16:00,2
2026-05-02 16:05,3
2026-05-02 16:10,3
2026-05-02 16:15,3
2026-05-02 16:20,3
2026-05-02 16:25,3
2026-05-02 16:30,2
2026-05-02 16:35,2
2026-05-02 16:40,1
2026-05-02 16:45,1
2026-05-02 17:55,1
2026-05-02 18:00,1
2026-05-02 18:05,1
2026-05-02 18:10,1
2026-05-02 18:15,1
2026-05-02 18:20,1
2026-05-02 18:25,1
2026-05-02 18:30,2
2026-05-02 18:35,2
2026-05-02 18:40,2
2026-05-02 18:45,2
2026-05-02 18:50,2
2026-05-02 18:55,2
2026-05-02 19:00,2
2026-05-02 19:05,1
2026-05-02 19:10,2
2026-05-02 19:15,2
2026-05-02 19:20,2
2026-05-02 19:25,1
2026-05-02 19:30,1
2026-05-02 19:35,1
2026-05-02 19:40,1
2026-05-02 19:45,1
2026-05-02 19:50,1
2026-05-02 20:00,1
2026-05-02 20:05,1
2026-05-02 20:10,1
2026-05-02 20:15,1
2026-05-02 20:20,1
2026-05-02 20:25,1
2026-05-02 20:30,2
2026-05-02 20:35,2
2026-05-02 20:40,3
2026-05-02 20:45,2
2026-05-02 20:50,3
2026-05-02 20:55,3
2026-05-02 21:00,3
2026-05-02 21:05,3
2026-05-02 21:10,3
2026-05-02 21:15,2
2026-05-02 21:20,2
2026-05-02 21:25,1
2026-05-02 21:30,1
2026-05-02 21:40,1
2026-05-02 21:45,1
2026-05-02 21:50,1
2026-05-02 21:55,1
2026-05-02 22:00,1
2026-05-02 22:05,2
2026-05-02 22:10,2
2026-05-02 22:15,2
2026-05-02 22:20,2
2026-05-02 22:25,2
2026-05-02 22:30,2
2026-05-02 22:35,2
2026-05-02 22:40,2
2026-05-02 22:45,2
2026-05-02 22:50,1
2026-05-02 22:55,1
2026-05-02 23:00,1
2026-05-03 07:40,1
2026-05-03 07:45,1
2026-05-03 07:50,2
2026-05-03 07:55,2
2026-05-03 08:00,2
2026-05-03 08:05,2
2026-05-03 08:10,2
2026-05-03 08:15,2
2026-05-03 08:20,4
2026-05-03 08:25,4
2026-05-03 08:30,4
2026-05-03 08:35,3
2026-05-03 08:40,3
2026-05-03 08:45,3
2026-05-03 08:50,3
2026-05-03 08:55,2
2026-05-03 09:00,1
2026-05-03 09:05,1
2026-05-03 09:10,1
2026-05-03 09:15,1
2026-05-03 09:20,1
2026-05-03 09:25,2
2026-05-03 09:30,2
2026-05-03 09:35,2
2026-05-03 09:40,2
2026-05-03 09:45,1
2026-05-03 09:50,1
2026-05-03 10:05,1
2026-05-03 10:10,1
2026-05-03 10:15,1
2026-05-03 10:20,1
2026-05-03 10:25,1
2026-05-03 10:30,2
2026-05-03 10:35,2
2026-05-03 10:40,2
2026-05-03 10:45,1
2026-05-03 10:50,1
2026-05-03 10:55,1
2026-05-03 11:00,1
2026-05-03 11:35,1
2026-05-03 11:40,1
2026-05-03 11:45,1
2026-05-03 11:50,1
2026-05-03 11:55,1
2026-05-03 12:00,1
2026-05-03 12:05,1
2026-05-03 12:10,1
2026-05-03 12:15,1
2026-05-03 12:20,1
2026-05-03 12:25,1
2026-05-03 12:30,1
2026-05-03 12:35,1
2026-05-03 12:40,1
2026-05-03 12:45,1
2026-05-03 12:50,1
2026-05-03 12:55,1
2026-05-03 13:00,1
2026-05-03 13:25,1
2026-05-03 13:30,1
2026-05-03 13:35,1
2026-05-03 13:40,1
2026-05-03 13:45,1
2026-05-03 13:50,1
2026-05-03 14:10,1
2026-05-03 14:15,1
2026-05-03 14:20,1
2026-05-03 14:25,2
2026-05-03 14:30,2
2026-05-03 14:35,2
2026-05-03 14:40,2
2026-05-03 14:45,2
2026-05-03 14:50,2
2026-05-03 14:55,2
2026-05-03 15:00,1
2026-05-03 15:05,1
2026-05-03 15:45,1
2026-05-03 15:50,1
2026-05-03 15:55,2
2026-05-03 16:00,2
2026-05-03 16:05,3
2026-05-03 16:10,3
2026-05-03 16:15,3
2026-05-03 16:20,3
2026-05-03 16:25,3
2026-05-03 16:30,2
2026-05-03 16:35,2
2026-05-03 16:40,1
2026-05-03 16:45,1
2026-05-03 17:55,1
2026-05-03 18:00,1
2026-05-03 18:05,1
2026-05-03 18:10,1
2026-05-03 18:15,1
2026-05-03 18:20,2
2026-05-03 18:25,2
2026-05-03 18:30,3
2026-05-03 18:35,3
2026-05-03 18:40,3
2026-05-03 18:45,3
2026-05-03 18:50,3
2026-05-03 18:55,2
2026-05-03 19:00,2
2026-05-03 19:05,1
2026-05-03 19:10,2
2026-05-03 19:15,2
2026-05-03 19:20,2
2026-05-03 19:25,1
2026-05-03 19:30,1
2026-05-03 19:35,1
2026-05-03 19:40,1
2026-05-03 19:45,1
2026-05-03 19:50,1
2026-05-03 20:00,1
2026-05-03 20:05,1
2026-05-03 20:10,1
2026-05-03 20:15,1
2026-05-03 20:20,1
2026-05-03 20:25,1
2026-05-03 20:30,2
2026-05-03 20:35,2
2026-05-03 20:40,3
2026-05-03 20:45,2
2026-05-03 20:50,3
2026-05-03 20:55,3
2026-05-03 21:00,3
2026-05-03 21:05,3
2026-05-03 21:10,3
2026-05-03 21:15,2
2026-05-03 21:20,2
2026-05-03 21:25,1
2026-05-03 21:30,1
2026-05-03 21:40,1
2026-05-03 21:45,1
2026-05-03 21:50,1
2026-05-03 21:55,1
2026-05-03 22:00,1
2026-05-03 22:05,2
2026-05-03 22:10,2
2026-05-03 22:15,1
2026-05-03 22:20,1
2026-05-03 22:25,1
2026-05-03 22:30,1
2026-05-03 22:35,1
2026-05-03 22:40,1
2026-05-03 22:45,1
2026-05-04 07:30,1
2026-05-04 07:35,1
2026-05-04 07:40,2
2026-05-04 07:45,2
2026-05-04 07:50,3
2026-05-04 07:55,3
2026-05-04 08:00,3
2026-05-04 08:05,2
2026-05-04 08:10,2
2026-05-04 08:15,2
2026-05-04 08:20,4
2026-05-04 08:25,4
2026-05-04 08:30,4
2026-05-04 08:35,3
2026-05-04 08:40,3
2026-05-04 08:45,3
2026-05-04 08:50,3
2026-05-04 08:55,2
2026-05-04 09:00,1
2026-05-04 09:05,1
2026-05-04 09:10,1
2026-05-04 09:15,1
2026-05-04 09:20,1
2026-05-04 09:25,2
2026-05-04 09:30,2
2026-05-04 09:35,2
2026-05-04 09:40,2
2026-05-04 09:45,1
2026-05-04 09:50,1
2026-05-04 10:05,1
2026-05-04 10:10,1
2026-05-04 10:15,1
2026-05-04 10:20,1
2026-05-04 10:25,1
2026-05-04 10:30,2
2026-05-04 10:35,2
2026-05-04 10:40,2
2026-05-04 10:45,1
2026-05-04 10:50,1
2026-05-04 10:55,1
2026-05-04 11:00,1
2026-05-04 11:35,1
2026-05-04 11:40,1
2026-05-04 11:45,1
2026-05-04 11:50,1
2026-05-04 11:55,1
2026-05-04 12:00,1
2026-05-04 12:05,1
2026-05-04 12:10,1
2026-05-04 12:15,1
2026-05-04 12:20,1
2026-05-04 12:25,1
2026-05-04 12:30,1
2026-05-04 12:35,1
2026-05-04 12:40,1
2026-05-04 12:45,1
2026-05-04 12:50,1
2026-05-04 12:55,1
2026-05-04 13:00,1
2026-05-04 13:25,1
2026-05-04 13:30,1
2026-05-04 13:35,1
2026-05-04 13:40,1
2026-05-04 13:45,1
2026-05-04 13:50,1
2026-05-04 14:10,1
2026-05-04 14:15,1
2026-05-04 14:20,1
2026-05-04 14:25,2
2026-05-04 14:30,2
2026-05-04 14:35,2
2026-05-04 14:40,2
2026-05-04 14:45,2
2026-05-04 14:50,2
2026-05-04 14:55,2
2026-05-04 15:00,1
2026-05-04 15:05,1
2026-05-04 15:45,1
2026-05-04 15:50,1
2026-05-04 15:55,2
2026-05-04 16:00,2
2026-05-04 16:05,3
2026-05-04 16:10,3
2026-05-04 16:15,3
2026-05-04 16:20,3
2026-05-04 16:25,3
2026-05-04 16:30,2
2026-05-04 16:35,2
2026-05-04 16:40,1
2026-05-04 16:45,1
2026-05-04 17:55,1
2026-05-04 18:00,1
2026-05-04 18:05,1
2026-05-04 18:10,1
2026-05-04 18:15,1
2026-05-04 18:20,2
2026-05-04 18:25,2
2026-05-04 18:30,3
2026-05-04 18:35,3
2026-05-04 18:40,3
2026-05-04 18:45,3
2026-05-04 18:50,3
2026-05-04 18:55,2
2026-05-04 19:00,2
2026-05-04 19:05,1
2026-05-04 19:10,2
2026-05-04 19:15,2
2026-05-04 19:20,2
2026-05-04 19:25,1
2026-05-04 19:30,1
2026-05-04 19:35,1
2026-05-04 19:40,1
2026-05-04 19:45,1
2026-05-04 19:50,1
2026-05-04 20:00,1
2026-05-04 20:05,1
2026-05-04 20:10,1
2026-05-04 20:15,1
2026-05-04 20:20,1
2026-05-04 20:25,1
2026-05-04 20:30,2
2026-05-04 20:35,2
2026-05-04 20:40,3
2026-05-04 20:45,2
2026-05-04 20:50,3
2026-05-04 20:55,3
2026-05-04 21:00,3
2026-05-04 21:05,3
2026-05-04 21:10,3
2026-05-04 21:15,2
2026-05-04 21:20,2
2026-05-04 21:25,1
2026-05-04 21:30,1
2026-05-04 21:40,1
2026-05-04 21:45,1
2026-05-04 21:50,1
2026-05-04 21:55,1
2026-05-04 22:00,1
2026-05-04 22:05,2
2026-05-04 22:10,2
2026-05-04 22:15,2
2026-05-04 22:20,2
2026-05-04 22:25,2
2026-05-04 22:30,2
2026-05-04 22:35,2
2026-05-04 22:40,2
2026-05-04 22:45,2
2026-05-04 22:50,1
2026-05-04 22:55,1
2026-05-04 23:00,1
2026-05-05 07:30,1
2026-05-05 07:35,1
2026-05-05 07:40,2
2026-05-05 07:45,2
2026-05-05 07:50,3
2026-05-05 07:55,3
2026-05-05 08:00,3
2026-05-05 08:05,2
2026-05-05 08:10,2
2026-05-05 08:15,2
2026-05-05 08:20,3
2026-05-05 08:25,3
2026-05-05 08:30,3
2026-05-05 08:35,2
2026-05-05 08:40,2
2026-05-05 08:45,2
2026-05-05 08:50,2
2026-05-05 08:55,1
2026-05-05 09:25,1
2026-05-05 09:30,1
2026-05-05 09:35,1
2026-05-05 09:40,1
2026-05-05 10:05,1
2026-05-05 10:10,1
2026-05-05 10:15,1
2026-05-05 10:20,1
2026-05-05 10:25,1
2026-05-05 10:30,2
2026-05-05 10:35,2
2026-05-05 10:40,2
2026-05-05 10:45,1
2026-05-05 10:50,1
2026-05-05 10:55,1
2026-05-05 11:00,1
2026-05-05 11:35,1
2026-05-05 11:40,1
2026-05-05 11:45,1
2026-05-05 11:50,1
2026-05-05 11:55,1
2026-05-05 12:00,1
2026-05-05 12:05,1
2026-05-05 12:10,1
2026-05-05 12:15,1
2026-05-05 12:20,1
2026-05-05 12:25,1
2026-05-05 12:30,1
2026-05-05 12:35,1
2026-05-05 12:40,1
2026-05-05 12:45,1
2026-05-05 12:50,1
2026-05-05 12:55,1
2026-05-05 13:00,1
2026-05-05 13:20,1
2026-05-05 13:25,2
2026-05-05 13:30,2
2026-05-05 13:35,2
2026-05-05 13:40,2
2026-05-05 13:45,1
2026-05-05 13:50,1
2026-05-05 14:10,1
2026-05-05 14:15,1
2026-05-05 14:20,1
2026-05-05 14:25,2
2026-05-05 14:30,2
2026-05-05 14:35,2
2026-05-05 14:40,2
2026-05-05 14:45,2
2026-05-05 14:50,2
2026-05-05 14:55,2
2026-05-05 15:00,1
2026-05-05 15:05,1
2026-05-05 15:45,1
2026-05-05 15:50,1
2026-05-05 15:55,2
2026-05-05 16:00,2
2026-05-05 16:05,3
2026-05-05 16:10,3
2026-05-05 16:15,3
2026-05-05 16:20,3
2026-05-05 16:25,3
2026-05-05 16:30,2
2026-05-05 16:35,2
2026-05-05 16:40,1
2026-05-05 16:45,1
2026-05-05 17:55,1
2026-05-05 18:00,1
2026-05-05 18:05,1
2026-05-05 18:10,1
2026-05-05 18:15,1
2026-05-05 18:20,1
2026-05-05 18:25,1
2026-05-05 18:30,2
2026-05-05 18:35,2
2026-05-05 18:40,2
2026-05-05 18:45,2
2026-05-05 18:50,2
2026-05-05 18:55,2
2026-05-05 19:00,2
2026-05-05 19:05,1
2026-05-05 19:10,2
2026-05-05 19:15,2
2026-05-05 19:20,2
2026-05-05 19:25,1
2026-05-05 19:30,1
2026-05-05 19:35,1
2026-05-05 19:40,1
2026-05-05 19:45,1
2026-05-05 19:50,1
2026-05-05 20:00,1
2026-05-05 20:05,1
2026-05-05 20:10,1
2026-05-05 20:15,1
2026-05-05 20:20,1
2026-05-05 20:25,1
2026-05-05 20:30,2
2026-05-05 20:35,2
2026-05-05 20:40,3
2026-05-05 20:45,2
2026-05-05 20:50,3
2026-05-05 20:55,3
2026-05-05 21:00,3
2026-05-05 21:05,3
2026-05-05 21:10,3
2026-05-05 21:15,2
2026-05-05 21:20,2
2026-05-05 21:25,1
2026-05-05 21:30,1
2026-05-05 21:40,1
2026-05-05 21:45,1
2026-05-05 21:50,1
2026-05-05 21:55,1
2026-05-05 22:00,1
2026-05-05 22:05,2
2026-05-05 22:10,2
2026-05-05 22:15,1
2026-05-05 22:20,1
2026-05-05 22:25,1
2026-05-05 22:30,1
2026-05-05 22:35,1
2026-05-05 22:40,1
2026-05-05 22:45,1
2026-05-06 07:40,1
2026-05-06 07:45,1
2026-05-06 07:50,2
2026-05-06 07:55,2
2026-05-06 08:00,2
2026-05-06 08:05,2
2026-05-06 08:10,2
2026-05-06 08:15,2
2026-05-06 08:20,4
2026-05-06 08:25,4
2026-05-06 08:30,4
2026-05-06 08:35,3
2026-05-06 08:40,3
2026-05-06 08:45,3
2026-05-06 08:50,3
2026-05-06 08:55,2
2026-05-06 09:00,1
2026-05-06 09:05,1
2026-05-06 09:10,1
2026-05-06 09:15,1
2026-05-06 09:20,1
2026-05-06 09:25,2
2026-05-06 09:30,2
2026-05-06 09:35,2
2026-05-06 09:40,2
2026-05-06 09:45,1
2026-05-06 09:50,1
2026-05-06 10:05,1
2026-05-06 10:10,1
2026-05-06 10:15,1
2026-05-06 10:20,1
2026-05-06 10:25,1
2026-05-06 10:30,2
2026-05-06 10:35,2
2026-05-06 10:40,2
2026-05-06 10:45,1
2026-05-06 10:50,1
2026-05-06 10:55,1
2026-05-06 11:00,1
2026-05-06 11:35,1
2026-05-06 11:40,1
2026-05-06 11:45,1
2026-05-06 11:50,1
2026-05-06 11:55,1
2026-05-06 12:00,1
2026-05-06 12:05,1
2026-05-06 12:10,1
2026-05-06 12:15,1
2026-05-06 12:20,1
2026-05-06 12:25,1
2026-05-06 12:30,1
2026-05-06 12:35,1
2026-05-06 12:40,1
2026-05-06 12:45,1
2026-05-06 12:50,1
2026-05-06 12:55,1
2026-05-06 13:00,1
2026-05-06 13:25,1
2026-05-06 13:30,1
2026-05-06 13:35,1
2026-05-06 13:40,1
2026-05-06 13:45,1
2026-05-06 13:50,1
2026-05-06 14:10,1
2026-05-06 14:15,1
2026-05-06 14:20,1
2026-05-06 14:25,2
2026-05-06 14:30,2
2026-05-06 14:35,2
2026-05-06 14:40,2
2026-05-06 14:45,2
2026-05-06 14:50,2
2026-05-06 14:55,2
2026-05-06 15:00,1
2026-05-06 15:05,1
2026-05-06 15:45,1
2026-05-06 15:50,1
2026-05-06 15:55,2
2026-05-06 16:00,2
2026-05-06 16:05,3
2026-05-06 16:10,3
2026-05-06 16:15,3
2026-05-06 16:20,3
2026-05-06 16:25,3
2026-05-06 16:30,2
2026-05-06 16:35,2
2026-05-06 16:40,1
2026-05-06 16:45,1
2026-05-06 17:55,1
2026-05-06 18:00,1
2026-05-06 18:05,1
2026-05-06 18:10,1
2026-05-06 18:15,1
2026-05-06 18:20,2
2026-05-06 18:25,2
2026-05-06 18:30,3
2026-05-06 18:35,3
2026-05-06 18:40,3
2026-05-06 18:45,3
2026-05-06 18:50,3
2026-05-06 18:55,2
2026-05-06 19:00,2
2026-05-06 19:05,1
2026-05-06 19:10,2
2026-05-06 19:15,2
2026-05-06 19:20,2
2026-05-06 19:25,1
2026-05-06 19:30,1
2026-05-06 19:35,1
2026-05-06 19:40,1
2026-05-06 19:45,1
2026-05-06 19:50,1
2026-05-06 20:00,1
2026-05-06 20:05,1
2026-05-06 20:10,1
2026-05-06 20:15,1
2026-05-06 20:20,1
2026-05-06 20:25,1
2026-05-06 20:30,2
2026-05-06 20:35,2
2026-05-06 20:40,3
2026-05-06 20:45,2
2026-05-06 20:50,3
2026-05-06 20:55,3
2026-05-06 21:00,3
2026-05-06 21:05,3
2026-05-06 21:10,3
2026-05-06 21:15,2
2026-05-06 21:20,2
2026-05-06 21:25,1
2026-05-06 21:30,1
2026-05-06 21:40,1
2026-05-06 21:45,1
2026-05-06 21:50,1
2026-05-06 21:55,1
2026-05-06 22:00,1
2026-05-06 22:05,2
2026-05-06 22:10,2
2026-05-06 22:15,2
2026-05-06 22:20,2
2026-05-06 22:25,2
2026-05-06 22:30,2
2026-05-06 22:35,2
2026-05-06 22:40,2
2026-05-06 22:45,2
2026-05-06 22:50,1
2026-05-06 22:55,1
2026-05-06 23:00,1
2026-05-07 07:30,1
2026-05-07 07:35,1
2026-05-07 07:40,2
2026-05-07 07:45,2
2026-05-07 07:50,3
2026-05-07 07:55,3
2026-05-07 08:00,3
2026-05-07 08:05,2
2026-05-07 08:10,2
2026-05-07 08:15,2
2026-05-07 08:20,3
2026-05-07 08:25,3
2026-05-07 08:30,3
2026-05-07 08:35,2
2026-05-07 08:40,2
2026-05-07 08:45,2
2026-05-07 08:50,2
2026-05-07 08:55,1
2026-05-07 09:25,1
2026-05-07 09:30,1
2026-05-07 09:35,1
2026-05-07 09:40,1
2026-05-07 10:05,1
2026-05-07 10:10,1
2026-05-07 10:15,1
2026-05-07 10:20,1
2026-05-07 10:25,1
2026-05-07 10:30,2
2026-05-07 10:35,2
2026-05-07 10:40,2
2026-05-07 10:45,1
2026-05-07 10:50,1
2026-05-07 10:55,1
2026-05-07 11:00,1
2026-05-07 11:35,1
2026-05-07 11:40,1
2026-05-07 11:45,1
2026-05-07 11:50,1
2026-05-07 11:55,1
2026-05-07 12:00,1
2026-05-07 12:05,1
2026-05-07 12:10,1
2026-05-07 12:15,1
2026-05-07 12:20,1
2026-05-07 12:25,1
2026-05-07 12:30,1
2026-05-07 12:35,1
2026-05-07 12:40,1
2026-05-07 12:45,1
2026-05-07 12:50,1
2026-05-07 12:55,1
2026-05-07 13:00,1
2026-05-07 13:20,1
2026-05-07 13:25,2
2026-05-07 13:30,2
2026-05-07 13:35,2
2026-05-07 13:40,2
2026-05-07 13:45,1
2026-05-07 13:50,1
2026-05-07 14:10,1
2026-05-07 14:15,1
2026-05-07 14:20,1
2026-05-07 14:25,2
2026-05-07 14:30,2
2026-05-07 14:35,2
2026-05-07 14:40,2
2026-05-07 14:45,2
2026-05-07 14:50,2
2026-05-07 14:55,2
2026-05-07 15:00,1
2026-05-07 15:05,1
2026-05-07 15:45,1
2026-05-07 15:50,1
2026-05-07 15:55,2
2026-05-07 16:00,2
2026-05-07 16:05,3
2026-05-07 16:10,3
2026-05-07 16:15,3
2026-05-07 16:20,3
2026-05-07 16:25,3
2026-05-07 16:30,2
2026-05-07 16:35,2
2026-05-07 16:40,1
2026-05-07 16:45,1
2026-05-07 17:55,1
2026-05-07 18:00,1
2026-05-07 18:05,1
2026-05-07 18:10,1
2026-05-07 18:15,1
2026-05-07 18:20,1
2026-05-07 18:25,1
2026-05-07 18:30,2
2026-05-07 18:35,2
2026-05-07 18:40,2
2026-05-07 18:45,2
2026-05-07 18:50,2
2026-05-07 18:55,2
2026-05-07 19:00,2
2026-05-07 19:05,1
2026-05-07 19:10,2
2026-05-07 19:15,2
2026-05-07 19:20,2
2026-05-07 19:25,1
2026-05-07 19:30,1
2026-05-07 19:35,1
2026-05-07 19:40,1
2026-05-07 19:45,1
2026-05-07 19:50,1
2026-05-07 20:00,1
2026-05-07 20:05,1
2026-05-07 20:10,1
2026-05-07 20:15,1
2026-05-07 20:20,1
2026-05-07 20:25,1
2026-05-07 20:30,2
2026-05-07 20:35,2
2026-05-07 20:40,3
2026-05-07 20:45,2
2026-05-07 20:50,3
2026-05-07 20:55,3
2026-05-07 21:00,3
2026-05-07 21:05,3
2026-05-07 21:10,3
2026-05-07 21:15,2
2026-05-07 21:20,2
2026-05-07 21:25,1
2026-05-07 21:30,1
2026-05-07 21:40,1
2026-05-07 21:45,1
2026-05-07 21:50,1
2026-05-07 21:55,1
2026-05-07 22:00,1
2026-05-07 22:05,2
2026-05-07 22:10,2
2026-05-07 22:15,1
2026-05-07 22:20,1
2026-05-07 22:25,1
2026-05-07 22:30,1
2026-05-07 22:35,1
2026-05-07 22:40,1
2026-05-07 22:45,1
2026-05-08 07:40,1
2026-05-08 07:45,1
2026-05-08 07:50,2
2026-05-08 07:55,2
2026-05-08 08:00,2
2026-05-08 08:05,2
2026-05-08 08:10,2
2026-05-08 08:15,2
2026-05-08 08:20,4
2026-05-08 08:25,4
2026-05-08 08:30,4
2026-05-08 08:35,3
2026-05-08 08:40,3
2026-05-08 08:45,3
2026-05-08 08:50,3
2026-05-08 08:55,2
2026-05-08 09:00,1
2026-05-08 09:05,1
2026-05-08 09:10,1
2026-05-08 09:15,1
2026-05-08 09:20,1
2026-05-08 09:25,2
2026-05-08 09:30,2
2026-05-08 09:35,2
2026-05-08 09:40,2
2026-05-08 09:45,1
2026-05-08 09:50,1
2026-05-08 10:05,1
2026-05-08 10:10,1
2026-05-08 10:15,1
2026-05-08 10:20,1
2026-05-08 10:25,1
2026-05-08 10:30,2
2026-05-08 10:35,2
2026-05-08 10:40,2
2026-05-08 10:45,1
2026-05-08 10:50,1
2026-05-08 10:55,1
2026-05-08 11:00,1
2026-05-08 11:35,1
2026-05-08 11:40,1
2026-05-08 11:45,1
2026-05-08 11:50,1
2026-05-08 11:55,1
2026-05-08 12:00,1
2026-05-08 12:05,1
2026-05-08 12:10,1
2026-05-08 12:15,1
2026-05-08 12:20,1
2026-05-08 12:25,1
2026-05-08 12:30,1
2026-05-08 12:35,1
2026-05-08 12:40,1
2026-05-08 12:45,1
2026-05-08 12:50,1
2026-05-08 12:55,1
2026-05-08 13:00,1
2026-05-08 13:25,1
2026-05-08 13:30,1
2026-05-08 13:35,1
2026-05-08 13:40,1
2026-05-08 13:45,1
2026-05-08 13:50,1
2026-05-08 14:10,1
2026-05-08 14:15,1
2026-05-08 14:20,1
2026-05-08 14:25,2
2026-05-08 14:30,2
2026-05-08 14:35,2
2026-05-08 14:40,2
2026-05-08 14:45,2
2026-05-08 14:50,2
2026-05-08 14:55,2
2026-05-08 15:00,1
2026-05-08 15:05,1
2026-05-08 15:45,1
2026-05-08 15:50,1
2026-05-08 15:55,2
2026-05-08 16:00,2
2026-05-08 16:05,3
2026-05-08 16:10,3
2026-05-08 16:15,3
2026-05-08 16:20,3
2026-05-08 16:25,3
2026-05-08 16:30,2
2026-05-08 16:35,2
2026-05-08 16:40,1
2026-05-08 16:45,1
2026-05-08 17:55,1
2026-05-08 18:00,1
2026-05-08 18:05,1
2026-05-08 18:10,1
2026-05-08 18:15,1
2026-05-08 18:20,2
2026-05-08 18:25,2
2026-05-08 18:30,3
2026-05-08 18:35,3
2026-05-08 18:40,3
2026-05-08 18:45,3
2026-05-08 18:50,3
2026-05-08 18:55,2
2026-05-08 19:00,2
2026-05-08 19:05,1
2026-05-08 19:10,2
2026-05-08 19:15,2
2026-05-08 19:20,2
2026-05-08 19:25,1
2026-05-08 19:30,1
2026-05-08 19:35,1
2026-05-08 19:40,1
2026-05-08 19:45,1
2026-05-08 19:50,1
2026-05-08 20:00,1
2026-05-08 20:05,1
2026-05-08 20:10,1
2026-05-08 20:15,1
2026-05-08 20:20,1
2026-05-08 20:25,1
2026-05-08 20:30,2
2026-05-08 20:35,2
2026-05-08 20:40,3
2026-05-08 20:45,2
2026-05-08 20:50,3
2026-05-08 20:55,3
2026-05-08 21:00,3
2026-05-08 21:05,3
2026-05-08 21:10,3
2026-05-08 21:15,2
2026-05-08 21:20,2
2026-05-08 21:25,1
2026-05-08 21:30,1
2026-05-08 21:40,1
2026-05-08 21:45,1
2026-05-08 21:50,1
2026-05-08 21:55,1
2026-05-08 22:00,1
2026-05-08 22:05,2
2026-05-08 22:10,2
2026-05-08 22:15,2
2026-05-08 22:20,2
2026-05-08 22:25,2
2026-05-08 22:30,2
2026-05-08 22:35,2
2026-05-08 22:40,2
2026-05-08 22:45,2
2026-05-08 22:50,1
2026-05-08 22:55,1
2026-05-08 23:00,1
2026-05-09 07:30,1
2026-05-09 07:35,1
2026-05-09 07:40,2
2026-05-09 07:45,2
2026-05-09 07:50,3
2026-05-09 07:55,3
2026-05-09 08:00,3
2026-05-09 08:05,2
2026-05-09 08:10,2
2026-05-09 08:15,2
2026-05-09 08:20,3
2026-05-09 08:25,3
2026-05-09 08:30,3
2026-05-09 08:35,2
2026-05-09 08:40,2
2026-05-09 08:45,2
2026-05-09 08:50,2
2026-05-09 08:55,1
2026-05-09 09:25,1
2026-05-09 09:30,1
2026-05-09 09:35,1
2026-05-09 09:40,1
2026-05-09 10:05,1
2026-05-09 10:10,1
2026-05-09 10:15,1
2026-05-09 10:20,1
2026-05-09 10:25,1
2026-05-09 10:30,2
2026-05-09 10:35,2
2026-05-09 10:40,2
2026-05-09 10:45,1
2026-05-09 10:50,1
2026-05-09 10:55,1
2026-05-09 11:00,1
2026-05-09 11:35,1
2026-05-09 11:40,1
2026-05-09 11:45,1
2026-05-09 11:50,1
2026-05-09 11:55,1
2026-05-09 12:00,1
2026-05-09 12:05,1
2026-05-09 12:10,1
2026-05-09 12:15,1
2026-05-09 12:20,1
2026-05-09 12:25,1
2026-05-09 12:30,1
2026-05-09 12:35,1
2026-05-09 12:40,1
2026-05-09 12:45,1
2026-05-09 12:50,1
2026-05-09 12:55,1
2026-05-09 13:00,1
2026-05-09 13:20,1
2026-05-09 13:25,2
2026-05-09 13:30,2
2026-05-09 13:35,2
2026-05-09 13:40,2
2026-05-09 13:45,1
2026-05-09 13:50,1
2026-05-09 14:10,1
2026-05-09 14:15,1
2026-05-09 14:20,1
2026-05-09 14:25,2
2026-05-09 14:30,2
2026-05-09 14:35,2
2026-05-09 14:40,2
2026-05-09 14:45,2
2026-05-09 14:50,2
2026-05-09 14:55,2
2026-05-09 15:00,1
2026-05-09 15:05,1
2026-05-09 15:45,1
2026-05-09 15:50,1
2026-05-09 15:55,2
2026-05-09 16:00,2
2026-05-09 16:05,3
2026-05-09 16:10,3
2026-05-09 16:15,3
2026-05-09 16:20,3
2026-05-09 16:25,3
2026-05-09 16:30,2
2026-05-09 16:35,2
2026-05-09 16:40,1
2026-05-09 16:45,1
2026-05-09 17:55,1
2026-05-09 18:00,1
2026-05-09 18:05,1
2026-05-09 18:10,1
2026-05-09 18:15,1
2026-05-09 18:20,1
2026-05-09 18:25,1
2026-05-09 18:30,2
2026-05-09 18:35,2
2026-05-09 18:40,2
2026-05-09 18:45,2
2026-05-09 18:50,2
2026-05-09 18:55,2
2026-05-09 19:00,2
2026-05-09 19:05,1
2026-05-09 19:10,2
2026-05-09 19:15,2
2026-05-09 19:20,2
2026-05-09 19:25,1
2026-05-09 19:30,1
2026-05-09 19:35,1
2026-05-09 19:40,1
2026-05-09 19:45,1
2026-05-09 19:50,1
2026-05-09 20:00,1
2026-05-09 20:05,1
2026-05-09 20:10,1
2026-05-09 20:15,1
2026-05-09 20:20,1
2026-05-09 20:25,1
2026-05-09 20:30,2
2026-05-09 20:35,2
2026-05-09 20:40,3
2026-05-09 20:45,2
2026-05-09 20:50,3
2026-05-09 20:55,3
2026-05-09 21:00,3
2026-05-09 21:05,3
2026-05-09 21:10,3
2026-05-09 21:15,2
2026-05-09 21:20,2
2026-05-09 21:25,1
2026-05-09 21:30,1
2026-05-09 21:40,1
2026-05-09 21:45,1
2026-05-09 21:50,1
2026-05-09 21:55,1
2026-05-09 22:00,1
2026-05-09 22:05,2
2026-05-09 22:10,2
2026-05-09 22:15,2
2026-05-09 22:20,2
2026-05-09 22:25,2
2026-05-09 22:30,2
2026-05-09 22:35,2
2026-05-09 22:40,2
2026-05-09 22:45,2
2026-05-09 22:50,1
2026-05-09 22:55,1
2026-05-09 23:00,1
2026-05-10 07:40,1
2026-05-10 07:45,1
2026-05-10 07:50,2
2026-05-10 07:55,2
2026-05-10 08:00,2
2026-05-10 08:05,2
2026-05-10 08:10,2
2026-05-10 08:15,2
2026-05-10 08:20,4
2026-05-10 08:25,4
2026-05-10 08:30,4
2026-05-10 08:35,3
2026-05-10 08:40,3
2026-05-10 08:45,3
2026-05-10 08:50,3
2026-05-10 08:55,2
2026-05-10 09:00,1
2026-05-10 09:05,1
2026-05-10 09:10,1
2026-05-10 09:15,1
2026-05-10 09:20,1
2026-05-10 09:25,2
2026-05-10 09:30,2
2026-05-10 09:35,2
2026-05-10 09:40,2
2026-05-10 09:45,1
2026-05-10 09:50,1
2026-05-10 10:05,1
2026-05-10 10:10,1
2026-05-10 10:15,1
2026-05-10 10:20,1
2026-05-10 10:25,1
2026-05-10 10:30,2
2026-05-10 10:35,2
2026-05-10 10:40,2
2026-05-10 10:45,1
2026-05-10 10:50,1
2026-05-10 10:55,1
2026-05-10 11:00,1
2026-05-10 11:35,1
2026-05-10 11:40,1
2026-05-10 11:45,1
2026-05-10 11:50,1
2026-05-10 11:55,1
2026-05-10 12:00,1
2026-05-10 12:05,1
2026-05-10 12:10,1
2026-05-10 12:15,1
2026-05-10 12:20,1
2026-05-10 12:25,1
2026-05-10 12:30,1
2026-05-10 12:35,1
2026-05-10 12:40,1
2026-05-10 12:45,1
2026-05-10 12:50,1
2026-05-10 12:55,1
2026-05-10 13:00,1
2026-05-10 13:25,1
2026-05-10 13:30,1
2026-05-10 13:35,1
2026-05-10 13:40,1
2026-05-10 13:45,1
2026-05-10 13:50,1
2026-05-10 14:10,1
2026-05-10 14:15,1
2026-05-10 14:20,1
2026-05-10 14:25,2
2026-05-10 14:30,2
2026-05-10 14:35,2
2026-05-10 14:40,2
2026-05-10 14:45,2
2026-05-10 14:50,2
2026-05-10 14:55,2
2026-05-10 15:00,1
2026-05-10 15:05,1
2026-05-10 15:45,1
2026-05-10 15:50,1
2026-05-10 15:55,2
2026-05-10 16:00,2
2026-05-10 16:05,3
2026-05-10 16:10,3
2026-05-10 16:15,3
2026-05-10 16:20,3
2026-05-10 16:25,3
2026-05-10 16:30,2
2026-05-10 16:35,2
2026-05-10 16:40,1
2026-05-10 16:45,1
2026-05-10 17:55,1
2026-05-10 18:00,1
2026-05-10 18:05,1
2026-05-10 18:10,1
2026-05-10 18:15,1
2026-05-10 18:20,2
2026-05-10 18:25,2
2026-05-10 18:30,3
2026-05-10 18:35,3
2026-05-10 18:40,3
2026-05-10 18:45,3
2026-05-10 18:50,3
2026-05-10 18:55,2
2026-05-10 19:00,2
2026-05-10 19:05,1
2026-05-10 19:10,2
2026-05-10 19:15,2
2026-05-10 19:20,2
2026-05-10 19:25,1
2026-05-10 19:30,1
2026-05-10 19:35,1
2026-05-10 19:40,1
2026-05-10 19:45,1
2026-05-10 19:50,1
2026-05-10 20:00,1
2026-05-10 20:05,1
2026-05-10 20:10,1
2026-05-10 20:15,1
2026-05-10 20:20,1
2026-05-10 20:25,1
2026-05-10 20:30,2
2026-05-10 20:35,2
2026-05-10 20:40,3
2026-05-10 20:45,2
2026-05-10 20:50,3
2026-05-10 20:55,3
2026-05-10 21:00,3
2026-05-10 21:05,3
2026-05-10 21:10,3
2026-05-10 21:15,2
2026-05-10 21:20,2
2026-05-10 21:25,1
2026-05-10 21:30,1
2026-05-10 21:40,1
2026-05-10 21:45,1
2026-05-10 21:50,1
2026-05-10 21:55,1
2026-05-10 22:00,1
2026-05-10 22:05,2
2026-05-10 22:10,2
2026-05-10 22:15,1
2026-05-10 22:20,1
2026-05-10 22:25,1
2026-05-10 22:30,1
2026-05-10 22:35,1
2026-05-10 22:40,1
2026-05-10 22:45,1
2026-05-11 07:30,1
2026-05-11 07:35,1
2026-05-11 07:40,2
2026-05-11 07:45,2
2026-05-11 07:50,3
2026-05-11 07:55,3
2026-05-11 08:00,3
2026-05-11 08:05,2
2026-05-11 08:10,2
2026-05-11 08:15,2
2026-05-11 08:20,4
2026-05-11 08:25,4
2026-05-11 08:30,4
2026-05-11 08:35,3
2026-05-11 08:40,3
2026-05-11 08:45,3
2026-05-11 08:50,3
2026-05-11 08:55,2
2026-05-11 09:00,1
2026-05-11 09:05,1
2026-05-11 09:10,1
2026-05-11 09:15,1
2026-05-11 09:20,1
2026-05-11 09:25,2
2026-05-11 09:30,2
2026-05-11 09:35,2
2026-05-11 09:40,2
2026-05-11 09:45,1
2026-05-11 09:50,1
2026-05-11 10:05,1
2026-05-11 10:10,1
2026-05-11 10:15,1
2026-05-11 10:20,1
2026-05-11 10:25,1
2026-05-11 10:30,2
2026-05-11 10:35,2
2026-05-11 10:40,2
2026-05-11 10:45,1
2026-05-11 10:50,1
2026-05-11 10:55,1
2026-05-11 11:00,1
2026-05-11 11:35,1
2026-05-11 11:40,1
2026-05-11 11:45,1
2026-05-11 11:50,1
2026-05-11 11:55,1
2026-05-11 12:00,1
2026-05-11 12:05,1
2026-05-11 12:10,1
2026-05-11 12:15,1
2026-05-11 12:20,1
2026-05-11 12:25,1
2026-05-11 12:30,1
2026-05-11 12:35,1
2026-05-11 12:40,1
2026-05-11 12:45,1
2026-05-11 12:50,1
2026-05-11 12:55,1
2026-05-11 13:00,1
2026-05-11 13:25,1
2026-05-11 13:30,1
2026-05-11 13:35,1
2026-05-11 13:40,1
2026-05-11 13:45,1
2026-05-11 13:50,1
2026-05-11 14:10,1
2026-05-11 14:15,1
2026-05-11 14:20,1
2026-05-11 14:25,2
2026-05-11 14:30,2
2026-05-11 14:35,2
2026-05-11 14:40,2
2026-05-11 14:45,2
2026-05-11 14:50,2
2026-05-11 14:55,2
2026-05-11 15:00,1
2026-05-11 15:05,1
2026-05-11 15:45,1
2026-05-11 15:50,1
2026-05-11 15:55,2
2026-05-11 16:00,2
2026-05-11 16:05,3
2026-05-11 16:10,3
2026-05-11 16:15,3
2026-05-11 16:20,3
2026-05-11 16:25,3
2026-05-11 16:30,2
2026-05-11 16:35,2
2026-05-11 16:40,1
2026-05-11 16:45,1
2026-05-11 17:55,1
2026-05-11 18:00,1
2026-05-11 18:05,1
2026-05-11 18:10,1
2026-05-11 18:15,1
2026-05-11 18:20,2
2026-05-11 18:25,2
2026-05-11 18:30,3
2026-05-11 18:35,3
2026-05-11 18:40,3
2026-05-11 18:45,3
2026-05-11 18:50,3
2026-05-11 18:55,2
2026-05-11 19:00,2
2026-05-11 19:05,1
2026-05-11 19:10,2
2026-05-11 19:15,2
2026-05-11 19:20,2
2026-05-11 19:25,1
2026-05-11 19:30,1
2026-05-11 19:35,1
2026-05-11 19:40,1
2026-05-11 19:45,1
2026-05-11 19:50,1
2026-05-11 20:00,1
2026-05-11 20:05,1
2026-05-11 20:10,1
2026-05-11 20:15,1
2026-05-11 20:20,1
2026-05-11 20:25,1
2026-05-11 20:30,2
2026-05-11 20:35,2
2026-05-11 20:40,3
2026-05-11 20:45,2
2026-05-11 20:50,3
2026-05-11 20:55,3
2026-05-11 21:00,3
2026-05-11 21:05,3
2026-05-11 21:10,3
2026-05-11 21:15,2
2026-05-11 21:20,2
2026-05-11 21:25,1
2026-05-11 21:30,1
2026-05-11 21:40,1
2026-05-11 21:45,1
2026-05-11 21:50,1
2026-05-11 21:55,1
2026-05-11 22:00,1
2026-05-11 22:05,2
2026-05-11 22:10,2
2026-05-11 22:15,2
2026-05-11 22:20,2
2026-05-11 22:25,2
2026-05-11 22:30,2
2026-05-11 22:35,2
2026-05-11 22:40,2
2026-05-11 22:45,2
2026-05-11 22:50,1
2026-05-11 22:55,1
2026-05-11 23:00,1
2026-05-12 07:30,1
2026-05-12 07:35,1
2026-05-12 07:40,2
2026-05-12 07:45,2
2026-05-12 07:50,3
2026-05-12 07:55,3
2026-05-12 08:00,3
2026-05-12 08:05,2
2026-05-12 08:10,2
2026-05-12 08:15,2
2026-05-12 08:20,3
2026-05-12 08:25,3
2026-05-12 08:30,3
2026-05-12 08:35,2
2026-05-12 08:40,2
2026-05-12 08:45,2
2026-05-12 08:50,2
2026-05-12 08:55,1
2026-05-12 09:25,1
2026-05-12 09:30,1
2026-05-12 09:35,1
2026-05-12 09:40,1
2026-05-12 10:05,1
2026-05-12 10:10,1
2026-05-12 10:15,1
2026-05-12 10:20,1
2026-05-12 10:25,1
2026-05-12 10:30,2
2026-05-12 10:35,2
2026-05-12 10:40,2
2026-05-12 10:45,1
2026-05-12 10:50,1
2026-05-12 10:55,1
2026-05-12 11:00,1
2026-05-12 11:35,1
2026-05-12 11:40,1
2026-05-12 11:45,1
2026-05-12 11:50,1
2026-05-12 11:55,1
2026-05-12 12:00,1
2026-05-12 12:05,1
2026-05-12 12:10,1
2026-05-12 12:15,1
2026-05-12 12:20,1
2026-05-12 12:25,1
2026-05-12 12:30,1
2026-05-12 12:35,1
2026-05-12 12:40,1
2026-05-12 12:45,1
2026-05-12 12:50,1
2026-05-12 12:55,1
2026-05-12 13:00,1
2026-05-12 13:20,1
2026-05-12 13:25,2
2026-05-12 13:30,2
2026-05-12 13:35,2
2026-05-12 13:40,2
2026-05-12 13:45,1
2026-05-12 13:50,1
2026-05-12 14:10,1
2026-05-12 14:15,1
2026-05-12 14:20,1
2026-05-12 14:25,2
2026-05-12 14:30,2
2026-05-12 14:35,2
2026-05-12 14:40,2
2026-05-12 14:45,2
2026-05-12 14:50,2
2026-05-12 14:55,2
2026-05-12 15:00,1
2026-05-12 15:05,1
2026-05-12 15:45,1
2026-05-12 15:50,1
2026-05-12 15:55,2
2026-05-12 16:00,2
2026-05-12 16:05,3
2026-05-12 16:10,3
2026-05-12 16:15,3
2026-05-12 16:20,3
2026-05-12 16:25,3
2026-05-12 16:30,2
2026-05-12 16:35,2
2026-05-12 16:40,1
2026-05-12 16:45,1
2026-05-12 17:55,1
2026-05-12 18:00,1
2026-05-12 18:05,1
2026-05-12 18:10,1
2026-05-12 18:15,1
2026-05-12 18:20,1
2026-05-12 18:25,1
2026-05-12 18:30,2
2026-05-12 18:35,2
2026-05-12 18:40,2
2026-05-12 18:45,2
2026-05-12 18:50,2
2026-05-12 18:55,2
2026-05-12 19:00,2
2026-05-12 19:05,1
2026-05-12 19:10,2
2026-05-12 19:15,2
2026-05-12 19:20,2
2026-05-12 19:25,1
2026-05-12 19:30,1
2026-05-12 19:35,1
2026-05-12 19:40,1
2026-05-12 19:45,1
2026-05-12 19:50,1
2026-05-12 20:00,1
2026-05-12 20:05,1
2026-05-12 20:10,1
2026-05-12 20:15,1
2026-05-12 20:20,1
2026-05-12 20:25,1
2026-05-12 20:30,2
2026-05-12 20:35,2
2026-05-12 20:40,3
2026-05-12 20:45,2
2026-05-12 20:50,3
2026-05-12 20:55,3
2026-05-12 21:00,3
2026-05-12 21:05,3
2026-05-12 21:10,3
2026-05-12 21:15,2
2026-05-12 21:20,2
2026-05-12 21:25,1
2026-05-12 21:30,1
2026-05-12 21:40,1
2026-05-12 21:45,1
2026-05-12 21:50,1
2026-05-12 21:55,1
2026-05-12 22:00,1
2026-05-12 22:05,2
2026-05-12 22:10,2
2026-05-12 22:15,1
2026-05-12 22:20,1
2026-05-12 22:25,1
2026-05-12 22:30,1
2026-05-12 22:35,1
2026-05-12 22:40,1
2026-05-12 22:45,1
2026-05-13 07:40,1
2026-05-13 07:45,1
2026-05-13 07:50,2
2026-05-13 07:55,2
2026-05-13 08:00,2
2026-05-13 08:05,2
2026-05-13 08:10,2
2026-05-13 08:15,2
2026-05-13 08:20,4
2026-05-13 08:25,4
2026-05-13 08:30,4
2026-05-13 08:35,3
2026-05-13 08:40,3
2026-05-13 08:45,3
2026-05-13 08:50,3
2026-05-13 08:55,2
2026-05-13 09:00,1
2026-05-13 09:05,1
2026-05-13 09:10,1
2026-05-13 09:15,1
2026-05-13 09:20,1
2026-05-13 09:25,2
2026-05-13 09:30,2
2026-05-13 09:35,2
2026-05-13 09:40,2
2026-05-13 09:45,1
2026-05-13 09:50,1
2026-05-13 10:05,1
2026-05-13 10:10,1
2026-05-13 10:15,1
2026-05-13 10:20,1
2026-05-13 10:25,1
2026-05-13 10:30,2
2026-05-13 10:35,2
2026-05-13 10:40,2
2026-05-13 10:45,1
2026-05-13 10:50,1
2026-05-13 10:55,1
2026-05-13 11:00,1
2026-05-13 11:35,1
2026-05-13 11:40,1
2026-05-13 11:45,1
2026-05-13 11:50,1
2026-05-13 11:55,1
2026-05-13 12:00,1
2026-05-13 12:05,1
2026-05-13 12:10,1
2026-05-13 12:15,1
2026-05-13 12:20,1
2026-05-13 12:25,1
2026-05-13 12:30,1
2026-05-13 12:35,1
2026-05-13 12:40,1
2026-05-13 12:45,1
2026-05-13 12:50,1
2026-05-13 12:55,1
2026-05-13 13:00,1
2026-05-13 13:25,1
2026-05-13 13:30,1
2026-05-13 13:35,1
2026-05-13 13:40,1
2026-05-13 13:45,1
2026-05-13 13:50,1
2026-05-13 14:10,1
2026-05-13 14:15,1
2026-05-13 14:20,1
2026-05-13 14:25,2
2026-05-13 14:30,2
2026-05-13 14:35,2
2026-05-13 14:40,2
2026-05-13 14:45,2
2026-05-13 14:50,2
2026-05-13 14:55,2
2026-05-13 15:00,1
2026-05-13 15:05,1
2026-05-13 15:45,1
2026-05-13 15:50,1
2026-05-13 15:55,2
2026-05-13 16:00,2
2026-05-13 16:05,3
2026-05-13 16:10,3
2026-05-13 16:15,3
2026-05-13 16:20,3
2026-05-13 16:25,3
2026-05-13 16:30,2
2026-05-13 16:35,2
2026-05-13 16:40,1
2026-05-13 16:45,1
2026-05-13 17:55,1
2026-05-13 18:00,1
2026-05-13 18:05,1
2026-05-13 18:10,1
2026-05-13 18:15,1
2026-05-13 18:20,2
2026-05-13 18:25,2
2026-05-13 18:30,3
2026-05-13 18:35,3
2026-05-13 18:40,3
2026-05-13 18:45,3
2026-05-13 18:50,3
2026-05-13 18:55,2
2026-05-13 19:00,2
2026-05-13 19:05,1
2026-05-13 19:10,2
2026-05-13 19:15,2
2026-05-13 19:20,2
2026-05-13 19:25,1
2026-05-13 19:30,1
2026-05-13 19:35,1
2026-05-13 19:40,1
2026-05-13 19:45,1
2026-05-13 19:50,1
2026-05-13 20:00,1
2026-05-13 20:05,1
2026-05-13 20:10,1
2026-05-13 20:15,1
2026-05-13 20:20,1
2026-05-13 20:25,1
2026-05-13 20:30,2
2026-05-13 20:35,2
2026-05-13 20:40,3
2026-05-13 20:45,2
2026-05-13 20:50,3
2026-05-13 20:55,3
2026-05-13 21:00,3
2026-05-13 21:05,3
2026-05-13 21:10,3
2026-05-13 21:15,2
2026-05-13 21:20,2
2026-05-13 21:25,1
2026-05-13 21:30,1
2026-05-13 21:40,1
2026-05-13 21:45,1
2026-05-13 21:50,1
2026-05-13 21:55,1
2026-05-13 22:00,1
2026-05-13 22:05,2
2026-05-13 22:10,2
2026-05-13 22:15,2
2026-05-13 22:20,2
2026-05-13 22:25,2
2026-05-13 22:30,2
2026-05-13 22:35,2
2026-05-13 22:40,2
2026-05-13 22:45,2
2026-05-13 22:50,1
2026-05-13 22:55,1
2026-05-13 23:00,1
2026-05-14 07:30,1
2026-05-14 07:35,1
2026-05-14 07:40,2
2026-05-14 07:45,2
2026-05-14 07:50,3
2026-05-14 07:55,3
2026-05-14 08:00,3
2026-05-14 08:05,2
2026-05-14 08:10,2
2026-05-14 08:15,2
2026-05-14 08:20,3
2026-05-14 08:25,3
2026-05-14 08:30,3
2026-05-14 08:35,2
2026-05-14 08:40,2
2026-05-14 08:45,2
2026-05-14 08:50,2
2026-05-14 08:55,1
2026-05-14 09:25,1
2026-05-14 09:30,1
2026-05-14 09:35,1
2026-05-14 09:40,1
2026-05-14 10:05,1
2026-05-14 10:10,1
2026-05-14 10:15,1
2026-05-14 10:20,1
2026-05-14 10:25,1
2026-05-14 10:30,2
2026-05-14 10:35,2
2026-05-14 10:40,2
2026-05-14 10:45,1
2026-05-14 10:50,1
2026-05-14 10:55,1
2026-05-14 11:00,1
2026-05-14 11:35,1
2026-05-14 11:40,1
2026-05-14 11:45,1
2026-05-14 11:50,1
2026-05-14 11:55,1
2026-05-14 12:00,1
2026-05-14 12:05,1
2026-05-14 12:10,1
2026-05-14 12:15,1
2026-05-14 12:20,1
2026-05-14 12:25,1
2026-05-14 12:30,1
2026-05-14 12:35,1
2026-05-14 12:40,1
2026-05-14 12:45,1
2026-05-14 12:50,1
2026-05-14 12:55,1
2026-05-14 13:00,1
2026-05-14 13:20,1
2026-05-14 13:25,2
2026-05-14 13:30,2
2026-05-14 13:35,2
2026-05-14 13:40,2
2026-05-14 13:45,1
2026-05-14 13:50,1
2026-05-14 14:10,1
2026-05-14 14:15,1
2026-05-14 14:20,1
2026-05-14 14:25,2
2026-05-14 14:30,2
2026-05-14 14:35,2
2026-05-14 14:40,2
2026-05-14 14:45,2
2026-05-14 14:50,2
2026-05-14 14:55,2
2026-05-14 15:00,1
2026-05-14 15:05,1
2026-05-14 15:45,1
2026-05-14 15:50,1
2026-05-14 15:55,2
2026-05-14 16:00,2
2026-05-14 16:05,3
2026-05-14 16:10,3
2026-05-14 16:15,3
2026-05-14 16:20,3
2026-05-14 16:25,3
2026-05-14 16:30,2
2026-05-14 16:35,2
2026-05-14 16:40,1
2026-05-14 16:45,1
2026-05-14 17:55,1
2026-05-14 18:00,1
2026-05-14 18:05,1
2026-05-14 18:10,1
2026-05-14 18:15,1
2026-05-14 18:20,1
2026-05-14 18:25,1
2026-05-14 18:30,2
2026-05-14 18:35,2
2026-05-14 18:40,2
2026-05-14 18:45,2
2026-05-14 18:50,2
2026-05-14 18:55,2
2026-05-14 19:00,2
2026-05-14 19:05,1
2026-05-14 19:10,2
2026-05-14 19:15,2
2026-05-14 19:20,2
2026-05-14 19:25,1
2026-05-14 19:30,1
2026-05-14 19:35,1
2026-05-14 19:40,1
2026-05-14 19:45,1
2026-05-14 19:50,1
2026-05-14 20:00,1
2026-05-14 20:05,1
2026-05-14 20:10,1
2026-05-14 20:15,1
2026-05-14 20:20,1
2026-05-14 20:25,1
2026-05-14 20:30,2
2026-05-14 20:35,2
2026-05-14 20:40,3
2026-05-14 20:45,2
2026-05-14 20:50,3
2026-05-14 20:55,3
2026-05-14 21:00,3
2026-05-14 21:05,3
2026-05-14 21:10,3
2026-05-14 21:15,2
2026-05-14 21:20,2
2026-05-14 21:25,1
2026-05-14 21:30,1
2026-05-14 21:40,1
2026-05-14 21:45,1
2026-05-14 21:50,1
2026-05-14 21:55,1
2026-05-14 22:00,1
2026-05-14 22:05,2
2026-05-14 22:10,2
2026-05-14 22:15,1
2026-05-14 22:20,1
2026-05-14 22:25,1
2026-05-14 22:30,1
2026-05-14 22:35,1
2026-05-14 22:40,1
2026-05-14 22:45,1
2026-05-15 07:40,1
2026-05-15 07:45,1
2026-05-15 07:50,2
2026-05-15 07:55,2
2026-05-15 08:00,2
2026-05-15 08:05,2
2026-05-15 08:10,2
2026-05-15 08:15,2
2026-05-15 08:20,4
2026-05-15 08:25,4
2026-05-15 08:30,4
2026-05-15 08:35,3
2026-05-15 08:40,3
2026-05-15 08:45,3
2026-05-15 08:50,3
2026-05-15 08:55,2
2026-05-15 09:00,1
2026-05-15 09:05,1
2026-05-15 09:10,1
2026-05-15 09:15,1
2026-05-15 09:20,1
2026-05-15 09:25,2
2026-05-15 09:30,2
2026-05-15 09:35,2
2026-05-15 09:40,2
2026-05-15 09:45,1
2026-05-15 09:50,1
2026-05-15 10:05,1
2026-05-15 10:10,1
2026-05-15 10:15,1
2026-05-15 10:20,1
2026-05-15 10:25,1
2026-05-15 10:30,2
2026-05-15 10:35,2
2026-05-15 10:40,2
2026-05-15 10:45,1
2026-05-15 10:50,1
2026-05-15 10:55,1
2026-05-15 11:00,1
2026-05-15 11:35,1
2026-05-15 11:40,1
2026-05-15 11:45,1
2026-05-15 11:50,1
2026-05-15 11:55,1
2026-05-15 12:00,1
2026-05-15 12:05,1
2026-05-15 12:10,1
2026-05-15 12:15,1
2026-05-15 12:20,1
2026-05-15 12:25,1
2026-05-15 12:30,1
2026-05-15 12:35,1
2026-05-15 12:40,1
2026-05-15 12:45,1
2026-05-15 12:50,1
2026-05-15 12:55,1
2026-05-15 13:00,1
2026-05-15 13:25,1
2026-05-15 13:30,1
2026-05-15 13:35,1
2026-05-15 13:40,1
2026-05-15 13:45,1
2026-05-15 13:50,1
2026-05-15 14:10,1
2026-05-15 14:15,1
2026-05-15 14:20,1
2026-05-15 14:25,2
2026-05-15 14:30,2
2026-05-15 14:35,2
2026-05-15 14:40,2
2026-05-15 14:45,2
2026-05-15 14:50,2
2026-05-15 14:55,2
2026-05-15 15:00,1
2026-05-15 15:05,1
2026-05-15 15:45,1
2026-05-15 15:50,1
2026-05-15 15:55,2
2026-05-15 16:00,2
2026-05-15 16:05,3
2026-05-15 16:10,3
2026-05-15 16:15,3
2026-05-15 16:20,3
2026-05-15 16:25,3
2026-05-15 16:30,2
2026-05-15 16:35,2
2026-05-15 16:40,1
2026-05-15 16:45,1
2026-05-15 17:55,1
2026-05-15 18:00,1
2026-05-15 18:05,1
2026-05-15 18:10,1
2026-05-15 18:15,1
2026-05-15 18:20,2
2026-05-15 18:25,2
2026-05-15 18:30,3
2026-05-15 18:35,3
2026-05-15 18:40,3
2026-05-15 18:45,3
2026-05-15 18:50,3
2026-05-15 18:55,2
2026-05-15 19:00,2
2026-05-15 19:05,1
2026-05-15 19:10,2
2026-05-15 19:15,2
2026-05-15 19:20,2
2026-05-15 19:25,1
2026-05-15 19:30,1
2026-05-15 19:35,1
2026-05-15 19:40,1
2026-05-15 19:45,1
2026-05-15 19:50,1
2026-05-15 20:00,1
2026-05-15 20:05,1
2026-05-15 20:10,1
2026-05-15 20:15,1
2026-05-15 20:20,1
2026-05-15 20:25,1
2026-05-15 20:30,2
2026-05-15 20:35,2
2026-05-15 20:40,3
2026-05-15 20:45,2
2026-05-15 20:50,3
2026-05-15 20:55,3
2026-05-15 21:00,3
2026-05-15 21:05,3
2026-05-15 21:10,3
2026-05-15 21:15,2
2026-05-15 21:20,2
2026-05-15 21:25,1
2026-05-15 21:30,1
2026-05-15 21:40,1
2026-05-15 21:45,1
2026-05-15 21:50,1
2026-05-15 21:55,1
2026-05-15 22:00,1
2026-05-15 22:05,2
2026-05-15 22:10,2
2026-05-15 22:15,2
2026-05-15 22:20,2
2026-05-15 22:25,2
2026-05-15 22:30,2
2026-05-15 22:35,2
2026-05-15 22:40,2
2026-05-15 22:45,2
2026-05-15 22:50,1
2026-05-15 22:55,1
2026-05-15 23:00,1
2026-05-16 07:30,1
2026-05-16 07:35,1
2026-05-16 07:40,2
2026-05-16 07:45,2
2026-05-16 07:50,3
2026-05-16 07:55,3
2026-05-16 08:00,3
2026-05-16 08:05,2
2026-05-16 08:10,2
2026-05-16 08:15,2
2026-05-16 08:20,3
2026-05-16 08:25,3
2026-05-16 08:30,3
2026-05-16 08:35,2
2026-05-16 08:40,2
2026-05-16 08:45,2
2026-05-16 08:50,2
2026-05-16 08:55,1
2026-05-16 09:25,1
2026-05-16 09:30,1
2026-05-16 09:35,1
2026-05-16 09:40,1
2026-05-16 10:05,1
2026-05-16 10:10,1
2026-05-16 10:15,1
2026-05-16 10:20,1
2026-05-16 10:25,1
2026-05-16 10:30,2
2026-05-16 10:35,2
2026-05-16 10:40,2
2026-05-16 10:45,1
2026-05-16 10:50,1
2026-05-16 10:55,1
2026-05-16 11:00,1
2026-05-16 11:35,1
2026-05-16 11:40,1
2026-05-16 11:45,1
2026-05-16 11:50,1
2026-05-16 11:55,1
2026-05-16 12:00,1
2026-05-16 12:05,1
2026-05-16 12:10,1
2026-05-16 12:15,1
2026-05-16 12:20,1
2026-05-16 12:25,1
2026-05-16 12:30,1
2026-05-16 12:35,1
2026-05-16 12:40,1
2026-05-16 12:45,1
2026-05-16 12:50,1
2026-05-16 12:55,1
2026-05-16 13:00,1
2026-05-16 13:20,1
2026-05-16 13:25,2
2026-05-16 13:30,2
2026-05-16 13:35,2
2026-05-16 13:40,2
2026-05-16 13:45,1
2026-05-16 13:50,1
2026-05-16 14:10,1
2026-05-16 14:15,1
2026-05-16 14:20,1
2026-05-16 14:25,2
2026-05-16 14:30,2
2026-05-16 14:35,2
2026-05-16 14:40,2
2026-05-16 14:45,2
2026-05-16 14:50,2
2026-05-16 14:55,2
2026-05-16 15:00,1
2026-05-16 15:05,1
2026-05-16 15:45,1
2026-05-16 15:50,1
2026-05-16 15:55,2
2026-05-16 16:00,2
2026-05-16 16:05,3
2026-05-16 16:10,3
2026-05-16 16:15,3
2026-05-16 16:20,3
2026-05-16 16:25,3
2026-05-16 16:30,2
2026-05-16 16:35,2
2026-05-16 16:40,1
2026-05-16 16:45,1
2026-05-16 17:55,1
2026-05-16 18:00,1
2026-05-16 18:05,1
2026-05-16 18:10,1
2026-05-16 18:15,1
2026-05-16 18:20,1
2026-05-16 18:25,1
2026-05-16 18:30,2
2026-05-16 18:35,2
2026-05-16 18:40,2
2026-05-16 18:45,2
2026-05-16 18:50,2
2026-05-16 18:55,2
2026-05-16 19:00,2
2026-05-16 19:05,1
2026-05-16 19:10,2
2026-05-16 19:15,2
2026-05-16 19:20,2
2026-05-16 19:25,1
2026-05-16 19:30,1
2026-05-16 19:35,1
2026-05-16 19:40,1
2026-05-16 19:45,1
2026-05-16 19:50,1
2026-05-16 20:00,1
2026-05-16 20:05,1
2026-05-16 20:10,1
2026-05-16 20:15,1
2026-05-16 20:20,1
2026-05-16 20:25,1
2026-05-16 20:30,2
2026-05-16 20:35,2
2026-05-16 20:40,3
2026-05-16 20:45,2
2026-05-16 20:50,3
2026-05-16 20:55,3
2026-05-16 21:00,3
2026-05-16 21:05,3
2026-05-16 21:10,3
2026-05-16 21:15,2
2026-05-16 21:20,2
2026-05-16 21:25,1
2026-05-16 21:30,1
2026-05-16 21:40,1
2026-05-16 21:45,1
2026-05-16 21:50,1
2026-05-16 21:55,1
2026-05-16 22:00,1
2026-05-16 22:05,2
2026-05-16 22:10,2
2026-05-16 22:15,2
2026-05-16 22:20,2
2026-05-16 22:25,2
2026-05-16 22:30,2
2026-05-16 22:35,2
2026-05-16 22:40,2
2026-05-16 22:45,2
2026-05-16 22:50,1
2026-05-16 22:55,1
2026-05-16 23:00,1
2026-05-17 07:40,1
2026-05-17 07:45,1
2026-05-17 07:50,2
2026-05-17 07:55,2
2026-05-17 08:00,2
2026-05-17 08:05,2
2026-05-17 08:10,2
2026-05-17 08:15,2
2026-05-17 08:20,4
2026-05-17 08:25,4
2026-05-17 08:30,4
2026-05-17 08:35,3
2026-05-17 08:40,3
2026-05-17 08:45,3
2026-05-17 08:50,3
2026-05-17 08:55,2
2026-05-17 09:00,1
2026-05-17 09:05,1
2026-05-17 09:10,1
2026-05-17 09:15,1
2026-05-17 09:20,1
2026-05-17 09:25,2
2026-05-17 09:30,2
2026-05-17 09:35,2
2026-05-17 09:40,2
2026-05-17 09:45,1
2026-05-17 09:50,1
2026-05-17 10:05,1
2026-05-17 10:10,1
2026-05-17 10:15,1
2026-05-17 10:20,1
2026-05-17 10:25,1
2026-05-17 10:30,2
2026-05-17 10:35,2
2026-05-17 10:40,2
2026-05-17 10:45,1
2026-05-17 10:50,1
2026-05-17 10:55,1
2026-05-17 11:00,1
2026-05-17 11:35,1
2026-05-17 11:40,1
2026-05-17 11:45,1
2026-05-17 11:50,1
2026-05-17 11:55,1
2026-05-17 12:00,1
2026-05-17 12:05,1
2026-05-17 12:10,1
2026-05-17 12:15,1
2026-05-17 12:20,1
2026-05-17 12:25,1
2026-05-17 12:30,1
2026-05-17 12:35,1
2026-05-17 12:40,1
2026-05-17 12:45,1
2026-05-17 12:50,1
2026-05-17 12:55,1
2026-05-17 13:00,1
2026-05-17 13:25,1
2026-05-17 13:30,1
2026-05-17 13:35,1
2026-05-17 13:40,1
2026-05-17 13:45,1
2026-05-17 13:50,1
2026-05-17 14:10,1
2026-05-17 14:15,1
2026-05-17 14:20,1
2026-05-17 14:25,2
2026-05-17 14:30,2
2026-05-17 14:35,2
2026-05-17 14:40,2
2026-05-17 14:45,2
2026-05-17 14:50,2
2026-05-17 14:55,2
2026-05-17 15:00,1
2026-05-17 15:05,1
2026-05-17 15:45,1
2026-05-17 15:50,1
2026-05-17 15:55,2
2026-05-17 16:00,2
2026-05-17 16:05,3
2026-05-17 16:10,3
2026-05-17 16:15,3
2026-05-17 16:20,3
2026-05-17 16:25,3
2026-05-17 16:30,2
2026-05-17 16:35,2
2026-05-17 16:40,1
2026-05-17 16:45,1
2026-05-17 17:55,1
2026-05-17 18:00,1
2026-05-17 18:05,1
2026-05-17 18:10,1
2026-05-17 18:15,1
2026-05-17 18:20,2
2026-05-17 18:25,2
2026-05-17 18:30,3
2026-05-17 18:35,3
2026-05-17 18:40,3
2026-05-17 18:45,3
2026-05-17 18:50,3
2026-05-17 18:55,2
2026-05-17 19:00,2
2026-05-17 19:05,1
2026-05-17 19:10,2
2026-05-17 19:15,2
2026-05-17 19:20,2
2026-05-17 19:25,1
2026-05-17 19:30,1
2026-05-17 19:35,1
2026-05-17 19:40,1
2026-05-17 19:45,1
2026-05-17 19:50,1
2026-05-17 20:00,1
2026-05-17 20:05,1
2026-05-17 20:10,1
2026-05-17 20:15,1
2026-05-17 20:20,1
2026-05-17 20:25,1
2026-05-17 20:30,2
2026-05-17 20:35,2
2026-05-17 20:40,3
2026-05-17 20:45,2
2026-05-17 20:50,3
2026-05-17 20:55,3
2026-05-17 21:00,3
2026-05-17 21:05,3
2026-05-17 21:10,3
2026-05-17 21:15,2
2026-05-17 21:20,2
2026-05-17 21:25,1
2026-05-17 21:30,1
2026-05-17 21:40,1
2026-05-17 21:45,1
2026-05-17 21:50,1
2026-05-17 21:55,1
2026-05-17 22:00,1
2026-05-17 22:05,2
2026-05-17 22:10,2
2026-05-17 22:15,1
2026-05-17 22:20,1
2026-05-17 22:25,1
2026-05-17 22:30,1
2026-05-17 22:35,1
2026-05-17 22:40,1
2026-05-17 22:45,1
2026-05-18 07:30,1
2026-05-18 07:35,1
2026-05-18 07:40,2
2026-05-18 07:45,2
2026-05-18 07:50,3
2026-05-18 07:55,3
2026-05-18 08:00,3
2026-05-18 08:05,2
2026-05-18 08:10,2
2026-05-18 08:15,2
2026-05-18 08:20,4
2026-05-18 08:25,4
2026-05-18 08:30,4
2026-05-18 08:35,3
2026-05-18 08:40,3
2026-05-18 08:45,3
2026-05-18 08:50,3
2026-05-18 08:55,2
2026-05-18 09:00,1
2026-05-18 09:05,1
2026-05-18 09:10,1
2026-05-18 09:15,1
2026-05-18 09:20,1
2026-05-18 09:25,2
2026-05-18 09:30,2
2026-05-18 09:35,2
2026-05-18 09:40,2
2026-05-18 09:45,1
2026-05-18 09:50,1
2026-05-18 10:05,1
2026-05-18 10:10,1
2026-05-18 10:15,1
2026-05-18 10:20,1
2026-05-18 10:25,1
2026-05-18 10:30,2
2026-05-18 10:35,2
2026-05-18 10:40,2
2026-05-18 10:45,1
2026-05-18 10:50,1
2026-05-18 10:55,1
2026-05-18 11:00,1
2026-05-18 11:35,1
2026-05-18 11:40,1
2026-05-18 11:45,1
2026-05-18 11:50,1
2026-05-18 11:55,1
2026-05-18 12:00,1
2026-05-18 12:05,1
2026-05-18 12:10,1
2026-05-18 12:15,1
2026-05-18 12:20,1
2026-05-18 12:25,1
2026-05-18 12:30,1
2026-05-18 12:35,1
2026-05-18 12:40,1
2026-05-18 12:45,1
2026-05-18 12:50,1
2026-05-18 12:55,1
2026-05-18 13:00,1
2026-05-18 13:25,1
2026-05-18 13:30,1
2026-05-18 13:35,1
2026-05-18 13:40,1
2026-05-18 13:45,1
2026-05-18 13:50,1
2026-05-18 14:10,1
2026-05-18 14:15,1
2026-05-18 14:20,1
2026-05-18 14:25,2
2026-05-18 14:30,2
2026-05-18 14:35,2
2026-05-18 14:40,2
2026-05-18 14:45,2
2026-05-18 14:50,2
2026-05-18 14:55,2
2026-05-18 15:00,1
2026-05-18 15:05,1
2026-05-18 15:45,1
2026-05-18 15:50,1
2026-05-18 15:55,2
2026-05-18 16:00,2
2026-05-18 16:05,3
2026-05-18 16:10,3
2026-05-18 16:15,3
2026-05-18 16:20,3
2026-05-18 16:25,3
2026-05-18 16:30,2
2026-05-18 16:35,2
2026-05-18 16:40,1
2026-05-18 16:45,1
2026-05-18 17:55,1
2026-05-18 18:00,1
2026-05-18 18:05,1
2026-05-18 18:10,1
2026-05-18 18:15,1
2026-05-18 18:20,2
2026-05-18 18:25,2
2026-05-18 18:30,3
2026-05-18 18:35,3
2026-05-18 18:40,3
2026-05-18 18:45,3
2026-05-18 18:50,3
2026-05-18 18:55,2
2026-05-18 19:00,2
2026-05-18 19:05,1
2026-05-18 19:10,2
2026-05-18 19:15,2
2026-05-18 19:20,2
2026-05-18 19:25,1
2026-05-18 19:30,1
2026-05-18 19:35,1
2026-05-18 19:40,1
2026-05-18 19:45,1
2026-05-18 19:50,1
2026-05-18 20:00,1
2026-05-18 20:05,1
2026-05-18 20:10,1
2026-05-18 20:15,1
2026-05-18 20:20,1
2026-05-18 20:25,1
2026-05-18 20:30,2
2026-05-18 20:35,2
2026-05-18 20:40,3
2026-05-18 20:45,2
2026-05-18 20:50,3
2026-05-18 20:55,3
2026-05-18 21:00,3
2026-05-18 21:05,3
2026-05-18 21:10,3
2026-05-18 21:15,2
2026-05-18 21:20,2
2026-05-18 21:25,1
2026-05-18 21:30,1
2026-05-18 21:40,1
2026-05-18 21:45,1
2026-05-18 21:50,1
2026-05-18 21:55,1
2026-05-18 22:00,1
2026-05-18 22:05,2
2026-05-18 22:10,2
2026-05-18 22:15,2
2026-05-18 22:20,2
2026-05-18 22:25,2
2026-05-18 22:30,2
2026-05-18 22:35,2
2026-05-18 22:40,2
2026-05-18 22:45,2
2026-05-18 22:50,1
2026-05-18 22:55,1
2026-05-18 23:00,1
2026-05-19 07:30,1
2026-05-19 07:35,1
2026-05-19 07:40,2
2026-05-19 07:45,2
2026-05-19 07:50,3
2026-05-19 07:55,3
2026-05-19 08:00,3
2026-05-19 08:05,2
2026-05-19 08:10,2
2026-05-19 08:15,2
2026-05-19 08:20,3
2026-05-19 08:25,3
2026-05-19 08:30,3
2026-05-19 08:35,2
2026-05-19 08:40,2
2026-05-19 08:45,2
2026-05-19 08:50,2
2026-05-19 08:55,1
2026-05-19 09:25,1
2026-05-19 09:30,1
2026-05-19 09:35,1
2026-05-19 09:40,1
2026-05-19 10:05,1
2026-05-19 10:10,1
2026-05-19 10:15,1
2026-05-19 10:20,1
2026-05-19 10:25,1
2026-05-19 10:30,2
2026-05-19 10:35,2
2026-05-19 10:40,2
2026-05-19 10:45,1
2026-05-19 10:50,1
2026-05-19 10:55,1
2026-05-19 11:00,1
2026-05-19 11:35,1
2026-05-19 11:40,1
2026-05-19 11:45,1
2026-05-19 11:50,1
2026-05-19 11:55,1
2026-05-19 12:00,1
2026-05-19 12:05,1
2026-05-19 12:10,1
2026-05-19 12:15,1
2026-05-19 12:20,1
2026-05-19 12:25,1
2026-05-19 12:30,1
2026-05-19 12:35,1
2026-05-19 12:40,1
2026-05-19 12:45,1
2026-05-19 12:50,1
2026-05-19 12:55,1
2026-05-19 13:00,1
2026-05-19 13:20,1
2026-05-19 13:25,2
2026-05-19 13:30,2
2026-05-19 13:35,2
2026-05-19 13:40,2
2026-05-19 13:45,1
2026-05-19 13:50,1
2026-05-19 14:10,1
2026-05-19 14:15,1
2026-05-19 14:20,1
2026-05-19 14:25,2
2026-05-19 14:30,2
2026-05-19 14:35,2
2026-05-19 14:40,2
2026-05-19 14:45,2
2026-05-19 14:50,2
2026-05-19 14:55,2
2026-05-19 15:00,1
2026-05-19 15:05,1
2026-05-19 15:45,1
2026-05-19 15:50,1
2026-05-19 15:55,2
2026-05-19 16:00,2
2026-05-19 16:05,3
2026-05-19 16:10,3
2026-05-19 16:15,3
2026-05-19 16:20,3
2026-05-19 16:25,3
2026-05-19 16:30,2
2026-05-19 16:35,2
2026-05-19 16:40,1
2026-05-19 16:45,1
2026-05-19 17:55,1
2026-05-19 18:00,1
2026-05-19 18:05,1
2026-05-19 18:10,1
2026-05-19 18:15,1
2026-05-19 18:20,1
2026-05-19 18:25,1
2026-05-19 18:30,2
2026-05-19 18:35,2
2026-05-19 18:40,2
2026-05-19 18:45,2
2026-05-19 18:50,2
2026-05-19 18:55,2
2026-05-19 19:00,2
2026-05-19 19:05,1
2026-05-19 19:10,2
2026-05-19 19:15,2
2026-05-19 19:20,2
2026-05-19 19:25,1
2026-05-19 19:30,1
2026-05-19 19:35,1
2026-05-19 19:40,1
2026-05-19 19:45,1
2026-05-19 19:50,1
2026-05-19 20:00,1
2026-05-19 20:05,1
2026-05-19 20:10,1
2026-05-19 20:15,1
2026-05-19 20:20,1
2026-05-19 20:25,1
2026-05-19 20:30,2
2026-05-19 20:35,2
2026-05-19 20:40,3
2026-05-19 20:45,2
2026-05-19 20:50,3
2026-05-19 20:55,3
2026-05-19 21:00,3
2026-05-19 21:05,3
2026-05-19 21:10,3
2026-05-19 21:15,2
2026-05-19 21:20,2
2026-05-19 21:25,1
2026-05-19 21:30,1
2026-05-19 21:40,1
2026-05-19 21:45,1
2026-05-19 21:50,1
2026-05-19 21:55,1
2026-05-19 22:00,1
2026-05-19 22:05,2
2026-05-19 22:10,2
2026-05-19 22:15,1
2026-05-19 22:20,1
2026-05-19 22:25,1
2026-05-19 22:30,1
2026-05-19 22:35,1
2026-05-19 22:40,1
2026-05-19 22:45,1
2026-05-20 07:40,1
2026-05-20 07:45,1
2026-05-20 07:50,2
2026-05-20 07:55,2
2026-05-20 08:00,2
2026-05-20 08:05,2
2026-05-20 08:10,2
2026-05-20 08:15,2
2026-05-20 08:20,4
2026-05-20 08:25,4
2026-05-20 08:30,4
2026-05-20 08:35,3
2026-05-20 08:40,3
2026-05-20 08:45,3
2026-05-20 08:50,3
2026-05-20 08:55,2
2026-05-20 09:00,1
2026-05-20 09:05,1
2026-05-20 09:10,1
2026-05-20 09:15,1
2026-05-20 09:20,1
2026-05-20 09:25,2
2026-05-20 09:30,2
2026-05-20 09:35,2
2026-05-20 09:40,2
2026-05-20 09:45,1
2026-05-20 09:50,1
2026-05-20 10:05,1
2026-05-20 10:10,1
2026-05-20 10:15,1
2026-05-20 10:20,1
2026-05-20 10:25,1
2026-05-20 10:30,2
2026-05-20 10:35,2
2026-05-20 10:40,2
2026-05-20 10:45,1
2026-05-20 10:50,1
2026-05-20 10:55,1
2026-05-20 11:00,1
2026-05-20 11:35,1
2026-05-20 11:40,1
2026-05-20 11:45,1
2026-05-20 11:50,1
2026-05-20 11:55,1
2026-05-20 12:00,1
2026-05-20 12:05,1
2026-05-20 12:10,1
2026-05-20 12:15,1
2026-05-20 12:20,1
2026-05-20 12:25,1
2026-05-20 12:30,1
2026-05-20 12:35,1
2026-05-20 12:40,1
2026-05-20 12:45,1
2026-05-20 12:50,1
2026-05-20 12:55,1
2026-05-20 13:00,1
2026-05-20 13:25,1
2026-05-20 13:30,1
2026-05-20 13:35,1
2026-05-20 13:40,1
2026-05-20 13:45,1
2026-05-20 13:50,1
2026-05-20 14:10,1
2026-05-20 14:15,1
2026-05-20 14:20,1
2026-05-20 14:25,2
2026-05-20 14:30,2
2026-05-20 14:35,2
2026-05-20 14:40,2
2026-05-20 14:45,2
2026-05-20 14:50,2
2026-05-20 14:55,2
2026-05-20 15:00,1
2026-05-20 15:05,1
2026-05-20 15:45,1
2026-05-20 15:50,1
2026-05-20 15:55,2
2026-05-20 16:00,2
2026-05-20 16:05,3
2026-05-20 16:10,3
2026-05-20 16:15,3
2026-05-20 16:20,3
2026-05-20 16:25,3
2026-05-20 16:30,2
2026-05-20 16:35,2
2026-05-20 16:40,1
2026-05-20 16:45,1
2026-05-20 17:55,1
2026-05-20 18:00,1
2026-05-20 18:05,1
2026-05-20 18:10,1
2026-05-20 18:15,1
2026-05-20 18:20,2
2026-05-20 18:25,2
2026-05-20 18:30,3
2026-05-20 18:35,3
2026-05-20 18:40,3
2026-05-20 18:45,3
2026-05-20 18:50,3
2026-05-20 18:55,2
2026-05-20 19:00,2
2026-05-20 19:05,1
2026-05-20 19:10,2
2026-05-20 19:15,2
2026-05-20 19:20,2
2026-05-20 19:25,1
2026-05-20 19:30,1
2026-05-20 19:35,1
2026-05-20 19:40,1
2026-05-20 19:45,1
2026-05-20 19:50,1
2026-05-20 20:00,1
2026-05-20 20:05,1
2026-05-20 20:10,1
2026-05-20 20:15,1
2026-05-20 20:20,1
2026-05-20 20:25,1
2026-05-20 20:30,2
2026-05-20 20:35,2
2026-05-20 20:40,3
2026-05-20 20:45,2
2026-05-20 20:50,3
2026-05-20 20:55,3
2026-05-20 21:00,3
2026-05-20 21:05,3
2026-05-20 21:10,3
2026-05-20 21:15,2
2026-05-20 21:20,2
2026-05-20 21:25,1
2026-05-20 21:30,1
2026-05-20 21:40,1
2026-05-20 21:45,1
2026-05-20 21:50,1
2026-05-20 21:55,1
2026-05-20 22:00,1
2026-05-20 22:05,2
2026-05-20 22:10,2
2026-05-20 22:15,2
2026-05-20 22:20,2
2026-05-20 22:25,2
2026-05-20 22:30,2
2026-05-20 22:35,2
2026-05-20 22:40,2
2026-05-20 22:45,2
2026-05-20 22:50,1
2026-05-20 22:55,1
2026-05-20 23:00,1
2026-05-21 07:30,1
2026-05-21 07:35,1
2026-05-21 07:40,2
2026-05-21 07:45,2
2026-05-21 07:50,3
2026-05-21 07:55,3
2026-05-21 08:00,3
2026-05-21 08:05,2
2026-05-21 08:10,2
2026-05-21 08:15,2
2026-05-21 08:20,3
2026-05-21 08:25,3
2026-05-21 08:30,3
2026-05-21 08:35,2
2026-05-21 08:40,2
2026-05-21 08:45,2
2026-05-21 08:50,2
2026-05-21 08:55,1
2026-05-21 09:25,1
2026-05-21 09:30,1
2026-05-21 09:35,1
2026-05-21 09:40,1
2026-05-21 10:05,1
2026-05-21 10:10,1
2026-05-21 10:15,1
2026-05-21 10:20,1
2026-05-21 10:25,1
2026-05-21 10:30,2
2026-05-21 10:35,2
2026-05-21 10:40,2
2026-05-21 10:45,1
2026-05-21 10:50,1
2026-05-21 10:55,1
2026-05-21 11:00,1
2026-05-21 11:35,1
2026-05-21 11:40,1
2026-05-21 11:45,1
2026-05-21 11:50,1
2026-05-21 11:55,1
2026-05-21 12:00,1
2026-05-21 12:05,1
2026-05-21 12:10,1
2026-05-21 12:15,1
2026-05-21 12:20,1
2026-05-21 12:25,1
2026-05-21 12:30,1
2026-05-21 12:35,1
2026-05-21 12:40,1
2026-05-21 12:45,1
2026-05-21 12:50,1
2026-05-21 12:55,1
2026-05-21 13:00,1
2026-05-21 13:20,1
2026-05-21 13:25,2
2026-05-21 13:30,2
2026-05-21 13:35,2
2026-05-21 13:40,2
2026-05-21 13:45,1
2026-05-21 13:50,1
2026-05-21 14:10,1
2026-05-21 14:15,1
2026-05-21 14:20,1
2026-05-21 14:25,2
2026-05-21 14:30,2
2026-05-21 14:35,2
2026-05-21 14:40,2
2026-05-21 14:45,2
2026-05-21 14:50,2
2026-05-21 14:55,2
2026-05-21 15:00,1
2026-05-21 15:05,1
2026-05-21 15:45,1
2026-05-21 15:50,1
2026-05-21 15:55,2
2026-05-21 16:00,2
2026-05-21 16:05,3
2026-05-21 16:10,3
2026-05-21 16:15,3
2026-05-21 16:20,3
2026-05-21 16:25,3
2026-05-21 16:30,2
2026-05-21 16:35,2
2026-05-21 16:40,1
2026-05-21 16:45,1
2026-05-21 17:55,1
2026-05-21 18:00,1
2026-05-21 18:05,1
2026-05-21 18:10,1
2026-05-21 18:15,1
2026-05-21 18:20,1
2026-05-21 18:25,1
2026-05-21 18:30,2
2026-05-21 18:35,2
2026-05-21 18:40,2
2026-05-21 18:45,2
2026-05-21 18:50,2
2026-05-21 18:55,2
2026-05-21 19:00,2
2026-05-21 19:05,1
2026-05-21 19:10,2
2026-05-21 19:15,2
2026-05-21 19:20,2
2026-05-21 19:25,1
2026-05-21 19:30,1
2026-05-21 19:35,1
2026-05-21 19:40,1
2026-05-21 19:45,1
2026-05-21 19:50,1
2026-05-21 20:00,1
2026-05-21 20:05,1
2026-05-21 20:10,1
2026-05-21 20:15,1
2026-05-21 20:20,1
2026-05-21 20:25,1
2026-05-21 20:30,2
2026-05-21 20:35,2
2026-05-21 20:40,3
2026-05-21 20:45,2
2026-05-21 20:50,3
2026-05-21 20:55,3
2026-05-21 21:00,3
2026-05-21 21:05,3
2026-05-21 21:10,3
2026-05-21 21:15,2
2026-05-21 21:20,2
2026-05-21 21:25,1
2026-05-21 21:30,1
2026-05-21 21:40,1
2026-05-21 21:45,1
2026-05-21 21:50,1
2026-05-21 21:55,1
2026-05-21 22:00,1
2026-05-21 22:05,2
2026-05-21 22:10,2
2026-05-21 22:15,1
2026-05-21 22:20,1
2026-05-21 22:25,1
2026-05-21 22:30,1
2026-05-21 22:35,1
2026-05-21 22:40,1
2026-05-21 22:45,1
2026-05-22 07:40,1
2026-05-22 07:45,1
2026-05-22 07:50,2
2026-05-22 07:55,2
2026-05-22 08:00,2
2026-05-22 08:05,2
2026-05-22 08:10,2
2026-05-22 08:15,2
2026-05-22 08:20,4
2026-05-22 08:25,4
2026-05-22 08:30,4
2026-05-22 08:35,3
2026-05-22 08:40,3
2026-05-22 08:45,3
2026-05-22 08:50,3
2026-05-22 08:55,2
2026-05-22 09:00,1
2026-05-22 09:05,1
2026-05-22 09:10,1
2026-05-22 09:15,1
2026-05-22 09:20,1
2026-05-22 09:25,2
2026-05-22 09:30,2
2026-05-22 09:35,2
2026-05-22 09:40,2
2026-05-22 09:45,1
2026-05-22 09:50,1
2026-05-22 10:05,1
2026-05-22 10:10,1
2026-05-22 10:15,1
2026-05-22 10:20,1
2026-05-22 10:25,1
2026-05-22 10:30,2
2026-05-22 10:35,2
2026-05-22 10:40,2
2026-05-22 10:45,1
2026-05-22 10:50,1
2026-05-22 10:55,1
2026-05-22 11:00,1
2026-05-22 11:35,1
2026-05-22 11:40,1
2026-05-22 11:45,1
2026-05-22 11:50,1
2026-05-22 11:55,1
2026-05-22 12:00,1
2026-05-22 12:05,1
2026-05-22 12:10,1
2026-05-22 12:15,1
2026-05-22 12:20,1
2026-05-22 12:25,1
2026-05-22 12:30,1
2026-05-22 12:35,1
2026-05-22 12:40,1
2026-05-22 12:45,1
2026-05-22 12:50,1
2026-05-22 12:55,1
2026-05-22 13:00,1
2026-05-22 13:25,1
2026-05-22 13:30,1
2026-05-22 13:35,1
2026-05-22 13:40,1
2026-05-22 13:45,1
2026-05-22 13:50,1
2026-05-22 14:10,1
2026-05-22 14:15,1
2026-05-22 14:20,1
2026-05-22 14:25,2
2026-05-22 14:30,2
2026-05-22 14:35,2
2026-05-22 14:40,2
2026-05-22 14:45,2
2026-05-22 14:50,2
2026-05-22 14:55,2
2026-05-22 15:00,1
2026-05-22 15:05,1
2026-05-22 15:45,1
2026-05-22 15:50,1
2026-05-22 15:55,2
2026-05-22 16:00,2
2026-05-22 16:05,3
2026-05-22 16:10,3
2026-05-22 16:15,3
2026-05-22 16:20,3
2026-05-22 16:25,3
2026-05-22 16:30,2
2026-05-22 16:35,2
2026-05-22 16:40,1
2026-05-22 16:45,1
2026-05-22 17:55,1
2026-05-22 18:00,1
2026-05-22 18:05,1
2026-05-22 18:10,1
2026-05-22 18:15,1
2026-05-22 18:20,2
2026-05-22 18:25,2
2026-05-22 18:30,3
2026-05-22 18:35,3
2026-05-22 18:40,3
2026-05-22 18:45,3
2026-05-22 18:50,3
2026-05-22 18:55,2
2026-05-22 19:00,2
2026-05-22 19:05,1
2026-05-22 19:10,2
2026-05-22 19:15,2
2026-05-22 19:20,2
2026-05-22 19:25,1
2026-05-22 19:30,1
2026-05-22 19:35,1
2026-05-22 19:40,1
2026-05-22 19:45,1
2026-05-22 19:50,1
2026-05-22 20:00,1
2026-05-22 20:05,1
2026-05-22 20:10,1
2026-05-22 20:15,1
2026-05-22 20:20,1
2026-05-22 20:25,1
2026-05-22 20:30,2
2026-05-22 20:35,2
2026-05-22 20:40,3
2026-05-22 20:45,2
2026-05-22 20:50,3
2026-05-22 20:55,3
2026-05-22 21:00,3
2026-05-22 21:05,3
2026-05-22 21:10,3
2026-05-22 21:15,2
2026-05-22 21:20,2
2026-05-22 21:25,1
2026-05-22 21:30,1
2026-05-22 21:40,1
2026-05-22 21:45,1
2026-05-22 21:50,1
2026-05-22 21:55,1
2026-05-22 22:00,1
2026-05-22 22:05,2
2026-05-22 22:10,2
2026-05-22 22:15,2
2026-05-22 22:20,2
2026-05-22 22:25,2
2026-05-22 22:30,2
2026-05-22 22:35,2
2026-05-22 22:40,2
2026-05-22 22:45,2
2026-05-22 22:50,1
2026-05-22 22:55,1
2026-05-22 23:00,1
2026-05-23 07:30,1
2026-05-23 07:35,1
2026-05-23 07:40,2
2026-05-23 07:45,2
2026-05-23 07:50,3
2026-05-23 07:55,3
2026-05-23 08:00,3
2026-05-23 08:05,2
2026-05-23 08:10,2
2026-05-23 08:15,2
2026-05-23 08:20,3
2026-05-23 08:25,3
2026-05-23 08:30,3
2026-05-23 08:35,2
2026-05-23 08:40,2
2026-05-23 08:45,2
2026-05-23 08:50,2
2026-05-23 08:55,1
2026-05-23 09:25,1
2026-05-23 09:30,1
2026-05-23 09:35,1
2026-05-23 09:40,1
2026-05-23 10:05,1
2026-05-23 10:10,1
2026-05-23 10:15,1
2026-05-23 10:20,1
2026-05-23 10:25,1
2026-05-23 10:30,2
2026-05-23 10:35,2
2026-05-23 10:40,2
2026-05-23 10:45,1
2026-05-23 10:50,1
2026-05-23 10:55,1
2026-05-23 11:00,1
2026-05-23 11:35,1
2026-05-23 11:40,1
2026-05-23 11:45,1
2026-05-23 11:50,1
2026-05-23 11:55,1
2026-05-23 12:00,1
2026-05-23 12:05,1
2026-05-23 12:10,1
2026-05-23 12:15,1
2026-05-23 12:20,1
2026-05-23 12:25,1
2026-05-23 12:30,1
2026-05-23 12:35,1
2026-05-23 12:40,1
2026-05-23 12:45,1
2026-05-23 12:50,1
2026-05-23 12:55,1
2026-05-23 13:00,1
2026-05-23 13:20,1
2026-05-23 13:25,2
2026-05-23 13:30,2
2026-05-23 13:35,2
2026-05-23 13:40,2
2026-05-23 13:45,1
2026-05-23 13:50,1
2026-05-23 14:10,1
2026-05-23 14:15,1
2026-05-23 14:20,1
2026-05-23 14:25,2
2026-05-23 14:30,2
2026-05-23 14:35,2
2026-05-23 14:40,2
2026-05-23 14:45,2
2026-05-23 14:50,2
2026-05-23 14:55,2
2026-05-23 15:00,1
2026-05-23 15:05,1
2026-05-23 15:45,1
2026-05-23 15:50,1
2026-05-23 15:55,2
2026-05-23 16:00,2
2026-05-23 16:05,3
2026-05-23 16:10,3
2026-05-23 16:15,3
2026-05-23 16:20,3
2026-05-23 16:25,3
2026-05-23 16:30,2
2026-05-23 16:35,2
2026-05-23 16:40,1
2026-05-23 16:45,1
2026-05-23 17:55,1
2026-05-23 18:00,1
2026-05-23 18:05,1
2026-05-23 18:10,1
2026-05-23 18:15,1
2026-05-23 18:20,1
2026-05-23 18:25,1
2026-05-23 18:30,2
2026-05-23 18:35,2
2026-05-23 18:40,2
2026-05-23 18:45,2
2026-05-23 18:50,2
2026-05-23 18:55,2
2026-05-23 19:00,2
2026-05-23 19:05,1
2026-05-23 19:10,2
2026-05-23 19:15,2
2026-05-23 19:20,2
2026-05-23 19:25,1
2026-05-23 19:30,1
2026-05-23 19:35,1
2026-05-23 19:40,1
2026-05-23 19:45,1
2026-05-23 19:50,1
2026-05-23 20:00,1
2026-05-23 20:05,1
2026-05-23 20:10,1
2026-05-23 20:15,1
2026-05-23 20:20,1
2026-05-23 20:25,1
2026-05-23 20:30,2
2026-05-23 20:35,2
2026-05-23 20:40,3
2026-05-23 20:45,2
2026-05-23 20:50,3
2026-05-23 20:55,3
2026-05-23 21:00,3
2026-05-23 21:05,3
2026-05-23 21:10,3
2026-05-23 21:15,2
2026-05-23 21:20,2
2026-05-23 21:25,1
2026-05-23 21:30,1
2026-05-23 21:40,1
2026-05-23 21:45,1
2026-05-23 21:50,1
2026-05-23 21:55,1
2026-05-23 22:00,1
2026-05-23 22:05,2
2026-05-23 22:10,2
2026-05-23 22:15,2
2026-05-23 22:20,2
2026-05-23 22:25,2
2026-05-23 22:30,2
2026-05-23 22:35,2
2026-05-23 22:40,2
2026-05-23 22:45,2
2026-05-23 22:50,1
2026-05-23 22:55,1
2026-05-23 23:00,1
2026-05-24 07:40,1
2026-05-24 07:45,1
2026-05-24 07:50,2
2026-05-24 07:55,2
2026-05-24 08:00,2
2026-05-24 08:05,2
2026-05-24 08:10,2
2026-05-24 08:15,2
2026-05-24 08:20,4
2026-05-24 08:25,4
2026-05-24 08:30,4
2026-05-24 08:35,3
2026-05-24 08:40,3
2026-05-24 08:45,3
2026-05-24 08:50,3
2026-05-24 08:55,2
2026-05-24 09:00,1
2026-05-24 09:05,1
2026-05-24 09:10,1
2026-05-24 09:15,1
2026-05-24 09:20,1
2026-05-24 09:25,2
2026-05-24 09:30,2
2026-05-24 09:35,2
2026-05-24 09:40,2
2026-05-24 09:45,1
2026-05-24 09:50,1
2026-05-24 10:05,1
2026-05-24 10:10,1
2026-05-24 10:15,1
2026-05-24 10:20,1
2026-05-24 10:25,1
2026-05-24 10:30,2
2026-05-24 10:35,2
2026-05-24 10:40,2
2026-05-24 10:45,1
2026-05-24 10:50,1
2026-05-24 10:55,1
2026-05-24 11:00,1
2026-05-24 11:35,1
2026-05-24 11:40,1
2026-05-24 11:45,1
2026-05-24 11:50,1
2026-05-24 11:55,1
2026-05-24 12:00,1
2026-05-24 12:05,1
2026-05-24 12:10,1
2026-05-24 12:15,1
2026-05-24 12:20,1
2026-05-24 12:25,1
2026-05-24 12:30,1
2026-05-24 12:35,1
2026-05-24 12:40,1
2026-05-24 12:45,1
2026-05-24 12:50,1
2026-05-24 12:55,1
2026-05-24 13:00,1
2026-05-24 13:25,1
2026-05-24 13:30,1
2026-05-24 13:35,1
2026-05-24 13:40,1
2026-05-24 13:45,1
2026-05-24 13:50,1
2026-05-24 14:10,1
2026-05-24 14:15,1
2026-05-24 14:20,1
2026-05-24 14:25,2
2026-05-24 14:30,2
2026-05-24 14:35,2
2026-05-24 14:40,2
2026-05-24 14:45,2
2026-05-24 14:50,2
2026-05-24 14:55,2
2026-05-24 15:00,1
2026-05-24 15:05,1
2026-05-24 15:45,1
2026-05-24 15:50,1
2026-05-24 15:55,2
2026-05-24 16:00,2
2026-05-24 16:05,3
2026-05-24 16:10,3
2026-05-24 16:15,3
2026-05-24 16:20,3
2026-05-24 16:25,3
2026-05-24 16:30,2
2026-05-24 16:35,2
2026-05-24 16:40,1
2026-05-24 16:45,1
2026-05-24 17:55,1
2026-05-24 18:00,1
2026-05-24 18:05,1
2026-05-24 18:10,1
2026-05-24 18:15,1
2026-05-24 18:20,2
2026-05-24 18:25,2
2026-05-24 18:30,3
2026-05-24 18:35,3
2026-05-24 18:40,3
2026-05-24 18:45,3
2026-05-24 18:50,3
2026-05-24 18:55,2
2026-05-24 19:00,2
2026-05-24 19:05,1
2026-05-24 19:10,2
2026-05-24 19:15,2
2026-05-24 19:20,2
2026-05-24 19:25,1
2026-05-24 19:30,1
2026-05-24 19:35,1
2026-05-24 19:40,1
2026-05-24 19:45,1
2026-05-24 19:50,1
2026-05-24 20:00,1
2026-05-24 20:05,1
2026-05-24 20:10,1
2026-05-24 20:15,1
2026-05-24 20:20,1
2026-05-24 20:25,1
2026-05-24 20:30,2
2026-05-24 20:35,2
2026-05-24 20:40,3
2026-05-24 20:45,2
2026-05-24 20:50,3
2026-05-24 20:55,3
2026-05-24 21:00,3
2026-05-24 21:05,3
2026-05-24 21:10,3
2026-05-24 21:15,2
2026-05-24 21:20,2
2026-05-24 21:25,1
2026-05-24 21:30,1
2026-05-24 21:40,1
2026-05-24 21:45,1
2026-05-24 21:50,1
2026-05-24 21:55,1
2026-05-24 22:00,1
2026-05-24 22:05,2
2026-05-24 22:10,2
2026-05-24 22:15,1
2026-05-24 22:20,1
2026-05-24 22:25,1
2026-05-24 22:30,1
2026-05-24 22:35,1
2026-05-24 22:40,1
2026-05-24 22:45,1
2026-05-25 07:30,1
2026-05-25 07:35,1
2026-05-25 07:40,2
2026-05-25 07:45,2
2026-05-25 07:50,3
2026-05-25 07:55,3
2026-05-25 08:00,3
2026-05-25 08:05,2
2026-05-25 08:10,2
2026-05-25 08:15,2
2026-05-25 08:20,4
2026-05-25 08:25,4
2026-05-25 08:30,4
2026-05-25 08:35,3
2026-05-25 08:40,3
2026-05-25 08:45,3
2026-05-25 08:50,3
2026-05-25 08:55,2
2026-05-25 09:00,1
2026-05-25 09:05,1
2026-05-25 09:10,1
2026-05-25 09:15,1
2026-05-25 09:20,1
2026-05-25 09:25,2
2026-05-25 09:30,2
2026-05-25 09:35,2
2026-05-25 09:40,2
2026-05-25 09:45,1
2026-05-25 09:50,1
2026-05-25 10:05,1
2026-05-25 10:10,1
2026-05-25 10:15,1
2026-05-25 10:20,1
2026-05-25 10:25,1
2026-05-25 10:30,2
2026-05-25 10:35,2
2026-05-25 10:40,2
2026-05-25 10:45,1
2026-05-25 10:50,1
2026-05-25 10:55,1
2026-05-25 11:00,1
2026-05-25 11:35,1
2026-05-25 11:40,1
2026-05-25 11:45,1
2026-05-25 11:50,1
2026-05-25 11:55,1
2026-05-25 12:00,1
2026-05-25 12:05,1
2026-05-25 12:10,1
2026-05-25 12:15,1
2026-05-25 12:20,1
2026-05-25 12:25,1
2026-05-25 12:30,1
2026-05-25 12:35,1
2026-05-25 12:40,1
2026-05-25 12:45,1
2026-05-25 12:50,1
2026-05-25 12:55,1
2026-05-25 13:00,1
2026-05-25 13:25,1
2026-05-25 13:30,1
2026-05-25 13:35,1
2026-05-25 13:40,1
2026-05-25 13:45,1
2026-05-25 13:50,1
2026-05-25 14:10,1
2026-05-25 14:15,1
2026-05-25 14:20,1
2026-05-25 14:25,2
2026-05-25 14:30,2
2026-05-25 14:35,2
2026-05-25 14:40,2
2026-05-25 14:45,2
2026-05-25 14:50,2
2026-05-25 14:55,2
2026-05-25 15:00,1
2026-05-25 15:05,1
2026-05-25 15:45,1
2026-05-25 15:50,1
2026-05-25 15:55,2
2026-05-25 16:00,2
2026-05-25 16:05,3
2026-05-25 16:10,3
2026-05-25 16:15,3
2026-05-25 16:20,3
2026-05-25 16:25,3
2026-05-25 16:30,2
2026-05-25 16:35,2
2026-05-25 16:40,1
2026-05-25 16:45,1
2026-05-25 17:55,1
2026-05-25 18:00,1
2026-05-25 18:05,1
2026-05-25 18:10,1
2026-05-25 18:15,1
2026-05-25 18:20,2
2026-05-25 18:25,2
2026-05-25 18:30,3
2026-05-25 18:35,3
2026-05-25 18:40,3
2026-05-25 18:45,3
2026-05-25 18:50,3
2026-05-25 18:55,2
2026-05-25 19:00,2
2026-05-25 19:05,1
2026-05-25 19:10,2
2026-05-25 19:15,2
2026-05-25 19:20,2
2026-05-25 19:25,1
2026-05-25 19:30,1
2026-05-25 19:35,1
2026-05-25 19:40,1
2026-05-25 19:45,1
2026-05-25 19:50,1
2026-05-25 20:00,1
2026-05-25 20:05,1
2026-05-25 20:10,1
2026-05-25 20:15,1
2026-05-25 20:20,1
2026-05-25 20:25,1
2026-05-25 20:30,2
2026-05-25 20:35,2
2026-05-25 20:40,3
2026-05-25 20:45,2
2026-05-25 20:50,3
2026-05-25 20:55,3
2026-05-25 21:00,3
2026-05-25 21:05,3
2026-05-25 21:10,3
2026-05-25 21:15,2
2026-05-25 21:20,2
2026-05-25 21:25,1
2026-05-25 21:30,1
2026-05-25 21:40,1
2026-05-25 21:45,1
2026-05-25 21:50,1
2026-05-25 21:55,1
2026-05-25 22:00,1
2026-05-25 22:05,2
2026-05-25 22:10,2
2026-05-25 22:15,2
2026-05-25 22:20,2
2026-05-25 22:25,2
2026-05-25 22:30,2
2026-05-25 22:35,2
2026-05-25 22:40,2
2026-05-25 22:45,2
2026-05-25 22:50,1
2026-05-25 22:55,1
2026-05-25 23:00,1
2026-05-26 07:30,1
2026-05-26 07:35,1
2026-05-26 07:40,2
2026-05-26 07:45,2
2026-05-26 07:50,3
2026-05-26 07:55,3
2026-05-26 08:00,3
2026-05-26 08:05,2
2026-05-26 08:10,2
2026-05-26 08:15,2
2026-05-26 08:20,3
2026-05-26 08:25,3
2026-05-26 08:30,3
2026-05-26 08:35,2
2026-05-26 08:40,2
2026-05-26 08:45,2
2026-05-26 08:50,2
2026-05-26 08:55,1
2026-05-26 09:25,1
2026-05-26 09:30,1
2026-05-26 09:35,1
2026-05-26 09:40,1
2026-05-26 10:05,1
2026-05-26 10:10,1
2026-05-26 10:15,1
2026-05-26 10:20,1
2026-05-26 10:25,1
2026-05-26 10:30,2
2026-05-26 10:35,2
2026-05-26 10:40,2
2026-05-26 10:45,1
2026-05-26 10:50,1
2026-05-26 10:55,1
2026-05-26 11:00,1
2026-05-26 11:35,1
2026-05-26 11:40,1
2026-05-26 11:45,1
2026-05-26 11:50,1
2026-05-26 11:55,1
2026-05-26 12:00,1
2026-05-26 12:05,1
2026-05-26 12:10,1
2026-05-26 12:15,1
2026-05-26 12:20,1
2026-05-26 12:25,1
2026-05-26 12:30,1
2026-05-26 12:35,1
2026-05-26 12:40,1
2026-05-26 12:45,1
2026-05-26 12:50,1
2026-05-26 12:55,1
2026-05-26 13:00,1
2026-05-26 13:20,1
2026-05-26 13:25,2
2026-05-26 13:30,2
2026-05-26 13:35,2
2026-05-26 13:40,2
2026-05-26 13:45,1
2026-05-26 13:50,1
2026-05-26 14:10,1
2026-05-26 14:15,1
2026-05-26 14:20,1
2026-05-26 14:25,2
2026-05-26 14:30,2
2026-05-26 14:35,2
2026-05-26 14:40,2
2026-05-26 14:45,2
2026-05-26 14:50,2
2026-05-26 14:55,2
2026-05-26 15:00,1
2026-05-26 15:05,1
2026-05-26 15:45,1
2026-05-26 15:50,1
2026-05-26 15:55,2
2026-05-26 16:00,2
2026-05-26 16:05,3
2026-05-26 16:10,3
2026-05-26 16:15,3
2026-05-26 16:20,3
2026-05-26 16:25,3
2026-05-26 16:30,2
2026-05-26 16:35,2
2026-05-26 16:40,1
2026-05-26 16:45,1
2026-05-26 17:55,1
2026-05-26 18:00,1
2026-05-26 18:05,1
2026-05-26 18:10,1
2026-05-26 18:15,1
2026-05-26 18:20,1
2026-05-26 18:25,1
2026-05-26 18:30,2
2026-05-26 18:35,2
2026-05-26 18:40,2
2026-05-26 18:45,2
2026-05-26 18:50,2
2026-05-26 18:55,2
2026-05-26 19:00,2
2026-05-26 19:05,1
2026-05-26 19:10,2
2026-05-26 19:15,2
2026-05-26 19:20,2
2026-05-26 19:25,1
2026-05-26 19:30,1
2026-05-26 19:35,1
2026-05-26 19:40,1
2026-05-26 19:45,1
2026-05-26 19:50,1
2026-05-26 20:00,1
2026-05-26 20:05,1
2026-05-26 20:10,1
2026-05-26 20:15,1
2026-05-26 20:20,1
2026-05-26 20:25,1
2026-05-26 20:30,2
2026-05-26 20:35,2
2026-05-26 20:40,3
2026-05-26 20:45,2
2026-05-26 20:50,3
2026-05-26 20:55,3
2026-05-26 21:00,3
2026-05-26 21:05,3
2026-05-26 21:10,3
2026-05-26 21:15,2
2026-05-26 21:20,2
2026-05-26 21:25,1
2026-05-26 21:30,1
2026-05-26 21:40,1
2026-05-26 21:45,1
2026-05-26 21:50,1
2026-05-26 21:55,1
2026-05-26 22:00,1
2026-05-26 22:05,2
2026-05-26 22:10,2
2026-05-26 22:15,1
2026-05-26 22:20,1
2026-05-26 22:25,1
2026-05-26 22:30,1
2026-05-26 22:35,1
2026-05-26 22:40,1
2026-05-26 22:45,1
2026-05-27 07:40,1
2026-05-27 07:45,1
2026-05-27 07:50,2
2026-05-27 07:55,2
2026-05-27 08:00,2
2026-05-27 08:05,2
2026-05-27 08:10,2
2026-05-27 08:15,2
2026-05-27 08:20,4
2026-05-27 08:25,4
2026-05-27 08:30,4
2026-05-27 08:35,3
2026-05-27 08:40,3
2026-05-27 08:45,3
2026-05-27 08:50,3
2026-05-27 08:55,2
2026-05-27 09:00,1
2026-05-27 09:05,1
2026-05-27 09:10,1
2026-05-27 09:15,1
2026-05-27 09:20,1
2026-05-27 09:25,2
2026-05-27 09:30,2
2026-05-27 09:35,2
2026-05-27 09:40,2
2026-05-27 09:45,1
2026-05-27 09:50,1
2026-05-27 10:05,1
2026-05-27 10:10,1
2026-05-27 10:15,1
2026-05-27 10:20,1
2026-05-27 10:25,1
2026-05-27 10:30,2
2026-05-27 10:35,2
2026-05-27 10:40,2
2026-05-27 10:45,1
2026-05-27 10:50,1
2026-05-27 10:55,1
2026-05-27 11:00,1
2026-05-27 11:35,1
2026-05-27 11:40,1
2026-05-27 11:45,1
2026-05-27 11:50,1
2026-05-27 11:55,1
2026-05-27 12:00,1
2026-05-27 12:05,1
2026-05-27 12:10,1
2026-05-27 12:15,1
2026-05-27 12:20,1
2026-05-27 12:25,1
2026-05-27 12:30,1
2026-05-27 12:35,1
2026-05-27 12:40,1
2026-05-27 12:45,1
2026-05-27 12:50,1
2026-05-27 12:55,1
2026-05-27 13:00,1
2026-05-27 13:25,1
2026-05-27 13:30,1
2026-05-27 13:35,1
2026-05-27 13:40,1
2026-05-27 13:45,1
2026-05-27 13:50,1
2026-05-27 14:10,1
2026-05-27 14:15,1
2026-05-27 14:20,1
2026-05-27 14:25,2
2026-05-27 14:30,2
2026-05-27 14:35,2
2026-05-27 14:40,2
2026-05-27 14:45,2
2026-05-27 14:50,2
2026-05-27 14:55,2
2026-05-27 15:00,1
2026-05-27 15:05,1
2026-05-27 15:45,1
2026-05-27 15:50,1
2026-05-27 15:55,2
2026-05-27 16:00,2
2026-05-27 16:05,3
2026-05-27 16:10,3
2026-05-27 16:15,3
2026-05-27 16:20,3
2026-05-27 16:25,3
2026-05-27 16:30,2
2026-05-27 16:35,2
2026-05-27 16:40,1
2026-05-27 16:45,1
2026-05-27 17:55,1
2026-05-27 18:00,1
2026-05-27 18:05,1
2026-05-27 18:10,1
2026-05-27 18:15,1
2026-05-27 18:20,2
2026-05-27 18:25,2
2026-05-27 18:30,3
2026-05-27 18:35,3
2026-05-27 18:40,3
2026-05-27 18:45,3
2026-05-27 18:50,3
2026-05-27 18:55,2
2026-05-27 19:00,2
2026-05-27 19:05,1
2026-05-27 19:10,2
2026-05-27 19:15,2
2026-05-27 19:20,2
2026-05-27 19:25,1
2026-05-27 19:30,1
2026-05-27 19:35,1
2026-05-27 19:40,1
2026-05-27 19:45,1
2026-05-27 19:50,1
2026-05-27 20:00,1
2026-05-27 20:05,1
2026-05-27 20:10,1
2026-05-27 20:15,1
2026-05-27 20:20,1
2026-05-27 20:25,1
2026-05-27 20:30,2
2026-05-27 20:35,2
2026-05-27 20:40,3
2026-05-27 20:45,2
2026-05-27 20:50,3
2026-05-27 20:55,3
2026-05-27 21:00,3
2026-05-27 21:05,3
2026-05-27 21:10,3
2026-05-27 21:15,2
2026-05-27 21:20,2
2026-05-27 21:25,1
2026-05-27 21:30,1
2026-05-27 21:40,1
2026-05-27 21:45,1
2026-05-27 21:50,1
2026-05-27 21:55,1
2026-05-27 22:00,1
2026-05-27 22:05,2
2026-05-27 22:10,2
2026-05-27 22:15,2
2026-05-27 22:20,2
2026-05-27 22:25,2
2026-05-27 22:30,2
2026-05-27 22:35,2
2026-05-27 22:40,2
2026-05-27 22:45,2
2026-05-27 22:50,1
2026-05-27 22:55,1
2026-05-27 23:00,1
2026-05-28 07:30,1
2026-05-28 07:35,1
2026-05-28 07:40,2
2026-05-28 07:45,2
2026-05-28 07:50,3
2026-05-28 07:55,3
2026-05-28 08:00,3
2026-05-28 08:05,2
2026-05-28 08:10,2
2026-05-28 08:15,2
2026-05-28 08:20,3
2026-05-28 08:25,3
2026-05-28 08:30,3
2026-05-28 08:35,2
2026-05-28 08:40,2
2026-05-28 08:45,2
2026-05-28 08:50,2
2026-05-28 08:55,1
2026-05-28 09:25,1
2026-05-28 09:30,1
2026-05-28 09:35,1
2026-05-28 09:40,1
2026-05-28 10:05,1
2026-05-28 10:10,1
2026-05-28 10:15,1
2026-05-28 10:20,1
2026-05-28 10:25,1
2026-05-28 10:30,2
2026-05-28 10:35,2
2026-05-28 10:40,2
2026-05-28 10:45,1
2026-05-28 10:50,1
2026-05-28 10:55,1
2026-05-28 11:00,1
2026-05-28 11:35,1
2026-05-28 11:40,1
2026-05-28 11:45,1
2026-05-28 11:50,1
2026-05-28 11:55,1
2026-05-28 12:00,1
2026-05-28 12:05,1
2026-05-28 12:10,1
2026-05-28 12:15,1
2026-05-28 12:20,1
2026-05-28 12:25,1
2026-05-28 12:30,1
2026-05-28 12:35,1
2026-05-28 12:40,1
2026-05-28 12:45,1
2026-05-28 12:50,1
2026-05-28 12:55,1
2026-05-28 13:00,1
2026-05-28 13:20,1
2026-05-28 13:25,2
2026-05-28 13:30,2
2026-05-28 13:35,2
2026-05-28 13:40,2
2026-05-28 13:45,1
2026-05-28 13:50,1
2026-05-28 14:10,1
2026-05-28 14:15,1
2026-05-28 14:20,1
2026-05-28 14:25,2
2026-05-28 14:30,2
2026-05-28 14:35,2
2026-05-28 14:40,2
2026-05-28 14:45,2
2026-05-28 14:50,2
2026-05-28 14:55,2
2026-05-28 15:00,1
2026-05-28 15:05,1
2026-05-28 15:45,1
2026-05-28 15:50,1
2026-05-28 15:55,2
2026-05-28 16:00,2
2026-05-28 16:05,3
2026-05-28 16:10,3
2026-05-28 16:15,3
2026-05-28 16:20,3
2026-05-28 16:25,3
2026-05-28 16:30,2
2026-05-28 16:35,2
2026-05-28 16:40,1
2026-05-28 16:45,1
2026-05-28 17:55,1
2026-05-28 18:00,1
2026-05-28 18:05,1
2026-05-28 18:10,1
2026-05-28 18:15,1
2026-05-28 18:20,1
2026-05-28 18:25,1
2026-05-28 18:30,2
2026-05-28 18:35,2
2026-05-28 18:40,2
2026-05-28 18:45,2
2026-05-28 18:50,2
2026-05-28 18:55,2
2026-05-28 19:00,2
2026-05-28 19:05,1
2026-05-28 19:10,2
2026-05-28 19:15,2
2026-05-28 19:20,2
2026-05-28 19:25,1
2026-05-28 19:30,1
2026-05-28 19:35,1
2026-05-28 19:40,1
2026-05-28 19:45,1
2026-05-28 19:50,1
2026-05-28 20:00,1
2026-05-28 20:05,1
2026-05-28 20:10,1
2026-05-28 20:15,1
2026-05-28 20:20,1
2026-05-28 20:25,1
2026-05-28 20:30,2
2026-05-28 20:35,2
2026-05-28 20:40,3
2026-05-28 20:45,2
2026-05-28 20:50,3
2026-05-28 20:55,3
2026-05-28 21:00,3
2026-05-28 21:05,3
2026-05-28 21:10,3
2026-05-28 21:15,2
2026-05-28 21:20,2
2026-05-28 21:25,1
2026-05-28 21:30,1
2026-05-28 21:40,1
2026-05-28 21:45,1
2026-05-28 21:50,1
2026-05-28 21:55,1
2026-05-28 22:00,1
2026-05-28 22:05,2
2026-05-28 22:10,2
2026-05-28 22:15,1
2026-05-28 22:20,1
2026-05-28 22:25,1
2026-05-28 22:30,1
2026-05-28 22:35,1
2026-05-28 22:40,1
2026-05-28 22:45,1
2026-05-29 07:40,1
2026-05-29 07:45,1
2026-05-29 07:50,2
2026-05-29 07:55,2
2026-05-29 08:00,2
2026-05-29 08:05,2
2026-05-29 08:10,2
2026-05-29 08:15,2
2026-05-29 08:20,4
2026-05-29 08:25,4
2026-05-29 08:30,4
2026-05-29 08:35,3
2026-05-29 08:40,3
2026-05-29 08:45,3
2026-05-29 08:50,3
2026-05-29 08:55,2
2026-05-29 09:00,1
2026-05-29 09:05,1
2026-05-29 09:10,1
2026-05-29 09:15,1
2026-05-29 09:20,1
2026-05-29 09:25,2
2026-05-29 09:30,2
2026-05-29 09:35,2
2026-05-29 09:40,2
2026-05-29 09:45,1
2026-05-29 09:50,1
2026-05-29 10:05,1
2026-05-29 10:10,1
2026-05-29 10:15,1
2026-05-29 10:20,1
2026-05-29 10:25,1
2026-05-29 10:30,2
2026-05-29 10:35,2
2026-05-29 10:40,2
2026-05-29 10:45,1
2026-05-29 10:50,1
2026-05-29 10:55,1
2026-05-29 11:00,1
2026-05-29 11:35,1
2026-05-29 11:40,1
2026-05-29 11:45,1
2026-05-29 11:50,1
2026-05-29 11:55,1
2026-05-29 12:00,1
2026-05-29 12:05,1
2026-05-29 12:10,1
2026-05-29 12:15,1
2026-05-29 12:20,1
2026-05-29 12:25,1
2026-05-29 12:30,1
2026-05-29 12:35,1
2026-05-29 12:40,1
2026-05-29 12:45,1
2026-05-29 12:50,1
2026-05-29 12:55,1
2026-05-29 13:00,1
2026-05-29 13:25,1
2026-05-29 13:30,1
2026-05-29 13:35,1
2026-05-29 13:40,1
2026-05-29 13:45,1
2026-05-29 13:50,1
2026-05-29 14:10,1
2026-05-29 14:15,1
2026-05-29 14:20,1
2026-05-29 14:25,2
2026-05-29 14:30,2
2026-05-29 14:35,2
2026-05-29 14:40,2
2026-05-29 14:45,2
2026-05-29 14:50,2
2026-05-29 14:55,2
2026-05-29 15:00,1
2026-05-29 15:05,1
2026-05-29 15:45,1
2026-05-29 15:50,1
2026-05-29 15:55,2
2026-05-29 16:00,2
2026-05-29 16:05,3
2026-05-29 16:10,3
2026-05-29 16:15,3
2026-05-29 16:20,3
2026-05-29 16:25,3
2026-05-29 16:30,2
2026-05-29 16:35,2
2026-05-29 16:40,1
2026-05-29 16:45,1
2026-05-29 17:55,1
2026-05-29 18:00,1
2026-05-29 18:05,1
2026-05-29 18:10,1
2026-05-29 18:15,1
2026-05-29 18:20,2
2026-05-29 18:25,2
2026-05-29 18:30,3
2026-05-29 18:35,3
2026-05-29 18:40,3
2026-05-29 18:45,3
2026-05-29 18:50,3
2026-05-29 18:55,2
2026-05-29 19:00,2
2026-05-29 19:05,1
2026-05-29 19:10,2
2026-05-29 19:15,2
2026-05-29 19:20,2
2026-05-29 19:25,1
2026-05-29 19:30,1
2026-05-29 19:35,1
2026-05-29 19:40,1
2026-05-29 19:45,1
2026-05-29 19:50,1
2026-05-29 20:00,1
2026-05-29 20:05,1
2026-05-29 20:10,1
2026-05-29 20:15,1
2026-05-29 20:20,1
2026-05-29 20:25,1
2026-05-29 20:30,2
2026-05-29 20:35,2
2026-05-29 20:40,3
2026-05-29 20:45,2
2026-05-29 20:50,3
2026-05-29 20:55,3
2026-05-29 21:00,3
2026-05-29 21:05,3
2026-05-29 21:10,3
2026-05-29 21:15,2
2026-05-29 21:20,2
2026-05-29 21:25,1
2026-05-29 21:30,1
2026-05-29 21:40,1
2026-05-29 21:45,1
2026-05-29 21:50,1
2026-05-29 21:55,1
2026-05-29 22:00,1
2026-05-29 22:05,2
2026-05-29 22:10,2
2026-05-29 22:15,2
2026-05-29 22:20,2
2026-05-29 22:25,2
2026-05-29 22:30,2
2026-05-29 22:35,2
2026-05-29 22:40,2
2026-05-29 22:45,2
2026-05-29 22:50,1
2026-05-29 22:55,1
2026-05-29 23:00,1
2026-05-30 07:30,1
2026-05-30 07:35,1
2026-05-30 07:40,2
2026-05-30 07:45,2
2026-05-30 07:50,3
2026-05-30 07:55,3
2026-05-30 08:00,3
2026-05-30 08:05,2
2026-05-30 08:10,2
2026-05-30 08:15,2
2026-05-30 08:20,3
2026-05-30 08:25,3
2026-05-30 08:30,3
2026-05-30 08:35,2
2026-05-30 08:40,2
2026-05-30 08:45,2
2026-05-30 08:50,2
2026-05-30 08:55,1
2026-05-30 09:25,1
2026-05-30 09:30,1
2026-05-30 09:35,1
2026-05-30 09:40,1
2026-05-30 10:05,1
2026-05-30 10:10,1
2026-05-30 10:15,1
2026-05-30 10:20,1
2026-05-30 10:25,1
2026-05-30 10:30,2
2026-05-30 10:35,2
2026-05-30 10:40,2
2026-05-30 10:45,1
2026-05-30 10:50,1
2026-05-30 10:55,1
2026-05-30 11:00,1
2026-05-30 11:35,1
2026-05-30 11:40,1
2026-05-30 11:45,1
2026-05-30 11:50,1
2026-05-30 11:55,1
2026-05-30 12:00,1
2026-05-30 12:05,1
2026-05-30 12:10,1
2026-05-30 12:15,1
2026-05-30 12:20,1
2026-05-30 12:25,1
2026-05-30 12:30,1
2026-05-30 12:35,1
2026-05-30 12:40,1
2026-05-30 12:45,1
2026-05-30 12:50,1
2026-05-30 12:55,1
2026-05-30 13:00,1
2026-05-30 13:20,1
2026-05-30 13:25,2
2026-05-30 13:30,2
2026-05-30 13:35,2
2026-05-30 13:40,2
2026-05-30 13:45,1
2026-05-30 13:50,1
2026-05-30 14:10,1
2026-05-30 14:15,1
2026-05-30 14:20,1
2026-05-30 14:25,2
2026-05-30 14:30,2
2026-05-30 14:35,2
2026-05-30 14:40,2
2026-05-30 14:45,2
2026-05-30 14:50,2
2026-05-30 14:55,2
2026-05-30 15:00,1
2026-05-30 15:05,1
2026-05-30 15:45,1
2026-05-30 15:50,1
2026-05-30 15:55,2
2026-05-30 16:00,2
2026-05-30 16:05,3
2026-05-30 16:10,3
2026-05-30 16:15,3
2026-05-30 16:20,3
2026-05-30 16:25,3
2026-05-30 16:30,2
2026-05-30 16:35,2
2026-05-30 16:40,1
2026-05-30 16:45,1
2026-05-30 17:55,1
2026-05-30 18:00,1
2026-05-30 18:05,1
2026-05-30 18:10,1
2026-05-30 18:15,1
2026-05-30 18:20,1
2026-05-30 18:25,1
2026-05-30 18:30,2
2026-05-30 18:35,2
2026-05-30 18:40,2
2026-05-30 18:45,2
2026-05-30 18:50,2
2026-05-30 18:55,2
2026-05-30 19:00,2
2026-05-30 19:05,1
2026-05-30 19:10,2
2026-05-30 19:15,2
2026-05-30 19:20,2
2026-05-30 19:25,1
2026-05-30 19:30,1
2026-05-30 19:35,1
2026-05-30 19:40,1
2026-05-30 19:45,1
2026-05-30 19:50,1
2026-05-30 20:00,1
2026-05-30 20:05,1
2026-05-30 20:10,1
2026-05-30 20:15,1
2026-05-30 20:20,1
2026-05-30 20:25,1
2026-05-30 20:30,2
2026-05-30 20:35,2
2026-05-30 20:40,3
2026-05-30 20:45,2
2026-05-30 20:50,3
2026-05-30 20:55,3
2026-05-30 21:00,3
2026-05-30 21:05,3
2026-05-30 21:10,3
2026-05-30 21:15,2
2026-05-30 21:20,2
2026-05-30 21:25,1
2026-05-30 21:30,1
2026-05-30 21:40,1
2026-05-30 21:45,1
2026-05-30 21:50,1
2026-05-30 21:55,1
2026-05-30 22:00,1
2026-05-30 22:05,2
2026-05-30 22:10,2
2026-05-30 22:15,2
2026-05-30 22:20,2
2026-05-30 22:25,2
2026-05-30 22:30,2
2026-05-30 22:35,2
2026-05-30 22:40,2
2026-05-30 22:45,2
2026-05-30 22:50,1
2026-05-30 22:55,1
2026-05-30 23:00,1
2026-05-31 07:40,1
2026-05-31 07:45,1
2026-05-31 07:50,2
2026-05-31 07:55,2
2026-05-31 08:00,2
2026-05-31 08:05,2
2026-05-31 08:10,2
2026-05-31 08:15,2
2026-05-31 08:20,4
2026-05-31 08:25,4
2026-05-31 08:30,4
2026-05-31 08:35,3
2026-05-31 08:40,3
2026-05-31 08:45,3
2026-05-31 08:50,3
2026-05-31 08:55,2
2026-05-31 09:00,1
2026-05-31 09:05,1
2026-05-31 09:10,1
2026-05-31 09:15,1
2026-05-31 09:20,1
2026-05-31 09:25,2
2026-05-31 09:30,2
2026-05-31 09:35,2
2026-05-31 09:40,2
2026-05-31 09:45,1
2026-05-31 09:50,1
2026-05-31 10:05,1
2026-05-31 10:10,1
2026-05-31 10:15,1
2026-05-31 10:20,1
2026-05-31 10:25,1
2026-05-31 10:30,2
2026-05-31 10:35,2
2026-05-31 10:40,2
2026-05-31 10:45,1
2026-05-31 10:50,1
2026-05-31 10:55,1
2026-05-31 11:00,1
2026-05-31 11:35,1
2026-05-31 11:40,1
2026-05-31 11:45,1
2026-05-31 11:50,1
2026-05-31 11:55,1
2026-05-31 12:00,1
2026-05-31 12:05,1
2026-05-31 12:10,1
2026-05-31 12:15,1
2026-05-31 12:20,1
2026-05-31 12:25,1
2026-05-31 12:30,1
2026-05-31 12:35,1
2026-05-31 12:40,1
2026-05-31 12:45,1
2026-05-31 12:50,1
2026-05-31 12:55,1
2026-05-31 13:00,1
2026-05-31 13:25,1
2026-05-31 13:30,1
2026-05-31 13:35,1
2026-05-31 13:40,1
2026-05-31 13:45,1
2026-05-31 13:50,1
2026-05-31 14:10,1
2026-05-31 14:15,1
2026-05-31 14:20,1
2026-05-31 14:25,2
2026-05-31 14:30,2
2026-05-31 14:35,2
2026-05-31 14:40,2
2026-05-31 14:45,2
2026-05-31 14:50,2
2026-05-31 14:55,2
2026-05-31 15:00,1
2026-05-31 15:05,1
2026-05-31 15:45,1
2026-05-31 15:50,1
2026-05-31 15:55,2
2026-05-31 16:00,2
2026-05-31 16:05,3
2026-05-31 16:10,3
2026-05-31 16:15,3
2026-05-31 16:20,3
2026-05-31 16:25,3
2026-05-31 16:30,2
2026-05-31 16:35,2
2026-05-31 16:40,1
2026-05-31 16:45,1
2026-05-31 17:55,1
2026-05-31 18:00,1
2026-05-31 18:05,1
2026-05-31 18:10,1
2026-05-31 18:15,1
2026-05-31 18:20,2
2026-05-31 18:25,2
2026-05-31 18:30,3
2026-05-31 18:35,3
2026-05-31 18:40,3
2026-05-31 18:45,3
2026-05-31 18:50,3
2026-05-31 18:55,2
2026-05-31 19:00,2
2026-05-31 19:05,1
2026-05-31 19:10,2
2026-05-31 19:15,2
2026-05-31 19:20,2
2026-05-31 19:25,1
2026-05-31 19:30,1
2026-05-31 19:35,1
2026-05-31 19:40,1
2026-05-31 19:45,1
2026-05-31 19:50,1
2026-05-31 20:00,1
2026-05-31 20:05,1
2026-05-31 20:10,1
2026-05-31 20:15,1
2026-05-31 20:20,1
2026-05-31 20:25,1
2026-05-31 20:30,2
2026-05-31 20:35,2
2026-05-31 20:40,3
2026-05-31 20:45,2
2026-05-31 20:50,3
2026-05-31 20:55,3
2026-05-31 21:00,3
2026-05-31 21:05,3
2026-05-31 21:10,3
2026-05-31 21:15,2
2026-05-31 21:20,2
2026-05-31 21:25,1
2026-05-31 21:30,1
2026-05-31 21:40,1
2026-05-31 21:45,1
2026-05-31 21:50,1
2026-05-31 21:55,1
2026-05-31 22:00,1
2026-05-31 22:05,2
2026-05-31 22:10,2
2026-05-31 22:15,1
2026-05-31 22:20,1
2026-05-31 22:25,1
2026-05-31 22:30,1
2026-05-31 22:35,1
2026-05-31 22:40,1
2026-05-31 22:45,1
2026-06-01 07:30,1
2026-06-01 07:35,1
2026-06-01 07:40,2
2026-06-01 07:45,2
2026-06-01 07:50,3
2026-06-01 07:55,3
2026-06-01 08:00,3
2026-06-01 08:05,2
2026-06-01 08:10,2
2026-06-01 08:15,2
2026-06-01 08:20,4
2026-06-01 08:25,4
2026-06-01 08:30,4
2026-06-01 08:35,3
2026-06-01 08:40,3
2026-06-01 08:45,3
2026-06-01 08:50,3
2026-06-01 08:55,2
2026-06-01 09:00,1
2026-06-01 09:05,1
2026-06-01 09:10,1
2026-06-01 09:15,1
2026-06-01 09:20,1
2026-06-01 09:25,2
2026-06-01 09:30,2
2026-06-01 09:35,2
2026-06-01 09:40,2
2026-06-01 09:45,1
2026-06-01 09:50,1
2026-06-01 10:05,1
2026-06-01 10:10,1
2026-06-01 10:15,1
2026-06-01 10:20,1
2026-06-01 10:25,1
2026-06-01 10:30,2
2026-06-01 10:35,2
2026-06-01 10:40,2
2026-06-01 10:45,1
2026-06-01 10:50,1
2026-06-01 10:55,1
2026-06-01 11:00,1
2026-06-01 11:35,1
2026-06-01 11:40,1
2026-06-01 11:45,1
2026-06-01 11:50,1
2026-06-01 11:55,1
2026-06-01 12:00,1
2026-06-01 12:05,1
2026-06-01 12:10,1
2026-06-01 12:15,1
2026-06-01 12:20,1
2026-06-01 12:25,1
2026-06-01 12:30,1
2026-06-01 12:35,1
2026-06-01 12:40,1
2026-06-01 12:45,1
2026-06-01 12:50,1
2026-06-01 12:55,1
2026-06-01 13:00,1
2026-06-01 13:25,1
2026-06-01 13:30,1
2026-06-01 13:35,1
2026-06-01 13:40,1
2026-06-01 13:45,1
2026-06-01 13:50,1
2026-06-01 14:10,1
2026-06-01 14:15,1
2026-06-01 14:20,1
2026-06-01 14:25,2
2026-06-01 14:30,2
2026-06-01 14:35,2
2026-06-01 14:40,2
2026-06-01 14:45,2
2026-06-01 14:50,2
2026-06-01 14:55,2
2026-06-01 15:00,1
2026-06-01 15:05,1
2026-06-01 15:45,1
2026-06-01 15:50,1
2026-06-01 15:55,2
2026-06-01 16:00,2
2026-06-01 16:05,3
2026-06-01 16:10,3
2026-06-01 16:15,3
2026-06-01 16:20,3
2026-06-01 16:25,3
2026-06-01 16:30,2
2026-06-01 16:35,2
2026-06-01 16:40,1
2026-06-01 16:45,1
2026-06-01 17:55,1
2026-06-01 18:00,1
2026-06-01 18:05,1
2026-06-01 18:10,1
2026-06-01 18:15,1
2026-06-01 18:20,2
2026-06-01 18:25,2
2026-06-01 18:30,3
2026-06-01 18:35,3
2026-06-01 18:40,3
2026-06-01 18:45,3
2026-06-01 18:50,3
2026-06-01 18:55,2
2026-06-01 19:00,2
2026-06-01 19:05,1
2026-06-01 19:10,2
2026-06-01 19:15,2
2026-06-01 19:20,2
2026-06-01 19:25,1
2026-06-01 19:30,1
2026-06-01 19:35,1
2026-06-01 19:40,1
2026-06-01 19:45,1
2026-06-01 19:50,1
2026-06-01 20:00,1
2026-06-01 20:05,1
2026-06-01 20:10,1
2026-06-01 20:15,1
2026-06-01 20:20,1
2026-06-01 20:25,1
2026-06-01 20:30,2
2026-06-01 20:35,2
2026-06-01 20:40,3
2026-06-01 20:45,2
2026-06-01 20:50,3
2026-06-01 20:55,3
2026-06-01 21:00,3
2026-06-01 21:05,3
2026-06-01 21:10,3
2026-06-01 21:15,2
2026-06-01 21:20,2
2026-06-01 21:25,1
2026-06-01 21:30,1
2026-06-01 21:40,1
2026-06-01 21:45,1
2026-06-01 21:50,1
2026-06-01 21:55,1
2026-06-01 22:00,1
2026-06-01 22:05,2
2026-06-01 22:10,2
2026-06-01 22:15,2
2026-06-01 22:20,2
2026-06-01 22:25,2
2026-06-01 22:30,2
2026-06-01 22:35,2
2026-06-01 22:40,2
2026-06-01 22:45,2
2026-06-01 22:50,1
2026-06-01 22:55,1
2026-06-01 23:00,1
2026-06-02 07:30,1
2026-06-02 07:35,1
2026-06-02 07:40,2
2026-06-02 07:45,2
2026-06-02 07:50,3
2026-06-02 07:55,3
2026-06-02 08:00,3
2026-06-02 08:05,2
2026-06-02 08:10,2
2026-06-02 08:15,2
2026-06-02 08:20,3
2026-06-02 08:25,3
2026-06-02 08:30,3
2026-06-02 08:35,2
2026-06-02 08:40,2
2026-06-02 08:45,2
2026-06-02 08:50,2
2026-06-02 08:55,1
2026-06-02 09:25,1
2026-06-02 09:30,1
2026-06-02 09:35,1
2026-06-02 09:40,1
2026-06-02 10:05,1
2026-06-02 10:10,1
2026-06-02 10:15,1
2026-06-02 10:20,1
2026-06-02 10:25,1
2026-06-02 10:30,2
2026-06-02 10:35,2
2026-06-02 10:40,2
2026-06-02 10:45,1
2026-06-02 10:50,1
2026-06-02 10:55,1
2026-06-02 11:00,1
2026-06-02 11:35,1
2026-06-02 11:40,1
2026-06-02 11:45,1
2026-06-02 11:50,1
2026-06-02 11:55,1
2026-06-02 12:00,1
2026-06-02 12:05,1
2026-06-02 12:10,1
2026-06-02 12:15,1
2026-06-02 12:20,1
2026-06-02 12:25,1
2026-06-02 12:30,1
2026-06-02 12:35,1
2026-06-02 12:40,1
2026-06-02 12:45,1
2026-06-02 12:50,1
2026-06-02 12:55,1
2026-06-02 13:00,1
2026-06-02 13:20,1
2026-06-02 13:25,2
2026-06-02 13:30,2
2026-06-02 13:35,2
2026-06-02 13:40,2
2026-06-02 13:45,1
2026-06-02 13:50,1
2026-06-02 14:10,1
2026-06-02 14:15,1
2026-06-02 14:20,1
2026-06-02 14:25,2
2026-06-02 14:30,2
2026-06-02 14:35,2
2026-06-02 14:40,2
2026-06-02 14:45,2
2026-06-02 14:50,2
2026-06-02 14:55,2
2026-06-02 15:00,1
2026-06-02 15:05,1
2026-06-02 15:45,1
2026-06-02 15:50,1
2026-06-02 15:55,2
2026-06-02 16:00,2
2026-06-02 16:05,3
2026-06-02 16:10,3
2026-06-02 16:15,3
2026-06-02 16:20,3
2026-06-02 16:25,3
2026-06-02 16:30,2
2026-06-02 16:35,2
2026-06-02 16:40,1
2026-06-02 16:45,1
2026-06-02 17:55,1
2026-06-02 18:00,1
2026-06-02 18:05,1
2026-06-02 18:10,1
2026-06-02 18:15,1
2026-06-02 18:20,1
2026-06-02 18:25,1
2026-06-02 18:30,2
2026-06-02 18:35,2
2026-06-02 18:40,2
2026-06-02 18:45,2
2026-06-02 18:50,2
2026-06-02 18:55,2
2026-06-02 19:00,2
2026-06-02 19:05,1
2026-06-02 19:10,2
2026-06-02 19:15,2
2026-06-02 19:20,2
2026-06-02 19:25,1
2026-06-02 19:30,1
2026-06-02 19:35,1
2026-06-02 19:40,1
2026-06-02 19:45,1
2026-06-02 19:50,1
2026-06-02 20:00,1
2026-06-02 20:05,1
2026-06-02 20:10,1
2026-06-02 20:15,1
2026-06-02 20:20,1
2026-06-02 20:25,1
2026-06-02 20:30,2
2026-06-02 20:35,2
2026-06-02 20:40,3
2026-06-02 20:45,2
2026-06-02 20:50,3
2026-06-02 20:55,3
2026-06-02 21:00,3
2026-06-02 21:05,3
2026-06-02 21:10,3
2026-06-02 21:15,2
2026-06-02 21:20,2
2026-06-02 21:25,1
2026-06-02 21:30,1
2026-06-02 21:40,1
2026-06-02 21:45,1
2026-06-02 21:50,1
2026-06-02 21:55,1
2026-06-02 22:00,1
2026-06-02 22:05,2
2026-06-02 22:10,2
2026-06-02 22:15,1
2026-06-02 22:20,1
2026-06-02 22:25,1
2026-06-02 22:30,1
2026-06-02 22:35,1
2026-06-02 22:40,1
2026-06-02 22:45,1
2026-06-03 07:40,1
2026-06-03 07:45,1
2026-06-03 07:50,2
2026-06-03 07:55,2
2026-06-03 08:00,2
2026-06-03 08:05,2
2026-06-03 08:10,2
2026-06-03 08:15,2
2026-06-03 08:20,4
2026-06-03 08:25,4
2026-06-03 08:30,4
2026-06-03 08:35,3
2026-06-03 08:40,3
2026-06-03 08:45,3
2026-06-03 08:50,3
2026-06-03 08:55,2
2026-06-03 09:00,1
2026-06-03 09:05,1
2026-06-03 09:10,1
2026-06-03 09:15,1
2026-06-03 09:20,1
2026-06-03 09:25,2
2026-06-03 09:30,2
2026-06-03 09:35,2
2026-06-03 09:40,2
2026-06-03 09:45,1
2026-06-03 09:50,1
2026-06-03 10:05,1
2026-06-03 10:10,1
2026-06-03 10:15,1
2026-06-03 10:20,1
2026-06-03 10:25,1
2026-06-03 10:30,2
2026-06-03 10:35,2
2026-06-03 10:40,2
2026-06-03 10:45,1
2026-06-03 10:50,1
2026-06-03 10:55,1
2026-06-03 11:00,1
2026-06-03 11:35,1
2026-06-03 11:40,1
2026-06-03 11:45,1
2026-06-03 11:50,1
2026-06-03 11:55,1
2026-06-03 12:00,1
2026-06-03 12:05,1
2026-06-03 12:10,1
2026-06-03 12:15,1
2026-06-03 12:20,1
2026-06-03 12:25,1
2026-06-03 12:30,1
2026-06-03 12:35,1
2026-06-03 12:40,1
2026-06-03 12:45,1
2026-06-03 12:50,1
2026-06-03 12:55,1
2026-06-03 13:00,1
2026-06-03 13:25,1
2026-06-03 13:30,1
2026-06-03 13:35,1
2026-06-03 13:40,1
2026-06-03 13:45,1
2026-06-03 13:50,1
2026-06-03 14:10,1
2026-06-03 14:15,1
2026-06-03 14:20,1
2026-06-03 14:25,2
2026-06-03 14:30,2
2026-06-03 14:35,2
2026-06-03 14:40,2
2026-06-03 14:45,2
2026-06-03 14:50,2
2026-06-03 14:55,2
2026-06-03 15:00,1
2026-06-03 15:05,1
2026-06-03 15:45,1
2026-06-03 15:50,1
2026-06-03 15:55,2
2026-06-03 16:00,2
2026-06-03 16:05,3
2026-06-03 16:10,3
2026-06-03 16:15,3
2026-06-03 16:20,3
2026-06-03 16:25,3
2026-06-03 16:30,2
2026-06-03 16:35,2
2026-06-03 16:40,1
2026-06-03 16:45,1
2026-06-03 17:55,1
2026-06-03 18:00,1
2026-06-03 18:05,1
2026-06-03 18:10,1
2026-06-03 18:15,1
2026-06-03 18:20,2
2026-06-03 18:25,2
2026-06-03 18:30,3
2026-06-03 18:35,3
2026-06-03 18:40,3
2026-06-03 18:45,3
2026-06-03 18:50,3
2026-06-03 18:55,2
2026-06-03 19:00,2
2026-06-03 19:05,1
2026-06-03 19:10,2
2026-06-03 19:15,2
2026-06-03 19:20,2
2026-06-03 19:25,1
2026-06-03 19:30,1
2026-06-03 19:35,1
2026-06-03 19:40,1
2026-06-03 19:45,1
2026-06-03 19:50,1
2026-06-03 20:00,1
2026-06-03 20:05,1
2026-06-03 20:10,1
2026-06-03 20:15,1
2026-06-03 20:20,1
2026-06-03 20:25,1
2026-06-03 20:30,2
2026-06-03 20:35,2
2026-06-03 20:40,3
2026-06-03 20:45,2
2026-06-03 20:50,3
2026-06-03 20:55,3
2026-06-03 21:00,3
2026-06-03 21:05,3
2026-06-03 21:10,3
2026-06-03 21:15,2
2026-06-03 21:20,2
2026-06-03 21:25,1
2026-06-03 21:30,1
2026-06-03 21:40,1
2026-06-03 21:45,1
2026-06-03 21:50,1
2026-06-03 21:55,1
2026-06-03 22:00,1
2026-06-03 22:05,2
2026-06-03 22:10,2
2026-06-03 22:15,2
2026-06-03 22:20,2
2026-06-03 22:25,2
2026-06-03 22:30,2
2026-06-03 22:35,2
2026-06-03 22:40,2
2026-06-03 22:45,2
2026-06-03 22:50,1
2026-06-03 22:55,1
2026-06-03 23:00,1
2026-06-04 07:30,1
2026-06-04 07:35,1
2026-06-04 07:40,2
2026-06-04 07:45,2
2026-06-04 07:50,3
2026-06-04 07:55,3
2026-06-04 08:00,3
2026-06-04 08:05,2
2026-06-04 08:10,2
2026-06-04 08:15,2
2026-06-04 08:20,3
2026-06-04 08:25,3
2026-06-04 08:30,3
2026-06-04 08:35,2
2026-06-04 08:40,2
2026-06-04 08:45,2
2026-06-04 08:50,2
2026-06-04 08:55,1
2026-06-04 09:25,1
2026-06-04 09:30,1
2026-06-04 09:35,1
2026-06-04 09:40,1
2026-06-04 10:05,1
2026-06-04 10:10,1
2026-06-04 10:15,1
2026-06-04 10:20,1
2026-06-04 10:25,1
2026-06-04 10:30,2
2026-06-04 10:35,2
2026-06-04 10:40,2
2026-06-04 10:45,1
2026-06-04 10:50,1
2026-06-04 10:55,1
2026-06-04 11:00,1
2026-06-04 11:35,1
2026-06-04 11:40,1
2026-06-04 11:45,1
2026-06-04 11:50,1
2026-06-04 11:55,1
2026-06-04 12:00,1
2026-06-04 12:05,1
2026-06-04 12:10,1
2026-06-04 12:15,1
2026-06-04 12:20,1
2026-06-04 12:25,1
2026-06-04 12:30,1
2026-06-04 12:35,1
2026-06-04 12:40,1
2026-06-04 12:45,1
2026-06-04 12:50,1
2026-06-04 12:55,1
2026-06-04 13:00,1
2026-06-04 13:20,1
2026-06-04 13:25,2
2026-06-04 13:30,2
2026-06-04 13:35,2
2026-06-04 13:40,2
2026-06-04 13:45,1
2026-06-04 13:50,1
2026-06-04 14:10,1
2026-06-04 14:15,1
2026-06-04 14:20,1
2026-06-04 14:25,2
2026-06-04 14:30,2
2026-06-04 14:35,2
2026-06-04 14:40,2
2026-06-04 14:45,2
2026-06-04 14:50,2
2026-06-04 14:55,2
2026-06-04 15:00,1
2026-06-04 15:05,1
2026-06-04 15:45,1
2026-06-04 15:50,1
2026-06-04 15:55,2
2026-06-04 16:00,2
2026-06-04 16:05,3
2026-06-04 16:10,3
2026-06-04 16:15,3
2026-06-04 16:20,3
2026-06-04 16:25,3
2026-06-04 16:30,2
2026-06-04 16:35,2
2026-06-04 16:40,1
2026-06-04 16:45,1
2026-06-04 17:55,1
2026-06-04 18:00,1
2026-06-04 18:05,1
2026-06-04 18:10,1
2026-06-04 18:15,1
2026-06-04 18:20,1
2026-06-04 18:25,1
2026-06-04 18:30,2
2026-06-04 18:35,2
2026-06-04 18:40,2
2026-06-04 18:45,2
2026-06-04 18:50,2
2026-06-04 18:55,2
2026-06-04 19:00,2
2026-06-04 19:05,1
2026-06-04 19:10,2
2026-06-04 19:15,2
2026-06-04 19:20,2
2026-06-04 19:25,1
2026-06-04 19:30,1
2026-06-04 19:35,1
2026-06-04 19:40,1
2026-06-04 19:45,1
2026-06-04 19:50,1
2026-06-04 20:00,1
2026-06-04 20:05,1
2026-06-04 20:10,1
2026-06-04 20:15,1
2026-06-04 20:20,1
2026-06-04 20:25,1
2026-06-04 20:30,2
2026-06-04 20:35,2
2026-06-04 20:40,3
2026-06-04 20:45,2
2026-06-04 20:50,3
2026-06-04 20:55,3
2026-06-04 21:00,3
2026-06-04 21:05,3
2026-06-04 21:10,3
2026-06-04 21:15,2
2026-06-04 21:20,2
2026-06-04 21:25,1
2026-06-04 21:30,1
2026-06-04 21:40,1
2026-06-04 21:45,1
2026-06-04 21:50,1
2026-06-04 21:55,1
2026-06-04 22:00,1
2026-06-04 22:05,2
2026-06-04 22:10,2
2026-06-04 22:15,1
2026-06-04 22:20,1
2026-06-04 22:25,1
2026-06-04 22:30,1
2026-06-04 22:35,1
2026-06-04 22:40,1
2026-06-04 22:45,1
2026-06-05 07:40,1
2026-06-05 07:45,1
2026-06-05 07:50,2
2026-06-05 07:55,2
2026-06-05 08:00,2
2026-06-05 08:05,2
2026-06-05 08:10,2
2026-06-05 08:15,2
2026-06-05 08:20,4
2026-06-05 08:25,4
2026-06-05 08:30,4
2026-06-05 08:35,3
2026-06-05 08:40,3
2026-06-05 08:45,3
2026-06-05 08:50,3
2026-06-05 08:55,2
2026-06-05 09:00,1
2026-06-05 09:05,1
2026-06-05 09:10,1
2026-06-05 09:15,1
2026-06-05 09:20,1
2026-06-05 09:25,2
2026-06-05 09:30,2
2026-06-05 09:35,2
2026-06-05 09:40,2
2026-06-05 09:45,1
2026-06-05 09:50,1
2026-06-05 10:05,1
2026-06-05 10:10,1
2026-06-05 10:15,1
2026-06-05 10:20,1
2026-06-05 10:25,1
2026-06-05 10:30,2
2026-06-05 10:35,2
2026-06-05 10:40,2
2026-06-05 10:45,1
2026-06-05 10:50,1
2026-06-05 10:55,1
2026-06-05 11:00,1
2026-06-05 11:35,1
2026-06-05 11:40,1
2026-06-05 11:45,1
2026-06-05 11:50,1
2026-06-05 11:55,1
2026-06-05 12:00,1
2026-06-05 12:05,1
2026-06-05 12:10,1
2026-06-05 12:15,1
2026-06-05 12:20,1
2026-06-05 12:25,1
2026-06-05 12:30,1
2026-06-05 12:35,1
2026-06-05 12:40,1
2026-06-05 12:45,1
2026-06-05 12:50,1
2026-06-05 12:55,1
2026-06-05 13:00,1
2026-06-05 13:25,1
2026-06-05 13:30,1
2026-06-05 13:35,1
2026-06-05 13:40,1
2026-06-05 13:45,1
2026-06-05 13:50,1
2026-06-05 14:10,1
2026-06-05 14:15,1
2026-06-05 14:20,1
2026-06-05 14:25,2
2026-06-05 14:30,2
2026-06-05 14:35,2
2026-06-05 14:40,2
2026-06-05 14:45,2
2026-06-05 14:50,2
2026-06-05 14:55,2
2026-06-05 15:00,1
2026-06-05 15:05,1
2026-06-05 15:45,1
2026-06-05 15:50,1
2026-06-05 15:55,2
2026-06-05 16:00,2
2026-06-05 16:05,3
2026-06-05 16:10,3
2026-06-05 16:15,3
2026-06-05 16:20,3
2026-06-05 16:25,3
2026-06-05 16:30,2
2026-06-05 16:35,2
2026-06-05 16:40,1
2026-06-05 16:45,1
2026-06-05 17:55,1
2026-06-05 18:00,1
2026-06-05 18:05,1
2026-06-05 18:10,1
2026-06-05 18:15,1
2026-06-05 18:20,2
2026-06-05 18:25,2
2026-06-05 18:30,3
2026-06-05 18:35,3
2026-06-05 18:40,3
2026-06-05 18:45,3
2026-06-05 18:50,3
2026-06-05 18:55,2
2026-06-05 19:00,2
2026-06-05 19:05,1
2026-06-05 19:10,2
2026-06-05 19:15,2
2026-06-05 19:20,2
2026-06-05 19:25,1
2026-06-05 19:30,1
2026-06-05 19:35,1
2026-06-05 19:40,1
2026-06-05 19:45,1
2026-06-05 19:50,1
2026-06-05 20:00,1
2026-06-05 20:05,1
2026-06-05 20:10,1
2026-06-05 20:15,1
2026-06-05 20:20,1
2026-06-05 20:25,1
2026-06-05 20:30,2
2026-06-05 20:35,2
2026-06-05 20:40,3
2026-06-05 20:45,2
2026-06-05 20:50,3
2026-06-05 20:55,3
2026-06-05 21:00,3
2026-06-05 21:05,3
2026-06-05 21:10,3
2026-06-05 21:15,2
2026-06-05 21:20,2
2026-06-05 21:25,1
2026-06-05 21:30,1
2026-06-05 21:40,1
2026-06-05 21:45,1
2026-06-05 21:50,1
2026-06-05 21:55,1
2026-06-05 22:00,1
2026-06-05 22:05,2
2026-06-05 22:10,2
2026-06-05 22:15,2
2026-06-05 22:20,2
2026-06-05 22:25,2
2026-06-05 22:30,2
2026-06-05 22:35,2
2026-06-05 22:40,2
2026-06-05 22:45,2
2026-06-05 22:50,1
2026-06-05 22:55,1
2026-06-05 23:00,1
2026-06-06 07:30,1
2026-06-06 07:35,1
2026-06-06 07:40,2
2026-06-06 07:45,2
2026-06-06 07:50,3
2026-06-06 07:55,3
2026-06-06 08:00,3
2026-06-06 08:05,2
2026-06-06 08:10,2
2026-06-06 08:15,2
2026-06-06 08:20,3
2026-06-06 08:25,3
2026-06-06 08:30,3
2026-06-06 08:35,2
2026-06-06 08:40,2
2026-06-06 08:45,2
2026-06-06 08:50,2
2026-06-06 08:55,1
2026-06-06 09:25,1
2026-06-06 09:30,1
2026-06-06 09:35,1
2026-06-06 09:40,1
2026-06-06 10:05,1
2026-06-06 10:10,1
2026-06-06 10:15,1
2026-06-06 10:20,1
2026-06-06 10:25,1
2026-06-06 10:30,2
2026-06-06 10:35,2
2026-06-06 10:40,2
2026-06-06 10:45,1
2026-06-06 10:50,1
2026-06-06 10:55,1
2026-06-06 11:00,1
2026-06-06 11:35,1
2026-06-06 11:40,1
2026-06-06 11:45,1
2026-06-06 11:50,1
2026-06-06 11:55,1
2026-06-06 12:00,1
2026-06-06 12:05,1
2026-06-06 12:10,1
2026-06-06 12:15,1
2026-06-06 12:20,1
2026-06-06 12:25,1
2026-06-06 12:30,1
2026-06-06 12:35,1
2026-06-06 12:40,1
2026-06-06 12:45,1
2026-06-06 12:50,1
2026-06-06 12:55,1
2026-06-06 13:00,1
2026-06-06 13:20,1
2026-06-06 13:25,2
2026-06-06 13:30,2
2026-06-06 13:35,2
2026-06-06 13:40,2
2026-06-06 13:45,1
2026-06-06 13:50,1
2026-06-06 14:10,1
2026-06-06 14:15,1
2026-06-06 14:20,1
2026-06-06 14:25,2
2026-06-06 14:30,2
2026-06-06 14:35,2
2026-06-06 14:40,2
2026-06-06 14:45,2
2026-06-06 14:50,2
2026-06-06 14:55,2
2026-06-06 15:00,1
2026-06-06 15:05,1
2026-06-06 15:45,1
2026-06-06 15:50,1
2026-06-06 15:55,2
2026-06-06 16:00,2
2026-06-06 16:05,3
2026-06-06 16:10,3
2026-06-06 16:15,3
2026-06-06 16:20,3
2026-06-06 16:25,3
2026-06-06 16:30,2
2026-06-06 16:35,2
2026-06-06 16:40,1
2026-06-06 16:45,1
2026-06-06 17:55,1
2026-06-06 18:00,1
2026-06-06 18:05,1
2026-06-06 18:10,1
2026-06-06 18:15,1
2026-06-06 18:20,1
2026-06-06 18:25,1
2026-06-06 18:30,2
2026-06-06 18:35,2
2026-06-06 18:40,2
2026-06-06 18:45,2
2026-06-06 18:50,2
2026-06-06 18:55,2
2026-06-06 19:00,2
2026-06-06 19:05,1
2026-06-06 19:10,2
2026-06-06 19:15,2
2026-06-06 19:20,2
2026-06-06 19:25,1
2026-06-06 19:30,1
2026-06-06 19:35,1
2026-06-06 19:40,1
2026-06-06 19:45,1
2026-06-06 19:50,1
2026-06-06 20:00,1
2026-06-06 20:05,1
2026-06-06 20:10,1
2026-06-06 20:15,1
2026-06-06 20:20,1
2026-06-06 20:25,1
2026-06-06 20:30,2
2026-06-06 20:35,2
2026-06-06 20:40,3
2026-06-06 20:45,2
2026-06-06 20:50,3
2026-06-06 20:55,3
2026-06-06 21:00,3
2026-06-06 21:05,3
2026-06-06 21:10,3
2026-06-06 21:15,2
2026-06-06 21:20,2
2026-06-06 21:25,1
2026-06-06 21:30,1
2026-06-06 21:40,1
2026-06-06 21:45,1
2026-06-06 21:50,1
2026-06-06 21:55,1
2026-06-06 22:00,1
2026-06-06 22:05,2
2026-06-06 22:10,2
2026-06-06 22:15,2
2026-06-06 22:20,2
2026-06-06 22:25,2
2026-06-06 22:30,2
2026-06-06 22:35,2
2026-06-06 22:40,2
2026-06-06 22:45,2
2026-06-06 22:50,1
2026-06-06 22:55,1
2026-06-06 23:00,1
2026-06-07 07:40,1
2026-06-07 07:45,1
2026-06-07 07:50,2
2026-06-07 07:55,2
2026-06-07 08:00,2
2026-06-07 08:05,2
2026-06-07 08:10,2
2026-06-07 08:15,2
2026-06-07 08:20,4
2026-06-07 08:25,4
2026-06-07 08:30,4
2026-06-07 08:35,3
2026-06-07 08:40,3
2026-06-07 08:45,3
2026-06-07 08:50,3
2026-06-07 08:55,2
2026-06-07 09:00,1
2026-06-07 09:05,1
2026-06-07 09:10,1
2026-06-07 09:15,1
2026-06-07 09:20,1
2026-06-07 09:25,2
2026-06-07 09:30,2
2026-06-07 09:35,2
2026-06-07 09:40,2
2026-06-07 09:45,1
2026-06-07 09:50,1
2026-06-07 10:05,1
2026-06-07 10:10,1
2026-06-07 10:15,1
2026-06-07 10:20,1
2026-06-07 10:25,1
2026-06-07 10:30,2
2026-06-07 10:35,2
2026-06-07 10:40,2
2026-06-07 10:45,1
2026-06-07 10:50,1
2026-06-07 10:55,1
2026-06-07 11:00,1
2026-06-07 11:35,1
2026-06-07 11:40,1
2026-06-07 11:45,1
2026-06-07 11:50,1
2026-06-07 11:55,1
2026-06-07 12:00,1
2026-06-07 12:05,1
2026-06-07 12:10,1
2026-06-07 12:15,1
2026-06-07 12:20,1
2026-06-07 12:25,1
2026-06-07 12:30,1
2026-06-07 12:35,1
2026-06-07 12:40,1
2026-06-07 12:45,1
2026-06-07 12:50,1
2026-06-07 12:55,1
2026-06-07 13:00,1
2026-06-07 13:25,1
2026-06-07 13:30,1
2026-06-07 13:35,1
2026-06-07 13:40,1
2026-06-07 13:45,1
2026-06-07 13:50,1
2026-06-07 14:10,1
2026-06-07 14:15,1
2026-06-07 14:20,1
2026-06-07 14:25,2
2026-06-07 14:30,2
2026-06-07 14:35,2
2026-06-07 14:40,2
2026-06-07 14:45,2
2026-06-07 14:50,2
2026-06-07 14:55,2
2026-06-07 15:00,1
2026-06-07 15:05,1
2026-06-07 15:45,1
2026-06-07 15:50,1
2026-06-07 15:55,2
2026-06-07 16:00,2
2026-06-07 16:05,3
2026-06-07 16:10,3
2026-06-07 16:15,3
2026-06-07 16:20,3
2026-06-07 16:25,3
2026-06-07 16:30,2
2026-06-07 16:35,2
2026-06-07 16:40,1
2026-06-07 16:45,1
2026-06-07 17:55,1
2026-06-07 18:00,1
2026-06-07 18:05,1
2026-06-07 18:10,1
2026-06-07 18:15,1
2026-06-07 18:20,2
2026-06-07 18:25,2
2026-06-07 18:30,3
2026-06-07 18:35,3
2026-06-07 18:40,3
2026-06-07 18:45,3
2026-06-07 18:50,3
2026-06-07 18:55,2
2026-06-07 19:00,2
2026-06-07 19:05,1
2026-06-07 19:10,2
2026-06-07 19:15,2
2026-06-07 19:20,2
2026-06-07 19:25,1
2026-06-07 19:30,1
2026-06-07 19:35,1
2026-06-07 19:40,1
2026-06-07 19:45,1
2026-06-07 19:50,1
2026-06-07 20:00,1
2026-06-07 20:05,1
2026-06-07 20:10,1
2026-06-07 20:15,1
2026-06-07 20:20,1
2026-06-07 20:25,1
2026-06-07 20:30,2
2026-06-07 20:35,2
2026-06-07 20:40,3
2026-06-07 20:45,2
2026-06-07 20:50,3
2026-06-07 20:55,3
2026-06-07 21:00,3
2026-06-07 21:05,3
2026-06-07 21:10,3
2026-06-07 21:15,2
2026-06-07 21:20,2
2026-06-07 21:25,1
2026-06-07 21:30,1
2026-06-07 21:40,1
2026-06-07 21:45,1
2026-06-07 21:50,1
2026-06-07 21:55,1
2026-06-07 22:00,1
2026-06-07 22:05,2
2026-06-07 22:10,2
2026-06-07 22:15,1
2026-06-07 22:20,1
2026-06-07 22:25,1
2026-06-07 22:30,1
2026-06-07 22:35,1
2026-06-07 22:40,1
2026-06-07 22:45,1
2026-06-08 07:30,1
2026-06-08 07:35,1
2026-06-08 07:40,2
2026-06-08 07:45,2
2026-06-08 07:50,3
2026-06-08 07:55,3
2026-06-08 08:00,3
2026-06-08 08:05,2
2026-06-08 08:10,2
2026-06-08 08:15,2
2026-06-08 08:20,4
2026-06-08 08:25,4
2026-06-08 08:30,4
2026-06-08 08:35,3
2026-06-08 08:40,3
2026-06-08 08:45,3
2026-06-08 08:50,3
2026-06-08 08:55,2
2026-06-08 09:00,1
2026-06-08 09:05,1
2026-06-08 09:10,1
2026-06-08 09:15,1
2026-06-08 09:20,1
2026-06-08 09:25,2
2026-06-08 09:30,2
2026-06-08 09:35,2
2026-06-08 09:40,2
2026-06-08 09:45,1
2026-06-08 09:50,1
2026-06-08 10:05,1
2026-06-08 10:10,1
2026-06-08 10:15,1
2026-06-08 10:20,1
2026-06-08 10:25,1
2026-06-08 10:30,2
2026-06-08 10:35,2
2026-06-08 10:40,2
2026-06-08 10:45,1
2026-06-08 10:50,1
2026-06-08 10:55,1
2026-06-08 11:00,1
2026-06-08 11:35,1
2026-06-08 11:40,1
2026-06-08 11:45,1
2026-06-08 11:50,1
2026-06-08 11:55,1
2026-06-08 12:00,1
2026-06-08 12:05,1
2026-06-08 12:10,1
2026-06-08 12:15,1
2026-06-08 12:20,1
2026-06-08 12:25,1
2026-06-08 12:30,1
2026-06-08 12:35,1
2026-06-08 12:40,1
2026-06-08 12:45,1
2026-06-08 12:50,1
2026-06-08 12:55,1
2026-06-08 13:00,1
2026-06-08 13:25,1
2026-06-08 13:30,1
2026-06-08 13:35,1
2026-06-08 13:40,1
2026-06-08 13:45,1
2026-06-08 13:50,1
2026-06-08 14:10,1
2026-06-08 14:15,1
2026-06-08 14:20,1
2026-06-08 14:25,2
2026-06-08 14:30,2
2026-06-08 14:35,2
2026-06-08 14:40,2
2026-06-08 14:45,2
2026-06-08 14:50,2
2026-06-08 14:55,2
2026-06-08 15:00,1
2026-06-08 15:05,1
2026-06-08 15:45,1
2026-06-08 15:50,1
2026-06-08 15:55,2
2026-06-08 16:00,2
2026-06-08 16:05,3
2026-06-08 16:10,3
2026-06-08 16:15,3
2026-06-08 16:20,3
2026-06-08 16:25,3
2026-06-08 16:30,2
2026-06-08 16:35,2
2026-06-08 16:40,1
2026-06-08 16:45,1
2026-06-08 17:55,1
2026-06-08 18:00,1
2026-06-08 18:05,1
2026-06-08 18:10,1
2026-06-08 18:15,1
2026-06-08 18:20,2
2026-06-08 18:25,2
2026-06-08 18:30,3
2026-06-08 18:35,3
2026-06-08 18:40,3
2026-06-08 18:45,3
2026-06-08 18:50,3
2026-06-08 18:55,2
2026-06-08 19:00,2
2026-06-08 19:05,1
2026-06-08 19:10,2
2026-06-08 19:15,2
2026-06-08 19:20,2
2026-06-08 19:25,1
2026-06-08 19:30,1
2026-06-08 19:35,1
2026-06-08 19:40,1
2026-06-08 19:45,1
2026-06-08 19:50,1
2026-06-08 20:00,1
2026-06-08 20:05,1
2026-06-08 20:10,1
2026-06-08 20:15,1
2026-06-08 20:20,1
2026-06-08 20:25,1
2026-06-08 20:30,2
2026-06-08 20:35,2
2026-06-08 20:40,3
2026-06-08 20:45,2
2026-06-08 20:50,3
2026-06-08 20:55,3
2026-06-08 21:00,3
2026-06-08 21:05,3
2026-06-08 21:10,3
2026-06-08 21:15,2
2026-06-08 21:20,2
2026-06-08 21:25,1
2026-06-08 21:30,1
2026-06-08 21:40,1
2026-06-08 21:45,1
2026-06-08 21:50,1
2026-06-08 21:55,1
2026-06-08 22:00,1
2026-06-08 22:05,2
2026-06-08 22:10,2
2026-06-08 22:15,2
2026-06-08 22:20,2
2026-06-08 22:25,2
2026-06-08 22:30,2
2026-06-08 22:35,2
2026-06-08 22:40,2
2026-06-08 22:45,2
2026-06-08 22:50,1
2026-06-08 22:55,1
2026-06-08 23:00,1
2026-06-09 07:30,1
2026-06-09 07:35,1
2026-06-09 07:40,2
2026-06-09 07:45,2
2026-06-09 07:50,3
2026-06-09 07:55,3
2026-06-09 08:00,3
2026-06-09 08:05,2
2026-06-09 08:10,2
2026-06-09 08:15,2
2026-06-09 08:20,3
2026-06-09 08:25,3
2026-06-09 08:30,3
2026-06-09 08:35,2
2026-06-09 08:40,2
2026-06-09 08:45,2
2026-06-09 08:50,2
2026-06-09 08:55,1
2026-06-09 09:25,1
2026-06-09 09:30,1
2026-06-09 09:35,1
2026-06-09 09:40,1
2026-06-09 10:05,1
2026-06-09 10:10,1
2026-06-09 10:15,1
2026-06-09 10:20,1
2026-06-09 10:25,1
2026-06-09 10:30,2
2026-06-09 10:35,2
2026-06-09 10:40,2
2026-06-09 10:45,1
2026-06-09 10:50,1
2026-06-09 10:55,1
2026-06-09 11:00,1
2026-06-09 11:35,1
2026-06-09 11:40,1
2026-06-09 11:45,1
2026-06-09 11:50,1
2026-06-09 11:55,1
2026-06-09 12:00,1
2026-06-09 12:05,1
2026-06-09 12:10,1
2026-06-09 12:15,1
2026-06-09 12:20,1
2026-06-09 12:25,1
2026-06-09 12:30,1
2026-06-09 12:35,1
2026-06-09 12:40,1
2026-06-09 12:45,1
2026-06-09 12:50,1
2026-06-09 12:55,1
2026-06-09 13:00,1
2026-06-09 13:20,1
2026-06-09 13:25,2
2026-06-09 13:30,2
2026-06-09 13:35,2
2026-06-09 13:40,2
2026-06-09 13:45,1
2026-06-09 13:50,1
2026-06-09 14:10,1
2026-06-09 14:15,1
2026-06-09 14:20,1
2026-06-09 14:25,2
2026-06-09 14:30,2
2026-06-09 14:35,2
2026-06-09 14:40,2
2026-06-09 14:45,2
2026-06-09 14:50,2
2026-06-09 14:55,2
2026-06-09 15:00,1
2026-06-09 15:05,1
2026-06-09 15:45,1
2026-06-09 15:50,1
2026-06-09 15:55,2
2026-06-09 16:00,2
2026-06-09 16:05,3
2026-06-09 16:10,3
2026-06-09 16:15,3
2026-06-09 16:20,3
2026-06-09 16:25,3
2026-06-09 16:30,2
2026-06-09 16:35,2
2026-06-09 16:40,1
2026-06-09 16:45,1
2026-06-09 17:55,1
2026-06-09 18:00,1
2026-06-09 18:05,1
2026-06-09 18:10,1
2026-06-09 18:15,1
2026-06-09 18:20,1
2026-06-09 18:25,1
2026-06-09 18:30,2
2026-06-09 18:35,2
2026-06-09 18:40,2
2026-06-09 18:45,2
2026-06-09 18:50,2
2026-06-09 18:55,2
2026-06-09 19:00,2
2026-06-09 19:05,1
2026-06-09 19:10,2
2026-06-09 19:15,2
2026-06-09 19:20,2
2026-06-09 19:25,1
2026-06-09 19:30,1
2026-06-09 19:35,1
2026-06-09 19:40,1
2026-06-09 19:45,1
2026-06-09 19:50,1
2026-06-09 20:00,1
2026-06-09 20:05,1
2026-06-09 20:10,1
2026-06-09 20:15,1
2026-06-09 20:20,1
2026-06-09 20:25,1
2026-06-09 20:30,2
2026-06-09 20:35,2
2026-06-09 20:40,3
2026-06-09 20:45,2
2026-06-09 20:50,3
2026-06-09 20:55,3
2026-06-09 21:00,3
2026-06-09 21:05,3
2026-06-09 21:10,3
2026-06-09 21:15,2
2026-06-09 21:20,2
2026-06-09 21:25,1
2026-06-09 21:30,1
2026-06-09 21:40,1
2026-06-09 21:45,1
2026-06-09 21:50,1
2026-06-09 21:55,1
2026-06-09 22:00,1
2026-06-09 22:05,2
2026-06-09 22:10,2
2026-06-09 22:15,1
2026-06-09 22:20,1
2026-06-09 22:25,1
2026-06-09 22:30,1
2026-06-09 22:35,1
2026-06-09 22:40,1
2026-06-09 22:45,1
2026-06-10 07:40,1
2026-06-10 07:45,1
2026-06-10 07:50,2
2026-06-10 07:55,2
2026-06-10 08:00,2
2026-06-10 08:05,2
2026-06-10 08:10,2
2026-06-10 08:15,2
2026-06-10 08:20,4
2026-06-10 08:25,4
2026-06-10 08:30,4
2026-06-10 08:35,3
2026-06-10 08:40,3
2026-06-10 08:45,3
2026-06-10 08:50,3
2026-06-10 08:55,2
2026-06-10 09:00,1
2026-06-10 09:05,1
2026-06-10 09:10,1
2026-06-10 09:15,1
2026-06-10 09:20,1
2026-06-10 09:25,2
2026-06-10 09:30,2
2026-06-10 09:35,2
2026-06-10 09:40,2
2026-06-10 09:45,1
2026-06-10 09:50,1
2026-06-10 10:05,1
2026-06-10 10:10,1
2026-06-10 10:15,1
2026-06-10 10:20,1
2026-06-10 10:25,1
2026-06-10 10:30,2
2026-06-10 10:35,2
2026-06-10 10:40,2
2026-06-10 10:45,1
2026-06-10 10:50,1
2026-06-10 10:55,1
2026-06-10 11:00,1
2026-06-10 11:35,1
2026-06-10 11:40,1
2026-06-10 11:45,1
2026-06-10 11:50,1
2026-06-10 11:55,1
2026-06-10 12:00,1
2026-06-10 12:05,1
2026-06-10 12:10,1
2026-06-10 12:15,1
2026-06-10 12:20,1
2026-06-10 12:25,1
2026-06-10 12:30,1
2026-06-10 12:35,1
2026-06-10 12:40,1
2026-06-10 12:45,1
2026-06-10 12:50,1
2026-06-10 12:55,1
2026-06-10 13:00,1
2026-06-10 13:25,1
2026-06-10 13:30,1
2026-06-10 13:35,1
2026-06-10 13:40,1
2026-06-10 13:45,1
2026-06-10 13:50,1
2026-06-10 14:10,1
2026-06-10 14:15,1
2026-06-10 14:20,1
2026-06-10 14:25,2
2026-06-10 14:30,2
2026-06-10 14:35,2
2026-06-10 14:40,2
2026-06-10 14:45,2
2026-06-10 14:50,2
2026-06-10 14:55,2
2026-06-10 15:00,1
2026-06-10 15:05,1
2026-06-10 15:45,1
2026-06-10 15:50,1
2026-06-10 15:55,2
2026-06-10 16:00,2
2026-06-10 16:05,3
2026-06-10 16:10,3
2026-06-10 16:15,3
2026-06-10 16:20,3
2026-06-10 16:25,3
2026-06-10 16:30,2
2026-06-10 16:35,2
2026-06-10 16:40,1
2026-06-10 16:45,1
2026-06-10 17:55,1
2026-06-10 18:00,1
2026-06-10 18:05,1
2026-06-10 18:10,1
2026-06-10 18:15,1
2026-06-10 18:20,2
2026-06-10 18:25,2
2026-06-10 18:30,3
2026-06-10 18:35,3
2026-06-10 18:40,3
2026-06-10 18:45,3
2026-06-10 18:50,3
2026-06-10 18:55,2
2026-06-10 19:00,2
2026-06-10 19:05,1
2026-06-10 19:10,2
2026-06-10 19:15,2
2026-06-10 19:20,2
2026-06-10 19:25,1
2026-06-10 19:30,1
2026-06-10 19:35,1
2026-06-10 19:40,1
2026-06-10 19:45,1
2026-06-10 19:50,1
2026-06-10 20:00,1
2026-06-10 20:05,1
2026-06-10 20:10,1
2026-06-10 20:15,1
2026-06-10 20:20,1
2026-06-10 20:25,1
2026-06-10 20:30,2
2026-06-10 20:35,2
2026-06-10 20:40,3
2026-06-10 20:45,2
2026-06-10 20:50,3
2026-06-10 20:55,3
2026-06-10 21:00,3
2026-06-10 21:05,3
2026-06-10 21:10,3
2026-06-10 21:15,2
2026-06-10 21:20,2
2026-06-10 21:25,1
2026-06-10 21:30,1
2026-06-10 21:40,1
2026-06-10 21:45,1
2026-06-10 21:50,1
2026-06-10 21:55,1
2026-06-10 22:00,1
2026-06-10 22:05,2
2026-06-10 22:10,2
2026-06-10 22:15,2
2026-06-10 22:20,2
2026-06-10 22:25,2
2026-06-10 22:30,2
2026-06-10 22:35,2
2026-06-10 22:40,2
2026-06-10 22:45,2
2026-06-10 22:50,1
2026-06-10 22:55,1
2026-06-10 23:00,1
2026-06-11 07:30,1
2026-06-11 07:35,1
2026-06-11 07:40,2
2026-06-11 07:45,2
2026-06-11 07:50,3
2026-06-11 07:55,3
2026-06-11 08:00,3
2026-06-11 08:05,2
2026-06-11 08:10,2
2026-06-11 08:15,2
2026-06-11 08:20,3
2026-06-11 08:25,3
2026-06-11 08:30,3
2026-06-11 08:35,2
2026-06-11 08:40,2
2026-06-11 08:45,2
2026-06-11 08:50,2
2026-06-11 08:55,1
2026-06-11 09:25,1
2026-06-11 09:30,1
2026-06-11 09:35,1
2026-06-11 09:40,1
2026-06-11 10:05,1
2026-06-11 10:10,1
2026-06-11 10:15,1
2026-06-11 10:20,1
2026-06-11 10:25,1
2026-06-11 10:30,2
2026-06-11 10:35,2
2026-06-11 10:40,2
2026-06-11 10:45,1
2026-06-11 10:50,1
2026-06-11 10:55,1
2026-06-11 11:00,1
2026-06-11 11:35,1
2026-06-11 11:40,1
2026-06-11 11:45,1
2026-06-11 11:50,1
2026-06-11 11:55,1
2026-06-11 12:00,1
2026-06-11 12:05,1
2026-06-11 12:10,1
2026-06-11 12:15,1
2026-06-11 12:20,1
2026-06-11 12:25,1
2026-06-11 12:30,1
2026-06-11 12:35,1
2026-06-11 12:40,1
2026-06-11 12:45,1
2026-06-11 12:50,1
2026-06-11 12:55,1
2026-06-11 13:00,1
2026-06-11 13:20,1
2026-06-11 13:25,2
2026-06-11 13:30,2
2026-06-11 13:35,2
2026-06-11 13:40,2
2026-06-11 13:45,1
2026-06-11 13:50,1
2026-06-11 14:10,1
2026-06-11 14:15,1
2026-06-11 14:20,1
2026-06-11 14:25,2
2026-06-11 14:30,2
2026-06-11 14:35,2
2026-06-11 14:40,2
2026-06-11 14:45,2
2026-06-11 14:50,2
2026-06-11 14:55,2
2026-06-11 15:00,1
2026-06-11 15:05,1
2026-06-11 15:45,1
2026-06-11 15:50,1
2026-06-11 15:55,2
2026-06-11 16:00,2
2026-06-11 16:05,3
2026-06-11 16:10,3
2026-06-11 16:15,3
2026-06-11 16:20,3
2026-06-11 16:25,3
2026-06-11 16:30,2
2026-06-11 16:35,2
2026-06-11 16:40,1
2026-06-11 16:45,1
2026-06-11 17:55,1
2026-06-11 18:00,1
2026-06-11 18:05,1
2026-06-11 18:10,1
2026-06-11 18:15,1
2026-06-11 18:20,1
2026-06-11 18:25,1
2026-06-11 18:30,2
2026-06-11 18:35,2
2026-06-11 18:40,2
2026-06-11 18:45,2
2026-06-11 18:50,2
2026-06-11 18:55,2
2026-06-11 19:00,2
2026-06-11 19:05,1
2026-06-11 19:10,2
2026-06-11 19:15,2
2026-06-11 19:20,2
2026-06-11 19:25,1
2026-06-11 19:30,1
2026-06-11 19:35,1
2026-06-11 19:40,1
2026-06-11 19:45,1
2026-06-11 19:50,1
2026-06-11 20:00,1
2026-06-11 20:05,1
2026-06-11 20:10,1
2026-06-11 20:15,1
2026-06-11 20:20,1
2026-06-11 20:25,1
2026-06-11 20:30,2
2026-06-11 20:35,2
2026-06-11 20:40,3
2026-06-11 20:45,2
2026-06-11 20:50,3
2026-06-11 20:55,3
2026-06-11 21:00,3
2026-06-11 21:05,3
2026-06-11 21:10,3
2026-06-11 21:15,2
2026-06-11 21:20,2
2026-06-11 21:25,1
2026-06-11 21:30,1
2026-06-11 21:40,1
2026-06-11 21:45,1
2026-06-11 21:50,1
2026-06-11 21:55,1
2026-06-11 22:00,1
2026-06-11 22:05,2
2026-06-11 22:10,2
2026-06-11 22:15,1
2026-06-11 22:20,1
2026-06-11 22:25,1
2026-06-11 22:30,1
2026-06-11 22:35,1
2026-06-11 22:40,1
2026-06-11 22:45,1
2026-06-12 07:40,1
2026-06-12 07:45,1
2026-06-12 07:50,2
2026-06-12 07:55,2
2026-06-12 08:00,2
2026-06-12 08:05,2
2026-06-12 08:10,2
2026-06-12 08:15,2
2026-06-12 08:20,4
2026-06-12 08:25,4
2026-06-12 08:30,4
2026-06-12 08:35,3
2026-06-12 08:40,3
2026-06-12 08:45,3
2026-06-12 08:50,3
2026-06-12 08:55,2
2026-06-12 09:00,1
2026-06-12 09:05,1
2026-06-12 09:10,1
2026-06-12 09:15,1
2026-06-12 09:20,1
2026-06-12 09:25,2
2026-06-12 09:30,2
2026-06-12 09:35,2
2026-06-12 09:40,2
2026-06-12 09:45,1
2026-06-12 09:50,1
2026-06-12 10:05,1
2026-06-12 10:10,1
2026-06-12 10:15,1
2026-06-12 10:20,1
2026-06-12 10:25,1
2026-06-12 10:30,2
2026-06-12 10:35,2
2026-06-12 10:40,2
2026-06-12 10:45,1
2026-06-12 10:50,1
2026-06-12 10:55,1
2026-06-12 11:00,1
2026-06-12 11:35,1
2026-06-12 11:40,1
2026-06-12 11:45,1
2026-06-12 11:50,1
2026-06-12 11:55,1
2026-06-12 12:00,1
2026-06-12 12:05,1
2026-06-12 12:10,1
2026-06-12 12:15,1
2026-06-12 12:20,1
2026-06-12 12:25,1
2026-06-12 12:30,1
2026-06-12 12:35,1
2026-06-12 12:40,1
2026-06-12 12:45,1
2026-06-12 12:50,1
2026-06-12 12:55,1
2026-06-12 13:00,1
2026-06-12 13:25,1
2026-06-12 13:30,1
2026-06-12 13:35,1
2026-06-12 13:40,1
2026-06-12 13:45,1
2026-06-12 13:50,1
2026-06-12 14:10,1
2026-06-12 14:15,1
2026-06-12 14:20,1
2026-06-12 14:25,2
2026-06-12 14:30,2
2026-06-12 14:35,2
2026-06-12 14:40,2
2026-06-12 14:45,2
2026-06-12 14:50,2
2026-06-12 14:55,2
2026-06-12 15:00,1
2026-06-12 15:05,1
2026-06-12 15:45,1
2026-06-12 15:50,1
2026-06-12 15:55,2
2026-06-12 16:00,2
2026-06-12 16:05,3
2026-06-12 16:10,3
2026-06-12 16:15,3
2026-06-12 16:20,3
2026-06-12 16:25,3
2026-06-12 16:30,2
2026-06-12 16:35,2
2026-06-12 16:40,1
2026-06-12 16:45,1
2026-06-12 17:55,1
2026-06-12 18:00,1
2026-06-12 18:05,1
2026-06-12 18:10,1
2026-06-12 18:15,1
2026-06-12 18:20,2
2026-06-12 18:25,2
2026-06-12 18:30,3
2026-06-12 18:35,3
2026-06-12 18:40,3
2026-06-12 18:45,3
2026-06-12 18:50,3
2026-06-12 18:55,2
2026-06-12 19:00,2
2026-06-12 19:05,1
2026-06-12 19:10,2
2026-06-12 19:15,2
2026-06-12 19:20,2
2026-06-12 19:25,1
2026-06-12 19:30,1
2026-06-12 19:35,1
2026-06-12 19:40,1
2026-06-12 19:45,1
2026-06-12 19:50,1
2026-06-12 20:00,1
2026-06-12 20:05,1
2026-06-12 20:10,1
2026-06-12 20:15,1
2026-06-12 20:20,1
2026-06-12 20:25,1
2026-06-12 20:30,2
2026-06-12 20:35,2
2026-06-12 20:40,3
2026-06-12 20:45,2
2026-06-12 20:50,3
2026-06-12 20:55,3
2026-06-12 21:00,3
2026-06-12 21:05,3
2026-06-12 21:10,3
2026-06-12 21:15,2
2026-06-12 21:20,2
2026-06-12 21:25,1
2026-06-12 21:30,1
2026-06-12 21:40,1
2026-06-12 21:45,1
2026-06-12 21:50,1
2026-06-12 21:55,1
2026-06-12 22:00,1
2026-06-12 22:05,2
2026-06-12 22:10,2
2026-06-12 22:15,2
2026-06-12 22:20,2
2026-06-12 22:25,2
2026-06-12 22:30,2
2026-06-12 22:35,2
2026-06-12 22:40,2
2026-06-12 22:45,2
2026-06-12 22:50,1
2026-06-12 22:55,1
2026-06-12 23:00,1
2026-06-13 07:30,1
2026-06-13 07:35,1
2026-06-13 07:40,2
2026-06-13 07:45,2
2026-06-13 07:50,3
2026-06-13 07:55,3
2026-06-13 08:00,3
2026-06-13 08:05,2
2026-06-13 08:10,2
2026-06-13 08:15,2
2026-06-13 08:20,3
2026-06-13 08:25,3
2026-06-13 08:30,3
2026-06-13 08:35,2
2026-06-13 08:40,2
2026-06-13 08:45,2
2026-06-13 08:50,2
2026-06-13 08:55,1
2026-06-13 09:25,1
2026-06-13 09:30,1
2026-06-13 09:35,1
2026-06-13 09:40,1
2026-06-13 10:05,1
2026-06-13 10:10,1
2026-06-13 10:15,1
2026-06-13 10:20,1
2026-06-13 10:25,1
2026-06-13 10:30,2
2026-06-13 10:35,2
2026-06-13 10:40,2
2026-06-13 10:45,1
2026-06-13 10:50,1
2026-06-13 10:55,1
2026-06-13 11:00,1
2026-06-13 11:35,1
2026-06-13 11:40,1
2026-06-13 11:45,1
2026-06-13 11:50,1
2026-06-13 11:55,1
2026-06-13 12:00,1
2026-06-13 12:05,1
2026-06-13 12:10,1
2026-06-13 12:15,1
2026-06-13 12:20,1
2026-06-13 12:25,1
2026-06-13 12:30,1
2026-06-13 12:35,1
2026-06-13 12:40,1
2026-06-13 12:45,1
2026-06-13 12:50,1
2026-06-13 12:55,1
2026-06-13 13:00,1
2026-06-13 13:20,1
2026-06-13 13:25,2
2026-06-13 13:30,2
2026-06-13 13:35,2
2026-06-13 13:40,2
2026-06-13 13:45,1
2026-06-13 13:50,1
2026-06-13 14:10,1
2026-06-13 14:15,1
2026-06-13 14:20,1
2026-06-13 14:25,2
2026-06-13 14:30,2
2026-06-13 14:35,2
2026-06-13 14:40,2
2026-06-13 14:45,2
2026-06-13 14:50,2
2026-06-13 14:55,2
2026-06-13 15:00,1
2026-06-13 15:05,1
2026-06-13 15:45,1
2026-06-13 15:50,1
2026-06-13 15:55,2
2026-06-13 16:00,2
2026-06-13 16:05,3
2026-06-13 16:10,3
2026-06-13 16:15,3
2026-06-13 16:20,3
2026-06-13 16:25,3
2026-06-13 16:30,2
2026-06-13 16:35,2
2026-06-13 16:40,1
2026-06-13 16:45,1
2026-06-13 17:55,1
2026-06-13 18:00,1
2026-06-13 18:05,1
2026-06-13 18:10,1
2026-06-13 18:15,1
2026-06-13 18:20,1
2026-06-13 18:25,1
2026-06-13 18:30,2
2026-06-13 18:35,2
2026-06-13 18:40,2
2026-06-13 18:45,2
2026-06-13 18:50,2
2026-06-13 18:55,2
2026-06-13 19:00,2
2026-06-13 19:05,1
2026-06-13 19:10,2
2026-06-13 19:15,2
2026-06-13 19:20,2
2026-06-13 19:25,1
2026-06-13 19:30,1
2026-06-13 19:35,1
2026-06-13 19:40,1
2026-06-13 19:45,1
2026-06-13 19:50,1
2026-06-13 20:00,1
2026-06-13 20:05,1
2026-06-13 20:10,1
2026-06-13 20:15,1
2026-06-13 20:20,1
2026-06-13 20:25,1
2026-06-13 20:30,2
2026-06-13 20:35,2
2026-06-13 20:40,3
2026-06-13 20:45,2
2026-06-13 20:50,3
2026-06-13 20:55,3
2026-06-13 21:00,3
2026-06-13 21:05,3
2026-06-13 21:10,3
2026-06-13 21:15,2
2026-06-13 21:20,2
2026-06-13 21:25,1
2026-06-13 21:30,1
2026-06-13 21:40,1
2026-06-13 21:45,1
2026-06-13 21:50,1
2026-06-13 21:55,1
2026-06-13 22:00,1
2026-06-13 22:05,2
2026-06-13 22:10,2
2026-06-13 22:15,2
2026-06-13 22:20,2
2026-06-13 22:25,2
2026-06-13 22:30,2
2026-06-13 22:35,2
2026-06-13 22:40,2
2026-06-13 22:45,2
2026-06-13 22:50,1
2026-06-13 22:55,1
2026-06-13 23:00,1
2026-06-14 07:40,1
2026-06-14 07:45,1
2026-06-14 07:50,2
2026-06-14 07:55,2
2026-06-14 08:00,2
2026-06-14 08:05,2
2026-06-14 08:10,2
2026-06-14 08:15,2
2026-06-14 08:20,4
2026-06-14 08:25,4
2026-06-14 08:30,4
2026-06-14 08:35,3
2026-06-14 08:40,3
2026-06-14 08:45,3
2026-06-14 08:50,3
2026-06-14 08:55,2
2026-06-14 09:00,1
2026-06-14 09:05,1
2026-06-14 09:10,1
2026-06-14 09:15,1
2026-06-14 09:20,1
2026-06-14 09:25,2
2026-06-14 09:30,2
2026-06-14 09:35,2
2026-06-14 09:40,2
2026-06-14 09:45,1
2026-06-14 09:50,1
2026-06-14 10:05,1
2026-06-14 10:10,1
2026-06-14 10:15,1
2026-06-14 10:20,1
2026-06-14 10:25,1
2026-06-14 10:30,2
2026-06-14 10:35,2
2026-06-14 10:40,2
2026-06-14 10:45,1
2026-06-14 10:50,1
2026-06-14 10:55,1
2026-06-14 11:00,1
2026-06-14 11:35,1
2026-06-14 11:40,1
2026-06-14 11:45,1
2026-06-14 11:50,1
2026-06-14 11:55,1
2026-06-14 12:00,1
2026-06-14 12:05,1
2026-06-14 12:10,1
2026-06-14 12:15,1
2026-06-14 12:20,1
2026-06-14 12:25,1
2026-06-14 12:30,1
2026-06-14 12:35,1
2026-06-14 12:40,1
2026-06-14 12:45,1
2026-06-14 12:50,1
2026-06-14 12:55,1
2026-06-14 13:00,1
2026-06-14 13:25,1
2026-06-14 13:30,1
2026-06-14 13:35,1
2026-06-14 13:40,1
2026-06-14 13:45,1
2026-06-14 13:50,1
2026-06-14 14:10,1
2026-06-14 14:15,1
2026-06-14 14:20,1
2026-06-14 14:25,2
2026-06-14 14:30,2
2026-06-14 14:35,2
2026-06-14 14:40,2
2026-06-14 14:45,2
2026-06-14 14:50,2
2026-06-14 14:55,2
2026-06-14 15:00,1
2026-06-14 15:05,1
2026-06-14 15:45,1
2026-06-14 15:50,1
2026-06-14 15:55,2
2026-06-14 16:00,2
2026-06-14 16:05,3
2026-06-14 16:10,3
2026-06-14 16:15,3
2026-06-14 16:20,3
2026-06-14 16:25,3
2026-06-14 16:30,2
2026-06-14 16:35,2
2026-06-14 16:40,1
2026-06-14 16:45,1
2026-06-14 17:55,1
2026-06-14 18:00,1
2026-06-14 18:05,1
2026-06-14 18:10,1
2026-06-14 18:15,1
2026-06-14 18:20,2
2026-06-14 18:25,2
2026-06-14 18:30,3
2026-06-14 18:35,3
2026-06-14 18:40,3
2026-06-14 18:45,3
2026-06-14 18:50,3
2026-06-14 18:55,2
2026-06-14 19:00,2
2026-06-14 19:05,1
2026-06-14 19:10,2
2026-06-14 19:15,2
2026-06-14 19:20,2
2026-06-14 19:25,1
2026-06-14 19:30,1
2026-06-14 19:35,1
2026-06-14 19:40,1
2026-06-14 19:45,1
2026-06-14 19:50,1
2026-06-14 20:00,1
2026-06-14 20:05,1
2026-06-14 20:10,1
2026-06-14 20:15,1
2026-06-14 20:20,1
2026-06-14 20:25,1
2026-06-14 20:30,2
2026-06-14 20:35,2
2026-06-14 20:40,3
2026-06-14 20:45,2
2026-06-14 20:50,3
2026-06-14 20:55,3
2026-06-14 21:00,3
2026-06-14 21:05,3
2026-06-14 21:10,3
2026-06-14 21:15,2
2026-06-14 21:20,2
2026-06-14 21:25,1
2026-06-14 21:30,1
2026-06-14 21:40,1
2026-06-14 21:45,1
2026-06-14 21:50,1
2026-06-14 21:55,1
2026-06-14 22:00,1
2026-06-14 22:05,2
2026-06-14 22:10,2
2026-06-14 22:15,1
2026-06-14 22:20,1
2026-06-14 22:25,1
2026-06-14 22:30,1
2026-06-14 22:35,1
2026-06-14 22:40,1
2026-06-14 22:45,1
2026-06-15 07:30,1
2026-06-15 07:35,1
2026-06-15 07:40,2
2026-06-15 07:45,2
2026-06-15 07:50,3
2026-06-15 07:55,3
2026-06-15 08:00,3
2026-06-15 08:05,2
2026-06-15 08:10,2
2026-06-15 08:15,2
2026-06-15 08:20,4
2026-06-15 08:25,4
2026-06-15 08:30,4
2026-06-15 08:35,3
2026-06-15 08:40,3
2026-06-15 08:45,3
2026-06-15 08:50,3
2026-06-15 08:55,2
2026-06-15 09:00,1
2026-06-15 09:05,1
2026-06-15 09:10,1
2026-06-15 09:15,1
2026-06-15 09:20,1
2026-06-15 09:25,2
2026-06-15 09:30,2
2026-06-15 09:35,2
2026-06-15 09:40,2
2026-06-15 09:45,1
2026-06-15 09:50,1
2026-06-15 10:05,1
2026-06-15 10:10,1
2026-06-15 10:15,1
2026-06-15 10:20,1
2026-06-15 10:25,1
2026-06-15 10:30,2
2026-06-15 10:35,2
2026-06-15 10:40,2
2026-06-15 10:45,1
2026-06-15 10:50,1
2026-06-15 10:55,1
2026-06-15 11:00,1
2026-06-15 11:35,1
2026-06-15 11:40,1
2026-06-15 11:45,1
2026-06-15 11:50,1
2026-06-15 11:55,1
2026-06-15 12:00,1
2026-06-15 12:05,1
2026-06-15 12:10,1
2026-06-15 12:15,1
2026-06-15 12:20,1
2026-06-15 12:25,1
2026-06-15 12:30,1
2026-06-15 12:35,1
2026-06-15 12:40,1
2026-06-15 12:45,1
2026-06-15 12:50,1
2026-06-15 12:55,1
2026-06-15 13:00,1
2026-06-15 13:25,1
2026-06-15 13:30,1
2026-06-15 13:35,1
2026-06-15 13:40,1
2026-06-15 13:45,1
2026-06-15 13:50,1
2026-06-15 14:10,1
2026-06-15 14:15,1
2026-06-15 14:20,1
2026-06-15 14:25,2
2026-06-15 14:30,2
2026-06-15 14:35,2
2026-06-15 14:40,2
2026-06-15 14:45,2
2026-06-15 14:50,2
2026-06-15 14:55,2
2026-06-15 15:00,1
2026-06-15 15:05,1
2026-06-15 15:45,1
2026-06-15 15:50,1
2026-06-15 15:55,2
2026-06-15 16:00,2
2026-06-15 16:05,3
2026-06-15 16:10,3
2026-06-15 16:15,3
2026-06-15 16:20,3
2026-06-15 16:25,3
2026-06-15 16:30,2
2026-06-15 16:35,2
2026-06-15 16:40,1
2026-06-15 16:45,1
2026-06-15 17:55,1
2026-06-15 18:00,1
2026-06-15 18:05,1
2026-06-15 18:10,1
2026-06-15 18:15,1
2026-06-15 18:20,2
2026-06-15 18:25,2
2026-06-15 18:30,3
2026-06-15 18:35,3
2026-06-15 18:40,3
2026-06-15 18:45,3
2026-06-15 18:50,3
2026-06-15 18:55,2
2026-06-15 19:00,2
2026-06-15 19:05,1
2026-06-15 19:10,2
2026-06-15 19:15,2
2026-06-15 19:20,2
2026-06-15 19:25,1
2026-06-15 19:30,1
2026-06-15 19:35,1
2026-06-15 19:40,1
2026-06-15 19:45,1
2026-06-15 19:50,1
2026-06-15 20:00,1
2026-06-15 20:05,1
2026-06-15 20:10,1
2026-06-15 20:15,1
2026-06-15 20:20,1
2026-06-15 20:25,1
2026-06-15 20:30,2
2026-06-15 20:35,2
2026-06-15 20:40,3
2026-06-15 20:45,2
2026-06-15 20:50,3
2026-06-15 20:55,3
2026-06-15 21:00,3
2026-06-15 21:05,3
2026-06-15 21:10,3
2026-06-15 21:15,2
2026-06-15 21:20,2
2026-06-15 21:25,1
2026-06-15 21:30,1
2026-06-15 21:40,1
2026-06-15 21:45,1
2026-06-15 21:50,1
2026-06-15 21:55,1
2026-06-15 22:00,1
2026-06-15 22:05,2
2026-06-15 22:10,2
2026-06-15 22:15,2
2026-06-15 22:20,2
2026-06-15 22:25,2
2026-06-15 22:30,2
2026-06-15 22:35,2
2026-06-15 22:40,2
2026-06-15 22:45,2
2026-06-15 22:50,1
2026-06-15 22:55,1
2026-06-15 23:00,1
2026-06-16 07:30,1
2026-06-16 07:35,1
2026-06-16 07:40,2
2026-06-16 07:45,2
2026-06-16 07:50,3
2026-06-16 07:55,3
2026-06-16 08:00,3
2026-06-16 08:05,2
2026-06-16 08:10,2
2026-06-16 08:15,2
2026-06-16 08:20,3
2026-06-16 08:25,3
2026-06-16 08:30,3
2026-06-16 08:35,2
2026-06-16 08:40,2
2026-06-16 08:45,2
2026-06-16 08:50,2
2026-06-16 08:55,1
2026-06-16 09:25,1
2026-06-16 09:30,1
2026-06-16 09:35,1
2026-06-16 09:40,1
2026-06-16 10:05,1
2026-06-16 10:10,1
2026-06-16 10:15,1
2026-06-16 10:20,1
2026-06-16 10:25,1
2026-06-16 10:30,2
2026-06-16 10:35,2
2026-06-16 10:40,2
2026-06-16 10:45,1
2026-06-16 10:50,1
2026-06-16 10:55,1
2026-06-16 11:00,1
2026-06-16 11:35,1
2026-06-16 11:40,1
2026-06-16 11:45,1
2026-06-16 11:50,1
2026-06-16 11:55,1
2026-06-16 12:00,1
2026-06-16 12:05,1
2026-06-16 12:10,1
2026-06-16 12:15,1
2026-06-16 12:20,1
2026-06-16 12:25,1
2026-06-16 12:30,1
2026-06-16 12:35,1
2026-06-16 12:40,1
2026-06-16 12:45,1
2026-06-16 12:50,1
2026-06-16 12:55,1
2026-06-16 13:00,1
2026-06-16 13:20,1
2026-06-16 13:25,2
2026-06-16 13:30,2
2026-06-16 13:35,2
2026-06-16 13:40,2
2026-06-16 13:45,1
2026-06-16 13:50,1
2026-06-16 14:10,1
2026-06-16 14:15,1
2026-06-16 14:20,1
2026-06-16 14:25,2
2026-06-16 14:30,2
2026-06-16 14:35,2
2026-06-16 14:40,2
2026-06-16 14:45,2
2026-06-16 14:50,2
2026-06-16 14:55,2
2026-06-16 15:00,1
2026-06-16 15:05,1
2026-06-16 15:45,1
2026-06-16 15:50,1
2026-06-16 15:55,2
2026-06-16 16:00,2
2026-06-16 16:05,3
2026-06-16 16:10,3
2026-06-16 16:15,3
2026-06-16 16:20,3
2026-06-16 16:25,3
2026-06-16 16:30,2
2026-06-16 16:35,2
2026-06-16 16:40,1
2026-06-16 16:45,1
2026-06-16 17:55,1
2026-06-16 18:00,1
2026-06-16 18:05,1
2026-06-16 18:10,1
2026-06-16 18:15,1
2026-06-16 18:20,1
2026-06-16 18:25,1
2026-06-16 18:30,2
2026-06-16 18:35,2
2026-06-16 18:40,2
2026-06-16 18:45,2
2026-06-16 18:50,2
2026-06-16 18:55,2
2026-06-16 19:00,2
2026-06-16 19:05,1
2026-06-16 19:10,2
2026-06-16 19:15,2
2026-06-16 19:20,2
2026-06-16 19:25,1
2026-06-16 19:30,1
2026-06-16 19:35,1
2026-06-16 19:40,1
2026-06-16 19:45,1
2026-06-16 19:50,1
2026-06-16 20:00,1
2026-06-16 20:05,1
2026-06-16 20:10,1
2026-06-16 20:15,1
2026-06-16 20:20,1
2026-06-16 20:25,1
2026-06-16 20:30,2
2026-06-16 20:35,2
2026-06-16 20:40,3
2026-06-16 20:45,2
2026-06-16 20:50,3
2026-06-16 20:55,3
2026-06-16 21:00,3
2026-06-16 21:05,3
2026-06-16 21:10,3
2026-06-16 21:15,2
2026-06-16 21:20,2
2026-06-16 21:25,1
2026-06-16 21:30,1
2026-06-16 21:40,1
2026-06-16 21:45,1
2026-06-16 21:50,1
2026-06-16 21:55,1
2026-06-16 22:00,1
2026-06-16 22:05,2
2026-06-16 22:10,2
2026-06-16 22:15,1
2026-06-16 22:20,1
2026-06-16 22:25,1
2026-06-16 22:30,1
2026-06-16 22:35,1
2026-06-16 22:40,1
2026-06-16 22:45,1
2026-06-17 07:40,1
2026-06-17 07:45,1
2026-06-17 07:50,2
2026-06-17 07:55,2
2026-06-17 08:00,2
2026-06-17 08:05,2
2026-06-17 08:10,2
2026-06-17 08:15,2
2026-06-17 08:20,4
2026-06-17 08:25,4
2026-06-17 08:30,4
2026-06-17 08:35,3
2026-06-17 08:40,3
2026-06-17 08:45,3
2026-06-17 08:50,3
2026-06-17 08:55,2
2026-06-17 09:00,1
2026-06-17 09:05,1
2026-06-17 09:10,1
2026-06-17 09:15,1
2026-06-17 09:20,1
2026-06-17 09:25,2
2026-06-17 09:30,2
2026-06-17 09:35,2
2026-06-17 09:40,2
2026-06-17 09:45,1
2026-06-17 09:50,1
2026-06-17 10:05,1
2026-06-17 10:10,1
2026-06-17 10:15,1
2026-06-17 10:20,1
2026-06-17 10:25,1
2026-06-17 10:30,2
2026-06-17 10:35,2
2026-06-17 10:40,2
2026-06-17 10:45,1
2026-06-17 10:50,1
2026-06-17 10:55,1
2026-06-17 11:00,1
2026-06-17 11:35,1
2026-06-17 11:40,1
2026-06-17 11:45,1
2026-06-17 11:50,1
2026-06-17 11:55,1
2026-06-17 12:00,1
2026-06-17 12:05,1
2026-06-17 12:10,1
2026-06-17 12:15,1
2026-06-17 12:20,1
2026-06-17 12:25,1
2026-06-17 12:30,1
2026-06-17 12:35,1
2026-06-17 12:40,1
2026-06-17 12:45,1
2026-06-17 12:50,1
2026-06-17 12:55,1
2026-06-17 13:00,1
2026-06-17 13:25,1
2026-06-17 13:30,1
2026-06-17 13:35,1
2026-06-17 13:40,1
2026-06-17 13:45,1
2026-06-17 13:50,1
2026-06-17 14:10,1
2026-06-17 14:15,1
2026-06-17 14:20,1
2026-06-17 14:25,2
2026-06-17 14:30,2
2026-06-17 14:35,2
2026-06-17 14:40,2
2026-06-17 14:45,2
2026-06-17 14:50,2
2026-06-17 14:55,2
2026-06-17 15:00,1
2026-06-17 15:05,1
2026-06-17 15:45,1
2026-06-17 15:50,1
2026-06-17 15:55,2
2026-06-17 16:00,2
2026-06-17 16:05,3
2026-06-17 16:10,3
2026-06-17 16:15,3
2026-06-17 16:20,3
2026-06-17 16:25,3
2026-06-17 16:30,2
2026-06-17 16:35,2
2026-06-17 16:40,1
2026-06-17 16:45,1
2026-06-17 17:55,1
2026-06-17 18:00,1
2026-06-17 18:05,1
2026-06-17 18:10,1
2026-06-17 18:15,1
2026-06-17 18:20,2
2026-06-17 18:25,2
2026-06-17 18:30,3
2026-06-17 18:35,3
2026-06-17 18:40,3
2026-06-17 18:45,3
2026-06-17 18:50,3
2026-06-17 18:55,2
2026-06-17 19:00,2
2026-06-17 19:05,1
2026-06-17 19:10,2
2026-06-17 19:15,2
2026-06-17 19:20,2
2026-06-17 19:25,1
2026-06-17 19:30,1
2026-06-17 19:35,1
2026-06-17 19:40,1
2026-06-17 19:45,1
2026-06-17 19:50,1
2026-06-17 20:00,1
2026-06-17 20:05,1
2026-06-17 20:10,1
2026-06-17 20:15,1
2026-06-17 20:20,1
2026-06-17 20:25,1
2026-06-17 20:30,2
2026-06-17 20:35,2
2026-06-17 20:40,3
2026-06-17 20:45,2
2026-06-17 20:50,3
2026-06-17 20:55,3
2026-06-17 21:00,3
2026-06-17 21:05,3
2026-06-17 21:10,3
2026-06-17 21:15,2
2026-06-17 21:20,2
2026-06-17 21:25,1
2026-06-17 21:30,1
2026-06-17 21:40,1
2026-06-17 21:45,1
2026-06-17 21:50,1
2026-06-17 21:55,1
2026-06-17 22:00,1
2026-06-17 22:05,2
2026-06-17 22:10,2
2026-06-17 22:15,2
2026-06-17 22:20,2
2026-06-17 22:25,2
2026-06-17 22:30,2
2026-06-17 22:35,2
2026-06-17 22:40,2
2026-06-17 22:45,2
2026-06-17 22:50,1
2026-06-17 22:55,1
2026-06-17 23:00,1
2026-06-18 07:30,1
2026-06-18 07:35,1
2026-06-18 07:40,2
2026-06-18 07:45,2
2026-06-18 07:50,3
2026-06-18 07:55,3
2026-06-18 08:00,3
2026-06-18 08:05,2
2026-06-18 08:10,2
2026-06-18 08:15,2
2026-06-18 08:20,3
2026-06-18 08:25,3
2026-06-18 08:30,3
2026-06-18 08:35,2
2026-06-18 08:40,2
2026-06-18 08:45,2
2026-06-18 08:50,2
2026-06-18 08:55,1
2026-06-18 09:25,1
2026-06-18 09:30,1
2026-06-18 09:35,1
2026-06-18 09:40,1
2026-06-18 10:05,1
2026-06-18 10:10,1
2026-06-18 10:15,1
2026-06-18 10:20,1
2026-06-18 10:25,1
2026-06-18 10:30,2
2026-06-18 10:35,2
2026-06-18 10:40,2
2026-06-18 10:45,1
2026-06-18 10:50,1
2026-06-18 10:55,1
2026-06-18 11:00,1
2026-06-18 11:35,1
2026-06-18 11:40,1
2026-06-18 11:45,1
2026-06-18 11:50,1
2026-06-18 11:55,1
2026-06-18 12:00,1
2026-06-18 12:05,1
2026-06-18 12:10,1
2026-06-18 12:15,1
2026-06-18 12:20,1
2026-06-18 12:25,1
2026-06-18 12:30,1
2026-06-18 12:35,1
2026-06-18 12:40,1
2026-06-18 12:45,1
2026-06-18 12:50,1
2026-06-18 12:55,1
2026-06-18 13:00,1
2026-06-18 13:20,1
2026-06-18 13:25,2
2026-06-18 13:30,2
2026-06-18 13:35,2
2026-06-18 13:40,2
2026-06-18 13:45,1
2026-06-18 13:50,1
2026-06-18 14:10,1
2026-06-18 14:15,1
2026-06-18 14:20,1
2026-06-18 14:25,2
2026-06-18 14:30,2
2026-06-18 14:35,2
2026-06-18 14:40,2
2026-06-18 14:45,2
2026-06-18 14:50,2
2026-06-18 14:55,2
2026-06-18 15:00,1
2026-06-18 15:05,1
2026-06-18 15:45,1
2026-06-18 15:50,1
2026-06-18 15:55,2
2026-06-18 16:00,2
2026-06-18 16:05,3
2026-06-18 16:10,3
2026-06-18 16:15,3
2026-06-18 16:20,3
2026-06-18 16:25,3
2026-06-18 16:30,2
2026-06-18 16:35,2
2026-06-18 16:40,1
2026-06-18 16:45,1
2026-06-18 17:55,1
2026-06-18 18:00,1
2026-06-18 18:05,1
2026-06-18 18:10,1
2026-06-18 18:15,1
2026-06-18 18:20,1
2026-06-18 18:25,1
2026-06-18 18:30,2
2026-06-18 18:35,2
2026-06-18 18:40,2
2026-06-18 18:45,2
2026-06-18 18:50,2
2026-06-18 18:55,2
2026-06-18 19:00,2
2026-06-18 19:05,1
2026-06-18 19:10,2
2026-06-18 19:15,2
2026-06-18 19:20,2
2026-06-18 19:25,1
2026-06-18 19:30,1
2026-06-18 19:35,1
2026-06-18 19:40,1
2026-06-18 19:45,1
2026-06-18 19:50,1
2026-06-18 20:00,1
2026-06-18 20:05,1
2026-06-18 20:10,1
2026-06-18 20:15,1
2026-06-18 20:20,1
2026-06-18 20:25,1
2026-06-18 20:30,2
2026-06-18 20:35,2
2026-06-18 20:40,3
2026-06-18 20:45,2
2026-06-18 20:50,3
2026-06-18 20:55,3
2026-06-18 21:00,3
2026-06-18 21:05,3
2026-06-18 21:10,3
2026-06-18 21:15,2
2026-06-18 21:20,2
2026-06-18 21:25,1
2026-06-18 21:30,1
2026-06-18 21:40,1
2026-06-18 21:45,1
2026-06-18 21:50,1
2026-06-18 21:55,1
2026-06-18 22:00,1
2026-06-18 22:05,2
2026-06-18 22:10,2
2026-06-18 22:15,1
2026-06-18 22:20,1
2026-06-18 22:25,1
2026-06-18 22:30,1
2026-06-18 22:35,1
2026-06-18 22:40,1
2026-06-18 22:45,1
2026-06-19 07:40,1
2026-06-19 07:45,1
2026-06-19 07:50,2
2026-06-19 07:55,2
2026-06-19 08:00,2
2026-06-19 08:05,2
2026-06-19 08:10,2
2026-06-19 08:15,2
2026-06-19 08:20,4
2026-06-19 08:25,4
2026-06-19 08:30,4
2026-06-19 08:35,3
2026-06-19 08:40,3
2026-06-19 08:45,3
2026-06-19 08:50,3
2026-06-19 08:55,2
2026-06-19 09:00,1
2026-06-19 09:05,1
2026-06-19 09:10,1
2026-06-19 09:15,1
2026-06-19 09:20,1
2026-06-19 09:25,2
2026-06-19 09:30,2
2026-06-19 09:35,2
2026-06-19 09:40,2
2026-06-19 09:45,1
2026-06-19 09:50,1
2026-06-19 10:05,1
2026-06-19 10:10,1
2026-06-19 10:15,1
2026-06-19 10:20,1
2026-06-19 10:25,1
2026-06-19 10:30,2
2026-06-19 10:35,2
2026-06-19 10:40,2
2026-06-19 10:45,1
2026-06-19 10:50,1
2026-06-19 10:55,1
2026-06-19 11:00,1
2026-06-19 11:35,1
2026-06-19 11:40,1
2026-06-19 11:45,1
2026-06-19 11:50,1
2026-06-19 11:55,1
2026-06-19 12:00,1
2026-06-19 12:05,1
2026-06-19 12:10,1
2026-06-19 12:15,1
2026-06-19 12:20,1
2026-06-19 12:25,1
2026-06-19 12:30,1
2026-06-19 12:35,1
2026-06-19 12:40,1
2026-06-19 12:45,1
2026-06-19 12:50,1
2026-06-19 12:55,1
2026-06-19 13:00,1
2026-06-19 13:25,1
2026-06-19 13:30,1
2026-06-19 13:35,1
2026-06-19 13:40,1
2026-06-19 13:45,1
2026-06-19 13:50,1
2026-06-19 14:10,1
2026-06-19 14:15,1
2026-06-19 14:20,1
2026-06-19 14:25,2
2026-06-19 14:30,2
2026-06-19 14:35,2
2026-06-19 14:40,2
2026-06-19 14:45,2
2026-06-19 14:50,2
2026-06-19 14:55,2
2026-06-19 15:00,1
2026-06-19 15:05,1
2026-06-19 15:45,1
2026-06-19 15:50,1
2026-06-19 15:55,2
2026-06-19 16:00,2
2026-06-19 16:05,3
2026-06-19 16:10,3
2026-06-19 16:15,3
2026-06-19 16:20,3
2026-06-19 16:25,3
2026-06-19 16:30,2
2026-06-19 16:35,2
2026-06-19 16:40,1
2026-06-19 16:45,1
2026-06-19 17:55,1
2026-06-19 18:00,1
2026-06-19 18:05,1
2026-06-19 18:10,1
2026-06-19 18:15,1
2026-06-19 18:20,2
2026-06-19 18:25,2
2026-06-19 18:30,3
2026-06-19 18:35,3
2026-06-19 18:40,3
2026-06-19 18:45,3
2026-06-19 18:50,3
2026-06-19 18:55,2
2026-06-19 19:00,2
2026-06-19 19:05,1
2026-06-19 19:10,2
2026-06-19 19:15,2
2026-06-19 19:20,2
2026-06-19 19:25,1
2026-06-19 19:30,1
2026-06-19 19:35,1
2026-06-19 19:40,1
2026-06-19 19:45,1
2026-06-19 19:50,1
2026-06-19 20:00,1
2026-06-19 20:05,1
2026-06-19 20:10,1
2026-06-19 20:15,1
2026-06-19 20:20,1
2026-06-19 20:25,1
2026-06-19 20:30,2
2026-06-19 20:35,2
2026-06-19 20:40,3
2026-06-19 20:45,2
2026-06-19 20:50,3
2026-06-19 20:55,3
2026-06-19 21:00,3
2026-06-19 21:05,3
2026-06-19 21:10,3
2026-06-19 21:15,2
2026-06-19 21:20,2
2026-06-19 21:25,1
2026-06-19 21:30,1
2026-06-19 21:40,1
2026-06-19 21:45,1
2026-06-19 21:50,1
2026-06-19 21:55,1
2026-06-19 22:00,1
2026-06-19 22:05,2
2026-06-19 22:10,2
2026-06-19 22:15,2
2026-06-19 22:20,2
2026-06-19 22:25,2
2026-06-19 22:30,2
2026-06-19 22:35,2
2026-06-19 22:40,2
2026-06-19 22:45,2
2026-06-19 22:50,1
2026-06-19 22:55,1
2026-06-19 23:00,1
2026-06-20 07:30,1
2026-06-20 07:35,1
2026-06-20 07:40,2
2026-06-20 07:45,2
2026-06-20 07:50,3
2026-06-20 07:55,3
2026-06-20 08:00,3
2026-06-20 08:05,2
2026-06-20 08:10,2
2026-06-20 08:15,2
2026-06-20 08:20,3
2026-06-20 08:25,3
2026-06-20 08:30,3
2026-06-20 08:35,2
2026-06-20 08:40,2
2026-06-20 08:45,2
2026-06-20 08:50,2
2026-06-20 08:55,1
2026-06-20 09:25,1
2026-06-20 09:30,1
2026-06-20 09:35,1
2026-06-20 09:40,1
2026-06-20 10:05,1
2026-06-20 10:10,1
2026-06-20 10:15,1
2026-06-20 10:20,1
2026-06-20 10:25,1
2026-06-20 10:30,2
2026-06-20 10:35,2
2026-06-20 10:40,2
2026-06-20 10:45,1
2026-06-20 10:50,1
2026-06-20 10:55,1
2026-06-20 11:00,1
2026-06-20 11:35,1
2026-06-20 11:40,1
2026-06-20 11:45,1
2026-06-20 11:50,1
2026-06-20 11:55,1
2026-06-20 12:00,1
2026-06-20 12:05,1
2026-06-20 12:10,1
2026-06-20 12:15,1
2026-06-20 12:20,1
2026-06-20 12:25,1
2026-06-20 12:30,1
2026-06-20 12:35,1
2026-06-20 12:40,1
2026-06-20 12:45,1
2026-06-20 12:50,1
2026-06-20 12:55,1
2026-06-20 13:00,1
2026-06-20 13:20,1
2026-06-20 13:25,2
2026-06-20 13:30,2
2026-06-20 13:35,2
2026-06-20 13:40,2
2026-06-20 13:45,1
2026-06-20 13:50,1
2026-06-20 14:10,1
2026-06-20 14:15,1
2026-06-20 14:20,1
2026-06-20 14:25,2
2026-06-20 14:30,2
2026-06-20 14:35,2
2026-06-20 14:40,2
2026-06-20 14:45,2
2026-06-20 14:50,2
2026-06-20 14:55,2
2026-06-20 15:00,1
2026-06-20 15:05,1
2026-06-20 15:45,1
2026-06-20 15:50,1
2026-06-20 15:55,2
2026-06-20 16:00,2
2026-06-20 16:05,3
2026-06-20 16:10,3
2026-06-20 16:15,3
2026-06-20 16:20,3
2026-06-20 16:25,3
2026-06-20 16:30,2
2026-06-20 16:35,2
2026-06-20 16:40,1
2026-06-20 16:45,1
2026-06-20 17:55,1
2026-06-20 18:00,1
2026-06-20 18:05,1
2026-06-20 18:10,1
2026-06-20 18:15,1
2026-06-20 18:20,1
2026-06-20 18:25,1
2026-06-20 18:30,2
2026-06-20 18:35,2
2026-06-20 18:40,2
2026-06-20 18:45,2
2026-06-20 18:50,2
2026-06-20 18:55,2
2026-06-20 19:00,2
2026-06-20 19:05,1
2026-06-20 19:10,2
2026-06-20 19:15,2
2026-06-20 19:20,2
2026-06-20 19:25,1
2026-06-20 19:30,1
2026-06-20 19:35,1
2026-06-20 19:40,1
2026-06-20 19:45,1
2026-06-20 19:50,1
2026-06-20 20:00,1
2026-06-20 20:05,1
2026-06-20 20:10,1
2026-06-20 20:15,1
2026-06-20 20:20,1
2026-06-20 20:25,1
2026-06-20 20:30,2
2026-06-20 20:35,2
2026-06-20 20:40,3
2026-06-20 20:45,2
2026-06-20 20:50,3
2026-06-20 20:55,3
2026-06-20 21:00,3
2026-06-20 21:05,3
2026-06-20 21:10,3
2026-06-20 21:15,2
2026-06-20 21:20,2
2026-06-20 21:25,1
2026-06-20 21:30,1
2026-06-20 21:40,1
2026-06-20 21:45,1
2026-06-20 21:50,1
2026-06-20 21:55,1
2026-06-20 22:00,1
2026-06-20 22:05,2
2026-06-20 22:10,2
2026-06-20 22:15,2
2026-06-20 22:20,2
2026-06-20 22:25,2
2026-06-20 22:30,2
2026-06-20 22:35,2
2026-06-20 22:40,2
2026-06-20 22:45,2
2026-06-20 22:50,1
2026-06-20 22:55,1
2026-06-20 23:00,1
2026-06-21 07:40,1
2026-06-21 07:45,1
2026-06-21 07:50,2
2026-06-21 07:55,2
2026-06-21 08:00,2
2026-06-21 08:05,2
2026-06-21 08:10,2
2026-06-21 08:15,2
2026-06-21 08:20,4
2026-06-21 08:25,4
2026-06-21 08:30,4
2026-06-21 08:35,3
2026-06-21 08:40,3
2026-06-21 08:45,3
2026-06-21 08:50,3
2026-06-21 08:55,2
2026-06-21 09:00,1
2026-06-21 09:05,1
2026-06-21 09:10,1
2026-06-21 09:15,1
2026-06-21 09:20,1
2026-06-21 09:25,2
2026-06-21 09:30,2
2026-06-21 09:35,2
2026-06-21 09:40,2
2026-06-21 09:45,1
2026-06-21 09:50,1
2026-06-21 10:05,1
2026-06-21 10:10,1
2026-06-21 10:15,1
2026-06-21 10:20,1
2026-06-21 10:25,1
2026-06-21 10:30,2
2026-06-21 10:35,2
2026-06-21 10:40,2
2026-06-21 10:45,1
2026-06-21 10:50,1
2026-06-21 10:55,1
2026-06-21 11:00,1
2026-06-21 11:35,1
2026-06-21 11:40,1
2026-06-21 11:45,1
2026-06-21 11:50,1
2026-06-21 11:55,1
2026-06-21 12:00,1
2026-06-21 12:05,1
2026-06-21 12:10,1
2026-06-21 12:15,1
2026-06-21 12:20,1
2026-06-21 12:25,1
2026-06-21 12:30,1
2026-06-21 12:35,1
2026-06-21 12:40,1
2026-06-21 12:45,1
2026-06-21 12:50,1
2026-06-21 12:55,1
2026-06-21 13:00,1
2026-06-21 13:25,1
2026-06-21 13:30,1
2026-06-21 13:35,1
2026-06-21 13:40,1
2026-06-21 13:45,1
2026-06-21 13:50,1
2026-06-21 14:10,1
2026-06-21 14:15,1
2026-06-21 14:20,1
2026-06-21 14:25,2
2026-06-21 14:30,2
2026-06-21 14:35,2
2026-06-21 14:40,2
2026-06-21 14:45,2
2026-06-21 14:50,2
2026-06-21 14:55,2
2026-06-21 15:00,1
2026-06-21 15:05,1
2026-06-21 15:45,1
2026-06-21 15:50,1
2026-06-21 15:55,2
2026-06-21 16:00,2
2026-06-21 16:05,3
2026-06-21 16:10,3
2026-06-21 16:15,3
2026-06-21 16:20,3
2026-06-21 16:25,3
2026-06-21 16:30,2
2026-06-21 16:35,2
2026-06-21 16:40,1
2026-06-21 16:45,1
2026-06-21 17:55,1
2026-06-21 18:00,1
2026-06-21 18:05,1
2026-06-21 18:10,1
2026-06-21 18:15,1
2026-06-21 18:20,2
2026-06-21 18:25,2
2026-06-21 18:30,3
2026-06-21 18:35,3
2026-06-21 18:40,3
2026-06-21 18:45,3
2026-06-21 18:50,3
2026-06-21 18:55,2
2026-06-21 19:00,2
2026-06-21 19:05,1
2026-06-21 19:10,2
2026-06-21 19:15,2
2026-06-21 19:20,2
2026-06-21 19:25,1
2026-06-21 19:30,1
2026-06-21 19:35,1
2026-06-21 19:40,1
2026-06-21 19:45,1
2026-06-21 19:50,1
2026-06-21 20:00,1
2026-06-21 20:05,1
2026-06-21 20:10,1
2026-06-21 20:15,1
2026-06-21 20:20,1
2026-06-21 20:25,1
2026-06-21 20:30,2
2026-06-21 20:35,2
2026-06-21 20:40,3
2026-06-21 20:45,2
2026-06-21 20:50,3
2026-06-21 20:55,3
2026-06-21 21:00,3
2026-06-21 21:05,3
2026-06-21 21:10,3
2026-06-21 21:15,2
2026-06-21 21:20,2
2026-06-21 21:25,1
2026-06-21 21:30,1
2026-06-21 21:40,1
2026-06-21 21:45,1
2026-06-21 21:50,1
2026-06-21 21:55,1
2026-06-21 22:00,1
2026-06-21 22:05,2
2026-06-21 22:10,2
2026-06-21 22:15,1
2026-06-21 22:20,1
2026-06-21 22:25,1
2026-06-21 22:30,1
2026-06-21 22:35,1
2026-06-21 22:40,1
2026-06-21 22:45,1
2026-06-22 07:30,1
2026-06-22 07:35,1
2026-06-22 07:40,2
2026-06-22 07:45,2
2026-06-22 07:50,3
2026-06-22 07:55,3
2026-06-22 08:00,3
2026-06-22 08:05,2
2026-06-22 08:10,2
2026-06-22 08:15,2
2026-06-22 08:20,4
2026-06-22 08:25,4
2026-06-22 08:30,4
2026-06-22 08:35,3
2026-06-22 08:40,3
2026-06-22 08:45,3
2026-06-22 08:50,3
2026-06-22 08:55,2
2026-06-22 09:00,1
2026-06-22 09:05,1
2026-06-22 09:10,1
2026-06-22 09:15,1
2026-06-22 09:20,1
2026-06-22 09:25,2
2026-06-22 09:30,2
2026-06-22 09:35,2
2026-06-22 09:40,2
2026-06-22 09:45,1
2026-06-22 09:50,1
2026-06-22 10:05,1
2026-06-22 10:10,1
2026-06-22 10:15,1
2026-06-22 10:20,1
2026-06-22 10:25,1
2026-06-22 10:30,2
2026-06-22 10:35,2
2026-06-22 10:40,2
2026-06-22 10:45,1
2026-06-22 10:50,1
2026-06-22 10:55,1
2026-06-22 11:00,1
2026-06-22 11:35,1
2026-06-22 11:40,1
2026-06-22 11:45,1
2026-06-22 11:50,1
2026-06-22 11:55,1
2026-06-22 12:00,1
2026-06-22 12:05,1
2026-06-22 12:10,1
2026-06-22 12:15,1
2026-06-22 12:20,1
2026-06-22 12:25,1
2026-06-22 12:30,1
2026-06-22 12:35,1
2026-06-22 12:40,1
2026-06-22 12:45,1
2026-06-22 12:50,1
2026-06-22 12:55,1
2026-06-22 13:00,1
2026-06-22 13:25,1
2026-06-22 13:30,1
2026-06-22 13:35,1
2026-06-22 13:40,1
2026-06-22 13:45,1
2026-06-22 13:50,1
2026-06-22 14:10,1
2026-06-22 14:15,1
2026-06-22 14:20,1
2026-06-22 14:25,2
2026-06-22 14:30,2
2026-06-22 14:35,2
2026-06-22 14:40,2
2026-06-22 14:45,2
2026-06-22 14:50,2
2026-06-22 14:55,2
2026-06-22 15:00,1
2026-06-22 15:05,1
2026-06-22 15:45,1
2026-06-22 15:50,1
2026-06-22 15:55,2
2026-06-22 16:00,2
2026-06-22 16:05,3
2026-06-22 16:10,3
2026-06-22 16:15,3
2026-06-22 16:20,3
2026-06-22 16:25,3
2026-06-22 16:30,2
2026-06-22 16:35,2
2026-06-22 16:40,1
2026-06-22 16:45,1
2026-06-22 17:55,1
2026-06-22 18:00,1
2026-06-22 18:05,1
2026-06-22 18:10,1
2026-06-22 18:15,1
2026-06-22 18:20,2
2026-06-22 18:25,2
2026-06-22 18:30,3
2026-06-22 18:35,3
2026-06-22 18:40,3
2026-06-22 18:45,3
2026-06-22 18:50,3
2026-06-22 18:55,2
2026-06-22 19:00,2
2026-06-22 19:05,1
2026-06-22 19:10,2
2026-06-22 19:15,2
2026-06-22 19:20,2
2026-06-22 19:25,1
2026-06-22 19:30,1
2026-06-22 19:35,1
2026-06-22 19:40,1
2026-06-22 19:45,1
2026-06-22 19:50,1
2026-06-22 20:00,1
2026-06-22 20:05,1
2026-06-22 20:10,1
2026-06-22 20:15,1
2026-06-22 20:20,1
2026-06-22 20:25,1
2026-06-22 20:30,2
2026-06-22 20:35,2
2026-06-22 20:40,3
2026-06-22 20:45,2
2026-06-22 20:50,3
2026-06-22 20:55,3
2026-06-22 21:00,3
2026-06-22 21:05,3
2026-06-22 21:10,3
2026-06-22 21:15,2
2026-06-22 21:20,2
2026-06-22 21:25,1
2026-06-22 21:30,1
2026-06-22 21:40,1
2026-06-22 21:45,1
2026-06-22 21:50,1
2026-06-22 21:55,1
2026-06-22 22:00,1
2026-06-22 22:05,2
2026-06-22 22:10,2
2026-06-22 22:15,2
2026-06-22 22:20,2
2026-06-22 22:25,2
2026-06-22 22:30,2
2026-06-22 22:35,2
2026-06-22 22:40,2
2026-06-22 22:45,2
2026-06-22 22:50,1
2026-06-22 22:55,1
2026-06-22 23:00,1
2026-06-23 07:30,1
2026-06-23 07:35,1
2026-06-23 07:40,2
2026-06-23 07:45,2
2026-06-23 07:50,3
2026-06-23 07:55,3
2026-06-23 08:00,3
2026-06-23 08:05,2
2026-06-23 08:10,2
2026-06-23 08:15,2
2026-06-23 08:20,3
2026-06-23 08:25,3
2026-06-23 08:30,3
2026-06-23 08:35,2
2026-06-23 08:40,2
2026-06-23 08:45,2
2026-06-23 08:50,2
2026-06-23 08:55,1
2026-06-23 09:25,1
2026-06-23 09:30,1
2026-06-23 09:35,1
2026-06-23 09:40,1
2026-06-23 10:05,1
2026-06-23 10:10,1
2026-06-23 10:15,1
2026-06-23 10:20,1
2026-06-23 10:25,1
2026-06-23 10:30,2
2026-06-23 10:35,2
2026-06-23 10:40,2
2026-06-23 10:45,1
2026-06-23 10:50,1
2026-06-23 10:55,1
2026-06-23 11:00,1
2026-06-23 11:35,1
2026-06-23 11:40,1
2026-06-23 11:45,1
2026-06-23 11:50,1
2026-06-23 11:55,1
2026-06-23 12:00,1
2026-06-23 12:05,1
2026-06-23 12:10,1
2026-06-23 12:15,1
2026-06-23 12:20,1
2026-06-23 12:25,1
2026-06-23 12:30,1
2026-06-23 12:35,1
2026-06-23 12:40,1
2026-06-23 12:45,1
2026-06-23 12:50,1
2026-06-23 12:55,1
2026-06-23 13:00,1
2026-06-23 13:20,1
2026-06-23 13:25,2
2026-06-23 13:30,2
2026-06-23 13:35,2
2026-06-23 13:40,2
2026-06-23 13:45,1
2026-06-23 13:50,1
2026-06-23 14:10,1
2026-06-23 14:15,1
2026-06-23 14:20,1
2026-06-23 14:25,2
2026-06-23 14:30,2
2026-06-23 14:35,2
2026-06-23 14:40,2
2026-06-23 14:45,2
2026-06-23 14:50,2
2026-06-23 14:55,2
2026-06-23 15:00,1
2026-06-23 15:05,1
2026-06-23 15:45,1
2026-06-23 15:50,1
2026-06-23 15:55,2
2026-06-23 16:00,2
2026-06-23 16:05,3
2026-06-23 16:10,3
2026-06-23 16:15,3
2026-06-23 16:20,3
2026-06-23 16:25,3
2026-06-23 16:30,2
2026-06-23 16:35,2
2026-06-23 16:40,1
2026-06-23 16:45,1
2026-06-23 17:55,1
2026-06-23 18:00,1
2026-06-23 18:05,1
2026-06-23 18:10,1
2026-06-23 18:15,1
2026-06-23 18:20,1
2026-06-23 18:25,1
2026-06-23 18:30,2
2026-06-23 18:35,2
2026-06-23 18:40,2
2026-06-23 18:45,2
2026-06-23 18:50,2
2026-06-23 18:55,2
2026-06-23 19:00,2
2026-06-23 19:05,1
2026-06-23 19:10,2
2026-06-23 19:15,2
2026-06-23 19:20,2
2026-06-23 19:25,1
2026-06-23 19:30,1
2026-06-23 19:35,1
2026-06-23 19:40,1
2026-06-23 19:45,1
2026-06-23 19:50,1
2026-06-23 20:00,1
2026-06-23 20:05,1
2026-06-23 20:10,1
2026-06-23 20:15,1
2026-06-23 20:20,1
2026-06-23 20:25,1
2026-06-23 20:30,2
2026-06-23 20:35,2
2026-06-23 20:40,3
2026-06-23 20:45,2
2026-06-23 20:50,3
2026-06-23 20:55,3
2026-06-23 21:00,3
2026-06-23 21:05,3
2026-06-23 21:10,3
2026-06-23 21:15,2
2026-06-23 21:20,2
2026-06-23 21:25,1
2026-06-23 21:30,1
2026-06-23 21:40,1
2026-06-23 21:45,1
2026-06-23 21:50,1
2026-06-23 21:55,1
2026-06-23 22:00,1
2026-06-23 22:05,2
2026-06-23 22:10,2
2026-06-23 22:15,1
2026-06-23 22:20,1
2026-06-23 22:25,1
2026-06-23 22:30,1
2026-06-23 22:35,1
2026-06-23 22:40,1
2026-06-23 22:45,1
2026-06-24 07:40,1
2026-06-24 07:45,1
2026-06-24 07:50,2
2026-06-24 07:55,2
2026-06-24 08:00,2
2026-06-24 08:05,2
2026-06-24 08:10,2
2026-06-24 08:15,2
2026-06-24 08:20,4
2026-06-24 08:25,4
2026-06-24 08:30,4
2026-06-24 08:35,3
2026-06-24 08:40,3
2026-06-24 08:45,3
2026-06-24 08:50,3
2026-06-24 08:55,2
2026-06-24 09:00,1
2026-06-24 09:05,1
2026-06-24 09:10,1
2026-06-24 09:15,1
2026-06-24 09:20,1
2026-06-24 09:25,2
2026-06-24 09:30,2
2026-06-24 09:35,2
2026-06-24 09:40,2
2026-06-24 09:45,1
2026-06-24 09:50,1
2026-06-24 10:05,1
2026-06-24 10:10,1
2026-06-24 10:15,1
2026-06-24 10:20,1
2026-06-24 10:25,1
2026-06-24 10:30,2
2026-06-24 10:35,2
2026-06-24 10:40,2
2026-06-24 10:45,1
2026-06-24 10:50,1
2026-06-24 10:55,1
2026-06-24 11:00,1
2026-06-24 11:35,1
2026-06-24 11:40,1
2026-06-24 11:45,1
2026-06-24 11:50,1
2026-06-24 11:55,1
2026-06-24 12:00,1
2026-06-24 12:05,1
2026-06-24 12:10,1
2026-06-24 12:15,1
2026-06-24 12:20,1
2026-06-24 12:25,1
2026-06-24 12:30,1
2026-06-24 12:35,1
2026-06-24 12:40,1
2026-06-24 12:45,1
2026-06-24 12:50,1
2026-06-24 12:55,1
2026-06-24 13:00,1
2026-06-24 13:25,1
2026-06-24 13:30,1
2026-06-24 13:35,1
2026-06-24 13:40,1
2026-06-24 13:45,1
2026-06-24 13:50,1
2026-06-24 14:10,1
2026-06-24 14:15,1
2026-06-24 14:20,1
2026-06-24 14:25,2
2026-06-24 14:30,2
2026-06-24 14:35,2
2026-06-24 14:40,2
2026-06-24 14:45,2
2026-06-24 14:50,2
2026-06-24 14:55,2
2026-06-24 15:00,1
2026-06-24 15:05,1
2026-06-24 15:45,1
2026-06-24 15:50,1
2026-06-24 15:55,2
2026-06-24 16:00,2
2026-06-24 16:05,3
2026-06-24 16:10,3
2026-06-24 16:15,3
2026-06-24 16:20,3
2026-06-24 16:25,3
2026-06-24 16:30,2
2026-06-24 16:35,2
2026-06-24 16:40,1
2026-06-24 16:45,1
2026-06-24 17:55,1
2026-06-24 18:00,1
2026-06-24 18:05,1
2026-06-24 18:10,1
2026-06-24 18:15,1
2026-06-24 18:20,2
2026-06-24 18:25,2
2026-06-24 18:30,3
2026-06-24 18:35,3
2026-06-24 18:40,3
2026-06-24 18:45,3
2026-06-24 18:50,3
2026-06-24 18:55,2
2026-06-24 19:00,2
2026-06-24 19:05,1
2026-06-24 19:10,2
2026-06-24 19:15,2
2026-06-24 19:20,2
2026-06-24 19:25,1
2026-06-24 19:30,1
2026-06-24 19:35,1
2026-06-24 19:40,1
2026-06-24 19:45,1
2026-06-24 19:50,1
2026-06-24 20:00,1
2026-06-24 20:05,1
2026-06-24 20:10,1
2026-06-24 20:15,1
2026-06-24 20:20,1
2026-06-24 20:25,1
2026-06-24 20:30,2
2026-06-24 20:35,2
2026-06-24 20:40,3
2026-06-24 20:45,2
2026-06-24 20:50,3
2026-06-24 20:55,3
2026-06-24 21:00,3
2026-06-24 21:05,3
2026-06-24 21:10,3
2026-06-24 21:15,2
2026-06-24 21:20,2
2026-06-24 21:25,1
2026-06-24 21:30,1
2026-06-24 21:40,1
2026-06-24 21:45,1
2026-06-24 21:50,1
2026-06-24 21:55,1
2026-06-24 22:00,1
2026-06-24 22:05,2
2026-06-24 22:10,2
2026-06-24 22:15,2
2026-06-24 22:20,2
2026-06-24 22:25,2
2026-06-24 22:30,2
2026-06-24 22:35,2
2026-06-24 22:40,2
2026-06-24 22:45,2
2026-06-24 22:50,1
2026-06-24 22:55,1
2026-06-24 23:00,1
2026-06-25 07:30,1
2026-06-25 07:35,1
2026-06-25 07:40,2
2026-06-25 07:45,2
2026-06-25 07:50,3
2026-06-25 07:55,3
2026-06-25 08:00,3
2026-06-25 08:05,2
2026-06-25 08:10,2
2026-06-25 08:15,2
2026-06-25 08:20,3
2026-06-25 08:25,3
2026-06-25 08:30,3
2026-06-25 08:35,2
2026-06-25 08:40,2
2026-06-25 08:45,2
2026-06-25 08:50,2
2026-06-25 08:55,1
2026-06-25 09:25,1
2026-06-25 09:30,1
2026-06-25 09:35,1
2026-06-25 09:40,1
2026-06-25 10:05,1
2026-06-25 10:10,1
2026-06-25 10:15,1
2026-06-25 10:20,1
2026-06-25 10:25,1
2026-06-25 10:30,2
2026-06-25 10:35,2
2026-06-25 10:40,2
2026-06-25 10:45,1
2026-06-25 10:50,1
2026-06-25 10:55,1
2026-06-25 11:00,1
2026-06-25 11:35,1
2026-06-25 11:40,1
2026-06-25 11:45,1
2026-06-25 11:50,1
2026-06-25 11:55,1
2026-06-25 12:00,1
2026-06-25 12:05,1
2026-06-25 12:10,1
2026-06-25 12:15,1
2026-06-25 12:20,1
2026-06-25 12:25,1
2026-06-25 12:30,1
2026-06-25 12:35,1
2026-06-25 12:40,1
2026-06-25 12:45,1
2026-06-25 12:50,1
2026-06-25 12:55,1
2026-06-25 13:00,1
2026-06-25 13:20,1
2026-06-25 13:25,2
2026-06-25 13:30,2
2026-06-25 13:35,2
2026-06-25 13:40,2
2026-06-25 13:45,1
2026-06-25 13:50,1
2026-06-25 14:10,1
2026-06-25 14:15,1
2026-06-25 14:20,1
2026-06-25 14:25,2
2026-06-25 14:30,2
2026-06-25 14:35,2
2026-06-25 14:40,2
2026-06-25 14:45,2
2026-06-25 14:50,2
2026-06-25 14:55,2
2026-06-25 15:00,1
2026-06-25 15:05,1
2026-06-25 15:45,1
2026-06-25 15:50,1
2026-06-25 15:55,2
2026-06-25 16:00,2
2026-06-25 16:05,3
2026-06-25 16:10,3
2026-06-25 16:15,3
2026-06-25 16:20,3
2026-06-25 16:25,3
2026-06-25 16:30,2
2026-06-25 16:35,2
2026-06-25 16:40,1
2026-06-25 16:45,1
2026-06-25 17:55,1
2026-06-25 18:00,1
2026-06-25 18:05,1
2026-06-25 18:10,1
2026-06-25 18:15,1
2026-06-25 18:20,1
2026-06-25 18:25,1
2026-06-25 18:30,2
2026-06-25 18:35,2
2026-06-25 18:40,2
2026-06-25 18:45,2
2026-06-25 18:50,2
2026-06-25 18:55,2
2026-06-25 19:00,2
2026-06-25 19:05,1
2026-06-25 19:10,2
2026-06-25 19:15,2
2026-06-25 19:20,2
2026-06-25 19:25,1
2026-06-25 19:30,1
2026-06-25 19:35,1
2026-06-25 19:40,1
2026-06-25 19:45,1
2026-06-25 19:50,1
2026-06-25 20:00,1
2026-06-25 20:05,1
2026-06-25 20:10,1
2026-06-25 20:15,1
2026-06-25 20:20,1
2026-06-25 20:25,1
2026-06-25 20:30,2
2026-06-25 20:35,2
2026-06-25 20:40,3
2026-06-25 20:45,2
2026-06-25 20:50,3
2026-06-25 20:55,3
2026-06-25 21:00,3
2026-06-25 21:05,3
2026-06-25 21:10,3
2026-06-25 21:15,2
2026-06-25 21:20,2
2026-06-25 21:25,1
2026-06-25 21:30,1
2026-06-25 21:40,1
2026-06-25 21:45,1
2026-06-25 21:50,1
2026-06-25 21:55,1
2026-06-25 22:00,1
2026-06-25 22:05,2
2026-06-25 22:10,2
2026-06-25 22:15,1
2026-06-25 22:20,1
2026-06-25 22:25,1
2026-06-25 22:30,1
2026-06-25 22:35,1
2026-06-25 22:40,1
2026-06-25 22:45,1
2026-06-26 07:40,1
2026-06-26 07:45,1
2026-06-26 07:50,2
2026-06-26 07:55,2
2026-06-26 08:00,2
2026-06-26 08:05,2
2026-06-26 08:10,2
2026-06-26 08:15,2
2026-06-26 08:20,4
2026-06-26 08:25,4
2026-06-26 08:30,4
2026-06-26 08:35,3
2026-06-26 08:40,3
2026-06-26 08:45,3
2026-06-26 08:50,3
2026-06-26 08:55,2
2026-06-26 09:00,1
2026-06-26 09:05,1
2026-06-26 09:10,1
2026-06-26 09:15,1
2026-06-26 09:20,1
2026-06-26 09:25,2
2026-06-26 09:30,2
2026-06-26 09:35,2
2026-06-26 09:40,2
2026-06-26 09:45,1
2026-06-26 09:50,1
2026-06-26 10:05,1
2026-06-26 10:10,1
2026-06-26 10:15,1
2026-06-26 10:20,1
2026-06-26 10:25,1
2026-06-26 10:30,2
2026-06-26 10:35,2
2026-06-26 10:40,2
2026-06-26 10:45,1
2026-06-26 10:50,1
2026-06-26 10:55,1
2026-06-26 11:00,1
2026-06-26 11:35,1
2026-06-26 11:40,1
2026-06-26 11:45,1
2026-06-26 11:50,1
2026-06-26 11:55,1
2026-06-26 12:00,1
2026-06-26 12:05,1
2026-06-26 12:10,1
2026-06-26 12:15,1
2026-06-26 12:20,1
2026-06-26 12:25,1
2026-06-26 12:30,1
2026-06-26 12:35,1
2026-06-26 12:40,1
2026-06-26 12:45,1
2026-06-26 12:50,1
2026-06-26 12:55,1
2026-06-26 13:00,1
2026-06-26 13:25,1
2026-06-26 13:30,1
2026-06-26 13:35,1
2026-06-26 13:40,1
2026-06-26 13:45,1
2026-06-26 13:50,1
2026-06-26 14:10,1
2026-06-26 14:15,1
2026-06-26 14:20,1
2026-06-26 14:25,2
2026-06-26 14:30,2
2026-06-26 14:35,2
2026-06-26 14:40,2
2026-06-26 14:45,2
2026-06-26 14:50,2
2026-06-26 14:55,2
2026-06-26 15:00,1
2026-06-26 15:05,1
2026-06-26 15:45,1
2026-06-26 15:50,1
2026-06-26 15:55,2
2026-06-26 16:00,2
2026-06-26 16:05,3
2026-06-26 16:10,3
2026-06-26 16:15,3
2026-06-26 16:20,3
2026-06-26 16:25,3
2026-06-26 16:30,2
2026-06-26 16:35,2
2026-06-26 16:40,1
2026-06-26 16:45,1
2026-06-26 17:55,1
2026-06-26 18:00,1
2026-06-26 18:05,1
2026-06-26 18:10,1
2026-06-26 18:15,1
2026-06-26 18:20,2
2026-06-26 18:25,2
2026-06-26 18:30,3
2026-06-26 18:35,3
2026-06-26 18:40,3
2026-06-26 18:45,3
2026-06-26 18:50,3
2026-06-26 18:55,2
2026-06-26 19:00,2
2026-06-26 19:05,1
2026-06-26 19:10,2
2026-06-26 19:15,2
2026-06-26 19:20,2
2026-06-26 19:25,1
2026-06-26 19:30,1
2026-06-26 19:35,1
2026-06-26 19:40,1
2026-06-26 19:45,1
2026-06-26 19:50,1
2026-06-26 20:00,1
2026-06-26 20:05,1
2026-06-26 20:10,1
2026-06-26 20:15,1
2026-06-26 20:20,1
2026-06-26 20:25,1
2026-06-26 20:30,2
2026-06-26 20:35,2
2026-06-26 20:40,3
2026-06-26 20:45,2
2026-06-26 20:50,3
2026-06-26 20:55,3
2026-06-26 21:00,3
2026-06-26 21:05,3
2026-06-26 21:10,3
2026-06-26 21:15,2
2026-06-26 21:20,2
2026-06-26 21:25,1
2026-06-26 21:30,1
2026-06-26 21:40,1
2026-06-26 21:45,1
2026-06-26 21:50,1
2026-06-26 21:55,1
2026-06-26 22:00,1
2026-06-26 22:05,2
2026-06-26 22:10,2
2026-06-26 22:15,2
2026-06-26 22:20,2
2026-06-26 22:25,2
2026-06-26 22:30,2
2026-06-26 22:35,2
2026-06-26 22:40,2
2026-06-26 22:45,2
2026-06-26 22:50,1
2026-06-26 22:55,1
2026-06-26 23:00,1
2026-06-27 07:30,1
2026-06-27 07:35,1
2026-06-27 07:40,2
2026-06-27 07:45,2
2026-06-27 07:50,3
2026-06-27 07:55,3
2026-06-27 08:00,3
2026-06-27 08:05,2
2026-06-27 08:10,2
2026-06-27 08:15,2
2026-06-27 08:20,3
2026-06-27 08:25,3
2026-06-27 08:30,3
2026-06-27 08:35,2
2026-06-27 08:40,2
2026-06-27 08:45,2
2026-06-27 08:50,2
2026-06-27 08:55,1
2026-06-27 09:25,1
2026-06-27 09:30,1
2026-06-27 09:35,1
2026-06-27 09:40,1
2026-06-27 10:05,1
2026-06-27 10:10,1
2026-06-27 10:15,1
2026-06-27 10:20,1
2026-06-27 10:25,1
2026-06-27 10:30,2
2026-06-27 10:35,2
2026-06-27 10:40,2
2026-06-27 10:45,1
2026-06-27 10:50,1
2026-06-27 10:55,1
2026-06-27 11:00,1
2026-06-27 11:35,1
2026-06-27 11:40,1
2026-06-27 11:45,1
2026-06-27 11:50,1
2026-06-27 11:55,1
2026-06-27 12:00,1
2026-06-27 12:05,1
2026-06-27 12:10,1
2026-06-27 12:15,1
2026-06-27 12:20,1
2026-06-27 12:25,1
2026-06-27 12:30,1
2026-06-27 12:35,1
2026-06-27 12:40,1
2026-06-27 12:45,1
2026-06-27 12:50,1
2026-06-27 12:55,1
2026-06-27 13:00,1
2026-06-27 13:20,1
2026-06-27 13:25,2
2026-06-27 13:30,2
2026-06-27 13:35,2
2026-06-27 13:40,2
2026-06-27 13:45,1
2026-06-27 13:50,1
2026-06-27 14:10,1
2026-06-27 14:15,1
2026-06-27 14:20,1
2026-06-27 14:25,2
2026-06-27 14:30,2
2026-06-27 14:35,2
2026-06-27 14:40,2
2026-06-27 14:45,2
2026-06-27 14:50,2
2026-06-27 14:55,2
2026-06-27 15:00,1
2026-06-27 15:05,1
2026-06-27 15:45,1
2026-06-27 15:50,1
2026-06-27 15:55,2
2026-06-27 16:00,2
2026-06-27 16:05,3
2026-06-27 16:10,3
2026-06-27 16:15,3
2026-06-27 16:20,3
2026-06-27 16:25,3
2026-06-27 16:30,2
2026-06-27 16:35,2
2026-06-27 16:40,1
2026-06-27 16:45,1
2026-06-27 17:55,1
2026-06-27 18:00,1
2026-06-27 18:05,1
2026-06-27 18:10,1
2026-06-27 18:15,1
2026-06-27 18:20,1
2026-06-27 18:25,1
2026-06-27 18:30,2
2026-06-27 18:35,2
2026-06-27 18:40,2
2026-06-27 18:45,2
2026-06-27 18:50,2
2026-06-27 18:55,2
2026-06-27 19:00,2
2026-06-27 19:05,1
2026-06-27 19:10,2
2026-06-27 19:15,2
2026-06-27 19:20,2
2026-06-27 19:25,1
2026-06-27 19:30,1
2026-06-27 19:35,1
2026-06-27 19:40,1
2026-06-27 19:45,1
2026-06-27 19:50,1
2026-06-27 20:00,1
2026-06-27 20:05,1
2026-06-27 20:10,1
2026-06-27 20:15,1
2026-06-27 20:20,1
2026-06-27 20:25,1
2026-06-27 20:30,2
2026-06-27 20:35,2
2026-06-27 20:40,3
2026-06-27 20:45,2
2026-06-27 20:50,3
2026-06-27 20:55,3
2026-06-27 21:00,3
2026-06-27 21:05,3
2026-06-27 21:10,3
2026-06-27 21:15,2
2026-06-27 21:20,2
2026-06-27 21:25,1
2026-06-27 21:30,1
2026-06-27 21:40,1
2026-06-27 21:45,1
2026-06-27 21:50,1
2026-06-27 21:55,1
2026-06-27 22:00,1
2026-06-27 22:05,2
2026-06-27 22:10,2
2026-06-27 22:15,2
2026-06-27 22:20,2
2026-06-27 22:25,2
2026-06-27 22:30,2
2026-06-27 22:35,2
2026-06-27 22:40,2
2026-06-27 22:45,2
2026-06-27 22:50,1
2026-06-27 22:55,1
2026-06-27 23:00,1
2026-06-28 07:40,1
2026-06-28 07:45,1
2026-06-28 07:50,2
2026-06-28 07:55,2
2026-06-28 08:00,2
2026-06-28 08:05,2
2026-06-28 08:10,2
2026-06-28 08:15,2
2026-06-28 08:20,4
2026-06-28 08:25,4
2026-06-28 08:30,4
2026-06-28 08:35,3
2026-06-28 08:40,3
2026-06-28 08:45,3
2026-06-28 08:50,3
2026-06-28 08:55,2
2026-06-28 09:00,1
2026-06-28 09:05,1
2026-06-28 09:10,1
2026-06-28 09:15,1
2026-06-28 09:20,1
2026-06-28 09:25,2
2026-06-28 09:30,2
2026-06-28 09:35,2
2026-06-28 09:40,2
2026-06-28 09:45,1
2026-06-28 09:50,1
2026-06-28 10:05,1
2026-06-28 10:10,1
2026-06-28 10:15,1
2026-06-28 10:20,1
2026-06-28 10:25,1
2026-06-28 10:30,2
2026-06-28 10:35,2
2026-06-28 10:40,2
2026-06-28 10:45,1
2026-06-28 10:50,1
2026-06-28 10:55,1
2026-06-28 11:00,1
2026-06-28 11:35,1
2026-06-28 11:40,1
2026-06-28 11:45,1
2026-06-28 11:50,1
2026-06-28 11:55,1
2026-06-28 12:00,1
2026-06-28 12:05,1
2026-06-28 12:10,1
2026-06-28 12:15,1
2026-06-28 12:20,1
2026-06-28 12:25,1
2026-06-28 12:30,1
2026-06-28 12:35,1
2026-06-28 12:40,1
2026-06-28 12:45,1
2026-06-28 12:50,1
2026-06-28 12:55,1
2026-06-28 13:00,1
2026-06-28 13:25,1
2026-06-28 13:30,1
2026-06-28 13:35,1
2026-06-28 13:40,1
2026-06-28 13:45,1
2026-06-28 13:50,1
2026-06-28 14:10,1
2026-06-28 14:15,1
2026-06-28 14:20,1
2026-06-28 14:25,2
2026-06-28 14:30,2
2026-06-28 14:35,2
2026-06-28 14:40,2
2026-06-28 14:45,2
2026-06-28 14:50,2
2026-06-28 14:55,2
2026-06-28 15:00,1
2026-06-28 15:05,1
2026-06-28 15:45,1
2026-06-28 15:50,1
2026-06-28 15:55,2
2026-06-28 16:00,2
2026-06-28 16:05,3
2026-06-28 16:10,3
2026-06-28 16:15,3
2026-06-28 16:20,3
2026-06-28 16:25,3
2026-06-28 16:30,2
2026-06-28 16:35,2
2026-06-28 16:40,1
2026-06-28 16:45,1
2026-06-28 17:55,1
2026-06-28 18:00,1
2026-06-28 18:05,1
2026-06-28 18:10,1
2026-06-28 18:15,1
2026-06-28 18:20,2
2026-06-28 18:25,2
2026-06-28 18:30,3
2026-06-28 18:35,3
2026-06-28 18:40,3
2026-06-28 18:45,3
2026-06-28 18:50,3
2026-06-28 18:55,2
2026-06-28 19:00,2
2026-06-28 19:05,1
2026-06-28 19:10,2
2026-06-28 19:15,2
2026-06-28 19:20,2
2026-06-28 19:25,1
2026-06-28 19:30,1
2026-06-28 19:35,1
2026-06-28 19:40,1
2026-06-28 19:45,1
2026-06-28 19:50,1
2026-06-28 20:00,1
2026-06-28 20:05,1
2026-06-28 20:10,1
2026-06-28 20:15,1
2026-06-28 20:20,1
2026-06-28 20:25,1
2026-06-28 20:30,2
2026-06-28 20:35,2
2026-06-28 20:40,3
2026-06-28 20:45,2
2026-06-28 20:50,3
2026-06-28 20:55,3
2026-06-28 21:00,3
2026-06-28 21:05,3
2026-06-28 21:10,3
2026-06-28 21:15,2
2026-06-28 21:20,2
2026-06-28 21:25,1
2026-06-28 21:30,1
2026-06-28 21:40,1
2026-06-28 21:45,1
2026-06-28 21:50,1
2026-06-28 21:55,1
2026-06-28 22:00,1
2026-06-28 22:05,2
2026-06-28 22:10,2
2026-06-28 22:15,1
2026-06-28 22:20,1
2026-06-28 22:25,1
2026-06-28 22:30,1
2026-06-28 22:35,1
2026-06-28 22:40,1
2026-06-28 22:45,1
2026-06-29 07:30,1
2026-06-29 07:35,1
2026-06-29 07:40,2
2026-06-29 07:45,2
2026-06-29 07:50,3
2026-06-29 07:55,3
2026-06-29 08:00,3
2026-06-29 08:05,2
2026-06-29 08:10,2
2026-06-29 08:15,2
2026-06-29 08:20,4
2026-06-29 08:25,4
2026-06-29 08:30,4
2026-06-29 08:35,3
2026-06-29 08:40,3
2026-06-29 08:45,3
2026-06-29 08:50,3
2026-06-29 08:55,2
2026-06-29 09:00,1
2026-06-29 09:05,1
2026-06-29 09:10,1
2026-06-29 09:15,1
2026-06-29 09:20,1
2026-06-29 09:25,2
2026-06-29 09:30,2
2026-06-29 09:35,2
2026-06-29 09:40,2
2026-06-29 09:45,1
2026-06-29 09:50,1
2026-06-29 10:05,1
2026-06-29 10:10,1
2026-06-29 10:15,1
2026-06-29 10:20,1
2026-06-29 10:25,1
2026-06-29 10:30,2
2026-06-29 10:35,2
2026-06-29 10:40,2
2026-06-29 10:45,1
2026-06-29 10:50,1
2026-06-29 10:55,1
2026-06-29 11:00,1
2026-06-29 11:35,1
2026-06-29 11:40,1
2026-06-29 11:45,1
2026-06-29 11:50,1
2026-06-29 11:55,1
2026-06-29 12:00,1
2026-06-29 12:05,1
2026-06-29 12:10,1
2026-06-29 12:15,1
2026-06-29 12:20,1
2026-06-29 12:25,1
2026-06-29 12:30,1
2026-06-29 12:35,1
2026-06-29 12:40,1
2026-06-29 12:45,1
2026-06-29 12:50,1
2026-06-29 12:55,1
2026-06-29 13:00,1
2026-06-29 13:25,1
2026-06-29 13:30,1
2026-06-29 13:35,1
2026-06-29 13:40,1
2026-06-29 13:45,1
2026-06-29 13:50,1
2026-06-29 14:10,1
2026-06-29 14:15,1
2026-06-29 14:20,1
2026-06-29 14:25,2
2026-06-29 14:30,2
2026-06-29 14:35,2
2026-06-29 14:40,2
2026-06-29 14:45,2
2026-06-29 14:50,2
2026-06-29 14:55,2
2026-06-29 15:00,1
2026-06-29 15:05,1
2026-06-29 15:45,1
2026-06-29 15:50,1
2026-06-29 15:55,2
2026-06-29 16:00,2
2026-06-29 16:05,3
2026-06-29 16:10,3
2026-06-29 16:15,3
2026-06-29 16:20,3
2026-06-29 16:25,3
2026-06-29 16:30,2
2026-06-29 16:35,2
2026-06-29 16:40,1
2026-06-29 16:45,1
2026-06-29 17:55,1
2026-06-29 18:00,1
2026-06-29 18:05,1
2026-06-29 18:10,1
2026-06-29 18:15,1
2026-06-29 18:20,2
2026-06-29 18:25,2
2026-06-29 18:30,3
2026-06-29 18:35,3
2026-06-29 18:40,3
2026-06-29 18:45,3
2026-06-29 18:50,3
2026-06-29 18:55,2
2026-06-29 19:00,2
2026-06-29 19:05,1
2026-06-29 19:10,2
2026-06-29 19:15,2
2026-06-29 19:20,2
2026-06-29 19:25,1
2026-06-29 19:30,1
2026-06-29 19:35,1
2026-06-29 19:40,1
2026-06-29 19:45,1
2026-06-29 19:50,1
2026-06-29 20:00,1
2026-06-29 20:05,1
2026-06-29 20:10,1
2026-06-29 20:15,1
2026-06-29 20:20,1
2026-06-29 20:25,1
2026-06-29 20:30,2
2026-06-29 20:35,2
2026-06-29 20:40,3
2026-06-29 20:45,2
2026-06-29 20:50,3
2026-06-29 20:55,3
2026-06-29 21:00,3
2026-06-29 21:05,3
2026-06-29 21:10,3
2026-06-29 21:15,2
2026-06-29 21:20,2
2026-06-29 21:25,1
2026-06-29 21:30,1
2026-06-29 21:40,1
2026-06-29 21:45,1
2026-06-29 21:50,1
2026-06-29 21:55,1
2026-06-29 22:00,1
2026-06-29 22:05,2
2026-06-29 22:10,2
2026-06-29 22:15,2
2026-06-29 22:20,2
2026-06-29 22:25,2
2026-06-29 22:30,2
2026-06-29 22:35,2
2026-06-29 22:40,2
2026-06-29 22:45,2
2026-06-29 22:50,1
2026-06-29 22:55,1
2026-06-29 23:00,1
2026-06-30 07:30,1
2026-06-30 07:35,1
2026-06-30 07:40,2
2026-06-30 07:45,2
2026-06-30 07:50,3
2026-06-30 07:55,3
2026-06-30 08:00,3
2026-06-30 08:05,2
2026-06-30 08:10,2
2026-06-30 08:15,2
2026-06-30 08:20,3
2026-06-30 08:25,3
2026-06-30 08:30,3
2026-06-30 08:35,2
2026-06-30 08:40,2
2026-06-30 08:45,2
2026-06-30 08:50,2
2026-06-30 08:55,1
2026-06-30 09:25,1
2026-06-30 09:30,1
2026-06-30 09:35,1
2026-06-30 09:40,1
2026-06-30 10:05,1
2026-06-30 10:10,1
2026-06-30 10:15,1
2026-06-30 10:20,1
2026-06-30 10:25,1
2026-06-30 10:30,2
2026-06-30 10:35,2
2026-06-30 10:40,2
2026-06-30 10:45,1
2026-06-30 10:50,1
2026-06-30 10:55,1
2026-06-30 11:00,1
2026-06-30 11:35,1
2026-06-30 11:40,1
2026-06-30 11:45,1
2026-06-30 11:50,1
2026-06-30 11:55,1
2026-06-30 12:00,1
2026-06-30 12:05,1
2026-06-30 12:10,1
2026-06-30 12:15,1
2026-06-30 12:20,1
2026-06-30 12:25,1
2026-06-30 12:30,1
2026-06-30 12:35,1
2026-06-30 12:40,1
2026-06-30 12:45,1
2026-06-30 12:50,1
2026-06-30 12:55,1
2026-06-30 13:00,1
2026-06-30 13:20,1
2026-06-30 13:25,2
2026-06-30 13:30,2
2026-06-30 13:35,2
2026-06-30 13:40,2
2026-06-30 13:45,1
2026-06-30 13:50,1
2026-06-30 14:10,1
2026-06-30 14:15,1
2026-06-30 14:20,1
2026-06-30 14:25,2
2026-06-30 14:30,2
2026-06-30 14:35,2
2026-06-30 14:40,2
2026-06-30 14:45,2
2026-06-30 14:50,2
2026-06-30 14:55,2
2026-06-30 15:00,1
2026-06-30 15:05,1
2026-06-30 15:45,1
2026-06-30 15:50,1
2026-06-30 15:55,2
2026-06-30 16:00,2
2026-06-30 16:05,3
2026-06-30 16:10,3
2026-06-30 16:15,3
2026-06-30 16:20,3
2026-06-30 16:25,3
2026-06-30 16:30,2
2026-06-30 16:35,2
2026-06-30 16:40,1
2026-06-30 16:45,1
2026-06-30 17:55,1
2026-06-30 18:00,1
2026-06-30 18:05,1
2026-06-30 18:10,1
2026-06-30 18:15,1
2026-06-30 18:20,1
2026-06-30 18:25,1
2026-06-30 18:30,2
2026-06-30 18:35,2
2026-06-30 18:40,2
2026-06-30 18:45,2
2026-06-30 18:50,2
2026-06-30 18:55,2
2026-06-30 19:00,2
2026-06-30 19:05,1
2026-06-30 19:10,2
2026-06-30 19:15,2
2026-06-30 19:20,2
2026-06-30 19:25,1
2026-06-30 19:30,1
2026-06-30 19:35,1
2026-06-30 19:40,1
2026-06-30 19:45,1
2026-06-30 19:50,1
2026-06-30 20:00,1
2026-06-30 20:05,1
2026-06-30 20:10,1
2026-06-30 20:15,1
2026-06-30 20:20,1
2026-06-30 20:25,1
2026-06-30 20:30,2
2026-06-30 20:35,2
2026-06-30 20:40,3
2026-06-30 20:45,2
2026-06-30 20:50,3
2026-06-30 20:55,3
2026-06-30 21:00,3
2026-06-30 21:05,3
2026-06-30 21:10,3
2026-06-30 21:15,2
2026-06-30 21:20,2
2026-06-30 21:25,1
2026-06-30 21:30,1
2026-06-30 21:40,1
2026-06-30 21:45,1
2026-06-30 21:50,1
2026-06-30 21:55,1
2026-06-30 22:00,1
2026-06-30 22:05,2
2026-06-30 22:10,2
2026-06-30 22:15,1
2026-06-30 22:20,1
2026-06-30 22:25,1
2026-06-30 22:30,1
2026-06-30 22:35,1
2026-06-30 22:40,1
2026-06-30 22:45,1
2026-07-01 07:40,1
2026-07-01 07:45,1
2026-07-01 07:50,2
2026-07-01 07:55,2
2026-07-01 08:00,2
2026-07-01 08:05,2
2026-07-01 08:10,2
2026-07-01 08:15,2
2026-07-01 08:20,4
2026-07-01 08:25,4
2026-07-01 08:30,4
2026-07-01 08:35,3
2026-07-01 08:40,3
2026-07-01 08:45,3
2026-07-01 08:50,3
2026-07-01 08:55,2
2026-07-01 09:00,1
2026-07-01 09:05,1
2026-07-01 09:10,1
2026-07-01 09:15,1
2026-07-01 09:20,1
2026-07-01 09:25,2
2026-07-01 09:30,2
2026-07-01 09:35,2
2026-07-01 09:40,2
2026-07-01 09:45,1
2026-07-01 09:50,1
2026-07-01 10:05,1
2026-07-01 10:10,1
2026-07-01 10:15,1
2026-07-01 10:20,1
2026-07-01 10:25,1
2026-07-01 10:30,2
2026-07-01 10:35,2
2026-07-01 10:40,2
2026-07-01 10:45,1
2026-07-01 10:50,1
2026-07-01 10:55,1
2026-07-01 11:00,1
2026-07-01 11:35,1
2026-07-01 11:40,1
2026-07-01 11:45,1
2026-07-01 11:50,1
2026-07-01 11:55,1
2026-07-01 12:00,1
2026-07-01 12:05,1
2026-07-01 12:10,1
2026-07-01 12:15,1
2026-07-01 12:20,1
2026-07-01 12:25,1
2026-07-01 12:30,1
2026-07-01 12:35,1
2026-07-01 12:40,1
2026-07-01 12:45,1
2026-07-01 12:50,1
2026-07-01 12:55,1
2026-07-01 13:00,1
2026-07-01 13:25,1
2026-07-01 13:30,1
2026-07-01 13:35,1
2026-07-01 13:40,1
2026-07-01 13:45,1
2026-07-01 13:50,1
2026-07-01 14:10,1
2026-07-01 14:15,1
2026-07-01 14:20,1
2026-07-01 14:25,2
2026-07-01 14:30,2
2026-07-01 14:35,2
2026-07-01 14:40,2
2026-07-01 14:45,2
2026-07-01 14:50,2
2026-07-01 14:55,2
2026-07-01 15:00,1
2026-07-01 15:05,1
2026-07-01 15:45,1
2026-07-01 15:50,1
2026-07-01 15:55,2
2026-07-01 16:00,2
2026-07-01 16:05,3
2026-07-01 16:10,3
2026-07-01 16:15,3
2026-07-01 16:20,3
2026-07-01 16:25,3
2026-07-01 16:30,2
2026-07-01 16:35,2
2026-07-01 16:40,1
2026-07-01 16:45,1
2026-07-01 17:55,1
2026-07-01 18:00,1
2026-07-01 18:05,1
2026-07-01 18:10,1
2026-07-01 18:15,1
2026-07-01 18:20,2
2026-07-01 18:25,2
2026-07-01 18:30,3
2026-07-01 18:35,3
2026-07-01 18:40,3
2026-07-01 18:45,3
2026-07-01 18:50,3
2026-07-01 18:55,2
2026-07-01 19:00,2
2026-07-01 19:05,1
2026-07-01 19:10,2
2026-07-01 19:15,2
2026-07-01 19:20,2
2026-07-01 19:25,1
2026-07-01 19:30,1
2026-07-01 19:35,1
2026-07-01 19:40,1
2026-07-01 19:45,1
2026-07-01 19:50,1
2026-07-01 20:00,1
2026-07-01 20:05,1
2026-07-01 20:10,1
2026-07-01 20:15,1
2026-07-01 20:20,1
2026-07-01 20:25,1
2026-07-01 20:30,2
2026-07-01 20:35,2
2026-07-01 20:40,3
2026-07-01 20:45,2
2026-07-01 20:50,3
2026-07-01 20:55,3
2026-07-01 21:00,3
2026-07-01 21:05,3
2026-07-01 21:10,3
2026-07-01 21:15,2
2026-07-01 21:20,2
2026-07-01 21:25,1
2026-07-01 21:30,1
2026-07-01 21:40,1
2026-07-01 21:45,1
2026-07-01 21:50,1
2026-07-01 21:55,1
2026-07-01 22:00,1
2026-07-01 22:05,2
2026-07-01 22:10,2
2026-07-01 22:15,2
2026-07-01 22:20,2
2026-07-01 22:25,2
2026-07-01 22:30,2
2026-07-01 22:35,2
2026-07-01 22:40,2
2026-07-01 22:45,2
2026-07-01 22:50,1
2026-07-01 22:55,1
2026-07-01 23:00,1
2026-07-02 07:30,1
2026-07-02 07:35,1
2026-07-02 07:40,2
2026-07-02 07:45,2
2026-07-02 07:50,3
2026-07-02 07:55,3
2026-07-02 08:00,3
2026-07-02 08:05,2
2026-07-02 08:10,2
2026-07-02 08:15,2
2026-07-02 08:20,3
2026-07-02 08:25,3
2026-07-02 08:30,3
2026-07-02 08:35,2
2026-07-02 08:40,2
2026-07-02 08:45,2
2026-07-02 08:50,2
2026-07-02 08:55,1
2026-07-02 09:25,1
2026-07-02 09:30,1
2026-07-02 09:35,1
2026-07-02 09:40,1
2026-07-02 10:05,1
2026-07-02 10:10,1
2026-07-02 10:15,1
2026-07-02 10:20,1
2026-07-02 10:25,1
2026-07-02 10:30,2
2026-07-02 10:35,2
2026-07-02 10:40,2
2026-07-02 10:45,1
2026-07-02 10:50,1
2026-07-02 10:55,1
2026-07-02 11:00,1
2026-07-02 11:35,1
2026-07-02 11:40,1
2026-07-02 11:45,1
2026-07-02 11:50,1
2026-07-02 11:55,1
2026-07-02 12:00,1
2026-07-02 12:05,1
2026-07-02 12:10,1
2026-07-02 12:15,1
2026-07-02 12:20,1
2026-07-02 12:25,1
2026-07-02 12:30,1
2026-07-02 12:35,1
2026-07-02 12:40,1
2026-07-02 12:45,1
2026-07-02 12:50,1
2026-07-02 12:55,1
2026-07-02 13:00,1
2026-07-02 13:20,1
2026-07-02 13:25,2
2026-07-02 13:30,2
2026-07-02 13:35,2
2026-07-02 13:40,2
2026-07-02 13:45,1
2026-07-02 13:50,1
2026-07-02 14:10,1
2026-07-02 14:15,1
2026-07-02 14:20,1
2026-07-02 14:25,2
2026-07-02 14:30,2
2026-07-02 14:35,2
2026-07-02 14:40,2
2026-07-02 14:45,2
2026-07-02 14:50,2
2026-07-02 14:55,2
2026-07-02 15:00,1
2026-07-02 15:05,1
2026-07-02 15:45,1
2026-07-02 15:50,1
2026-07-02 15:55,2
2026-07-02 16:00,2
2026-07-02 16:05,3
2026-07-02 16:10,3
2026-07-02 16:15,3
2026-07-02 16:20,3
2026-07-02 16:25,3
2026-07-02 16:30,2
2026-07-02 16:35,2
2026-07-02 16:40,1
2026-07-02 16:45,1
2026-07-02 17:55,1
2026-07-02 18:00,1
2026-07-02 18:05,1
2026-07-02 18:10,1
2026-07-02 18:15,1
2026-07-02 18:20,1
2026-07-02 18:25,1
2026-07-02 18:30,2
2026-07-02 18:35,2
2026-07-02 18:40,2
2026-07-02 18:45,2
2026-07-02 18:50,2
2026-07-02 18:55,2
2026-07-02 19:00,2
2026-07-02 19:05,1
2026-07-02 19:10,2
2026-07-02 19:15,2
2026-07-02 19:20,2
2026-07-02 19:25,1
2026-07-02 19:30,1
2026-07-02 19:35,1
2026-07-02 19:40,1
2026-07-02 19:45,1
2026-07-02 19:50,1
2026-07-02 20:00,1
2026-07-02 20:05,1
2026-07-02 20:10,1
2026-07-02 20:15,1
2026-07-02 20:20,1
2026-07-02 20:25,1
2026-07-02 20:30,2
2026-07-02 20:35,2
2026-07-02 20:40,3
2026-07-02 20:45,2
2026-07-02 20:50,3
2026-07-02 20:55,3
2026-07-02 21:00,3
2026-07-02 21:05,3
2026-07-02 21:10,3
2026-07-02 21:15,2
2026-07-02 21:20,2
2026-07-02 21:25,1
2026-07-02 21:30,1
2026-07-02 21:40,1
2026-07-02 21:45,1
2026-07-02 21:50,1
2026-07-02 21:55,1
2026-07-02 22:00,1
2026-07-02 22:05,2
2026-07-02 22:10,2
2026-07-02 22:15,1
2026-07-02 22:20,1
2026-07-02 22:25,1
2026-07-02 22:30,1
2026-07-02 22:35,1
2026-07-02 22:40,1
2026-07-02 22:45,1
2026-07-03 07:40,1
2026-07-03 07:45,1
2026-07-03 07:50,2
2026-07-03 07:55,2
2026-07-03 08:00,2
2026-07-03 08:05,2
2026-07-03 08:10,2
2026-07-03 08:15,2
2026-07-03 08:20,4
2026-07-03 08:25,4
2026-07-03 08:30,4
2026-07-03 08:35,3
2026-07-03 08:40,3
2026-07-03 08:45,3
2026-07-03 08:50,3
2026-07-03 08:55,2
2026-07-03 09:00,1
2026-07-03 09:05,1
2026-07-03 09:10,1
2026-07-03 09:15,1
2026-07-03 09:20,1
2026-07-03 09:25,2
2026-07-03 09:30,2
2026-07-03 09:35,2
2026-07-03 09:40,2
2026-07-03 09:45,1
2026-07-03 09:50,1
2026-07-03 10:05,1
2026-07-03 10:10,1
2026-07-03 10:15,1
2026-07-03 10:20,1
2026-07-03 10:25,1
2026-07-03 10:30,2
2026-07-03 10:35,2
2026-07-03 10:40,2
2026-07-03 10:45,1
2026-07-03 10:50,1
2026-07-03 10:55,1
2026-07-03 11:00,1
2026-07-03 11:35,1
2026-07-03 11:40,1
2026-07-03 11:45,1
2026-07-03 11:50,1
2026-07-03 11:55,1
2026-07-03 12:00,1
2026-07-03 12:05,1
2026-07-03 12:10,1
2026-07-03 12:15,1
2026-07-03 12:20,1
2026-07-03 12:25,1
2026-07-03 12:30,1
2026-07-03 12:35,1
2026-07-03 12:40,1
2026-07-03 12:45,1
2026-07-03 12:50,1
2026-07-03 12:55,1
2026-07-03 13:00,1
2026-07-03 13:25,1
2026-07-03 13:30,1
2026-07-03 13:35,1
2026-07-03 13:40,1
2026-07-03 13:45,1
2026-07-03 13:50,1
2026-07-03 14:10,1
2026-07-03 14:15,1
2026-07-03 14:20,1
2026-07-03 14:25,2
2026-07-03 14:30,2
2026-07-03 14:35,2
2026-07-03 14:40,2
2026-07-03 14:45,2
2026-07-03 14:50,2
2026-07-03 14:55,2
2026-07-03 15:00,1
2026-07-03 15:05,1
2026-07-03 15:45,1
2026-07-03 15:50,1
2026-07-03 15:55,2
2026-07-03 16:00,2
2026-07-03 16:05,3
2026-07-03 16:10,3
2026-07-03 16:15,3
2026-07-03 16:20,3
2026-07-03 16:25,3
2026-07-03 16:30,2
2026-07-03 16:35,2
2026-07-03 16:40,1
2026-07-03 16:45,1
2026-07-03 17:55,1
2026-07-03 18:00,1
2026-07-03 18:05,1
2026-07-03 18:10,1
2026-07-03 18:15,1
2026-07-03 18:20,2
2026-07-03 18:25,2
2026-07-03 18:30,3
2026-07-03 18:35,3
2026-07-03 18:40,3
2026-07-03 18:45,3
2026-07-03 18:50,3
2026-07-03 18:55,2
2026-07-03 19:00,2
2026-07-03 19:05,1
2026-07-03 19:10,2
2026-07-03 19:15,2
2026-07-03 19:20,2
2026-07-03 19:25,1
2026-07-03 19:30,1
2026-07-03 19:35,1
2026-07-03 19:40,1
2026-07-03 19:45,1
2026-07-03 19:50,1
2026-07-03 20:00,1
2026-07-03 20:05,1
2026-07-03 20:10,1
2026-07-03 20:15,1
2026-07-03 20:20,1
2026-07-03 20:25,1
2026-07-03 20:30,2
2026-07-03 20:35,2
2026-07-03 20:40,3
2026-07-03 20:45,2
2026-07-03 20:50,3
2026-07-03 20:55,3
2026-07-03 21:00,3
2026-07-03 21:05,3
2026-07-03 21:10,3
2026-07-03 21:15,2
2026-07-03 21:20,2
2026-07-03 21:25,1
2026-07-03 21:30,1
2026-07-03 21:40,1
2026-07-03 21:45,1
2026-07-03 21:50,1
2026-07-03 21:55,1
2026-07-03 22:00,1
2026-07-03 22:05,2
2026-07-03 22:10,2
2026-07-03 22:15,2
2026-07-03 22:20,2
2026-07-03 22:25,2
2026-07-03 22:30,2
2026-07-03 22:35,2
2026-07-03 22:40,2
2026-07-03 22:45,2
2026-07-03 22:50,1
2026-07-03 22:55,1
2026-07-03 23:00,1
2026-07-04 07:30,1
2026-07-04 07:35,1
2026-07-04 07:40,2
2026-07-04 07:45,2
2026-07-04 07:50,3
2026-07-04 07:55,3
2026-07-04 08:00,3
2026-07-04 08:05,2
2026-07-04 08:10,2
2026-07-04 08:15,2
2026-07-04 08:20,3
2026-07-04 08:25,3
2026-07-04 08:30,3
2026-07-04 08:35,2
2026-07-04 08:40,2
2026-07-04 08:45,2
2026-07-04 08:50,2
2026-07-04 08:55,1
2026-07-04 09:25,1
2026-07-04 09:30,1
2026-07-04 09:35,1
2026-07-04 09:40,1
2026-07-04 10:05,1
2026-07-04 10:10,1
2026-07-04 10:15,1
2026-07-04 10:20,1
2026-07-04 10:25,1
2026-07-04 10:30,2
2026-07-04 10:35,2
2026-07-04 10:40,2
2026-07-04 10:45,1
2026-07-04 10:50,1
2026-07-04 10:55,1
2026-07-04 11:00,1
2026-07-04 11:35,1
2026-07-04 11:40,1
2026-07-04 11:45,1
2026-07-04 11:50,1
2026-07-04 11:55,1
2026-07-04 12:00,1
2026-07-04 12:05,1
2026-07-04 12:10,1
2026-07-04 12:15,1
2026-07-04 12:20,1
2026-07-04 12:25,1
2026-07-04 12:30,1
2026-07-04 12:35,1
2026-07-04 12:40,1
2026-07-04 12:45,1
2026-07-04 12:50,1
2026-07-04 12:55,1
2026-07-04 13:00,1
2026-07-04 13:20,1
2026-07-04 13:25,2
2026-07-04 13:30,2
2026-07-04 13:35,2
2026-07-04 13:40,2
2026-07-04 13:45,1
2026-07-04 13:50,1
2026-07-04 14:10,1
2026-07-04 14:15,1
2026-07-04 14:20,1
2026-07-04 14:25,2
2026-07-04 14:30,2
2026-07-04 14:35,2
2026-07-04 14:40,2
2026-07-04 14:45,2
2026-07-04 14:50,2
2026-07-04 14:55,2
2026-07-04 15:00,1
2026-07-04 15:05,1
2026-07-04 15:45,1
2026-07-04 15:50,1
2026-07-04 15:55,2
2026-07-04 16:00,2
2026-07-04 16:05,3
2026-07-04 16:10,3
2026-07-04 16:15,3
2026-07-04 16:20,3
2026-07-04 16:25,3
2026-07-04 16:30,2
2026-07-04 16:35,2
2026-07-04 16:40,1
2026-07-04 16:45,1
2026-07-04 17:55,1
2026-07-04 18:00,1
2026-07-04 18:05,1
2026-07-04 18:10,1
2026-07-04 18:15,1
2026-07-04 18:20,1
2026-07-04 18:25,1
2026-07-04 18:30,2
2026-07-04 18:35,2
2026-07-04 18:40,2
2026-07-04 18:45,2
2026-07-04 18:50,2
2026-07-04 18:55,2
2026-07-04 19:00,2
2026-07-04 19:05,1
2026-07-04 19:10,2
2026-07-04 19:15,2
2026-07-04 19:20,2
2026-07-04 19:25,1
2026-07-04 19:30,1
2026-07-04 19:35,1
2026-07-04 19:40,1
2026-07-04 19:45,1
2026-07-04 19:50,1
2026-07-04 20:00,1
2026-07-04 20:05,1
2026-07-04 20:10,1
2026-07-04 20:15,1
2026-07-04 20:20,1
2026-07-04 20:25,1
2026-07-04 20:30,2
2026-07-04 20:35,2
2026-07-04 20:40,3
2026-07-04 20:45,2
2026-07-04 20:50,3
2026-07-04 20:55,3
2026-07-04 21:00,3
2026-07-04 21:05,3
2026-07-04 21:10,3
2026-07-04 21:15,2
2026-07-04 21:20,2
2026-07-04 21:25,1
2026-07-04 21:30,1
2026-07-04 21:40,1
2026-07-04 21:45,1
2026-07-04 21:50,1
2026-07-04 21:55,1
2026-07-04 22:00,1
2026-07-04 22:05,2
2026-07-04 22:10,2
2026-07-04 22:15,2
2026-07-04 22:20,2
2026-07-04 22:25,2
2026-07-04 22:30,2
2026-07-04 22:35,2
2026-07-04 22:40,2
2026-07-04 22:45,2
2026-07-04 22:50,1
2026-07-04 22:55,1
2026-07-04 23:00,1
2026-07-05 07:40,1
2026-07-05 07:45,1
2026-07-05 07:50,2
2026-07-05 07:55,2
2026-07-05 08:00,2
2026-07-05 08:05,2
2026-07-05 08:10,2
2026-07-05 08:15,2
2026-07-05 08:20,4
2026-07-05 08:25,4
2026-07-05 08:30,4
2026-07-05 08:35,3
2026-07-05 08:40,3
2026-07-05 08:45,3
2026-07-05 08:50,3
2026-07-05 08:55,2
2026-07-05 09:00,1
2026-07-05 09:05,1
2026-07-05 09:10,1
2026-07-05 09:15,1
2026-07-05 09:20,1
2026-07-05 09:25,2
2026-07-05 09:30,2
2026-07-05 09:35,2
2026-07-05 09:40,2
2026-07-05 09:45,1
2026-07-05 09:50,1
2026-07-05 10:05,1
2026-07-05 10:10,1
2026-07-05 10:15,1
2026-07-05 10:20,1
2026-07-05 10:25,1
2026-07-05 10:30,2
2026-07-05 10:35,2
2026-07-05 10:40,2
2026-07-05 10:45,1
2026-07-05 10:50,1
2026-07-05 10:55,1
2026-07-05 11:00,1
2026-07-05 11:35,1
2026-07-05 11:40,1
2026-07-05 11:45,1
2026-07-05 11:50,1
2026-07-05 11:55,1
2026-07-05 12:00,1
2026-07-05 12:05,1
2026-07-05 12:10,1
2026-07-05 12:15,1
2026-07-05 12:20,1
2026-07-05 12:25,1
2026-07-05 12:30,1
2026-07-05 12:35,1
2026-07-05 12:40,1
2026-07-05 12:45,1
2026-07-05 12:50,1
2026-07-05 12:55,1
2026-07-05 13:00,1
2026-07-05 13:25,1
2026-07-05 13:30,1
2026-07-05 13:35,1
2026-07-05 13:40,1
2026-07-05 13:45,1
2026-07-05 13:50,1
2026-07-05 14:10,1
2026-07-05 14:15,1
2026-07-05 14:20,1
2026-07-05 14:25,2
2026-07-05 14:30,2
2026-07-05 14:35,2
2026-07-05 14:40,2
2026-07-05 14:45,2
2026-07-05 14:50,2
2026-07-05 14:55,2
2026-07-05 15:00,1
2026-07-05 15:05,1
2026-07-05 15:45,1
2026-07-05 15:50,1
2026-07-05 15:55,2
2026-07-05 16:00,2
2026-07-05 16:05,3
2026-07-05 16:10,3
2026-07-05 16:15,3
2026-07-05 16:20,3
2026-07-05 16:25,3
2026-07-05 16:30,2
2026-07-05 16:35,2
2026-07-05 16:40,1
2026-07-05 16:45,1
2026-07-05 17:55,1
2026-07-05 18:00,1
2026-07-05 18:05,1
2026-07-05 18:10,1
2026-07-05 18:15,1
2026-07-05 18:20,2
2026-07-05 18:25,2
2026-07-05 18:30,3
2026-07-05 18:35,3
2026-07-05 18:40,3
2026-07-05 18:45,3
2026-07-05 18:50,3
2026-07-05 18:55,2
2026-07-05 19:00,2
2026-07-05 19:05,1
2026-07-05 19:10,2
2026-07-05 19:15,2
2026-07-05 19:20,2
2026-07-05 19:25,1
2026-07-05 19:30,1
2026-07-05 19:35,1
2026-07-05 19:40,1
2026-07-05 19:45,1
2026-07-05 19:50,1
2026-07-05 20:00,1
2026-07-05 20:05,1
2026-07-05 20:10,1
2026-07-05 20:15,1
2026-07-05 20:20,1
2026-07-05 20:25,1
2026-07-05 20:30,2
2026-07-05 20:35,2
2026-07-05 20:40,3
2026-07-05 20:45,2
2026-07-05 20:50,3
2026-07-05 20:55,3
2026-07-05 21:00,3
2026-07-05 21:05,3
2026-07-05 21:10,3
2026-07-05 21:15,2
2026-07-05 21:20,2
2026-07-05 21:25,1
2026-07-05 21:30,1
2026-07-05 21:40,1
2026-07-05 21:45,1
2026-07-05 21:50,1
2026-07-05 21:55,1
2026-07-05 22:00,1
2026-07-05 22:05,2
2026-07-05 22:10,2
2026-07-05 22:15,1
2026-07-05 22:20,1
2026-07-05 22:25,1
2026-07-05 22:30,1
2026-07-05 22:35,1
2026-07-05 22:40,1
2026-07-05 22:45,1
2026-07-06 07:30,1
2026-07-06 07:35,1
2026-07-06 07:40,2
2026-07-06 07:45,2
2026-07-06 07:50,3
2026-07-06 07:55,3
2026-07-06 08:00,3
2026-07-06 08:05,2
2026-07-06 08:10,2
2026-07-06 08:15,2
2026-07-06 08:20,4
2026-07-06 08:25,4
2026-07-06 08:30,4
2026-07-06 08:35,3
2026-07-06 08:40,3
2026-07-06 08:45,3
2026-07-06 08:50,3
2026-07-06 08:55,2
2026-07-06 09:00,1
2026-07-06 09:05,1
2026-07-06 09:10,1
2026-07-06 09:15,1
2026-07-06 09:20,1
2026-07-06 09:25,2
2026-07-06 09:30,2
2026-07-06 09:35,2
2026-07-06 09:40,2
2026-07-06 09:45,1
2026-07-06 09:50,1
2026-07-06 10:05,1
2026-07-06 10:10,1
2026-07-06 10:15,1
2026-07-06 10:20,1
2026-07-06 10:25,1
2026-07-06 10:30,2
2026-07-06 10:35,2
2026-07-06 10:40,2
2026-07-06 10:45,1
2026-07-06 10:50,1
2026-07-06 10:55,1
2026-07-06 11:00,1
2026-07-06 11:35,1
2026-07-06 11:40,1
2026-07-06 11:45,1
2026-07-06 11:50,1
2026-07-06 11:55,1
2026-07-06 12:00,1
2026-07-06 12:05,1
2026-07-06 12:10,1
2026-07-06 12:15,1
2026-07-06 12:20,1
2026-07-06 12:25,1
2026-07-06 12:30,1
2026-07-06 12:35,1
2026-07-06 12:40,1
2026-07-06 12:45,1
2026-07-06 12:50,1
2026-07-06 12:55,1
2026-07-06 13:00,1
2026-07-06 13:25,1
2026-07-06 13:30,1
2026-07-06 13:35,1
2026-07-06 13:40,1
2026-07-06 13:45,1
2026-07-06 13:50,1
2026-07-06 14:10,1
2026-07-06 14:15,1
2026-07-06 14:20,1
2026-07-06 14:25,2
2026-07-06 14:30,2
2026-07-06 14:35,2
2026-07-06 14:40,2
2026-07-06 14:45,2
2026-07-06 14:50,2
2026-07-06 14:55,2
2026-07-06 15:00,1
2026-07-06 15:05,1
2026-07-06 15:45,1
2026-07-06 15:50,1
2026-07-06 15:55,2
2026-07-06 16:00,2
2026-07-06 16:05,3
2026-07-06 16:10,3
2026-07-06 16:15,3
2026-07-06 16:20,3
2026-07-06 16:25,3
2026-07-06 16:30,2
2026-07-06 16:35,2
2026-07-06 16:40,1
2026-07-06 16:45,1
2026-07-06 17:55,1
2026-07-06 18:00,1
2026-07-06 18:05,1
2026-07-06 18:10,1
2026-07-06 18:15,1
2026-07-06 18:20,2
2026-07-06 18:25,2
2026-07-06 18:30,3
2026-07-06 18:35,3
2026-07-06 18:40,3
2026-07-06 18:45,3
2026-07-06 18:50,3
2026-07-06 18:55,2
2026-07-06 19:00,2
2026-07-06 19:05,1
2026-07-06 19:10,2
2026-07-06 19:15,2
2026-07-06 19:20,2
2026-07-06 19:25,1
2026-07-06 19:30,1
2026-07-06 19:35,1
2026-07-06 19:40,1
2026-07-06 19:45,1
2026-07-06 19:50,1
2026-07-06 20:00,1
2026-07-06 20:05,1
2026-07-06 20:10,1
2026-07-06 20:15,1
2026-07-06 20:20,1
2026-07-06 20:25,1
2026-07-06 20:30,2
2026-07-06 20:35,2
2026-07-06 20:40,3
2026-07-06 20:45,2
2026-07-06 20:50,3
2026-07-06 20:55,3
2026-07-06 21:00,3
2026-07-06 21:05,3
2026-07-06 21:10,3
2026-07-06 21:15,2
2026-07-06 21:20,2
2026-07-06 21:25,1
2026-07-06 21:30,1
2026-07-06 21:40,1
2026-07-06 21:45,1
2026-07-06 21:50,1
2026-07-06 21:55,1
2026-07-06 22:00,1
2026-07-06 22:05,2
2026-07-06 22:10,2
2026-07-06 22:15,2
2026-07-06 22:20,2
2026-07-06 22:25,2
2026-07-06 22:30,2
2026-07-06 22:35,2
2026-07-06 22:40,2
2026-07-06 22:45,2
2026-07-06 22:50,1
2026-07-06 22:55,1
2026-07-06 23:00,1
2026-07-07 07:30,1
2026-07-07 07:35,1
2026-07-07 07:40,2
2026-07-07 07:45,2
2026-07-07 07:50,3
2026-07-07 07:55,3
2026-07-07 08:00,3
2026-07-07 08:05,2
2026-07-07 08:10,2
2026-07-07 08:15,2
2026-07-07 08:20,3
2026-07-07 08:25,3
2026-07-07 08:30,3
2026-07-07 08:35,2
2026-07-07 08:40,2
2026-07-07 08:45,2
2026-07-07 08:50,2
2026-07-07 08:55,1
2026-07-07 09:25,1
2026-07-07 09:30,1
2026-07-07 09:35,1
2026-07-07 09:40,1
2026-07-07 10:05,1
2026-07-07 10:10,1
2026-07-07 10:15,1
2026-07-07 10:20,1
2026-07-07 10:25,1
2026-07-07 10:30,2
2026-07-07 10:35,2
2026-07-07 10:40,2
2026-07-07 10:45,1
2026-07-07 10:50,1
2026-07-07 10:55,1
2026-07-07 11:00,1
2026-07-07 11:35,1
2026-07-07 11:40,1
2026-07-07 11:45,1
2026-07-07 11:50,1
2026-07-07 11:55,1
2026-07-07 12:00,1
2026-07-07 12:05,1
2026-07-07 12:10,1
2026-07-07 12:15,1
2026-07-07 12:20,1
2026-07-07 12:25,1
2026-07-07 12:30,1
2026-07-07 12:35,1
2026-07-07 12:40,1
2026-07-07 12:45,1
2026-07-07 12:50,1
2026-07-07 12:55,1
2026-07-07 13:00,1
2026-07-07 13:20,1
2026-07-07 13:25,2
2026-07-07 13:30,2
2026-07-07 13:35,2
2026-07-07 13:40,2
2026-07-07 13:45,1
2026-07-07 13:50,1
2026-07-07 14:10,1
2026-07-07 14:15,1
2026-07-07 14:20,1
2026-07-07 14:25,2
2026-07-07 14:30,2
2026-07-07 14:35,2
2026-07-07 14:40,2
2026-07-07 14:45,2
2026-07-07 14:50,2
2026-07-07 14:55,2
2026-07-07 15:00,1
2026-07-07 15:05,1
2026-07-07 15:45,1
2026-07-07 15:50,1
2026-07-07 15:55,2
2026-07-07 16:00,2
2026-07-07 16:05,3
2026-07-07 16:10,3
2026-07-07 16:15,3
2026-07-07 16:20,3
2026-07-07 16:25,3
2026-07-07 16:30,2
2026-07-07 16:35,2
2026-07-07 16:40,1
2026-07-07 16:45,1
2026-07-07 17:55,1
2026-07-07 18:00,1
2026-07-07 18:05,1
2026-07-07 18:10,1
2026-07-07 18:15,1
2026-07-07 18:20,1
2026-07-07 18:25,1
2026-07-07 18:30,2
2026-07-07 18:35,2
2026-07-07 18:40,2
2026-07-07 18:45,2
2026-07-07 18:50,2
2026-07-07 18:55,2
2026-07-07 19:00,2
2026-07-07 19:05,1
2026-07-07 19:10,2
2026-07-07 19:15,2
2026-07-07 19:20,2
2026-07-07 19:25,1
2026-07-07 19:30,1
2026-07-07 19:35,1
2026-07-07 19:40,1
2026-07-07 19:45,1
2026-07-07 19:50,1
2026-07-07 20:00,1
2026-07-07 20:05,1
2026-07-07 20:10,1
2026-07-07 20:15,1
2026-07-07 20:20,1
2026-07-07 20:25,1
2026-07-07 20:30,2
2026-07-07 20:35,2
2026-07-07 20:40,3
2026-07-07 20:45,2
2026-07-07 20:50,3
2026-07-07 20:55,3
2026-07-07 21:00,3
2026-07-07 21:05,3
2026-07-07 21:10,3
2026-07-07 21:15,2
2026-07-07 21:20,2
2026-07-07 21:25,1
2026-07-07 21:30,1
2026-07-07 21:40,1
2026-07-07 21:45,1
2026-07-07 21:50,1
2026-07-07 21:55,1
2026-07-07 22:00,1
2026-07-07 22:05,2
2026-07-07 22:10,2
2026-07-07 22:15,1
2026-07-07 22:20,1
2026-07-07 22:25,1
2026-07-07 22:30,1
2026-07-07 22:35,1
2026-07-07 22:40,1
2026-07-07 22:45,1
2026-07-08 07:40,1
2026-07-08 07:45,1
2026-07-08 07:50,2
2026-07-08 07:55,2
2026-07-08 08:00,2
2026-07-08 08:05,2
2026-07-08 08:10,2
2026-07-08 08:15,2
2026-07-08 08:20,4
2026-07-08 08:25,4
2026-07-08 08:30,4
2026-07-08 08:35,3
2026-07-08 08:40,3
2026-07-08 08:45,3
2026-07-08 08:50,3
2026-07-08 08:55,2
2026-07-08 09:00,1
2026-07-08 09:05,1
2026-07-08 09:10,1
2026-07-08 09:15,1
2026-07-08 09:20,1
2026-07-08 09:25,2
2026-07-08 09:30,2
2026-07-08 09:35,2
2026-07-08 09:40,2
2026-07-08 09:45,1
2026-07-08 09:50,1
2026-07-08 10:05,1
2026-07-08 10:10,1
2026-07-08 10:15,1
2026-07-08 10:20,1
2026-07-08 10:25,1
2026-07-08 10:30,2
2026-07-08 10:35,2
2026-07-08 10:40,2
2026-07-08 10:45,1
2026-07-08 10:50,1
2026-07-08 10:55,1
2026-07-08 11:00,1
2026-07-08 11:35,1
2026-07-08 11:40,1
2026-07-08 11:45,1
2026-07-08 11:50,1
2026-07-08 11:55,1
2026-07-08 12:00,1
2026-07-08 12:05,1
2026-07-08 12:10,1
2026-07-08 12:15,1
2026-07-08 12:20,1
2026-07-08 12:25,1
2026-07-08 12:30,1
2026-07-08 12:35,1
2026-07-08 12:40,1
2026-07-08 12:45,1
2026-07-08 12:50,1
2026-07-08 12:55,1
2026-07-08 13:00,1
2026-07-08 13:25,1
2026-07-08 13:30,1
2026-07-08 13:35,1
2026-07-08 13:40,1
2026-07-08 13:45,1
2026-07-08 13:50,1
2026-07-08 14:10,1
2026-07-08 14:15,1
2026-07-08 14:20,1
2026-07-08 14:25,2
2026-07-08 14:30,2
2026-07-08 14:35,2
2026-07-08 14:40,2
2026-07-08 14:45,2
2026-07-08 14:50,2
2026-07-08 14:55,2
2026-07-08 15:00,1
2026-07-08 15:05,1
2026-07-08 15:45,1
2026-07-08 15:50,1
2026-07-08 15:55,2
2026-07-08 16:00,2
2026-07-08 16:05,3
2026-07-08 16:10,3
2026-07-08 16:15,3
2026-07-08 16:20,3
2026-07-08 16:25,3
2026-07-08 16:30,2
2026-07-08 16:35,2
2026-07-08 16:40,1
2026-07-08 16:45,1
2026-07-08 17:55,1
2026-07-08 18:00,1
2026-07-08 18:05,1
2026-07-08 18:10,1
2026-07-08 18:15,1
2026-07-08 18:20,2
2026-07-08 18:25,2
2026-07-08 18:30,3
2026-07-08 18:35,3
2026-07-08 18:40,3
2026-07-08 18:45,3
2026-07-08 18:50,3
2026-07-08 18:55,2
2026-07-08 19:00,2
2026-07-08 19:05,1
2026-07-08 19:10,2
2026-07-08 19:15,2
2026-07-08 19:20,2
2026-07-08 19:25,1
2026-07-08 19:30,1
2026-07-08 19:35,1
2026-07-08 19:40,1
2026-07-08 19:45,1
2026-07-08 19:50,1
2026-07-08 20:00,1
2026-07-08 20:05,1
2026-07-08 20:10,1
2026-07-08 20:15,1
2026-07-08 20:20,1
2026-07-08 20:25,1
2026-07-08 20:30,2
2026-07-08 20:35,2
2026-07-08 20:40,3
2026-07-08 20:45,2
2026-07-08 20:50,3
2026-07-08 20:55,3
2026-07-08 21:00,3
2026-07-08 21:05,3
2026-07-08 21:10,3
2026-07-08 21:15,2
2026-07-08 21:20,2
2026-07-08 21:25,1
2026-07-08 21:30,1
2026-07-08 21:40,1
2026-07-08 21:45,1
2026-07-08 21:50,1
2026-07-08 21:55,1
2026-07-08 22:00,1
2026-07-08 22:05,2
2026-07-08 22:10,2
2026-07-08 22:15,2
2026-07-08 22:20,2
2026-07-08 22:25,2
2026-07-08 22:30,2
2026-07-08 22:35,2
2026-07-08 22:40,2
2026-07-08 22:45,2
2026-07-08 22:50,1
2026-07-08 22:55,1
2026-07-08 23:00,1
2026-07-09 07:30,1
2026-07-09 07:35,1
2026-07-09 07:40,2
2026-07-09 07:45,2
2026-07-09 07:50,3
2026-07-09 07:55,3
2026-07-09 08:00,3
2026-07-09 08:05,2
2026-07-09 08:10,2
2026-07-09 08:15,2
2026-07-09 08:20,3
2026-07-09 08:25,3
2026-07-09 08:30,3
2026-07-09 08:35,2
2026-07-09 08:40,2
2026-07-09 08:45,2
2026-07-09 08:50,2
2026-07-09 08:55,1
2026-07-09 09:25,1
2026-07-09 09:30,1
2026-07-09 09:35,1
2026-07-09 09:40,1
2026-07-09 10:05,1
2026-07-09 10:10,1
2026-07-09 10:15,1
2026-07-09 10:20,1
2026-07-09 10:25,1
2026-07-09 10:30,2
2026-07-09 10:35,2
2026-07-09 10:40,2
2026-07-09 10:45,1
2026-07-09 10:50,1
2026-07-09 10:55,1
2026-07-09 11:00,1
2026-07-09 11:35,1
2026-07-09 11:40,1
2026-07-09 11:45,1
2026-07-09 11:50,1
2026-07-09 11:55,1
2026-07-09 12:00,1
2026-07-09 12:05,1
2026-07-09 12:10,1
2026-07-09 12:15,1
2026-07-09 12:20,1
2026-07-09 12:25,1
2026-07-09 12:30,1
2026-07-09 12:35,1
2026-07-09 12:40,1
2026-07-09 12:45,1
2026-07-09 12:50,1
2026-07-09 12:55,1
2026-07-09 13:00,1
2026-07-09 13:20,1
2026-07-09 13:25,2
2026-07-09 13:30,2
2026-07-09 13:35,2
2026-07-09 13:40,2
2026-07-09 13:45,1
2026-07-09 13:50,1
2026-07-09 14:10,1
2026-07-09 14:15,1
2026-07-09 14:20,1
2026-07-09 14:25,2
2026-07-09 14:30,2
2026-07-09 14:35,2
2026-07-09 14:40,2
2026-07-09 14:45,2
2026-07-09 14:50,2
2026-07-09 14:55,2
2026-07-09 15:00,1
2026-07-09 15:05,1
2026-07-09 15:45,1
2026-07-09 15:50,1
2026-07-09 15:55,2
2026-07-09 16:00,2
2026-07-09 16:05,3
2026-07-09 16:10,3
2026-07-09 16:15,3
2026-07-09 16:20,3
2026-07-09 16:25,3
2026-07-09 16:30,2
2026-07-09 16:35,2
2026-07-09 16:40,1
2026-07-09 16:45,1
2026-07-09 17:55,1
2026-07-09 18:00,1
2026-07-09 18:05,1
2026-07-09 18:10,1
2026-07-09 18:15,1
2026-07-09 18:20,1
2026-07-09 18:25,1
2026-07-09 18:30,2
2026-07-09 18:35,2
2026-07-09 18:40,2
2026-07-09 18:45,2
2026-07-09 18:50,2
2026-07-09 18:55,2
2026-07-09 19:00,2
2026-07-09 19:05,1
2026-07-09 19:10,2
2026-07-09 19:15,2
2026-07-09 19:20,2
2026-07-09 19:25,1
2026-07-09 19:30,1
2026-07-09 19:35,1
2026-07-09 19:40,1
2026-07-09 19:45,1
2026-07-09 19:50,1
2026-07-09 20:00,1
2026-07-09 20:05,1
2026-07-09 20:10,1
2026-07-09 20:15,1
2026-07-09 20:20,1
2026-07-09 20:25,1
2026-07-09 20:30,2
2026-07-09 20:35,2
2026-07-09 20:40,3
2026-07-09 20:45,2
2026-07-09 20:50,3
2026-07-09 20:55,3
2026-07-09 21:00,3
2026-07-09 21:05,3
2026-07-09 21:10,3
2026-07-09 21:15,2
2026-07-09 21:20,2
2026-07-09 21:25,1
2026-07-09 21:30,1
2026-07-09 21:40,1
2026-07-09 21:45,1
2026-07-09 21:50,1
2026-07-09 21:55,1
2026-07-09 22:00,1
2026-07-09 22:05,2
2026-07-09 22:10,2
2026-07-09 22:15,1
2026-07-09 22:20,1
2026-07-09 22:25,1
2026-07-09 22:30,1
2026-07-09 22:35,1
2026-07-09 22:40,1
2026-07-09 22:45,1
2026-07-10 07:40,1
2026-07-10 07:45,1
2026-07-10 07:50,2
2026-07-10 07:55,2
2026-07-10 08:00,2
2026-07-10 08:05,2
2026-07-10 08:10,2
2026-07-10 08:15,2
2026-07-10 08:20,4
2026-07-10 08:25,4
2026-07-10 08:30,4
2026-07-10 08:35,3
2026-07-10 08:40,3
2026-07-10 08:45,3
2026-07-10 08:50,3
2026-07-10 08:55,2
2026-07-10 09:00,1
2026-07-10 09:05,1
2026-07-10 09:10,1
2026-07-10 09:15,1
2026-07-10 09:20,1
2026-07-10 09:25,2
2026-07-10 09:30,2
2026-07-10 09:35,2
2026-07-10 09:40,2
2026-07-10 09:45,1
2026-07-10 09:50,1
2026-07-10 10:05,1
2026-07-10 10:10,1
2026-07-10 10:15,1
2026-07-10 10:20,1
2026-07-10 10:25,1
2026-07-10 10:30,2
2026-07-10 10:35,2
2026-07-10 10:40,2
2026-07-10 10:45,1
2026-07-10 10:50,1
2026-07-10 10:55,1
2026-07-10 11:00,1
2026-07-10 11:35,1
2026-07-10 11:40,1
2026-07-10 11:45,1
2026-07-10 11:50,1
2026-07-10 11:55,1
2026-07-10 12:00,1
2026-07-10 12:05,1
2026-07-10 12:10,1
2026-07-10 12:15,1
2026-07-10 12:20,1
2026-07-10 12:25,1
2026-07-10 12:30,1
2026-07-10 12:35,1
2026-07-10 12:40,1
2026-07-10 12:45,1
2026-07-10 12:50,1
2026-07-10 12:55,1
2026-07-10 13:00,1
2026-07-10 13:25,1
2026-07-10 13:30,1
2026-07-10 13:35,1
2026-07-10 13:40,1
2026-07-10 13:45,1
2026-07-10 13:50,1
2026-07-10 14:10,1
2026-07-10 14:15,1
2026-07-10 14:20,1
2026-07-10 14:25,2
2026-07-10 14:30,2
2026-07-10 14:35,2
2026-07-10 14:40,2
2026-07-10 14:45,2
2026-07-10 14:50,2
2026-07-10 14:55,2
2026-07-10 15:00,1
2026-07-10 15:05,1
2026-07-10 15:45,1
2026-07-10 15:50,1
2026-07-10 15:55,2
2026-07-10 16:00,2
2026-07-10 16:05,3
2026-07-10 16:10,3
2026-07-10 16:15,3
2026-07-10 16:20,3
2026-07-10 16:25,3
2026-07-10 16:30,2
2026-07-10 16:35,2
2026-07-10 16:40,1
2026-07-10 16:45,1
2026-07-10 17:55,1
2026-07-10 18:00,1
2026-07-10 18:05,1
2026-07-10 18:10,1
2026-07-10 18:15,1
2026-07-10 18:20,2
2026-07-10 18:25,2
2026-07-10 18:30,3
2026-07-10 18:35,3
2026-07-10 18:40,3
2026-07-10 18:45,3
2026-07-10 18:50,3
2026-07-10 18:55,2
2026-07-10 19:00,2
2026-07-10 19:05,1
2026-07-10 19:10,2
2026-07-10 19:15,2
2026-07-10 19:20,2
2026-07-10 19:25,1
2026-07-10 19:30,1
2026-07-10 19:35,1
2026-07-10 19:40,1
2026-07-10 19:45,1
2026-07-10 19:50,1
2026-07-10 20:00,1
2026-07-10 20:05,1
2026-07-10 20:10,1
2026-07-10 20:15,1
2026-07-10 20:20,1
2026-07-10 20:25,1
2026-07-10 20:30,2
2026-07-10 20:35,2
2026-07-10 20:40,3
2026-07-10 20:45,2
2026-07-10 20:50,3
2026-07-10 20:55,3
2026-07-10 21:00,3
2026-07-10 21:05,3
2026-07-10 21:10,3
2026-07-10 21:15,2
2026-07-10 21:20,2
2026-07-10 21:25,1
2026-07-10 21:30,1
2026-07-10 21:40,1
2026-07-10 21:45,1
2026-07-10 21:50,1
2026-07-10 21:55,1
2026-07-10 22:00,1
2026-07-10 22:05,2
2026-07-10 22:10,2
2026-07-10 22:15,2
2026-07-10 22:20,2
2026-07-10 22:25,2
2026-07-10 22:30,2
2026-07-10 22:35,2
2026-07-10 22:40,2
2026-07-10 22:45,2
2026-07-10 22:50,1
2026-07-10 22:55,1
2026-07-10 23:00,1
2026-07-11 07:30,1
2026-07-11 07:35,1
2026-07-11 07:40,2
2026-07-11 07:45,2
2026-07-11 07:50,3
2026-07-11 07:55,3
2026-07-11 08:00,3
2026-07-11 08:05,2
2026-07-11 08:10,2
2026-07-11 08:15,2
2026-07-11 08:20,3
2026-07-11 08:25,3
2026-07-11 08:30,3
2026-07-11 08:35,2
2026-07-11 08:40,2
2026-07-11 08:45,2
2026-07-11 08:50,2
2026-07-11 08:55,1
2026-07-11 09:25,1
2026-07-11 09:30,1
2026-07-11 09:35,1
2026-07-11 09:40,1
2026-07-11 10:05,1
2026-07-11 10:10,1
2026-07-11 10:15,1
2026-07-11 10:20,1
2026-07-11 10:25,1
2026-07-11 10:30,2
2026-07-11 10:35,2
2026-07-11 10:40,2
2026-07-11 10:45,1
2026-07-11 10:50,1
2026-07-11 10:55,1
2026-07-11 11:00,1
2026-07-11 11:35,1
2026-07-11 11:40,1
2026-07-11 11:45,1
2026-07-11 11:50,1
2026-07-11 11:55,1
2026-07-11 12:00,1
2026-07-11 12:05,1
2026-07-11 12:10,1
2026-07-11 12:15,1
2026-07-11 12:20,1
2026-07-11 12:25,1
2026-07-11 12:30,1
2026-07-11 12:35,1
2026-07-11 12:40,1
2026-07-11 12:45,1
2026-07-11 12:50,1
2026-07-11 12:55,1
2026-07-11 13:00,1
2026-07-11 13:20,1
2026-07-11 13:25,2
2026-07-11 13:30,2
2026-07-11 13:35,2
2026-07-11 13:40,2
2026-07-11 13:45,1
2026-07-11 13:50,1
2026-07-11 14:10,1
2026-07-11 14:15,1
2026-07-11 14:20,1
2026-07-11 14:25,2
2026-07-11 14:30,2
2026-07-11 14:35,2
2026-07-11 14:40,2
2026-07-11 14:45,2
2026-07-11 14:50,2
2026-07-11 14:55,2
2026-07-11 15:00,1
2026-07-11 15:05,1
2026-07-11 15:45,1
2026-07-11 15:50,1
2026-07-11 15:55,2
2026-07-11 16:00,2
2026-07-11 16:05,3
2026-07-11 16:10,3
2026-07-11 16:15,3
2026-07-11 16:20,3
2026-07-11 16:25,3
2026-07-11 16:30,2
2026-07-11 16:35,2
2026-07-11 16:40,1
2026-07-11 16:45,1
2026-07-11 17:55,1
2026-07-11 18:00,1
2026-07-11 18:05,1
2026-07-11 18:10,1
2026-07-11 18:15,1
2026-07-11 18:20,1
2026-07-11 18:25,1
2026-07-11 18:30,2
2026-07-11 18:35,2
2026-07-11 18:40,2
2026-07-11 18:45,2
2026-07-11 18:50,2
2026-07-11 18:55,2
2026-07-11 19:00,2
2026-07-11 19:05,1
2026-07-11 19:10,2
2026-07-11 19:15,2
2026-07-11 19:20,2
2026-07-11 19:25,1
2026-07-11 19:30,1
2026-07-11 19:35,1
2026-07-11 19:40,1
2026-07-11 19:45,1
2026-07-11 19:50,1
2026-07-11 20:00,1
2026-07-11 20:05,1
2026-07-11 20:10,1
2026-07-11 20:15,1
2026-07-11 20:20,1
2026-07-11 20:25,1
2026-07-11 20:30,2
2026-07-11 20:35,2
2026-07-11 20:40,3
2026-07-11 20:45,2
2026-07-11 20:50,3
2026-07-11 20:55,3
2026-07-11 21:00,3
2026-07-11 21:05,3
2026-07-11 21:10,3
2026-07-11 21:15,2
2026-07-11 21:20,2
2026-07-11 21:25,1
2026-07-11 21:30,1
2026-07-11 21:40,1
2026-07-11 21:45,1
2026-07-11 21:50,1
2026-07-11 21:55,1
2026-07-11 22:00,1
2026-07-11 22:05,2
2026-07-11 22:10,2
2026-07-11 22:15,2
2026-07-11 22:20,2
2026-07-11 22:25,2
2026-07-11 22:30,2
2026-07-11 22:35,2
2026-07-11 22:40,2
2026-07-11 22:45,2
2026-07-11 22:50,1
2026-07-11 22:55,1
2026-07-11 23:00,1
2026-07-12 07:40,1
2026-07-12 07:45,1
2026-07-12 07:50,2
2026-07-12 07:55,2
2026-07-12 08:00,2
2026-07-12 08:05,2
2026-07-12 08:10,2
2026-07-12 08:15,2
2026-07-12 08:20,4
2026-07-12 08:25,4
2026-07-12 08:30,4
2026-07-12 08:35,3
2026-07-12 08:40,3
2026-07-12 08:45,3
2026-07-12 08:50,3
2026-07-12 08:55,2
2026-07-12 09:00,1
2026-07-12 09:05,1
2026-07-12 09:10,1
2026-07-12 09:15,1
2026-07-12 09:20,1
2026-07-12 09:25,2
2026-07-12 09:30,2
2026-07-12 09:35,2
2026-07-12 09:40,2
2026-07-12 09:45,1
2026-07-12 09:50,1
2026-07-12 10:05,1
2026-07-12 10:10,1
2026-07-12 10:15,1
2026-07-12 10:20,1
2026-07-12 10:25,1
2026-07-12 10:30,2
2026-07-12 10:35,2
2026-07-12 10:40,2
2026-07-12 10:45,1
2026-07-12 10:50,1
2026-07-12 10:55,1
2026-07-12 11:00,1
2026-07-12 11:35,1
2026-07-12 11:40,1
2026-07-12 11:45,1
2026-07-12 11:50,1
2026-07-12 11:55,1
2026-07-12 12:00,1
2026-07-12 12:05,1
2026-07-12 12:10,1
2026-07-12 12:15,1
2026-07-12 12:20,1
2026-07-12 12:25,1
2026-07-12 12:30,1
2026-07-12 12:35,1
2026-07-12 12:40,1
2026-07-12 12:45,1
2026-07-12 12:50,1
2026-07-12 12:55,1
2026-07-12 13:00,1
2026-07-12 13:25,1
2026-07-12 13:30,1
2026-07-12 13:35,1
2026-07-12 13:40,1
2026-07-12 13:45,1
2026-07-12 13:50,1
2026-07-12 14:10,1
2026-07-12 14:15,1
2026-07-12 14:20,1
2026-07-12 14:25,2
2026-07-12 14:30,2
2026-07-12 14:35,2
2026-07-12 14:40,2
2026-07-12 14:45,2
2026-07-12 14:50,2
2026-07-12 14:55,2
2026-07-12 15:00,1
2026-07-12 15:05,1
2026-07-12 15:45,1
2026-07-12 15:50,1
2026-07-12 15:55,2
2026-07-12 16:00,2
2026-07-12 16:05,3
2026-07-12 16:10,3
2026-07-12 16:15,3
2026-07-12 16:20,3
2026-07-12 16:25,3
2026-07-12 16:30,2
2026-07-12 16:35,2
2026-07-12 16:40,1
2026-07-12 16:45,1
2026-07-12 17:55,1
2026-07-12 18:00,1
2026-07-12 18:05,1
2026-07-12 18:10,1
2026-07-12 18:15,1
2026-07-12 18:20,2
2026-07-12 18:25,2
2026-07-12 18:30,3
2026-07-12 18:35,3
2026-07-12 18:40,3
2026-07-12 18:45,3
2026-07-12 18:50,3
2026-07-12 18:55,2
2026-07-12 19:00,2
2026-07-12 19:05,1
2026-07-12 19:10,2
2026-07-12 19:15,2
2026-07-12 19:20,2
2026-07-12 19:25,1
2026-07-12 19:30,1
2026-07-12 19:35,1
2026-07-12 19:40,1
2026-07-12 19:45,1
2026-07-12 19:50,1
2026-07-12 20:00,1
2026-07-12 20:05,1
2026-07-12 20:10,1
2026-07-12 20:15,1
2026-07-12 20:20,1
2026-07-12 20:25,1
2026-07-12 20:30,2
2026-07-12 20:35,2
2026-07-12 20:40,3
2026-07-12 20:45,2
2026-07-12 20:50,3
2026-07-12 20:55,3
2026-07-12 21:00,3
2026-07-12 21:05,3
2026-07-12 21:10,3
2026-07-12 21:15,2
2026-07-12 21:20,2
2026-07-12 21:25,1
2026-07-12 21:30,1
2026-07-12 21:40,1
2026-07-12 21:45,1
2026-07-12 21:50,1
2026-07-12 21:55,1
2026-07-12 22:00,1
2026-07-12 22:05,2
2026-07-12 22:10,2
2026-07-12 22:15,1
2026-07-12 22:20,1
2026-07-12 22:25,1
2026-07-12 22:30,1
2026-07-12 22:35,1
2026-07-12 22:40,1
2026-07-12 22:45,1
2026-07-13 07:30,1
2026-07-13 07:35,1
2026-07-13 07:40,2
2026-07-13 07:45,2
2026-07-13 07:50,3
2026-07-13 07:55,3
2026-07-13 08:00,3
2026-07-13 08:05,2
2026-07-13 08:10,2
2026-07-13 08:15,2
2026-07-13 08:20,4
2026-07-13 08:25,4
2026-07-13 08:30,4
2026-07-13 08:35,3
2026-07-13 08:40,3
2026-07-13 08:45,3
2026-07-13 08:50,3
2026-07-13 08:55,2
2026-07-13 09:00,1
2026-07-13 09:05,1
2026-07-13 09:10,1
2026-07-13 09:15,1
2026-07-13 09:20,1
2026-07-13 09:25,2
2026-07-13 09:30,2
2026-07-13 09:35,2
2026-07-13 09:40,2
2026-07-13 09:45,1
2026-07-13 09:50,1
2026-07-13 10:05,1
2026-07-13 10:10,1
2026-07-13 10:15,1
2026-07-13 10:20,1
2026-07-13 10:25,1
2026-07-13 10:30,2
2026-07-13 10:35,2
2026-07-13 10:40,2
2026-07-13 10:45,1
2026-07-13 10:50,1
2026-07-13 10:55,1
2026-07-13 11:00,1
2026-07-13 11:35,1
2026-07-13 11:40,1
2026-07-13 11:45,1
2026-07-13 11:50,1
2026-07-13 11:55,1
2026-07-13 12:00,1
2026-07-13 12:05,1
2026-07-13 12:10,1
2026-07-13 12:15,1
2026-07-13 12:20,1
2026-07-13 12:25,1
2026-07-13 12:30,1
2026-07-13 12:35,1
2026-07-13 12:40,1
2026-07-13 12:45,1
2026-07-13 12:50,1
2026-07-13 12:55,1
2026-07-13 13:00,1
2026-07-13 13:25,1
2026-07-13 13:30,1
2026-07-13 13:35,1
2026-07-13 13:40,1
2026-07-13 13:45,1
2026-07-13 13:50,1
2026-07-13 14:10,1
2026-07-13 14:15,1
2026-07-13 14:20,1
2026-07-13 14:25,2
2026-07-13 14:30,2
2026-07-13 14:35,2
2026-07-13 14:40,2
2026-07-13 14:45,2
2026-07-13 14:50,2
2026-07-13 14:55,2
2026-07-13 15:00,1
2026-07-13 15:05,1
2026-07-13 15:45,1
2026-07-13 15:50,1
2026-07-13 15:55,2
2026-07-13 16:00,2
2026-07-13 16:05,3
2026-07-13 16:10,3
2026-07-13 16:15,3
2026-07-13 16:20,3
2026-07-13 16:25,3
2026-07-13 16:30,2
2026-07-13 16:35,2
2026-07-13 16:40,1
2026-07-13 16:45,1
2026-07-13 17:55,1
2026-07-13 18:00,1
2026-07-13 18:05,1
2026-07-13 18:10,1
2026-07-13 18:15,1
2026-07-13 18:20,2
2026-07-13 18:25,2
2026-07-13 18:30,3
2026-07-13 18:35,3
2026-07-13 18:40,3
2026-07-13 18:45,3
2026-07-13 18:50,3
2026-07-13 18:55,2
2026-07-13 19:00,2
2026-07-13 19:05,1
2026-07-13 19:10,2
2026-07-13 19:15,2
2026-07-13 19:20,2
2026-07-13 19:25,1
2026-07-13 19:30,1
2026-07-13 19:35,1
2026-07-13 19:40,1
2026-07-13 19:45,1
2026-07-13 19:50,1
2026-07-13 20:00,1
2026-07-13 20:05,1
2026-07-13 20:10,1
2026-07-13 20:15,1
2026-07-13 20:20,1
2026-07-13 20:25,1
2026-07-13 20:30,2
2026-07-13 20:35,2
2026-07-13 20:40,3
2026-07-13 20:45,2
2026-07-13 20:50,3
2026-07-13 20:55,3
2026-07-13 21:00,3
2026-07-13 21:05,3
2026-07-13 21:10,3
2026-07-13 21:15,2
2026-07-13 21:20,2
2026-07-13 21:25,1
2026-07-13 21:30,1
2026-07-13 21:40,1
2026-07-13 21:45,1
2026-07-13 21:50,1
2026-07-13 21:55,1
2026-07-13 22:00,1
2026-07-13 22:05,2
2026-07-13 22:10,2
2026-07-13 22:15,2
2026-07-13 22:20,2
2026-07-13 22:25,2
2026-07-13 22:30,2
2026-07-13 22:35,2
2026-07-13 22:40,2
2026-07-13 22:45,2
2026-07-13 22:50,1
2026-07-13 22:55,1
2026-07-13 23:00,1
2026-07-14 07:30,1
2026-07-14 07:35,1
2026-07-14 07:40,2
2026-07-14 07:45,2
2026-07-14 07:50,3
2026-07-14 07:55,3
2026-07-14 08:00,3
2026-07-14 08:05,2
2026-07-14 08:10,2
2026-07-14 08:15,2
2026-07-14 08:20,3
2026-07-14 08:25,3
2026-07-14 08:30,3
2026-07-14 08:35,2
2026-07-14 08:40,2
2026-07-14 08:45,2
2026-07-14 08:50,2
2026-07-14 08:55,1
2026-07-14 09:25,1
2026-07-14 09:30,1
2026-07-14 09:35,1
2026-07-14 09:40,1
2026-07-14 10:05,1
2026-07-14 10:10,1
2026-07-14 10:15,1
2026-07-14 10:20,1
2026-07-14 10:25,1
2026-07-14 10:30,2
2026-07-14 10:35,2
2026-07-14 10:40,2
2026-07-14 10:45,1
2026-07-14 10:50,1
2026-07-14 10:55,1
2026-07-14 11:00,1
2026-07-14 11:35,1
2026-07-14 11:40,1
2026-07-14 11:45,1
2026-07-14 11:50,1
2026-07-14 11:55,1
2026-07-14 12:00,1
2026-07-14 12:05,1
2026-07-14 12:10,1
2026-07-14 12:15,1
2026-07-14 12:20,1
2026-07-14 12:25,1
2026-07-14 12:30,1
2026-07-14 12:35,1
2026-07-14 12:40,1
2026-07-14 12:45,1
2026-07-14 12:50,1
2026-07-14 12:55,1
2026-07-14 13:00,1
2026-07-14 13:20,1
2026-07-14 13:25,2
2026-07-14 13:30,2
2026-07-14 13:35,2
2026-07-14 13:40,2
2026-07-14 13:45,1
2026-07-14 13:50,1
2026-07-14 14:10,1
2026-07-14 14:15,1
2026-07-14 14:20,1
2026-07-14 14:25,2
2026-07-14 14:30,2
2026-07-14 14:35,2
2026-07-14 14:40,2
2026-07-14 14:45,2
2026-07-14 14:50,2
2026-07-14 14:55,2
2026-07-14 15:00,1
2026-07-14 15:05,1
2026-07-14 15:45,1
2026-07-14 15:50,1
2026-07-14 15:55,2
2026-07-14 16:00,2
2026-07-14 16:05,3
2026-07-14 16:10,3
2026-07-14 16:15,3
2026-07-14 16:20,3
2026-07-14 16:25,3
2026-07-14 16:30,2
2026-07-14 16:35,2
2026-07-14 16:40,1
2026-07-14 16:45,1
2026-07-14 17:55,1
2026-07-14 18:00,1
2026-07-14 18:05,1
2026-07-14 18:10,1
2026-07-14 18:15,1
2026-07-14 18:20,1
2026-07-14 18:25,1
2026-07-14 18:30,2
2026-07-14 18:35,2
2026-07-14 18:40,2
2026-07-14 18:45,2
2026-07-14 18:50,2
2026-07-14 18:55,2
2026-07-14 19:00,2
2026-07-14 19:05,1
2026-07-14 19:10,2
2026-07-14 19:15,2
2026-07-14 19:20,2
2026-07-14 19:25,1
2026-07-14 19:30,1
2026-07-14 19:35,1
2026-07-14 19:40,1
2026-07-14 19:45,1
2026-07-14 19:50,1
2026-07-14 20:00,1
2026-07-14 20:05,1
2026-07-14 20:10,1
2026-07-14 20:15,1
2026-07-14 20:20,1
2026-07-14 20:25,1
2026-07-14 20:30,2
2026-07-14 20:35,2
2026-07-14 20:40,3
2026-07-14 20:45,2
2026-07-14 20:50,3
2026-07-14 20:55,3
2026-07-14 21:00,3
2026-07-14 21:05,3
2026-07-14 21:10,3
2026-07-14 21:15,2
2026-07-14 21:20,2
2026-07-14 21:25,1
2026-07-14 21:30,1
2026-07-14 21:40,1
2026-07-14 21:45,1
2026-07-14 21:50,1
2026-07-14 21:55,1
2026-07-14 22:00,1
2026-07-14 22:05,2
2026-07-14 22:10,2
2026-07-14 22:15,1
2026-07-14 22:20,1
2026-07-14 22:25,1
2026-07-14 22:30,1
2026-07-14 22:35,1
2026-07-14 22:40,1
2026-07-14 22:45,1
2026-07-15 07:40,1
2026-07-15 07:45,1
2026-07-15 07:50,2
2026-07-15 07:55,2
2026-07-15 08:00,2
2026-07-15 08:05,2
2026-07-15 08:10,2
2026-07-15 08:15,2
2026-07-15 08:20,4
2026-07-15 08:25,4
2026-07-15 08:30,4
2026-07-15 08:35,3
2026-07-15 08:40,3
2026-07-15 08:45,3
2026-07-15 08:50,3
2026-07-15 08:55,2
2026-07-15 09:00,1
2026-07-15 09:05,1
2026-07-15 09:10,1
2026-07-15 09:15,1
2026-07-15 09:20,1
2026-07-15 09:25,2
2026-07-15 09:30,2
2026-07-15 09:35,2
2026-07-15 09:40,2
2026-07-15 09:45,1
2026-07-15 09:50,1
2026-07-15 10:05,1
2026-07-15 10:10,1
2026-07-15 10:15,1
2026-07-15 10:20,1
2026-07-15 10:25,1
2026-07-15 10:30,2
2026-07-15 10:35,2
2026-07-15 10:40,2
2026-07-15 10:45,1
2026-07-15 10:50,1
2026-07-15 10:55,1
2026-07-15 11:00,1
2026-07-15 11:35,1
2026-07-15 11:40,1
2026-07-15 11:45,1
2026-07-15 11:50,1
2026-07-15 11:55,1
2026-07-15 12:00,1
2026-07-15 12:05,1
2026-07-15 12:10,1
2026-07-15 12:15,1
2026-07-15 12:20,1
2026-07-15 12:25,1
2026-07-15 12:30,1
2026-07-15 12:35,1
2026-07-15 12:40,1
2026-07-15 12:45,1
2026-07-15 12:50,1
2026-07-15 12:55,1
2026-07-15 13:00,1
2026-07-15 13:25,1
2026-07-15 13:30,1
2026-07-15 13:35,1
2026-07-15 13:40,1
2026-07-15 13:45,1
2026-07-15 13:50,1
2026-07-15 14:10,1
2026-07-15 14:15,1
2026-07-15 14:20,1
2026-07-15 14:25,2
2026-07-15 14:30,2
2026-07-15 14:35,2
2026-07-15 14:40,2
2026-07-15 14:45,2
2026-07-15 14:50,2
2026-07-15 14:55,2
2026-07-15 15:00,1
2026-07-15 15:05,1
2026-07-15 15:45,1
2026-07-15 15:50,1
2026-07-15 15:55,2
2026-07-15 16:00,2
2026-07-15 16:05,3
2026-07-15 16:10,3
2026-07-15 16:15,3
2026-07-15 16:20,3
2026-07-15 16:25,3
2026-07-15 16:30,2
2026-07-15 16:35,2
2026-07-15 16:40,1
2026-07-15 16:45,1
2026-07-15 17:55,1
2026-07-15 18:00,1
2026-07-15 18:05,1
2026-07-15 18:10,1
2026-07-15 18:15,1
2026-07-15 18:20,2
2026-07-15 18:25,2
2026-07-15 18:30,3
2026-07-15 18:35,3
2026-07-15 18:40,3
2026-07-15 18:45,3
2026-07-15 18:50,3
2026-07-15 18:55,2
2026-07-15 19:00,2
2026-07-15 19:05,1
2026-07-15 19:10,2
2026-07-15 19:15,2
2026-07-15 19:20,2
2026-07-15 19:25,1
2026-07-15 19:30,1
2026-07-15 19:35,1
2026-07-15 19:40,1
2026-07-15 19:45,1
2026-07-15 19:50,1
2026-07-15 20:00,1
2026-07-15 20:05,1
2026-07-15 20:10,1
2026-07-15 20:15,1
2026-07-15 20:20,1
2026-07-15 20:25,1
2026-07-15 20:30,2
2026-07-15 20:35,2
2026-07-15 20:40,3
2026-07-15 20:45,2
2026-07-15 20:50,3
2026-07-15 20:55,3
2026-07-15 21:00,3
2026-07-15 21:05,3
2026-07-15 21:10,3
2026-07-15 21:15,2
2026-07-15 21:20,2
2026-07-15 21:25,1
2026-07-15 21:30,1
2026-07-15 21:40,1
2026-07-15 21:45,1
2026-07-15 21:50,1
2026-07-15 21:55,1
2026-07-15 22:00,1
2026-07-15 22:05,2
2026-07-15 22:10,2
2026-07-15 22:15,2
2026-07-15 22:20,2
2026-07-15 22:25,2
2026-07-15 22:30,2
2026-07-15 22:35,2
2026-07-15 22:40,2
2026-07-15 22:45,2
2026-07-15 22:50,1
2026-07-15 22:55,1
2026-07-15 23:00,1
2026-07-16 07:30,1
2026-07-16 07:35,1
2026-07-16 07:40,2
2026-07-16 07:45,2
2026-07-16 07:50,3
2026-07-16 07:55,3
2026-07-16 08:00,3
2026-07-16 08:05,2
2026-07-16 08:10,2
2026-07-16 08:15,2
2026-07-16 08:20,3
2026-07-16 08:25,3
2026-07-16 08:30,3
2026-07-16 08:35,2
2026-07-16 08:40,2
2026-07-16 08:45,2
2026-07-16 08:50,2
2026-07-16 08:55,1
2026-07-16 09:25,1
2026-07-16 09:30,1
2026-07-16 09:35,1
2026-07-16 09:40,1
2026-07-16 10:05,1
2026-07-16 10:10,1
2026-07-16 10:15,1
2026-07-16 10:20,1
2026-07-16 10:25,1
2026-07-16 10:30,2
2026-07-16 10:35,2
2026-07-16 10:40,2
2026-07-16 10:45,1
2026-07-16 10:50,1
2026-07-16 10:55,1
2026-07-16 11:00,1
2026-07-16 11:35,1
2026-07-16 11:40,1
2026-07-16 11:45,1
2026-07-16 11:50,1
2026-07-16 11:55,1
2026-07-16 12:00,1
2026-07-16 12:05,1
2026-07-16 12:10,1
2026-07-16 12:15,1
2026-07-16 12:20,1
2026-07-16 12:25,1
2026-07-16 12:30,1
2026-07-16 12:35,1
2026-07-16 12:40,1
2026-07-16 12:45,1
2026-07-16 12:50,1
2026-07-16 12:55,1
2026-07-16 13:00,1
2026-07-16 13:20,1
2026-07-16 13:25,2
2026-07-16 13:30,2
2026-07-16 13:35,2
2026-07-16 13:40,2
2026-07-16 13:45,1
2026-07-16 13:50,1
2026-07-16 14:10,1
2026-07-16 14:15,1
2026-07-16 14:20,1
2026-07-16 14:25,2
2026-07-16 14:30,2
2026-07-16 14:35,2
2026-07-16 14:40,2
2026-07-16 14:45,2
2026-07-16 14:50,2
2026-07-16 14:55,2
2026-07-16 15:00,1
2026-07-16 15:05,1
2026-07-16 15:45,1
2026-07-16 15:50,1
2026-07-16 15:55,2
2026-07-16 16:00,2
2026-07-16 16:05,3
2026-07-16 16:10,3
2026-07-16 16:15,3
2026-07-16 16:20,3
2026-07-16 16:25,3
2026-07-16 16:30,2
2026-07-16 16:35,2
2026-07-16 16:40,1
2026-07-16 16:45,1
2026-07-16 17:55,1
2026-07-16 18:00,1
2026-07-16 18:05,1
2026-07-16 18:10,1
2026-07-16 18:15,1
2026-07-16 18:20,1
2026-07-16 18:25,1
2026-07-16 18:30,2
2026-07-16 18:35,2
2026-07-16 18:40,2
2026-07-16 18:45,2
2026-07-16 18:50,2
2026-07-16 18:55,2
2026-07-16 19:00,2
2026-07-16 19:05,1
2026-07-16 19:10,2
2026-07-16 19:15,2
2026-07-16 19:20,2
2026-07-16 19:25,1
2026-07-16 19:30,1
2026-07-16 19:35,1
2026-07-16 19:40,1
2026-07-16 19:45,1
2026-07-16 19:50,1
2026-07-16 20:00,1
2026-07-16 20:05,1
2026-07-16 20:10,1
2026-07-16 20:15,1
2026-07-16 20:20,1
2026-07-16 20:25,1
2026-07-16 20:30,2
2026-07-16 20:35,2
2026-07-16 20:40,3
2026-07-16 20:45,2
2026-07-16 20:50,3
2026-07-16 20:55,3
2026-07-16 21:00,3
2026-07-16 21:05,3
2026-07-16 21:10,3
2026-07-16 21:15,2
2026-07-16 21:20,2
2026-07-16 21:25,1
2026-07-16 21:30,1
2026-07-16 21:40,1
2026-07-16 21:45,1
2026-07-16 21:50,1
2026-07-16 21:55,1
2026-07-16 22:00,1
2026-07-16 22:05,2
2026-07-16 22:10,2
2026-07-16 22:15,1
2026-07-16 22:20,1
2026-07-16 22:25,1
2026-07-16 22:30,1
2026-07-16 22:35,1
2026-07-16 22:40,1
2026-07-16 22:45,1
2026-07-17 07:40,1
2026-07-17 07:45,1
2026-07-17 07:50,2
2026-07-17 07:55,2
2026-07-17 08:00,2
2026-07-17 08:05,2
2026-07-17 08:10,2
2026-07-17 08:15,2
2026-07-17 08:20,4
2026-07-17 08:25,4
2026-07-17 08:30,4
2026-07-17 08:35,3
2026-07-17 08:40,3
2026-07-17 08:45,3
2026-07-17 08:50,3
2026-07-17 08:55,2
2026-07-17 09:00,1
2026-07-17 09:05,1
2026-07-17 09:10,1
2026-07-17 09:15,1
2026-07-17 09:20,1
2026-07-17 09:25,2
2026-07-17 09:30,2
2026-07-17 09:35,2
2026-07-17 09:40,2
2026-07-17 09:45,1
2026-07-17 09:50,1
2026-07-17 10:05,1
2026-07-17 10:10,1
2026-07-17 10:15,1
2026-07-17 10:20,1
2026-07-17 10:25,1
2026-07-17 10:30,2
2026-07-17 10:35,2
2026-07-17 10:40,2
2026-07-17 10:45,1
2026-07-17 10:50,1
2026-07-17 10:55,1
2026-07-17 11:00,1
2026-07-17 11:35,1
2026-07-17 11:40,1
2026-07-17 11:45,1
2026-07-17 11:50,1
2026-07-17 11:55,1
2026-07-17 12:00,1
2026-07-17 12:05,1
2026-07-17 12:10,1
2026-07-17 12:15,1
2026-07-17 12:20,1
2026-07-17 12:25,1
2026-07-17 12:30,1
2026-07-17 12:35,1
2026-07-17 12:40,1
2026-07-17 12:45,1
2026-07-17 12:50,1
2026-07-17 12:55,1
2026-07-17 13:00,1
2026-07-17 13:25,1
2026-07-17 13:30,1
2026-07-17 13:35,1
2026-07-17 13:40,1
2026-07-17 13:45,1
2026-07-17 13:50,1
2026-07-17 14:10,1
2026-07-17 14:15,1
2026-07-17 14:20,1
2026-07-17 14:25,2
2026-07-17 14:30,2
2026-07-17 14:35,2
2026-07-17 14:40,2
2026-07-17 14:45,2
2026-07-17 14:50,2
2026-07-17 14:55,2
2026-07-17 15:00,1
2026-07-17 15:05,1
2026-07-17 15:45,1
2026-07-17 15:50,1
2026-07-17 15:55,2
2026-07-17 16:00,2
2026-07-17 16:05,3
2026-07-17 16:10,3
2026-07-17 16:15,3
2026-07-17 16:20,3
2026-07-17 16:25,3
2026-07-17 16:30,2
2026-07-17 16:35,2
2026-07-17 16:40,1
2026-07-17 16:45,1
2026-07-17 17:55,1
2026-07-17 18:00,1
2026-07-17 18:05,1
2026-07-17 18:10,1
2026-07-17 18:15,1
2026-07-17 18:20,2
2026-07-17 18:25,2
2026-07-17 18:30,3
2026-07-17 18:35,3
2026-07-17 18:40,3
2026-07-17 18:45,3
2026-07-17 18:50,3
2026-07-17 18:55,2
2026-07-17 19:00,2
2026-07-17 19:05,1
2026-07-17 19:10,2
2026-07-17 19:15,2
2026-07-17 19:20,2
2026-07-17 19:25,1
2026-07-17 19:30,1
2026-07-17 19:35,1
2026-07-17 19:40,1
2026-07-17 19:45,1
2026-07-17 19:50,1
2026-07-17 20:00,1
2026-07-17 20:05,1
2026-07-17 20:10,1
2026-07-17 20:15,1
2026-07-17 20:20,1
2026-07-17 20:25,1
2026-07-17 20:30,2
2026-07-17 20:35,2
2026-07-17 20:40,3
2026-07-17 20:45,2
2026-07-17 20:50,3
2026-07-17 20:55,3
2026-07-17 21:00,3
2026-07-17 21:05,3
2026-07-17 21:10,3
2026-07-17 21:15,2
2026-07-17 21:20,2
2026-07-17 21:25,1
2026-07-17 21:30,1
2026-07-17 21:40,1
2026-07-17 21:45,1
2026-07-17 21:50,1
2026-07-17 21:55,1
2026-07-17 22:00,1
2026-07-17 22:05,2
2026-07-17 22:10,2
2026-07-17 22:15,2
2026-07-17 22:20,2
2026-07-17 22:25,2
2026-07-17 22:30,2
2026-07-17 22:35,2
2026-07-17 22:40,2
2026-07-17 22:45,2
2026-07-17 22:50,1
2026-07-17 22:55,1
2026-07-17 23:00,1
2026-07-18 07:30,1
2026-07-18 07:35,1
2026-07-18 07:40,2
2026-07-18 07:45,2
2026-07-18 07:50,3
2026-07-18 07:55,3
2026-07-18 08:00,3
2026-07-18 08:05,2
2026-07-18 08:10,2
2026-07-18 08:15,2
2026-07-18 08:20,3
2026-07-18 08:25,3
2026-07-18 08:30,3
2026-07-18 08:35,2
2026-07-18 08:40,2
2026-07-18 08:45,2
2026-07-18 08:50,2
2026-07-18 08:55,1
2026-07-18 09:25,1
2026-07-18 09:30,1
2026-07-18 09:35,1
2026-07-18 09:40,1
2026-07-18 10:05,1
2026-07-18 10:10,1
2026-07-18 10:15,1
2026-07-18 10:20,1
2026-07-18 10:25,1
2026-07-18 10:30,2
2026-07-18 10:35,2
2026-07-18 10:40,2
2026-07-18 10:45,1
2026-07-18 10:50,1
2026-07-18 10:55,1
2026-07-18 11:00,1
2026-07-18 11:35,1
2026-07-18 11:40,1
2026-07-18 11:45,1
2026-07-18 11:50,1
2026-07-18 11:55,1
2026-07-18 12:00,1
2026-07-18 12:05,1
2026-07-18 12:10,1
2026-07-18 12:15,1
2026-07-18 12:20,1
2026-07-18 12:25,1
2026-07-18 12:30,1
2026-07-18 12:35,1
2026-07-18 12:40,1
2026-07-18 12:45,1
2026-07-18 12:50,1
2026-07-18 12:55,1
2026-07-18 13:00,1
2026-07-18 13:20,1
2026-07-18 13:25,2
2026-07-18 13:30,2
2026-07-18 13:35,2
2026-07-18 13:40,2
2026-07-18 13:45,1
2026-07-18 13:50,1
2026-07-18 14:10,1
2026-07-18 14:15,1
2026-07-18 14:20,1
2026-07-18 14:25,2
2026-07-18 14:30,2
2026-07-18 14:35,2
2026-07-18 14:40,2
2026-07-18 14:45,2
2026-07-18 14:50,2
2026-07-18 14:55,2
2026-07-18 15:00,1
2026-07-18 15:05,1
2026-07-18 15:45,1
2026-07-18 15:50,1
2026-07-18 15:55,2
2026-07-18 16:00,2
2026-07-18 16:05,3
2026-07-18 16:10,3
2026-07-18 16:15,3
2026-07-18 16:20,3
2026-07-18 16:25,3
2026-07-18 16:30,2
2026-07-18 16:35,2
2026-07-18 16:40,1
2026-07-18 16:45,1
2026-07-18 17:55,1
2026-07-18 18:00,1
2026-07-18 18:05,1
2026-07-18 18:10,1
2026-07-18 18:15,1
2026-07-18 18:20,1
2026-07-18 18:25,1
2026-07-18 18:30,2
2026-07-18 18:35,2
2026-07-18 18:40,2
2026-07-18 18:45,2
2026-07-18 18:50,2
2026-07-18 18:55,2
2026-07-18 19:00,2
2026-07-18 19:05,1
2026-07-18 19:10,2
2026-07-18 19:15,2
2026-07-18 19:20,2
2026-07-18 19:25,1
2026-07-18 19:30,1
2026-07-18 19:35,1
2026-07-18 19:40,1
2026-07-18 19:45,1
2026-07-18 19:50,1
2026-07-18 20:00,1
2026-07-18 20:05,1
2026-07-18 20:10,1
2026-07-18 20:15,1
2026-07-18 20:20,1
2026-07-18 20:25,1
2026-07-18 20:30,2
2026-07-18 20:35,2
2026-07-18 20:40,3
2026-07-18 20:45,2
2026-07-18 20:50,3
2026-07-18 20:55,3
2026-07-18 21:00,3
2026-07-18 21:05,3
2026-07-18 21:10,3
2026-07-18 21:15,2
2026-07-18 21:20,2
2026-07-18 21:25,1
2026-07-18 21:30,1
2026-07-18 21:40,1
2026-07-18 21:45,1
2026-07-18 21:50,1
2026-07-18 21:55,1
2026-07-18 22:00,1
2026-07-18 22:05,2
2026-07-18 22:10,2
2026-07-18 22:15,2
2026-07-18 22:20,2
2026-07-18 22:25,2
2026-07-18 22:30,2
2026-07-18 22:35,2
2026-07-18 22:40,2
2026-07-18 22:45,2
2026-07-18 22:50,1
2026-07-18 22:55,1
2026-07-18 23:00,1
2026-07-19 07:40,1
2026-07-19 07:45,1
2026-07-19 07:50,2
2026-07-19 07:55,2
2026-07-19 08:00,2
2026-07-19 08:05,2
2026-07-19 08:10,2
2026-07-19 08:15,2
2026-07-19 08:20,4
2026-07-19 08:25,4
2026-07-19 08:30,4
2026-07-19 08:35,3
2026-07-19 08:40,3
2026-07-19 08:45,3
2026-07-19 08:50,3
2026-07-19 08:55,2
2026-07-19 09:00,1
2026-07-19 09:05,1
2026-07-19 09:10,1
2026-07-19 09:15,1
2026-07-19 09:20,1
2026-07-19 09:25,2
2026-07-19 09:30,2
2026-07-19 09:35,2
2026-07-19 09:40,2
2026-07-19 09:45,1
2026-07-19 09:50,1
2026-07-19 10:05,1
2026-07-19 10:10,1
2026-07-19 10:15,1
2026-07-19 10:20,1
2026-07-19 10:25,1
2026-07-19 10:30,2
2026-07-19 10:35,2
2026-07-19 10:40,2
2026-07-19 10:45,1
2026-07-19 10:50,1
2026-07-19 10:55,1
2026-07-19 11:00,1
2026-07-19 11:35,1
2026-07-19 11:40,1
2026-07-19 11:45,1
2026-07-19 11:50,1
2026-07-19 11:55,1
2026-07-19 12:00,1
2026-07-19 12:05,1
2026-07-19 12:10,1
2026-07-19 12:15,1
2026-07-19 12:20,1
2026-07-19 12:25,1
2026-07-19 12:30,1
2026-07-19 12:35,1
2026-07-19 12:40,1
2026-07-19 12:45,1
2026-07-19 12:50,1
2026-07-19 12:55,1
2026-07-19 13:00,1
2026-07-19 13:25,1
2026-07-19 13:30,1
2026-07-19 13:35,1
2026-07-19 13:40,1
2026-07-19 13:45,1
2026-07-19 13:50,1
2026-07-19 14:10,1
2026-07-19 14:15,1
2026-07-19 14:20,1
2026-07-19 14:25,2
2026-07-19 14:30,2
2026-07-19 14:35,2
2026-07-19 14:40,2
2026-07-19 14:45,2
2026-07-19 14:50,2
2026-07-19 14:55,2
2026-07-19 15:00,1
2026-07-19 15:05,1
2026-07-19 15:45,1
2026-07-19 15:50,1
2026-07-19 15:55,2
2026-07-19 16:00,2
2026-07-19 16:05,3
2026-07-19 16:10,3
2026-07-19 16:15,3
2026-07-19 16:20,3
2026-07-19 16:25,3
2026-07-19 16:30,2
2026-07-19 16:35,2
2026-07-19 16:40,1
2026-07-19 16:45,1
2026-07-19 17:55,1
2026-07-19 18:00,1
2026-07-19 18:05,1
2026-07-19 18:10,1
2026-07-19 18:15,1
2026-07-19 18:20,2
2026-07-19 18:25,2
2026-07-19 18:30,3
2026-07-19 18:35,3
2026-07-19 18:40,3
2026-07-19 18:45,3
2026-07-19 18:50,3
2026-07-19 18:55,2
2026-07-19 19:00,2
2026-07-19 19:05,1
2026-07-19 19:10,2
2026-07-19 19:15,2
2026-07-19 19:20,2
2026-07-19 19:25,1
2026-07-19 19:30,1
2026-07-19 19:35,1
2026-07-19 19:40,1
2026-07-19 19:45,1
2026-07-19 19:50,1
2026-07-19 20:00,1
2026-07-19 20:05,1
2026-07-19 20:10,1
2026-07-19 20:15,1
2026-07-19 20:20,1
2026-07-19 20:25,1
2026-07-19 20:30,2
2026-07-19 20:35,2
2026-07-19 20:40,3
2026-07-19 20:45,2
2026-07-19 20:50,3
2026-07-19 20:55,3
2026-07-19 21:00,3
2026-07-19 21:05,3
2026-07-19 21:10,3
2026-07-19 21:15,2
2026-07-19 21:20,2
2026-07-19 21:25,1
2026-07-19 21:30,1
2026-07-19 21:40,1
2026-07-19 21:45,1
2026-07-19 21:50,1
2026-07-19 21:55,1
2026-07-19 22:00,1
2026-07-19 22:05,2
2026-07-19 22:10,2
2026-07-19 22:15,1
2026-07-19 22:20,1
2026-07-19 22:25,1
2026-07-19 22:30,1
2026-07-19 22:35,1
2026-07-19 22:40,1
2026-07-19 22:45,1
2026-07-20 07:30,1
2026-07-20 07:35,1
2026-07-20 07:40,2
2026-07-20 07:45,2
2026-07-20 07:50,3
2026-07-20 07:55,3
2026-07-20 08:00,3
2026-07-20 08:05,2
2026-07-20 08:10,2
2026-07-20 08:15,2
2026-07-20 08:20,4
2026-07-20 08:25,4
2026-07-20 08:30,4
2026-07-20 08:35,3
2026-07-20 08:40,3
2026-07-20 08:45,3
2026-07-20 08:50,3
2026-07-20 08:55,2
2026-07-20 09:00,1
2026-07-20 09:05,1
2026-07-20 09:10,1
2026-07-20 09:15,1
2026-07-20 09:20,1
2026-07-20 09:25,2
2026-07-20 09:30,2
2026-07-20 09:35,2
2026-07-20 09:40,2
2026-07-20 09:45,1
2026-07-20 09:50,1
2026-07-20 10:05,1
2026-07-20 10:10,1
2026-07-20 10:15,1
2026-07-20 10:20,1
2026-07-20 10:25,1
2026-07-20 10:30,2
2026-07-20 10:35,2
2026-07-20 10:40,2
2026-07-20 10:45,1
2026-07-20 10:50,1
2026-07-20 10:55,1
2026-07-20 11:00,1
2026-07-20 11:35,1
2026-07-20 11:40,1
2026-07-20 11:45,1
2026-07-20 11:50,1
2026-07-20 11:55,1
2026-07-20 12:00,1
2026-07-20 12:05,1
2026-07-20 12:10,1
2026-07-20 12:15,1
2026-07-20 12:20,1
2026-07-20 12:25,1
2026-07-20 12:30,1
2026-07-20 12:35,1
2026-07-20 12:40,1
2026-07-20 12:45,1
2026-07-20 12:50,1
2026-07-20 12:55,1
2026-07-20 13:00,1
2026-07-20 13:25,1
2026-07-20 13:30,1
2026-07-20 13:35,1
2026-07-20 13:40,1
2026-07-20 13:45,1
2026-07-20 13:50,1
2026-07-20 14:10,1
2026-07-20 14:15,1
2026-07-20 14:20,1
2026-07-20 14:25,2
2026-07-20 14:30,2
2026-07-20 14:35,2
2026-07-20 14:40,2
2026-07-20 14:45,2
2026-07-20 14:50,2
2026-07-20 14:55,2
2026-07-20 15:00,1
2026-07-20 15:05,1
2026-07-20 15:45,1
2026-07-20 15:50,1
2026-07-20 15:55,2
2026-07-20 16:00,2
2026-07-20 16:05,3
2026-07-20 16:10,3
2026-07-20 16:15,3
2026-07-20 16:20,3
2026-07-20 16:25,3
2026-07-20 16:30,2
2026-07-20 16:35,2
2026-07-20 16:40,1
2026-07-20 16:45,1
2026-07-20 17:55,1
2026-07-20 18:00,1
2026-07-20 18:05,1
2026-07-20 18:10,1
2026-07-20 18:15,1
2026-07-20 18:20,2
2026-07-20 18:25,2
2026-07-20 18:30,3
2026-07-20 18:35,3
2026-07-20 18:40,3
2026-07-20 18:45,3
2026-07-20 18:50,3
2026-07-20 18:55,2
2026-07-20 19:00,2
2026-07-20 19:05,1
2026-07-20 19:10,2
2026-07-20 19:15,2
2026-07-20 19:20,2
2026-07-20 19:25,1
2026-07-20 19:30,1
2026-07-20 19:35,1
2026-07-20 19:40,1
2026-07-20 19:45,1
2026-07-20 19:50,1
2026-07-20 20:00,1
2026-07-20 20:05,1
2026-07-20 20:10,1
2026-07-20 20:15,1
2026-07-20 20:20,1
2026-07-20 20:25,1
2026-07-20 20:30,2
2026-07-20 20:35,2
2026-07-20 20:40,3
2026-07-20 20:45,2
2026-07-20 20:50,3
2026-07-20 20:55,3
2026-07-20 21:00,3
2026-07-20 21:05,3
2026-07-20 21:10,3
2026-07-20 21:15,2
2026-07-20 21:20,2
2026-07-20 21:25,1
2026-07-20 21:30,1
2026-07-20 21:40,1
2026-07-20 21:45,1
2026-07-20 21:50,1
2026-07-20 21:55,1
2026-07-20 22:00,1
2026-07-20 22:05,2
2026-07-20 22:10,2
2026-07-20 22:15,2
2026-07-20 22:20,2
2026-07-20 22:25,2
2026-07-20 22:30,2
2026-07-20 22:35,2
2026-07-20 22:40,2
2026-07-20 22:45,2
2026-07-20 22:50,1
2026-07-20 22:55,1
2026-07-20 23:00,1
2026-07-21 07:30,1
2026-07-21 07:35,1
2026-07-21 07:40,2
2026-07-21 07:45,2
2026-07-21 07:50,3
2026-07-21 07:55,3
2026-07-21 08:00,3
2026-07-21 08:05,2
2026-07-21 08:10,2
2026-07-21 08:15,2
2026-07-21 08:20,3
2026-07-21 08:25,3
2026-07-21 08:30,3
2026-07-21 08:35,2
2026-07-21 08:40,2
2026-07-21 08:45,2
2026-07-21 08:50,2
2026-07-21 08:55,1
2026-07-21 09:25,1
2026-07-21 09:30,1
2026-07-21 09:35,1
2026-07-21 09:40,1
2026-07-21 10:05,1
2026-07-21 10:10,1
2026-07-21 10:15,1
2026-07-21 10:20,1
2026-07-21 10:25,1
2026-07-21 10:30,2
2026-07-21 10:35,2
2026-07-21 10:40,2
2026-07-21 10:45,1
2026-07-21 10:50,1
2026-07-21 10:55,1
2026-07-21 11:00,1
2026-07-21 11:35,1
2026-07-21 11:40,1
2026-07-21 11:45,1
2026-07-21 11:50,1
2026-07-21 11:55,1
2026-07-21 12:00,1
2026-07-21 12:05,1
2026-07-21 12:10,1
2026-07-21 12:15,1
2026-07-21 12:20,1
2026-07-21 12:25,1
2026-07-21 12:30,1
2026-07-21 12:35,1
2026-07-21 12:40,1
2026-07-21 12:45,1
2026-07-21 12:50,1
2026-07-21 12:55,1
2026-07-21 13:00,1
2026-07-21 13:20,1
2026-07-21 13:25,2
2026-07-21 13:30,2
2026-07-21 13:35,2
2026-07-21 13:40,2
2026-07-21 13:45,1
2026-07-21 13:50,1
2026-07-21 14:10,1
2026-07-21 14:15,1
2026-07-21 14:20,1
2026-07-21 14:25,2
2026-07-21 14:30,2
2026-07-21 14:35,2
2026-07-21 14:40,2
2026-07-21 14:45,2
2026-07-21 14:50,2
2026-07-21 14:55,2
2026-07-21 15:00,1
2026-07-21 15:05,1
2026-07-21 15:45,1
2026-07-21 15:50,1
2026-07-21 15:55,2
2026-07-21 16:00,2
2026-07-21 16:05,3
2026-07-21 16:10,3
2026-07-21 16:15,3
2026-07-21 16:20,3
2026-07-21 16:25,3
2026-07-21 16:30,2
2026-07-21 16:35,2
2026-07-21 16:40,1
2026-07-21 16:45,1
2026-07-21 17:55,1
2026-07-21 18:00,1
2026-07-21 18:05,1
2026-07-21 18:10,1
2026-07-21 18:15,1
2026-07-21 18:20,1
2026-07-21 18:25,1
2026-07-21 18:30,2
2026-07-21 18:35,2
2026-07-21 18:40,2
2026-07-21 18:45,2
2026-07-21 18:50,2
2026-07-21 18:55,2
2026-07-21 19:00,2
2026-07-21 19:05,1
2026-07-21 19:10,2
2026-07-21 19:15,2
2026-07-21 19:20,2
2026-07-21 19:25,1
2026-07-21 19:30,1
2026-07-21 19:35,1
2026-07-21 19:40,1
2026-07-21 19:45,1
2026-07-21 19:50,1
2026-07-21 20:00,1
2026-07-21 20:05,1
2026-07-21 20:10,1
2026-07-21 20:15,1
2026-07-21 20:20,1
2026-07-21 20:25,1
2026-07-21 20:30,2
2026-07-21 20:35,2
2026-07-21 20:40,3
2026-07-21 20:45,2
2026-07-21 20:50,3
2026-07-21 20:55,3
2026-07-21 21:00,3
2026-07-21 21:05,3
2026-07-21 21:10,3
2026-07-21 21:15,2
2026-07-21 21:20,2
2026-07-21 21:25,1
2026-07-21 21:30,1
2026-07-21 21:40,1
2026-07-21 21:45,1
2026-07-21 21:50,1
2026-07-21 21:55,1
2026-07-21 22:00,1
2026-07-21 22:05,2
2026-07-21 22:10,2
2026-07-21 22:15,1
2026-07-21 22:20,1
2026-07-21 22:25,1
2026-07-21 22:30,1
2026-07-21 22:35,1
2026-07-21 22:40,1
2026-07-21 22:45,1
2026-07-22 07:40,1
2026-07-22 07:45,1
2026-07-22 07:50,2
2026-07-22 07:55,2
2026-07-22 08:00,2
2026-07-22 08:05,2
2026-07-22 08:10,2
2026-07-22 08:15,2
2026-07-22 08:20,4
2026-07-22 08:25,4
2026-07-22 08:30,4
2026-07-22 08:35,3
2026-07-22 08:40,3
2026-07-22 08:45,3
2026-07-22 08:50,3
2026-07-22 08:55,2
2026-07-22 09:00,1
2026-07-22 09:05,1
2026-07-22 09:10,1
2026-07-22 09:15,1
2026-07-22 09:20,1
2026-07-22 09:25,2
2026-07-22 09:30,2
2026-07-22 09:35,2
2026-07-22 09:40,2
2026-07-22 09:45,1
2026-07-22 09:50,1
2026-07-22 10:05,1
2026-07-22 10:10,1
2026-07-22 10:15,1
2026-07-22 10:20,1
2026-07-22 10:25,1
2026-07-22 10:30,2
2026-07-22 10:35,2
2026-07-22 10:40,2
2026-07-22 10:45,1
2026-07-22 10:50,1
2026-07-22 10:55,1
2026-07-22 11:00,1
2026-07-22 11:35,1
2026-07-22 11:40,1
2026-07-22 11:45,1
2026-07-22 11:50,1
2026-07-22 11:55,1
2026-07-22 12:00,1
2026-07-22 12:05,1
2026-07-22 12:10,1
2026-07-22 12:15,1
2026-07-22 12:20,1
2026-07-22 12:25,1
2026-07-22 12:30,1
2026-07-22 12:35,1
2026-07-22 12:40,1
2026-07-22 12:45,1
2026-07-22 12:50,1
2026-07-22 12:55,1
2026-07-22 13:00,1
2026-07-22 13:25,1
2026-07-22 13:30,1
2026-07-22 13:35,1
2026-07-22 13:40,1
2026-07-22 13:45,1
2026-07-22 13:50,1
2026-07-22 14:10,1
2026-07-22 14:15,1
2026-07-22 14:20,1
2026-07-22 14:25,2
2026-07-22 14:30,2
2026-07-22 14:35,2
2026-07-22 14:40,2
2026-07-22 14:45,2
2026-07-22 14:50,2
2026-07-22 14:55,2
2026-07-22 15:00,1
2026-07-22 15:05,1
2026-07-22 15:45,1
2026-07-22 15:50,1
2026-07-22 15:55,2
2026-07-22 16:00,2
2026-07-22 16:05,3
2026-07-22 16:10,3
2026-07-22 16:15,3
2026-07-22 16:20,3
2026-07-22 16:25,3
2026-07-22 16:30,2
2026-07-22 16:35,2
2026-07-22 16:40,1
2026-07-22 16:45,1
2026-07-22 17:55,1
2026-07-22 18:00,1
2026-07-22 18:05,1
2026-07-22 18:10,1
2026-07-22 18:15,1
2026-07-22 18:20,2
2026-07-22 18:25,2
2026-07-22 18:30,3
2026-07-22 18:35,3
2026-07-22 18:40,3
2026-07-22 18:45,3
2026-07-22 18:50,3
2026-07-22 18:55,2
2026-07-22 19:00,2
2026-07-22 19:05,1
2026-07-22 19:10,2
2026-07-22 19:15,2
2026-07-22 19:20,2
2026-07-22 19:25,1
2026-07-22 19:30,1
2026-07-22 19:35,1
2026-07-22 19:40,1
2026-07-22 19:45,1
2026-07-22 19:50,1
2026-07-22 20:00,1
2026-07-22 20:05,1
2026-07-22 20:10,1
2026-07-22 20:15,1
2026-07-22 20:20,1
2026-07-22 20:25,1
2026-07-22 20:30,2
2026-07-22 20:35,2
2026-07-22 20:40,3
2026-07-22 20:45,2
2026-07-22 20:50,3
2026-07-22 20:55,3
2026-07-22 21:00,3
2026-07-22 21:05,3
2026-07-22 21:10,3
2026-07-22 21:15,2
2026-07-22 21:20,2
2026-07-22 21:25,1
2026-07-22 21:30,1
2026-07-22 21:40,1
2026-07-22 21:45,1
2026-07-22 21:50,1
2026-07-22 21:55,1
2026-07-22 22:00,1
2026-07-22 22:05,2
2026-07-22 22:10,2
2026-07-22 22:15,2
2026-07-22 22:20,2
2026-07-22 22:25,2
2026-07-22 22:30,2
2026-07-22 22:35,2
2026-07-22 22:40,2
2026-07-22 22:45,2
2026-07-22 22:50,1
2026-07-22 22:55,1
2026-07-22 23:00,1
2026-07-23 07:30,1
2026-07-23 07:35,1
2026-07-23 07:40,2
2026-07-23 07:45,2
2026-07-23 07:50,3
2026-07-23 07:55,3
2026-07-23 08:00,3
2026-07-23 08:05,2
2026-07-23 08:10,2
2026-07-23 08:15,2
2026-07-23 08:20,3
2026-07-23 08:25,3
2026-07-23 08:30,3
2026-07-23 08:35,2
2026-07-23 08:40,2
2026-07-23 08:45,2
2026-07-23 08:50,2
2026-07-23 08:55,1
2026-07-23 09:25,1
2026-07-23 09:30,1
2026-07-23 09:35,1
2026-07-23 09:40,1
2026-07-23 10:05,1
2026-07-23 10:10,1
2026-07-23 10:15,1
2026-07-23 10:20,1
2026-07-23 10:25,1
2026-07-23 10:30,2
2026-07-23 10:35,2
2026-07-23 10:40,2
2026-07-23 10:45,1
2026-07-23 10:50,1
2026-07-23 10:55,1
2026-07-23 11:00,1
2026-07-23 11:35,1
2026-07-23 11:40,1
2026-07-23 11:45,1
2026-07-23 11:50,1
2026-07-23 11:55,1
2026-07-23 12:00,1
2026-07-23 12:05,1
2026-07-23 12:10,1
2026-07-23 12:15,1
2026-07-23 12:20,1
2026-07-23 12:25,1
2026-07-23 12:30,1
2026-07-23 12:35,1
2026-07-23 12:40,1
2026-07-23 12:45,1
2026-07-23 12:50,1
2026-07-23 12:55,1
2026-07-23 13:00,1
2026-07-23 13:20,1
2026-07-23 13:25,2
2026-07-23 13:30,2
2026-07-23 13:35,2
2026-07-23 13:40,2
2026-07-23 13:45,1
2026-07-23 13:50,1
2026-07-23 14:10,1
2026-07-23 14:15,1
2026-07-23 14:20,1
2026-07-23 14:25,2
2026-07-23 14:30,2
2026-07-23 14:35,2
2026-07-23 14:40,2
2026-07-23 14:45,2
2026-07-23 14:50,2
2026-07-23 14:55,2
2026-07-23 15:00,1
2026-07-23 15:05,1
2026-07-23 15:45,1
2026-07-23 15:50,1
2026-07-23 15:55,2
2026-07-23 16:00,2
2026-07-23 16:05,3
2026-07-23 16:10,3
2026-07-23 16:15,3
2026-07-23 16:20,3
2026-07-23 16:25,3
2026-07-23 16:30,2
2026-07-23 16:35,2
2026-07-23 16:40,1
2026-07-23 16:45,1
2026-07-23 17:55,1
2026-07-23 18:00,1
2026-07-23 18:05,1
2026-07-23 18:10,1
2026-07-23 18:15,1
2026-07-23 18:20,1
2026-07-23 18:25,1
2026-07-23 18:30,2
2026-07-23 18:35,2
2026-07-23 18:40,2
2026-07-23 18:45,2
2026-07-23 18:50,2
2026-07-23 18:55,2
2026-07-23 19:00,2
2026-07-23 19:05,1
2026-07-23 19:10,2
2026-07-23 19:15,2
2026-07-23 19:20,2
2026-07-23 19:25,1
2026-07-23 19:30,1
2026-07-23 19:35,1
2026-07-23 19:40,1
2026-07-23 19:45,1
2026-07-23 19:50,1
2026-07-23 20:00,1
2026-07-23 20:05,1
2026-07-23 20:10,1
2026-07-23 20:15,1
2026-07-23 20:20,1
2026-07-23 20:25,1
2026-07-23 20:30,2
2026-07-23 20:35,2
2026-07-23 20:40,3
2026-07-23 20:45,2
2026-07-23 20:50,3
2026-07-23 20:55,3
2026-07-23 21:00,3
2026-07-23 21:05,3
2026-07-23 21:10,3
2026-07-23 21:15,2
2026-07-23 21:20,2
2026-07-23 21:25,1
2026-07-23 21:30,1
2026-07-23 21:40,1
2026-07-23 21:45,1
2026-07-23 21:50,1
2026-07-23 21:55,1
2026-07-23 22:00,1
2026-07-23 22:05,2
2026-07-23 22:10,2
2026-07-23 22:15,1
2026-07-23 22:20,1
2026-07-23 22:25,1
2026-07-23 22:30,1
2026-07-23 22:35,1
2026-07-23 22:40,1
2026-07-23 22:45,1
2026-07-24 07:40,1
2026-07-24 07:45,1
2026-07-24 07:50,2
2026-07-24 07:55,2
2026-07-24 08:00,2
2026-07-24 08:05,2
2026-07-24 08:10,2
2026-07-24 08:15,2
2026-07-24 08:20,4
2026-07-24 08:25,4
2026-07-24 08:30,4
2026-07-24 08:35,3
2026-07-24 08:40,3
2026-07-24 08:45,3
2026-07-24 08:50,3
2026-07-24 08:55,2
2026-07-24 09:00,1
2026-07-24 09:05,1
2026-07-24 09:10,1
2026-07-24 09:15,1
2026-07-24 09:20,1
2026-07-24 09:25,2
2026-07-24 09:30,2
2026-07-24 09:35,2
2026-07-24 09:40,2
2026-07-24 09:45,1
2026-07-24 09:50,1
2026-07-24 10:05,1
2026-07-24 10:10,1
2026-07-24 10:15,1
2026-07-24 10:20,1
2026-07-24 10:25,1
2026-07-24 10:30,2
2026-07-24 10:35,2
2026-07-24 10:40,2
2026-07-24 10:45,1
2026-07-24 10:50,1
2026-07-24 10:55,1
2026-07-24 11:00,1
2026-07-24 11:35,1
2026-07-24 11:40,1
2026-07-24 11:45,1
2026-07-24 11:50,1
2026-07-24 11:55,1
2026-07-24 12:00,1
2026-07-24 12:05,1
2026-07-24 12:10,1
2026-07-24 12:15,1
2026-07-24 12:20,1
2026-07-24 12:25,1
2026-07-24 12:30,1
2026-07-24 12:35,1
2026-07-24 12:40,1
2026-07-24 12:45,1
2026-07-24 12:50,1
2026-07-24 12:55,1
2026-07-24 13:00,1
2026-07-24 13:25,1
2026-07-24 13:30,1
2026-07-24 13:35,1
2026-07-24 13:40,1
2026-07-24 13:45,1
2026-07-24 13:50,1
2026-07-24 14:10,1
2026-07-24 14:15,1
2026-07-24 14:20,1
2026-07-24 14:25,2
2026-07-24 14:30,2
2026-07-24 14:35,2
2026-07-24 14:40,2
2026-07-24 14:45,2
2026-07-24 14:50,2
2026-07-24 14:55,2
2026-07-24 15:00,1
2026-07-24 15:05,1
2026-07-24 15:45,1
2026-07-24 15:50,1
2026-07-24 15:55,2
2026-07-24 16:00,2
2026-07-24 16:05,3
2026-07-24 16:10,3
2026-07-24 16:15,3
2026-07-24 16:20,3
2026-07-24 16:25,3
2026-07-24 16:30,2
2026-07-24 16:35,2
2026-07-24 16:40,1
2026-07-24 16:45,1
2026-07-24 17:55,1
2026-07-24 18:00,1
2026-07-24 18:05,1
2026-07-24 18:10,1
2026-07-24 18:15,1
2026-07-24 18:20,2
2026-07-24 18:25,2
2026-07-24 18:30,3
2026-07-24 18:35,3
2026-07-24 18:40,3
2026-07-24 18:45,3
2026-07-24 18:50,3
2026-07-24 18:55,2
2026-07-24 19:00,2
2026-07-24 19:05,1
2026-07-24 19:10,2
2026-07-24 19:15,2
2026-07-24 19:20,2
2026-07-24 19:25,1
2026-07-24 19:30,1
2026-07-24 19:35,1
2026-07-24 19:40,1
2026-07-24 19:45,1
2026-07-24 19:50,1
2026-07-24 20:00,1
2026-07-24 20:05,1
2026-07-24 20:10,1
2026-07-24 20:15,1
2026-07-24 20:20,1
2026-07-24 20:25,1
2026-07-24 20:30,2
2026-07-24 20:35,2
2026-07-24 20:40,3
2026-07-24 20:45,2
2026-07-24 20:50,3
2026-07-24 20:55,3
2026-07-24 21:00,3
2026-07-24 21:05,3
2026-07-24 21:10,3
2026-07-24 21:15,2
2026-07-24 21:20,2
2026-07-24 21:25,1
2026-07-24 21:30,1
2026-07-24 21:40,1
2026-07-24 21:45,1
2026-07-24 21:50,1
2026-07-24 21:55,1
2026-07-24 22:00,1
2026-07-24 22:05,2
2026-07-24 22:10,2
2026-07-24 22:15,2
2026-07-24 22:20,2
2026-07-24 22:25,2
2026-07-24 22:30,2
2026-07-24 22:35,2
2026-07-24 22:40,2
2026-07-24 22:45,2
2026-07-24 22:50,1
2026-07-24 22:55,1
2026-07-24 23:00,1
2026-07-25 07:30,1
2026-07-25 07:35,1
2026-07-25 07:40,2
2026-07-25 07:45,2
2026-07-25 07:50,3
2026-07-25 07:55,3
2026-07-25 08:00,3
2026-07-25 08:05,2
2026-07-25 08:10,2
2026-07-25 08:15,2
2026-07-25 08:20,3
2026-07-25 08:25,3
2026-07-25 08:30,3
2026-07-25 08:35,2
2026-07-25 08:40,2
2026-07-25 08:45,2
2026-07-25 08:50,2
2026-07-25 08:55,1
2026-07-25 09:25,1
2026-07-25 09:30,1
2026-07-25 09:35,1
2026-07-25 09:40,1
2026-07-25 10:05,1
2026-07-25 10:10,1
2026-07-25 10:15,1
2026-07-25 10:20,1
2026-07-25 10:25,1
2026-07-25 10:30,2
2026-07-25 10:35,2
2026-07-25 10:40,2
2026-07-25 10:45,1
2026-07-25 10:50,1
2026-07-25 10:55,1
2026-07-25 11:00,1
2026-07-25 11:35,1
2026-07-25 11:40,1
2026-07-25 11:45,1
2026-07-25 11:50,1
2026-07-25 11:55,1
2026-07-25 12:00,1
2026-07-25 12:05,1
2026-07-25 12:10,1
2026-07-25 12:15,1
2026-07-25 12:20,1
2026-07-25 12:25,1
2026-07-25 12:30,1
2026-07-25 12:35,1
2026-07-25 12:40,1
2026-07-25 12:45,1
2026-07-25 12:50,1
2026-07-25 12:55,1
2026-07-25 13:00,1
2026-07-25 13:20,1
2026-07-25 13:25,2
2026-07-25 13:30,2
2026-07-25 13:35,2
2026-07-25 13:40,2
2026-07-25 13:45,1
2026-07-25 13:50,1
2026-07-25 14:10,1
2026-07-25 14:15,1
2026-07-25 14:20,1
2026-07-25 14:25,2
2026-07-25 14:30,2
2026-07-25 14:35,2
2026-07-25 14:40,2
2026-07-25 14:45,2
2026-07-25 14:50,2
2026-07-25 14:55,2
2026-07-25 15:00,1
2026-07-25 15:05,1
2026-07-25 15:45,1
2026-07-25 15:50,1
2026-07-25 15:55,2
2026-07-25 16:00,2
2026-07-25 16:05,3
2026-07-25 16:10,3
2026-07-25 16:15,3
2026-07-25 16:20,3
2026-07-25 16:25,3
2026-07-25 16:30,2
2026-07-25 16:35,2
2026-07-25 16:40,1
2026-07-25 16:45,1
2026-07-25 17:55,1
2026-07-25 18:00,1
2026-07-25 18:05,1
2026-07-25 18:10,1
2026-07-25 18:15,1
2026-07-25 18:20,1
2026-07-25 18:25,1
2026-07-25 18:30,2
2026-07-25 18:35,2
2026-07-25 18:40,2
2026-07-25 18:45,2
2026-07-25 18:50,2
2026-07-25 18:55,2
2026-07-25 19:00,2
2026-07-25 19:05,1
2026-07-25 19:10,2
2026-07-25 19:15,2
2026-07-25 19:20,2
2026-07-25 19:25,1
2026-07-25 19:30,1
2026-07-25 19:35,1
2026-07-25 19:40,1
2026-07-25 19:45,1
2026-07-25 19:50,1
2026-07-25 20:00,1
2026-07-25 20:05,1
2026-07-25 20:10,1
2026-07-25 20:15,1
2026-07-25 20:20,1
2026-07-25 20:25,1
2026-07-25 20:30,2
2026-07-25 20:35,2
2026-07-25 20:40,3
2026-07-25 20:45,2
2026-07-25 20:50,3
2026-07-25 20:55,3
2026-07-25 21:00,3
2026-07-25 21:05,3
2026-07-25 21:10,3
2026-07-25 21:15,2
2026-07-25 21:20,2
2026-07-25 21:25,1
2026-07-25 21:30,1
2026-07-25 21:40,1
2026-07-25 21:45,1
2026-07-25 21:50,1
2026-07-25 21:55,1
2026-07-25 22:00,1
2026-07-25 22:05,2
2026-07-25 22:10,2
2026-07-25 22:15,2
2026-07-25 22:20,2
2026-07-25 22:25,2
2026-07-25 22:30,2
2026-07-25 22:35,2
2026-07-25 22:40,2
2026-07-25 22:45,2
2026-07-25 22:50,1
2026-07-25 22:55,1
2026-07-25 23:00,1
2026-07-26 07:40,1
2026-07-26 07:45,1
2026-07-26 07:50,2
2026-07-26 07:55,2
2026-07-26 08:00,2
2026-07-26 08:05,2
2026-07-26 08:10,2
2026-07-26 08:15,2
2026-07-26 08:20,4
2026-07-26 08:25,4
2026-07-26 08:30,4
2026-07-26 08:35,3
2026-07-26 08:40,3
2026-07-26 08:45,3
2026-07-26 08:50,3
2026-07-26 08:55,2
2026-07-26 09:00,1
2026-07-26 09:05,1
2026-07-26 09:10,1
2026-07-26 09:15,1
2026-07-26 09:20,1
2026-07-26 09:25,2
2026-07-26 09:30,2
2026-07-26 09:35,2
2026-07-26 09:40,2
2026-07-26 09:45,1
2026-07-26 09:50,1
2026-07-26 10:05,1
2026-07-26 10:10,1
2026-07-26 10:15,1
2026-07-26 10:20,1
2026-07-26 10:25,1
2026-07-26 10:30,2
2026-07-26 10:35,2
2026-07-26 10:40,2
2026-07-26 10:45,1
2026-07-26 10:50,1
2026-07-26 10:55,1
2026-07-26 11:00,1
2026-07-26 11:35,1
2026-07-26 11:40,1
2026-07-26 11:45,1
2026-07-26 11:50,1
2026-07-26 11:55,1
2026-07-26 12:00,1
2026-07-26 12:05,1
2026-07-26 12:10,1
2026-07-26 12:15,1
2026-07-26 12:20,1
2026-07-26 12:25,1
2026-07-26 12:30,1
2026-07-26 12:35,1
2026-07-26 12:40,1
2026-07-26 12:45,1
2026-07-26 12:50,1
2026-07-26 12:55,1
2026-07-26 13:00,1
2026-07-26 13:25,1
2026-07-26 13:30,1
2026-07-26 13:35,1
2026-07-26 13:40,1
2026-07-26 13:45,1
2026-07-26 13:50,1
2026-07-26 14:10,1
2026-07-26 14:15,1
2026-07-26 14:20,1
2026-07-26 14:25,2
2026-07-26 14:30,2
2026-07-26 14:35,2
2026-07-26 14:40,2
2026-07-26 14:45,2
2026-07-26 14:50,2
2026-07-26 14:55,2
2026-07-26 15:00,1
2026-07-26 15:05,1
2026-07-26 15:45,1
2026-07-26 15:50,1
2026-07-26 15:55,2
2026-07-26 16:00,2
2026-07-26 16:05,3
2026-07-26 16:10,3
2026-07-26 16:15,3
2026-07-26 16:20,3
2026-07-26 16:25,3
2026-07-26 16:30,2
2026-07-26 16:35,2
2026-07-26 16:40,1
2026-07-26 16:45,1
2026-07-26 17:55,1
2026-07-26 18:00,1
2026-07-26 18:05,1
2026-07-26 18:10,1
2026-07-26 18:15,1
2026-07-26 18:20,2
2026-07-26 18:25,2
2026-07-26 18:30,3
2026-07-26 18:35,3
2026-07-26 18:40,3
2026-07-26 18:45,3
2026-07-26 18:50,3
2026-07-26 18:55,2
2026-07-26 19:00,2
2026-07-26 19:05,1
2026-07-26 19:10,2
2026-07-26 19:15,2
2026-07-26 19:20,2
2026-07-26 19:25,1
2026-07-26 19:30,1
2026-07-26 19:35,1
2026-07-26 19:40,1
2026-07-26 19:45,1
2026-07-26 19:50,1
2026-07-26 20:00,1
2026-07-26 20:05,1
2026-07-26 20:10,1
2026-07-26 20:15,1
2026-07-26 20:20,1
2026-07-26 20:25,1
2026-07-26 20:30,2
2026-07-26 20:35,2
2026-07-26 20:40,3
2026-07-26 20:45,2
2026-07-26 20:50,3
2026-07-26 20:55,3
2026-07-26 21:00,3
2026-07-26 21:05,3
2026-07-26 21:10,3
2026-07-26 21:15,2
2026-07-26 21:20,2
2026-07-26 21:25,1
2026-07-26 21:30,1
2026-07-26 21:40,1
2026-07-26 21:45,1
2026-07-26 21:50,1
2026-07-26 21:55,1
2026-07-26 22:00,1
2026-07-26 22:05,2
2026-07-26 22:10,2
2026-07-26 22:15,1
2026-07-26 22:20,1
2026-07-26 22:25,1
2026-07-26 22:30,1
2026-07-26 22:35,1
2026-07-26 22:40,1
2026-07-26 22:45,1
2026-07-27 07:30,1
2026-07-27 07:35,1
2026-07-27 07:40,2
2026-07-27 07:45,2
2026-07-27 07:50,3
2026-07-27 07:55,3
2026-07-27 08:00,3
2026-07-27 08:05,2
2026-07-27 08:10,2
2026-07-27 08:15,2
2026-07-27 08:20,4
2026-07-27 08:25,4
2026-07-27 08:30,4
2026-07-27 08:35,3
2026-07-27 08:40,3
2026-07-27 08:45,3
2026-07-27 08:50,3
2026-07-27 08:55,2
2026-07-27 09:00,1
2026-07-27 09:05,1
2026-07-27 09:10,1
2026-07-27 09:15,1
2026-07-27 09:20,1
2026-07-27 09:25,2
2026-07-27 09:30,2
2026-07-27 09:35,2
2026-07-27 09:40,2
2026-07-27 09:45,1
2026-07-27 09:50,1
2026-07-27 10:05,1
2026-07-27 10:10,1
2026-07-27 10:15,1
2026-07-27 10:20,1
2026-07-27 10:25,1
2026-07-27 10:30,2
2026-07-27 10:35,2
2026-07-27 10:40,2
2026-07-27 10:45,1
2026-07-27 10:50,1
2026-07-27 10:55,1
2026-07-27 11:00,1
2026-07-27 11:35,1
2026-07-27 11:40,1
2026-07-27 11:45,1
2026-07-27 11:50,1
2026-07-27 11:55,1
2026-07-27 12:00,1
2026-07-27 12:05,1
2026-07-27 12:10,1
2026-07-27 12:15,1
2026-07-27 12:20,1
2026-07-27 12:25,1
2026-07-27 12:30,1
2026-07-27 12:35,1
2026-07-27 12:40,1
2026-07-27 12:45,1
2026-07-27 12:50,1
2026-07-27 12:55,1
2026-07-27 13:00,1
2026-07-27 13:25,1
2026-07-27 13:30,1
2026-07-27 13:35,1
2026-07-27 13:40,1
2026-07-27 13:45,1
2026-07-27 13:50,1
2026-07-27 14:10,1
2026-07-27 14:15,1
2026-07-27 14:20,1
2026-07-27 14:25,2
2026-07-27 14:30,2
2026-07-27 14:35,2
2026-07-27 14:40,2
2026-07-27 14:45,2
2026-07-27 14:50,2
2026-07-27 14:55,2
2026-07-27 15:00,1
2026-07-27 15:05,1
2026-07-27 15:45,1
2026-07-27 15:50,1
2026-07-27 15:55,2
2026-07-27 16:00,2
2026-07-27 16:05,3
2026-07-27 16:10,3
2026-07-27 16:15,3
2026-07-27 16:20,3
2026-07-27 16:25,3
2026-07-27 16:30,2
2026-07-27 16:35,2
2026-07-27 16:40,1
2026-07-27 16:45,1
2026-07-27 17:55,1
2026-07-27 18:00,1
2026-07-27 18:05,1
2026-07-27 18:10,1
2026-07-27 18:15,1
2026-07-27 18:20,2
2026-07-27 18:25,2
2026-07-27 18:30,3
2026-07-27 18:35,3
2026-07-27 18:40,3
2026-07-27 18:45,3
2026-07-27 18:50,3
2026-07-27 18:55,2
2026-07-27 19:00,2
2026-07-27 19:05,1
2026-07-27 19:10,2
2026-07-27 19:15,2
2026-07-27 19:20,2
2026-07-27 19:25,1
2026-07-27 19:30,1
2026-07-27 19:35,1
2026-07-27 19:40,1
2026-07-27 19:45,1
2026-07-27 19:50,1
2026-07-27 20:00,1
2026-07-27 20:05,1
2026-07-27 20:10,1
2026-07-27 20:15,1
2026-07-27 20:20,1
2026-07-27 20:25,1
2026-07-27 20:30,2
2026-07-27 20:35,2
2026-07-27 20:40,3
2026-07-27 20:45,2
2026-07-27 20:50,3
2026-07-27 20:55,3
2026-07-27 21:00,3
2026-07-27 21:05,3
2026-07-27 21:10,3
2026-07-27 21:15,2
2026-07-27 21:20,2
2026-07-27 21:25,1
2026-07-27 21:30,1
2026-07-27 21:40,1
2026-07-27 21:45,1
2026-07-27 21:50,1
2026-07-27 21:55,1
2026-07-27 22:00,1
2026-07-27 22:05,2
2026-07-27 22:10,2
2026-07-27 22:15,2
2026-07-27 22:20,2
2026-07-27 22:25,2
2026-07-27 22:30,2
2026-07-27 22:35,2
2026-07-27 22:40,2
2026-07-27 22:45,2
2026-07-27 22:50,1
2026-07-27 22:55,1
2026-07-27 23:00,1
2026-07-28 07:30,1
2026-07-28 07:35,1
2026-07-28 07:40,2
2026-07-28 07:45,2
2026-07-28 07:50,3
2026-07-28 07:55,3
2026-07-28 08:00,3
2026-07-28 08:05,2
2026-07-28 08:10,2
2026-07-28 08:15,2
2026-07-28 08:20,3
2026-07-28 08:25,3
2026-07-28 08:30,3
2026-07-28 08:35,2
2026-07-28 08:40,2
2026-07-28 08:45,2
2026-07-28 08:50,2
2026-07-28 08:55,1
2026-07-28 09:25,1
2026-07-28 09:30,1
2026-07-28 09:35,1
2026-07-28 09:40,1
2026-07-28 10:05,1
2026-07-28 10:10,1
2026-07-28 10:15,1
2026-07-28 10:20,1
2026-07-28 10:25,1
2026-07-28 10:30,2
2026-07-28 10:35,2
2026-07-28 10:40,2
2026-07-28 10:45,1
2026-07-28 10:50,1
2026-07-28 10:55,1
2026-07-28 11:00,1
2026-07-28 11:35,1
2026-07-28 11:40,1
2026-07-28 11:45,1
2026-07-28 11:50,1
2026-07-28 11:55,1
2026-07-28 12:00,1
2026-07-28 12:05,1
2026-07-28 12:10,1
2026-07-28 12:15,1
2026-07-28 12:20,1
2026-07-28 12:25,1
2026-07-28 12:30,1
2026-07-28 12:35,1
2026-07-28 12:40,1
2026-07-28 12:45,1
2026-07-28 12:50,1
2026-07-28 12:55,1
2026-07-28 13:00,1
2026-07-28 13:20,1
2026-07-28 13:25,2
2026-07-28 13:30,2
2026-07-28 13:35,2
2026-07-28 13:40,2
2026-07-28 13:45,1
2026-07-28 13:50,1
2026-07-28 14:10,1
2026-07-28 14:15,1
2026-07-28 14:20,1
2026-07-28 14:25,2
2026-07-28 14:30,2
2026-07-28 14:35,2
2026-07-28 14:40,2
2026-07-28 14:45,2
2026-07-28 14:50,2
2026-07-28 14:55,2
2026-07-28 15:00,1
2026-07-28 15:05,1
2026-07-28 15:45,1
2026-07-28 15:50,1
2026-07-28 15:55,2
2026-07-28 16:00,2
2026-07-28 16:05,3
2026-07-28 16:10,3
2026-07-28 16:15,3
2026-07-28 16:20,3
2026-07-28 16:25,3
2026-07-28 16:30,2
2026-07-28 16:35,2
2026-07-28 16:40,1
2026-07-28 16:45,1
2026-07-28 17:55,1
2026-07-28 18:00,1
2026-07-28 18:05,1
2026-07-28 18:10,1
2026-07-28 18:15,1
2026-07-28 18:20,1
2026-07-28 18:25,1
2026-07-28 18:30,2
2026-07-28 18:35,2
2026-07-28 18:40,2
2026-07-28 18:45,2
2026-07-28 18:50,2
2026-07-28 18:55,2
2026-07-28 19:00,2
2026-07-28 19:05,1
2026-07-28 19:10,2
2026-07-28 19:15,2
2026-07-28 19:20,2
2026-07-28 19:25,1
2026-07-28 19:30,1
2026-07-28 19:35,1
2026-07-28 19:40,1
2026-07-28 19:45,1
2026-07-28 19:50,1
2026-07-28 20:00,1
2026-07-28 20:05,1
2026-07-28 20:10,1
2026-07-28 20:15,1
2026-07-28 20:20,1
2026-07-28 20:25,1
2026-07-28 20:30,2
2026-07-28 20:35,2
2026-07-28 20:40,3
2026-07-28 20:45,2
2026-07-28 20:50,3
2026-07-28 20:55,3
2026-07-28 21:00,3
2026-07-28 21:05,3
2026-07-28 21:10,3
2026-07-28 21:15,2
2026-07-28 21:20,2
2026-07-28 21:25,1
2026-07-28 21:30,1
2026-07-28 21:40,1
2026-07-28 21:45,1
2026-07-28 21:50,1
2026-07-28 21:55,1
2026-07-28 22:00,1
2026-07-28 22:05,2
2026-07-28 22:10,2
2026-07-28 22:15,1
2026-07-28 22:20,1
2026-07-28 22:25,1
2026-07-28 22:30,1
2026-07-28 22:35,1
2026-07-28 22:40,1
2026-07-28 22:45,1
2026-07-29 07:40,1
2026-07-29 07:45,1
2026-07-29 07:50,2
2026-07-29 07:55,2
2026-07-29 08:00,2
2026-07-29 08:05,2
2026-07-29 08:10,2
2026-07-29 08:15,2
2026-07-29 08:20,4
2026-07-29 08:25,4
2026-07-29 08:30,4
2026-07-29 08:35,3
2026-07-29 08:40,3
2026-07-29 08:45,3
2026-07-29 08:50,3
2026-07-29 08:55,2
2026-07-29 09:00,1
2026-07-29 09:05,1
2026-07-29 09:10,1
2026-07-29 09:15,1
2026-07-29 09:20,1
2026-07-29 09:25,2
2026-07-29 09:30,2
2026-07-29 09:35,2
2026-07-29 09:40,2
2026-07-29 09:45,1
2026-07-29 09:50,1
2026-07-29 10:05,1
2026-07-29 10:10,1
2026-07-29 10:15,1
2026-07-29 10:20,1
2026-07-29 10:25,1
2026-07-29 10:30,2
2026-07-29 10:35,2
2026-07-29 10:40,2
2026-07-29 10:45,1
2026-07-29 10:50,1
2026-07-29 10:55,1
2026-07-29 11:00,1
2026-07-29 11:35,1
2026-07-29 11:40,1
2026-07-29 11:45,1
2026-07-29 11:50,1
2026-07-29 11:55,1
2026-07-29 12:00,1
2026-07-29 12:05,1
2026-07-29 12:10,1
2026-07-29 12:15,1
2026-07-29 12:20,1
2026-07-29 12:25,1
2026-07-29 12:30,1
2026-07-29 12:35,1
2026-07-29 12:40,1
2026-07-29 12:45,1
2026-07-29 12:50,1
2026-07-29 12:55,1
2026-07-29 13:00,1
2026-07-29 13:25,1
2026-07-29 13:30,1
2026-07-29 13:35,1
2026-07-29 13:40,1
2026-07-29 13:45,1
2026-07-29 13:50,1
2026-07-29 14:10,1
2026-07-29 14:15,1
2026-07-29 14:20,1
2026-07-29 14:25,2
2026-07-29 14:30,2
2026-07-29 14:35,2
2026-07-29 14:40,2
2026-07-29 14:45,2
2026-07-29 14:50,2
2026-07-29 14:55,2
2026-07-29 15:00,1
2026-07-29 15:05,1
2026-07-29 15:45,1
2026-07-29 15:50,1
2026-07-29 15:55,2
2026-07-29 16:00,2
2026-07-29 16:05,3
2026-07-29 16:10,3
2026-07-29 16:15,3
2026-07-29 16:20,3
2026-07-29 16:25,3
2026-07-29 16:30,2
2026-07-29 16:35,2
2026-07-29 16:40,1
2026-07-29 16:45,1
2026-07-29 17:55,1
2026-07-29 18:00,1
2026-07-29 18:05,1
2026-07-29 18:10,1
2026-07-29 18:15,1
2026-07-29 18:20,2
2026-07-29 18:25,2
2026-07-29 18:30,3
2026-07-29 18:35,3
2026-07-29 18:40,3
2026-07-29 18:45,3
2026-07-29 18:50,3
2026-07-29 18:55,2
2026-07-29 19:00,2
2026-07-29 19:05,1
2026-07-29 19:10,2
2026-07-29 19:15,2
2026-07-29 19:20,2
2026-07-29 19:25,1
2026-07-29 19:30,1
2026-07-29 19:35,1
2026-07-29 19:40,1
2026-07-29 19:45,1
2026-07-29 19:50,1
2026-07-29 20:00,1
2026-07-29 20:05,1
2026-07-29 20:10,1
2026-07-29 20:15,1
2026-07-29 20:20,1
2026-07-29 20:25,1
2026-07-29 20:30,2
2026-07-29 20:35,2
2026-07-29 20:40,3
2026-07-29 20:45,2
2026-07-29 20:50,3
2026-07-29 20:55,3
2026-07-29 21:00,3
2026-07-29 21:05,3
2026-07-29 21:10,3
2026-07-29 21:15,2
2026-07-29 21:20,2
2026-07-29 21:25,1
2026-07-29 21:30,1
2026-07-29 21:40,1
2026-07-29 21:45,1
2026-07-29 21:50,1
2026-07-29 21:55,1
2026-07-29 22:00,1
2026-07-29 22:05,2
2026-07-29 22:10,2
2026-07-29 22:15,2
2026-07-29 22:20,2
2026-07-29 22:25,2
2026-07-29 22:30,2
2026-07-29 22:35,2
2026-07-29 22:40,2
2026-07-29 22:45,2
2026-07-29 22:50,1
2026-07-29 22:55,1
2026-07-29 23:00,1
2026-07-30 07:30,1
2026-07-30 07:35,1
2026-07-30 07:40,2
2026-07-30 07:45,2
2026-07-30 07:50,3
2026-07-30 07:55,3
2026-07-30 08:00,3
2026-07-30 08:05,2
2026-07-30 08:10,2
2026-07-30 08:15,2
2026-07-30 08:20,3
2026-07-30 08:25,3
2026-07-30 08:30,3
2026-07-30 08:35,2
2026-07-30 08:40,2
2026-07-30 08:45,2
2026-07-30 08:50,2
2026-07-30 08:55,1
2026-07-30 09:25,1
2026-07-30 09:30,1
2026-07-30 09:35,1
2026-07-30 09:40,1
2026-07-30 10:05,1
2026-07-30 10:10,1
2026-07-30 10:15,1
2026-07-30 10:20,1
2026-07-30 10:25,1
2026-07-30 10:30,2
2026-07-30 10:35,2
2026-07-30 10:40,2
2026-07-30 10:45,1
2026-07-30 10:50,1
2026-07-30 10:55,1
2026-07-30 11:00,1
2026-07-30 11:35,1
2026-07-30 11:40,1
2026-07-30 11:45,1
2026-07-30 11:50,1
2026-07-30 11:55,1
2026-07-30 12:00,1
2026-07-30 12:05,1
2026-07-30 12:10,1
2026-07-30 12:15,1
2026-07-30 12:20,1
2026-07-30 12:25,1
2026-07-30 12:30,1
2026-07-30 12:35,1
2026-07-30 12:40,1
2026-07-30 12:45,1
2026-07-30 12:50,1
2026-07-30 12:55,1
2026-07-30 13:00,1
2026-07-30 13:20,1
2026-07-30 13:25,2
2026-07-30 13:30,2
2026-07-30 13:35,2
2026-07-30 13:40,2
2026-07-30 13:45,1
2026-07-30 13:50,1
2026-07-30 14:10,1
2026-07-30 14:15,1
2026-07-30 14:20,1
2026-07-30 14:25,2
2026-07-30 14:30,2
2026-07-30 14:35,2
2026-07-30 14:40,2
2026-07-30 14:45,2
2026-07-30 14:50,2
2026-07-30 14:55,2
2026-07-30 15:00,1
2026-07-30 15:05,1
2026-07-30 15:45,1
2026-07-30 15:50,1
2026-07-30 15:55,2
2026-07-30 16:00,2
2026-07-30 16:05,3
2026-07-30 16:10,3
2026-07-30 16:15,3
2026-07-30 16:20,3
2026-07-30 16:25,3
2026-07-30 16:30,2
2026-07-30 16:35,2
2026-07-30 16:40,1
2026-07-30 16:45,1
2026-07-30 17:55,1
2026-07-30 18:00,1
2026-07-30 18:05,1
2026-07-30 18:10,1
2026-07-30 18:15,1
2026-07-30 18:20,1
2026-07-30 18:25,1
2026-07-30 18:30,2
2026-07-30 18:35,2
2026-07-30 18:40,2
2026-07-30 18:45,2
2026-07-30 18:50,2
2026-07-30 18:55,2
2026-07-30 19:00,2
2026-07-30 19:05,1
2026-07-30 19:10,2
2026-07-30 19:15,2
2026-07-30 19:20,2
2026-07-30 19:25,1
2026-07-30 19:30,1
2026-07-30 19:35,1
2026-07-30 19:40,1
2026-07-30 19:45,1
2026-07-30 19:50,1
2026-07-30 20:00,1
2026-07-30 20:05,1
2026-07-30 20:10,1
2026-07-30 20:15,1
2026-07-30 20:20,1
2026-07-30 20:25,1
2026-07-30 20:30,2
2026-07-30 20:35,2
2026-07-30 20:40,3
2026-07-30 20:45,2
2026-07-30 20:50,3
2026-07-30 20:55,3
2026-07-30 21:00,3
2026-07-30 21:05,3
2026-07-30 21:10,3
2026-07-30 21:15,2
2026-07-30 21:20,2
2026-07-30 21:25,1
2026-07-30 21:30,1
2026-07-30 21:40,1
2026-07-30 21:45,1
2026-07-30 21:50,1
2026-07-30 21:55,1
2026-07-30 22:00,1
2026-07-30 22:05,2
2026-07-30 22:10,2
2026-07-30 22:15,1
2026-07-30 22:20,1
2026-07-30 22:25,1
2026-07-30 22:30,1
2026-07-30 22:35,1
2026-07-30 22:40,1
2026-07-30 22:45,1
2026-07-31 07:40,1
2026-07-31 07:45,1
2026-07-31 07:50,2
2026-07-31 07:55,2
2026-07-31 08:00,2
2026-07-31 08:05,2
2026-07-31 08:10,2
2026-07-31 08:15,2
2026-07-31 08:20,4
2026-07-31 08:25,4
2026-07-31 08:30,4
2026-07-31 08:35,3
2026-07-31 08:40,3
2026-07-31 08:45,3
2026-07-31 08:50,3
2026-07-31 08:55,2
2026-07-31 09:00,1
2026-07-31 09:05,1
2026-07-31 09:10,1
2026-07-31 09:15,1
2026-07-31 09:20,1
2026-07-31 09:25,2
2026-07-31 09:30,2
2026-07-31 09:35,2
2026-07-31 09:40,2
2026-07-31 09:45,1
2026-07-31 09:50,1
2026-07-31 10:05,1
2026-07-31 10:10,1
2026-07-31 10:15,1
2026-07-31 10:20,1
2026-07-31 10:25,1
2026-07-31 10:30,2
2026-07-31 10:35,2
2026-07-31 10:40,2
2026-07-31 10:45,1
2026-07-31 10:50,1
2026-07-31 10:55,1
2026-07-31 11:00,1
2026-07-31 11:35,1
2026-07-31 11:40,1
2026-07-31 11:45,1
2026-07-31 11:50,1
2026-07-31 11:55,1
2026-07-31 12:00,1
2026-07-31 12:05,1
2026-07-31 12:10,1
2026-07-31 12:15,1
2026-07-31 12:20,1
2026-07-31 12:25,1
2026-07-31 12:30,1
2026-07-31 12:35,1
2026-07-31 12:40,1
2026-07-31 12:45,1
2026-07-31 12:50,1
2026-07-31 12:55,1
2026-07-31 13:00,1
2026-07-31 13:25,1
2026-07-31 13:30,1
2026-07-31 13:35,1
2026-07-31 13:40,1
2026-07-31 13:45,1
2026-07-31 13:50,1
2026-07-31 14:10,1
2026-07-31 14:15,1
2026-07-31 14:20,1
2026-07-31 14:25,2
2026-07-31 14:30,2
2026-07-31 14:35,2
2026-07-31 14:40,2
2026-07-31 14:45,2
2026-07-31 14:50,2
2026-07-31 14:55,2
2026-07-31 15:00,1
2026-07-31 15:05,1
2026-07-31 15:45,1
2026-07-31 15:50,1
2026-07-31 15:55,2
2026-07-31 16:00,2
2026-07-31 16:05,3
2026-07-31 16:10,3
2026-07-31 16:15,3
2026-07-31 16:20,3
2026-07-31 16:25,3
2026-07-31 16:30,2
2026-07-31 16:35,2
2026-07-31 16:40,1
2026-07-31 16:45,1
2026-07-31 17:55,1
2026-07-31 18:00,1
2026-07-31 18:05,1
2026-07-31 18:10,1
2026-07-31 18:15,1
2026-07-31 18:20,2
2026-07-31 18:25,2
2026-07-31 18:30,3
2026-07-31 18:35,3
2026-07-31 18:40,3
2026-07-31 18:45,3
2026-07-31 18:50,3
2026-07-31 18:55,2
2026-07-31 19:00,2
2026-07-31 19:05,1
2026-07-31 19:10,2
2026-07-31 19:15,2
2026-07-31 19:20,2
2026-07-31 19:25,1
2026-07-31 19:30,1
2026-07-31 19:35,1
2026-07-31 19:40,1
2026-07-31 19:45,1
2026-07-31 19:50,1
2026-07-31 20:00,1
2026-07-31 20:05,1
2026-07-31 20:10,1
2026-07-31 20:15,1
2026-07-31 20:20,1
2026-07-31 20:25,1
2026-07-31 20:30,2
2026-07-31 20:35,2
2026-07-31 20:40,3
2026-07-31 20:45,2
2026-07-31 20:50,3
2026-07-31 20:55,3
2026-07-31 21:00,3
2026-07-31 21:05,3
2026-07-31 21:10,3
2026-07-31 21:15,2
2026-07-31 21:20,2
2026-07-31 21:25,1
2026-07-31 21:30,1
2026-07-31 21:40,1
2026-07-31 21:45,1
2026-07-31 21:50,1
2026-07-31 21:55,1
2026-07-31 22:00,1
2026-07-31 22:05,2
2026-07-31 22:10,2
2026-07-31 22:15,2
2026-07-31 22:20,2
2026-07-31 22:25,2
2026-07-31 22:30,2
2026-07-31 22:35,2
2026-07-31 22:40,2
2026-07-31 22:45,2
2026-07-31 22:50,1
2026-07-31 22:55,1
2026-07-31 23:00,1
2026-08-01 07:30,1
2026-08-01 07:35,1
2026-08-01 07:40,2
2026-08-01 07:45,2
2026-08-01 07:50,3
2026-08-01 07:55,3
2026-08-01 08:00,3
2026-08-01 08:05,2
2026-08-01 08:10,2
2026-08-01 08:15,2
2026-08-01 08:20,3
2026-08-01 08:25,3
2026-08-01 08:30,3
2026-08-01 08:35,2
2026-08-01 08:40,2
2026-08-01 08:45,2
2026-08-01 08:50,2
2026-08-01 08:55,1
2026-08-01 09:25,1
2026-08-01 09:30,1
2026-08-01 09:35,1
2026-08-01 09:40,1
2026-08-01 10:05,1
2026-08-01 10:10,1
2026-08-01 10:15,1
2026-08-01 10:20,1
2026-08-01 10:25,1
2026-08-01 10:30,2
2026-08-01 10:35,2
2026-08-01 10:40,2
2026-08-01 10:45,1
2026-08-01 10:50,1
2026-08-01 10:55,1
2026-08-01 11:00,1
2026-08-01 11:35,1
2026-08-01 11:40,1
2026-08-01 11:45,1
2026-08-01 11:50,1
2026-08-01 11:55,1
2026-08-01 12:00,1
2026-08-01 12:05,1
2026-08-01 12:10,1
2026-08-01 12:15,1
2026-08-01 12:20,1
2026-08-01 12:25,1
2026-08-01 12:30,1
2026-08-01 12:35,1
2026-08-01 12:40,1
2026-08-01 12:45,1
2026-08-01 12:50,1
2026-08-01 12:55,1
2026-08-01 13:00,1
2026-08-01 13:20,1
2026-08-01 13:25,2
2026-08-01 13:30,2
2026-08-01 13:35,2
2026-08-01 13:40,2
2026-08-01 13:45,1
2026-08-01 13:50,1
2026-08-01 14:10,1
2026-08-01 14:15,1
2026-08-01 14:20,1
2026-08-01 14:25,2
2026-08-01 14:30,2
2026-08-01 14:35,2
2026-08-01 14:40,2
2026-08-01 14:45,2
2026-08-01 14:50,2
2026-08-01 14:55,2
2026-08-01 15:00,1
2026-08-01 15:05,1
2026-08-01 15:45,1
2026-08-01 15:50,1
2026-08-01 15:55,2
2026-08-01 16:00,2
2026-08-01 16:05,3
2026-08-01 16:10,3
2026-08-01 16:15,3
2026-08-01 16:20,3
2026-08-01 16:25,3
2026-08-01 16:30,2
2026-08-01 16:35,2
2026-08-01 16:40,1
2026-08-01 16:45,1
2026-08-01 17:55,1
2026-08-01 18:00,1
2026-08-01 18:05,1
2026-08-01 18:10,1
2026-08-01 18:15,1
2026-08-01 18:20,1
2026-08-01 18:25,1
2026-08-01 18:30,2
2026-08-01 18:35,2
2026-08-01 18:40,2
2026-08-01 18:45,2
2026-08-01 18:50,2
2026-08-01 18:55,2
2026-08-01 19:00,2
2026-08-01 19:05,1
2026-08-01 19:10,2
2026-08-01 19:15,2
2026-08-01 19:20,2
2026-08-01 19:25,1
2026-08-01 19:30,1
2026-08-01 19:35,1
2026-08-01 19:40,1
2026-08-01 19:45,1
2026-08-01 19:50,1
2026-08-01 20:00,1
2026-08-01 20:05,1
2026-08-01 20:10,1
2026-08-01 20:15,1
2026-08-01 20:20,1
2026-08-01 20:25,1
2026-08-01 20:30,2
2026-08-01 20:35,2
2026-08-01 20:40,3
2026-08-01 20:45,2
2026-08-01 20:50,3
2026-08-01 20:55,3
2026-08-01 21:00,3
2026-08-01 21:05,3
2026-08-01 21:10,3
2026-08-01 21:15,2
2026-08-01 21:20,2
2026-08-01 21:25,1
2026-08-01 21:30,1
2026-08-01 21:40,1
2026-08-01 21:45,1
2026-08-01 21:50,1
2026-08-01 21:55,1
2026-08-01 22:00,1
2026-08-01 22:05,2
2026-08-01 22:10,2
2026-08-01 22:15,2
2026-08-01 22:20,2
2026-08-01 22:25,2
2026-08-01 22:30,2
2026-08-01 22:35,2
2026-08-01 22:40,2
2026-08-01 22:45,2
2026-08-01 22:50,1
2026-08-01 22:55,1
2026-08-01 23:00,1
2026-08-02 07:40,1
2026-08-02 07:45,1
2026-08-02 07:50,2
2026-08-02 07:55,2
2026-08-02 08:00,2
2026-08-02 08:05,2
2026-08-02 08:10,2
2026-08-02 08:15,2
2026-08-02 08:20,4
2026-08-02 08:25,4
2026-08-02 08:30,4
2026-08-02 08:35,3
2026-08-02 08:40,3
2026-08-02 08:45,3
2026-08-02 08:50,3
2026-08-02 08:55,2
2026-08-02 09:00,1
2026-08-02 09:05,1
2026-08-02 09:10,1
2026-08-02 09:15,1
2026-08-02 09:20,1
2026-08-02 09:25,2
2026-08-02 09:30,2
2026-08-02 09:35,2
2026-08-02 09:40,2
2026-08-02 09:45,1
2026-08-02 09:50,1
2026-08-02 10:05,1
2026-08-02 10:10,1
2026-08-02 10:15,1
2026-08-02 10:20,1
2026-08-02 10:25,1
2026-08-02 10:30,2
2026-08-02 10:35,2
2026-08-02 10:40,2
2026-08-02 10:45,1
2026-08-02 10:50,1
2026-08-02 10:55,1
2026-08-02 11:00,1
2026-08-02 11:35,1
2026-08-02 11:40,1
2026-08-02 11:45,1
2026-08-02 11:50,1
2026-08-02 11:55,1
2026-08-02 12:00,1
2026-08-02 12:05,1
2026-08-02 12:10,1
2026-08-02 12:15,1
2026-08-02 12:20,1
2026-08-02 12:25,1
2026-08-02 12:30,1
2026-08-02 12:35,1
2026-08-02 12:40,1
2026-08-02 12:45,1
2026-08-02 12:50,1
2026-08-02 12:55,1
2026-08-02 13:00,1
2026-08-02 13:25,1
2026-08-02 13:30,1
2026-08-02 13:35,1
2026-08-02 13:40,1
2026-08-02 13:45,1
2026-08-02 13:50,1
2026-08-02 14:10,1
2026-08-02 14:15,1
2026-08-02 14:20,1
2026-08-02 14:25,2
2026-08-02 14:30,2
2026-08-02 14:35,2
2026-08-02 14:40,2
2026-08-02 14:45,2
2026-08-02 14:50,2
2026-08-02 14:55,2
2026-08-02 15:00,1
2026-08-02 15:05,1
2026-08-02 15:45,1
2026-08-02 15:50,1
2026-08-02 15:55,2
2026-08-02 16:00,2
2026-08-02 16:05,3
2026-08-02 16:10,3
2026-08-02 16:15,3
2026-08-02 16:20,3
2026-08-02 16:25,3
2026-08-02 16:30,2
2026-08-02 16:35,2
2026-08-02 16:40,1
2026-08-02 16:45,1
2026-08-02 17:55,1
2026-08-02 18:00,1
2026-08-02 18:05,1
2026-08-02 18:10,1
2026-08-02 18:15,1
2026-08-02 18:20,2
2026-08-02 18:25,2
2026-08-02 18:30,3
2026-08-02 18:35,3
2026-08-02 18:40,3
2026-08-02 18:45,3
2026-08-02 18:50,3
2026-08-02 18:55,2
2026-08-02 19:00,2
2026-08-02 19:05,1
2026-08-02 19:10,2
2026-08-02 19:15,2
2026-08-02 19:20,2
2026-08-02 19:25,1
2026-08-02 19:30,1
2026-08-02 19:35,1
2026-08-02 19:40,1
2026-08-02 19:45,1
2026-08-02 19:50,1
2026-08-02 20:00,1
2026-08-02 20:05,1
2026-08-02 20:10,1
2026-08-02 20:15,1
2026-08-02 20:20,1
2026-08-02 20:25,1
2026-08-02 20:30,2
2026-08-02 20:35,2
2026-08-02 20:40,3
2026-08-02 20:45,2
2026-08-02 20:50,3
2026-08-02 20:55,3
2026-08-02 21:00,3
2026-08-02 21:05,3
2026-08-02 21:10,3
2026-08-02 21:15,2
2026-08-02 21:20,2
2026-08-02 21:25,1
2026-08-02 21:30,1
2026-08-02 21:40,1
2026-08-02 21:45,1
2026-08-02 21:50,1
2026-08-02 21:55,1
2026-08-02 22:00,1
2026-08-02 22:05,2
2026-08-02 22:10,2
2026-08-02 22:15,1
2026-08-02 22:20,1
2026-08-02 22:25,1
2026-08-02 22:30,1
2026-08-02 22:35,1
2026-08-02 22:40,1
2026-08-02 22:45,1
2026-08-03 07:30,1
2026-08-03 07:35,1
2026-08-03 07:40,2
2026-08-03 07:45,2
2026-08-03 07:50,3
2026-08-03 07:55,3
2026-08-03 08:00,3
2026-08-03 08:05,2
2026-08-03 08:10,2
2026-08-03 08:15,2
2026-08-03 08:20,4
2026-08-03 08:25,4
2026-08-03 08:30,4
2026-08-03 08:35,3
2026-08-03 08:40,3
2026-08-03 08:45,3
2026-08-03 08:50,3
2026-08-03 08:55,2
2026-08-03 09:00,1
2026-08-03 09:05,1
2026-08-03 09:10,1
2026-08-03 09:15,1
2026-08-03 09:20,1
2026-08-03 09:25,2
2026-08-03 09:30,2
2026-08-03 09:35,2
2026-08-03 09:40,2
2026-08-03 09:45,1
2026-08-03 09:50,1
2026-08-03 10:05,1
2026-08-03 10:10,1
2026-08-03 10:15,1
2026-08-03 10:20,1
2026-08-03 10:25,1
2026-08-03 10:30,2
2026-08-03 10:35,2
2026-08-03 10:40,2
2026-08-03 10:45,1
2026-08-03 10:50,1
2026-08-03 10:55,1
2026-08-03 11:00,1
2026-08-03 11:35,1
2026-08-03 11:40,1
2026-08-03 11:45,1
2026-08-03 11:50,1
2026-08-03 11:55,1
2026-08-03 12:00,1
2026-08-03 12:05,1
2026-08-03 12:10,1
2026-08-03 12:15,1
2026-08-03 12:20,1
2026-08-03 12:25,1
2026-08-03 12:30,1
2026-08-03 12:35,1
2026-08-03 12:40,1
2026-08-03 12:45,1
2026-08-03 12:50,1
2026-08-03 12:55,1
2026-08-03 13:00,1
2026-08-03 13:25,1
2026-08-03 13:30,1
2026-08-03 13:35,1
2026-08-03 13:40,1
2026-08-03 13:45,1
2026-08-03 13:50,1
2026-08-03 14:10,1
2026-08-03 14:15,1
2026-08-03 14:20,1
2026-08-03 14:25,2
2026-08-03 14:30,2
2026-08-03 14:35,2
2026-08-03 14:40,2
2026-08-03 14:45,2
2026-08-03 14:50,2
2026-08-03 14:55,2
2026-08-03 15:00,1
2026-08-03 15:05,1
2026-08-03 15:45,1
2026-08-03 15:50,1
2026-08-03 15:55,2
2026-08-03 16:00,2
2026-08-03 16:05,3
2026-08-03 16:10,3
2026-08-03 16:15,3
2026-08-03 16:20,3
2026-08-03 16:25,3
2026-08-03 16:30,2
2026-08-03 16:35,2
2026-08-03 16:40,1
2026-08-03 16:45,1
2026-08-03 17:55,1
2026-08-03 18:00,1
2026-08-03 18:05,1
2026-08-03 18:10,1
2026-08-03 18:15,1
2026-08-03 18:20,2
2026-08-03 18:25,2
2026-08-03 18:30,3
2026-08-03 18:35,3
2026-08-03 18:40,3
2026-08-03 18:45,3
2026-08-03 18:50,3
2026-08-03 18:55,2
2026-08-03 19:00,2
2026-08-03 19:05,1
2026-08-03 19:10,2
2026-08-03 19:15,2
2026-08-03 19:20,2
2026-08-03 19:25,1
2026-08-03 19:30,1
2026-08-03 19:35,1
2026-08-03 19:40,1
2026-08-03 19:45,1
2026-08-03 19:50,1
2026-08-03 20:00,1
2026-08-03 20:05,1
2026-08-03 20:10,1
2026-08-03 20:15,1
2026-08-03 20:20,1
2026-08-03 20:25,1
2026-08-03 20:30,2
2026-08-03 20:35,2
2026-08-03 20:40,3
2026-08-03 20:45,2
2026-08-03 20:50,3
2026-08-03 20:55,3
2026-08-03 21:00,3
2026-08-03 21:05,3
2026-08-03 21:10,3
2026-08-03 21:15,2
2026-08-03 21:20,2
2026-08-03 21:25,1
2026-08-03 21:30,1
2026-08-03 21:40,1
2026-08-03 21:45,1
2026-08-03 21:50,1
2026-08-03 21:55,1
2026-08-03 22:00,1
2026-08-03 22:05,2
2026-08-03 22:10,2
2026-08-03 22:15,2
2026-08-03 22:20,2
2026-08-03 22:25,2
2026-08-03 22:30,2
2026-08-03 22:35,2
2026-08-03 22:40,2
2026-08-03 22:45,2
2026-08-03 22:50,1
2026-08-03 22:55,1
2026-08-03 23:00,1
2026-08-04 07:30,1
2026-08-04 07:35,1
2026-08-04 07:40,2
2026-08-04 07:45,2
2026-08-04 07:50,3
2026-08-04 07:55,3
2026-08-04 08:00,3
2026-08-04 08:05,2
2026-08-04 08:10,2
2026-08-04 08:15,2
2026-08-04 08:20,3
2026-08-04 08:25,3
2026-08-04 08:30,3
2026-08-04 08:35,2
2026-08-04 08:40,2
2026-08-04 08:45,2
2026-08-04 08:50,2
2026-08-04 08:55,1
2026-08-04 09:25,1
2026-08-04 09:30,1
2026-08-04 09:35,1
2026-08-04 09:40,1
2026-08-04 10:05,1
2026-08-04 10:10,1
2026-08-04 10:15,1
2026-08-04 10:20,1
2026-08-04 10:25,1
2026-08-04 10:30,2
2026-08-04 10:35,2
2026-08-04 10:40,2
2026-08-04 10:45,1
2026-08-04 10:50,1
2026-08-04 10:55,1
2026-08-04 11:00,1
2026-08-04 11:35,1
2026-08-04 11:40,1
2026-08-04 11:45,1
2026-08-04 11:50,1
2026-08-04 11:55,1
2026-08-04 12:00,1
2026-08-04 12:05,1
2026-08-04 12:10,1
2026-08-04 12:15,1
2026-08-04 12:20,1
2026-08-04 12:25,1
2026-08-04 12:30,1
2026-08-04 12:35,1
2026-08-04 12:40,1
2026-08-04 12:45,1
2026-08-04 12:50,1
2026-08-04 12:55,1
2026-08-04 13:00,1
2026-08-04 13:20,1
2026-08-04 13:25,2
2026-08-04 13:30,2
2026-08-04 13:35,2
2026-08-04 13:40,2
2026-08-04 13:45,1
2026-08-04 13:50,1
2026-08-04 14:10,1
2026-08-04 14:15,1
2026-08-04 14:20,1
2026-08-04 14:25,2
2026-08-04 14:30,2
2026-08-04 14:35,2
2026-08-04 14:40,2
2026-08-04 14:45,2
2026-08-04 14:50,2
2026-08-04 14:55,2
2026-08-04 15:00,1
2026-08-04 15:05,1
2026-08-04 15:45,1
2026-08-04 15:50,1
2026-08-04 15:55,2
2026-08-04 16:00,2
2026-08-04 16:05,3
2026-08-04 16:10,3
2026-08-04 16:15,3
2026-08-04 16:20,3
2026-08-04 16:25,3
2026-08-04 16:30,2
2026-08-04 16:35,2
2026-08-04 16:40,1
2026-08-04 16:45,1
2026-08-04 17:55,1
2026-08-04 18:00,1
2026-08-04 18:05,1
2026-08-04 18:10,1
2026-08-04 18:15,1
2026-08-04 18:20,1
2026-08-04 18:25,1
2026-08-04 18:30,2
2026-08-04 18:35,2
2026-08-04 18:40,2
2026-08-04 18:45,2
2026-08-04 18:50,2
2026-08-04 18:55,2
2026-08-04 19:00,2
2026-08-04 19:05,1
2026-08-04 19:10,2
2026-08-04 19:15,2
2026-08-04 19:20,2
2026-08-04 19:25,1
2026-08-04 19:30,1
2026-08-04 19:35,1
2026-08-04 19:40,1
2026-08-04 19:45,1
2026-08-04 19:50,1
2026-08-04 20:00,1
2026-08-04 20:05,1
2026-08-04 20:10,1
2026-08-04 20:15,1
2026-08-04 20:20,1
2026-08-04 20:25,1
2026-08-04 20:30,2
2026-08-04 20:35,2
2026-08-04 20:40,3
2026-08-04 20:45,2
2026-08-04 20:50,3
2026-08-04 20:55,3
2026-08-04 21:00,3
2026-08-04 21:05,3
2026-08-04 21:10,3
2026-08-04 21:15,2
2026-08-04 21:20,2
2026-08-04 21:25,1
2026-08-04 21:30,1
2026-08-04 21:40,1
2026-08-04 21:45,1
2026-08-04 21:50,1
2026-08-04 21:55,1
2026-08-04 22:00,1
2026-08-04 22:05,2
2026-08-04 22:10,2
2026-08-04 22:15,1
2026-08-04 22:20,1
2026-08-04 22:25,1
2026-08-04 22:30,1
2026-08-04 22:35,1
2026-08-04 22:40,1
2026-08-04 22:45,1
2026-08-05 07:40,1
2026-08-05 07:45,1
2026-08-05 07:50,2
2026-08-05 07:55,2
2026-08-05 08:00,2
2026-08-05 08:05,2
2026-08-05 08:10,2
2026-08-05 08:15,2
2026-08-05 08:20,4
2026-08-05 08:25,4
2026-08-05 08:30,4
2026-08-05 08:35,3
2026-08-05 08:40,3
2026-08-05 08:45,3
2026-08-05 08:50,3
2026-08-05 08:55,2
2026-08-05 09:00,1
2026-08-05 09:05,1
2026-08-05 09:10,1
2026-08-05 09:15,1
2026-08-05 09:20,1
2026-08-05 09:25,2
2026-08-05 09:30,2
2026-08-05 09:35,2
2026-08-05 09:40,2
2026-08-05 09:45,1
2026-08-05 09:50,1
2026-08-05 10:05,1
2026-08-05 10:10,1
2026-08-05 10:15,1
2026-08-05 10:20,1
2026-08-05 10:25,1
2026-08-05 10:30,2
2026-08-05 10:35,2
2026-08-05 10:40,2
2026-08-05 10:45,1
2026-08-05 10:50,1
2026-08-05 10:55,1
2026-08-05 11:00,1
2026-08-05 11:35,1
2026-08-05 11:40,1
2026-08-05 11:45,1
2026-08-05 11:50,1
2026-08-05 11:55,1
2026-08-05 12:00,1
2026-08-05 12:05,1
2026-08-05 12:10,1
2026-08-05 12:15,1
2026-08-05 12:20,1
2026-08-05 12:25,1
2026-08-05 12:30,1
2026-08-05 12:35,1
2026-08-05 12:40,1
2026-08-05 12:45,1
2026-08-05 12:50,1
2026-08-05 12:55,1
2026-08-05 13:00,1
2026-08-05 13:25,1
2026-08-05 13:30,1
2026-08-05 13:35,1
2026-08-05 13:40,1
2026-08-05 13:45,1
2026-08-05 13:50,1
2026-08-05 14:10,1
2026-08-05 14:15,1
2026-08-05 14:20,1
2026-08-05 14:25,2
2026-08-05 14:30,2
2026-08-05 14:35,2
2026-08-05 14:40,2
2026-08-05 14:45,2
2026-08-05 14:50,2
2026-08-05 14:55,2
2026-08-05 15:00,1
2026-08-05 15:05,1
2026-08-05 15:45,1
2026-08-05 15:50,1
2026-08-05 15:55,2
2026-08-05 16:00,2
2026-08-05 16:05,3
2026-08-05 16:10,3
2026-08-05 16:15,3
2026-08-05 16:20,3
2026-08-05 16:25,3
2026-08-05 16:30,2
2026-08-05 16:35,2
2026-08-05 16:40,1
2026-08-05 16:45,1
2026-08-05 17:55,1
2026-08-05 18:00,1
2026-08-05 18:05,1
2026-08-05 18:10,1
2026-08-05 18:15,1
2026-08-05 18:20,2
2026-08-05 18:25,2
2026-08-05 18:30,3
2026-08-05 18:35,3
2026-08-05 18:40,3
2026-08-05 18:45,3
2026-08-05 18:50,3
2026-08-05 18:55,2
2026-08-05 19:00,2
2026-08-05 19:05,1
2026-08-05 19:10,2
2026-08-05 19:15,2
2026-08-05 19:20,2
2026-08-05 19:25,1
2026-08-05 19:30,1
2026-08-05 19:35,1
2026-08-05 19:40,1
2026-08-05 19:45,1
2026-08-05 19:50,1
2026-08-05 20:00,1
2026-08-05 20:05,1
2026-08-05 20:10,1
2026-08-05 20:15,1
2026-08-05 20:20,1
2026-08-05 20:25,1
2026-08-05 20:30,2
2026-08-05 20:35,2
2026-08-05 20:40,3
2026-08-05 20:45,2
2026-08-05 20:50,3
2026-08-05 20:55,3
2026-08-05 21:00,3
2026-08-05 21:05,3
2026-08-05 21:10,3
2026-08-05 21:15,2
2026-08-05 21:20,2
2026-08-05 21:25,1
2026-08-05 21:30,1
2026-08-05 21:40,1
2026-08-05 21:45,1
2026-08-05 21:50,1
2026-08-05 21:55,1
2026-08-05 22:00,1
2026-08-05 22:05,2
2026-08-05 22:10,2
2026-08-05 22:15,2
2026-08-05 22:20,2
2026-08-05 22:25,2
2026-08-05 22:30,2
2026-08-05 22:35,2
2026-08-05 22:40,2
2026-08-05 22:45,2
2026-08-05 22:50,1
2026-08-05 22:55,1
2026-08-05 23:00,1
2026-08-06 07:30,1
2026-08-06 07:35,1
2026-08-06 07:40,2
2026-08-06 07:45,2
2026-08-06 07:50,3
2026-08-06 07:55,3
2026-08-06 08:00,3
2026-08-06 08:05,2
2026-08-06 08:10,2
2026-08-06 08:15,2
2026-08-06 08:20,3
2026-08-06 08:25,3
2026-08-06 08:30,3
2026-08-06 08:35,2
2026-08-06 08:40,2
2026-08-06 08:45,2
2026-08-06 08:50,2
2026-08-06 08:55,1
2026-08-06 09:25,1
2026-08-06 09:30,1
2026-08-06 09:35,1
2026-08-06 09:40,1
2026-08-06 10:05,1
2026-08-06 10:10,1
2026-08-06 10:15,1
2026-08-06 10:20,1
2026-08-06 10:25,1
2026-08-06 10:30,2
2026-08-06 10:35,2
2026-08-06 10:40,2
2026-08-06 10:45,1
2026-08-06 10:50,1
2026-08-06 10:55,1
2026-08-06 11:00,1
2026-08-06 11:35,1
2026-08-06 11:40,1
2026-08-06 11:45,1
2026-08-06 11:50,1
2026-08-06 11:55,1
2026-08-06 12:00,1
2026-08-06 12:05,1
2026-08-06 12:10,1
2026-08-06 12:15,1
2026-08-06 12:20,1
2026-08-06 12:25,1
2026-08-06 12:30,1
2026-08-06 12:35,1
2026-08-06 12:40,1
2026-08-06 12:45,1
2026-08-06 12:50,1
2026-08-06 12:55,1
2026-08-06 13:00,1
2026-08-06 13:20,1
2026-08-06 13:25,2
2026-08-06 13:30,2
2026-08-06 13:35,2
2026-08-06 13:40,2
2026-08-06 13:45,1
2026-08-06 13:50,1
2026-08-06 14:10,1
2026-08-06 14:15,1
2026-08-06 14:20,1
2026-08-06 14:25,2
2026-08-06 14:30,2
2026-08-06 14:35,2
2026-08-06 14:40,2
2026-08-06 14:45,2
2026-08-06 14:50,2
2026-08-06 14:55,2
2026-08-06 15:00,1
2026-08-06 15:05,1
2026-08-06 15:45,1
2026-08-06 15:50,1
2026-08-06 15:55,2
2026-08-06 16:00,2
2026-08-06 16:05,3
2026-08-06 16:10,3
2026-08-06 16:15,3
2026-08-06 16:20,3
2026-08-06 16:25,3
2026-08-06 16:30,2
2026-08-06 16:35,2
2026-08-06 16:40,1
2026-08-06 16:45,1
2026-08-06 17:55,1
2026-08-06 18:00,1
2026-08-06 18:05,1
2026-08-06 18:10,1
2026-08-06 18:15,1
2026-08-06 18:20,1
2026-08-06 18:25,1
2026-08-06 18:30,2
2026-08-06 18:35,2
2026-08-06 18:40,2
2026-08-06 18:45,2
2026-08-06 18:50,2
2026-08-06 18:55,2
2026-08-06 19:00,2
2026-08-06 19:05,1
2026-08-06 19:10,2
2026-08-06 19:15,2
2026-08-06 19:20,2
2026-08-06 19:25,1
2026-08-06 19:30,1
2026-08-06 19:35,1
2026-08-06 19:40,1
2026-08-06 19:45,1
2026-08-06 19:50,1
2026-08-06 20:00,1
2026-08-06 20:05,1
2026-08-06 20:10,1
2026-08-06 20:15,1
2026-08-06 20:20,1
2026-08-06 20:25,1
2026-08-06 20:30,2
2026-08-06 20:35,2
2026-08-06 20:40,3
2026-08-06 20:45,2
2026-08-06 20:50,3
2026-08-06 20:55,3
2026-08-06 21:00,3
2026-08-06 21:05,3
2026-08-06 21:10,3
2026-08-06 21:15,2
2026-08-06 21:20,2
2026-08-06 21:25,1
2026-08-06 21:30,1
2026-08-06 21:40,1
2026-08-06 21:45,1
2026-08-06 21:50,1
2026-08-06 21:55,1
2026-08-06 22:00,1
2026-08-06 22:05,2
2026-08-06 22:10,2
2026-08-06 22:15,1
2026-08-06 22:20,1
2026-08-06 22:25,1
2026-08-06 22:30,1
2026-08-06 22:35,1
2026-08-06 22:40,1
2026-08-06 22:45,1
2026-08-07 07:40,1
2026-08-07 07:45,1
2026-08-07 07:50,2
2026-08-07 07:55,2
2026-08-07 08:00,2
2026-08-07 08:05,2
2026-08-07 08:10,2
2026-08-07 08:15,2
2026-08-07 08:20,4
2026-08-07 08:25,4
2026-08-07 08:30,4
2026-08-07 08:35,3
2026-08-07 08:40,3
2026-08-07 08:45,3
2026-08-07 08:50,3
2026-08-07 08:55,2
2026-08-07 09:00,1
2026-08-07 09:05,1
2026-08-07 09:10,1
2026-08-07 09:15,1
2026-08-07 09:20,1
2026-08-07 09:25,2
2026-08-07 09:30,2
2026-08-07 09:35,2
2026-08-07 09:40,2
2026-08-07 09:45,1
2026-08-07 09:50,1
2026-08-07 10:05,1
2026-08-07 10:10,1
2026-08-07 10:15,1
2026-08-07 10:20,1
2026-08-07 10:25,1
2026-08-07 10:30,2
2026-08-07 10:35,2
2026-08-07 10:40,2
2026-08-07 10:45,1
2026-08-07 10:50,1
2026-08-07 10:55,1
2026-08-07 11:00,1
2026-08-07 11:35,1
2026-08-07 11:40,1
2026-08-07 11:45,1
2026-08-07 11:50,1
2026-08-07 11:55,1
2026-08-07 12:00,1
2026-08-07 12:05,1
2026-08-07 12:10,1
2026-08-07 12:15,1
2026-08-07 12:20,1
2026-08-07 12:25,1
2026-08-07 12:30,1
2026-08-07 12:35,1
2026-08-07 12:40,1
2026-08-07 12:45,1
2026-08-07 12:50,1
2026-08-07 12:55,1
2026-08-07 13:00,1
2026-08-07 13:25,1
2026-08-07 13:30,1
2026-08-07 13:35,1
2026-08-07 13:40,1
2026-08-07 13:45,1
2026-08-07 13:50,1
2026-08-07 14:10,1
2026-08-07 14:15,1
2026-08-07 14:20,1
2026-08-07 14:25,2
2026-08-07 14:30,2
2026-08-07 14:35,2
2026-08-07 14:40,2
2026-08-07 14:45,2
2026-08-07 14:50,2
2026-08-07 14:55,2
2026-08-07 15:00,1
2026-08-07 15:05,1
2026-08-07 15:45,1
2026-08-07 15:50,1
2026-08-07 15:55,2
2026-08-07 16:00,2
2026-08-07 16:05,3
2026-08-07 16:10,3
2026-08-07 16:15,3
2026-08-07 16:20,3
2026-08-07 16:25,3
2026-08-07 16:30,2
2026-08-07 16:35,2
2026-08-07 16:40,1
2026-08-07 16:45,1
2026-08-07 17:55,1
2026-08-07 18:00,1
2026-08-07 18:05,1
2026-08-07 18:10,1
2026-08-07 18:15,1
2026-08-07 18:20,2
2026-08-07 18:25,2
2026-08-07 18:30,3
2026-08-07 18:35,3
2026-08-07 18:40,3
2026-08-07 18:45,3
2026-08-07 18:50,3
2026-08-07 18:55,2
2026-08-07 19:00,2
2026-08-07 19:05,1
2026-08-07 19:10,2
2026-08-07 19:15,2
2026-08-07 19:20,2
2026-08-07 19:25,1
2026-08-07 19:30,1
2026-08-07 19:35,1
2026-08-07 19:40,1
2026-08-07 19:45,1
2026-08-07 19:50,1
2026-08-07 20:00,1
2026-08-07 20:05,1
2026-08-07 20:10,1
2026-08-07 20:15,1
2026-08-07 20:20,1
2026-08-07 20:25,1
2026-08-07 20:30,2
2026-08-07 20:35,2
2026-08-07 20:40,3
2026-08-07 20:45,2
2026-08-07 20:50,3
2026-08-07 20:55,3
2026-08-07 21:00,3
2026-08-07 21:05,3
2026-08-07 21:10,3
2026-08-07 21:15,2
2026-08-07 21:20,2
2026-08-07 21:25,1
2026-08-07 21:30,1
2026-08-07 21:40,1
2026-08-07 21:45,1
2026-08-07 21:50,1
2026-08-07 21:55,1
2026-08-07 22:00,1
2026-08-07 22:05,2
2026-08-07 22:10,2
2026-08-07 22:15,2
2026-08-07 22:20,2
2026-08-07 22:25,2
2026-08-07 22:30,2
2026-08-07 22:35,2
2026-08-07 22:40,2
2026-08-07 22:45,2
2026-08-07 22:50,1
2026-08-07 22:55,1
2026-08-07 23:00,1
2026-08-08 07:30,1
2026-08-08 07:35,1
2026-08-08 07:40,2
2026-08-08 07:45,2
2026-08-08 07:50,3
2026-08-08 07:55,3
2026-08-08 08:00,3
2026-08-08 08:05,2
2026-08-08 08:10,2
2026-08-08 08:15,2
2026-08-08 08:20,3
2026-08-08 08:25,3
2026-08-08 08:30,3
2026-08-08 08:35,2
2026-08-08 08:40,2
2026-08-08 08:45,2
2026-08-08 08:50,2
2026-08-08 08:55,1
2026-08-08 09:25,1
2026-08-08 09:30,1
2026-08-08 09:35,1
2026-08-08 09:40,1
2026-08-08 10:05,1
2026-08-08 10:10,1
2026-08-08 10:15,1
2026-08-08 10:20,1
2026-08-08 10:25,1
2026-08-08 10:30,2
2026-08-08 10:35,2
2026-08-08 10:40,2
2026-08-08 10:45,1
2026-08-08 10:50,1
2026-08-08 10:55,1
2026-08-08 11:00,1
2026-08-08 11:35,1
2026-08-08 11:40,1
2026-08-08 11:45,1
2026-08-08 11:50,1
2026-08-08 11:55,1
2026-08-08 12:00,1
2026-08-08 12:05,1
2026-08-08 12:10,1
2026-08-08 12:15,1
2026-08-08 12:20,1
2026-08-08 12:25,1
2026-08-08 12:30,1
2026-08-08 12:35,1
2026-08-08 12:40,1
2026-08-08 12:45,1
2026-08-08 12:50,1
2026-08-08 12:55,1
2026-08-08 13:00,1
2026-08-08 13:20,1
2026-08-08 13:25,2
2026-08-08 13:30,2
2026-08-08 13:35,2
2026-08-08 13:40,2
2026-08-08 13:45,1
2026-08-08 13:50,1
2026-08-08 14:10,1
2026-08-08 14:15,1
2026-08-08 14:20,1
2026-08-08 14:25,2
2026-08-08 14:30,2
2026-08-08 14:35,2
2026-08-08 14:40,2
2026-08-08 14:45,2
2026-08-08 14:50,2
2026-08-08 14:55,2
2026-08-08 15:00,1
2026-08-08 15:05,1
2026-08-08 15:45,1
2026-08-08 15:50,1
2026-08-08 15:55,2
2026-08-08 16:00,2
2026-08-08 16:05,3
2026-08-08 16:10,3
2026-08-08 16:15,3
2026-08-08 16:20,3
2026-08-08 16:25,3
2026-08-08 16:30,2
2026-08-08 16:35,2
2026-08-08 16:40,1
2026-08-08 16:45,1
2026-08-08 17:55,1
2026-08-08 18:00,1
2026-08-08 18:05,1
2026-08-08 18:10,1
2026-08-08 18:15,1
2026-08-08 18:20,1
2026-08-08 18:25,1
2026-08-08 18:30,2
2026-08-08 18:35,2
2026-08-08 18:40,2
2026-08-08 18:45,2
2026-08-08 18:50,2
2026-08-08 18:55,2
2026-08-08 19:00,2
2026-08-08 19:05,1
2026-08-08 19:10,2
2026-08-08 19:15,2
2026-08-08 19:20,2
2026-08-08 19:25,1
2026-08-08 19:30,1
2026-08-08 19:35,1
2026-08-08 19:40,1
2026-08-08 19:45,1
2026-08-08 19:50,1
2026-08-08 20:00,1
2026-08-08 20:05,1
2026-08-08 20:10,1
2026-08-08 20:15,1
2026-08-08 20:20,1
2026-08-08 20:25,1
2026-08-08 20:30,2
2026-08-08 20:35,2
2026-08-08 20:40,3
2026-08-08 20:45,2
2026-08-08 20:50,3
2026-08-08 20:55,3
2026-08-08 21:00,3
2026-08-08 21:05,3
2026-08-08 21:10,3
2026-08-08 21:15,2
2026-08-08 21:20,2
2026-08-08 21:25,1
2026-08-08 21:30,1
2026-08-08 21:40,1
2026-08-08 21:45,1
2026-08-08 21:50,1
2026-08-08 21:55,1
2026-08-08 22:00,1
2026-08-08 22:05,2
2026-08-08 22:10,2
2026-08-08 22:15,2
2026-08-08 22:20,2
2026-08-08 22:25,2
2026-08-08 22:30,2
2026-08-08 22:35,2
2026-08-08 22:40,2
2026-08-08 22:45,2
2026-08-08 22:50,1
2026-08-08 22:55,1
2026-08-08 23:00,1
2026-08-09 07:40,1
2026-08-09 07:45,1
2026-08-09 07:50,2
2026-08-09 07:55,2
2026-08-09 08:00,2
2026-08-09 08:05,2
2026-08-09 08:10,2
2026-08-09 08:15,2
2026-08-09 08:20,4
2026-08-09 08:25,4
2026-08-09 08:30,4
2026-08-09 08:35,3
2026-08-09 08:40,3
2026-08-09 08:45,3
2026-08-09 08:50,3
2026-08-09 08:55,2
2026-08-09 09:00,1
2026-08-09 09:05,1
2026-08-09 09:10,1
2026-08-09 09:15,1
2026-08-09 09:20,1
2026-08-09 09:25,2
2026-08-09 09:30,2
2026-08-09 09:35,2
2026-08-09 09:40,2
2026-08-09 09:45,1
2026-08-09 09:50,1
2026-08-09 10:05,1
2026-08-09 10:10,1
2026-08-09 10:15,1
2026-08-09 10:20,1
2026-08-09 10:25,1
2026-08-09 10:30,2
2026-08-09 10:35,2
2026-08-09 10:40,2
2026-08-09 10:45,1
2026-08-09 10:50,1
2026-08-09 10:55,1
2026-08-09 11:00,1
2026-08-09 11:35,1
2026-08-09 11:40,1
2026-08-09 11:45,1
2026-08-09 11:50,1
2026-08-09 11:55,1
2026-08-09 12:00,1
2026-08-09 12:05,1
2026-08-09 12:10,1
2026-08-09 12:15,1
2026-08-09 12:20,1
2026-08-09 12:25,1
2026-08-09 12:30,1
2026-08-09 12:35,1
2026-08-09 12:40,1
2026-08-09 12:45,1
2026-08-09 12:50,1
2026-08-09 12:55,1
2026-08-09 13:00,1
2026-08-09 13:25,1
2026-08-09 13:30,1
2026-08-09 13:35,1
2026-08-09 13:40,1
2026-08-09 13:45,1
2026-08-09 13:50,1
2026-08-09 14:10,1
2026-08-09 14:15,1
2026-08-09 14:20,1
2026-08-09 14:25,2
2026-08-09 14:30,2
2026-08-09 14:35,2
2026-08-09 14:40,2
2026-08-09 14:45,2
2026-08-09 14:50,2
2026-08-09 14:55,2
2026-08-09 15:00,1
2026-08-09 15:05,1
2026-08-09 15:45,1
2026-08-09 15:50,1
2026-08-09 15:55,2
2026-08-09 16:00,2
2026-08-09 16:05,3
2026-08-09 16:10,3
2026-08-09 16:15,3
2026-08-09 16:20,3
2026-08-09 16:25,3
2026-08-09 16:30,2
2026-08-09 16:35,2
2026-08-09 16:40,1
2026-08-09 16:45,1
2026-08-09 17:55,1
2026-08-09 18:00,1
2026-08-09 18:05,1
2026-08-09 18:10,1
2026-08-09 18:15,1
2026-08-09 18:20,2
2026-08-09 18:25,2
2026-08-09 18:30,3
2026-08-09 18:35,3
2026-08-09 18:40,3
2026-08-09 18:45,3
2026-08-09 18:50,3
2026-08-09 18:55,2
2026-08-09 19:00,2
2026-08-09 19:05,1
2026-08-09 19:10,2
2026-08-09 19:15,2
2026-08-09 19:20,2
2026-08-09 19:25,1
2026-08-09 19:30,1
2026-08-09 19:35,1
2026-08-09 19:40,1
2026-08-09 19:45,1
2026-08-09 19:50,1
2026-08-09 20:00,1
2026-08-09 20:05,1
2026-08-09 20:10,1
2026-08-09 20:15,1
2026-08-09 20:20,1
2026-08-09 20:25,1
2026-08-09 20:30,2
2026-08-09 20:35,2
2026-08-09 20:40,3
2026-08-09 20:45,2
2026-08-09 20:50,3
2026-08-09 20:55,3
2026-08-09 21:00,3
2026-08-09 21:05,3
2026-08-09 21:10,3
2026-08-09 21:15,2
2026-08-09 21:20,2
2026-08-09 21:25,1
2026-08-09 21:30,1
2026-08-09 21:40,1
2026-08-09 21:45,1
2026-08-09 21:50,1
2026-08-09 21:55,1
2026-08-09 22:00,1
2026-08-09 22:05,2
2026-08-09 22:10,2
2026-08-09 22:15,1
2026-08-09 22:20,1
2026-08-09 22:25,1
2026-08-09 22:30,1
2026-08-09 22:35,1
2026-08-09 22:40,1
2026-08-09 22:45,1
2026-08-10 07:30,1
2026-08-10 07:35,1
2026-08-10 07:40,2
2026-08-10 07:45,2
2026-08-10 07:50,3
2026-08-10 07:55,3
2026-08-10 08:00,3
2026-08-10 08:05,2
2026-08-10 08:10,2
2026-08-10 08:15,2
2026-08-10 08:20,4
2026-08-10 08:25,4
2026-08-10 08:30,4
2026-08-10 08:35,3
2026-08-10 08:40,3
2026-08-10 08:45,3
2026-08-10 08:50,3
2026-08-10 08:55,2
2026-08-10 09:00,1
2026-08-10 09:05,1
2026-08-10 09:10,1
2026-08-10 09:15,1
2026-08-10 09:20,1
2026-08-10 09:25,2
2026-08-10 09:30,2
2026-08-10 09:35,2
2026-08-10 09:40,2
2026-08-10 09:45,1
2026-08-10 09:50,1
2026-08-10 10:05,1
2026-08-10 10:10,1
2026-08-10 10:15,1
2026-08-10 10:20,1
2026-08-10 10:25,1
2026-08-10 10:30,2
2026-08-10 10:35,2
2026-08-10 10:40,2
2026-08-10 10:45,1
2026-08-10 10:50,1
2026-08-10 10:55,1
2026-08-10 11:00,1
2026-08-10 11:35,1
2026-08-10 11:40,1
2026-08-10 11:45,1
2026-08-10 11:50,1
2026-08-10 11:55,1
2026-08-10 12:00,1
2026-08-10 12:05,1
2026-08-10 12:10,1
2026-08-10 12:15,1
2026-08-10 12:20,1
2026-08-10 12:25,1
2026-08-10 12:30,1
2026-08-10 12:35,1
2026-08-10 12:40,1
2026-08-10 12:45,1
2026-08-10 12:50,1
2026-08-10 12:55,1
2026-08-10 13:00,1
2026-08-10 13:25,1
2026-08-10 13:30,1
2026-08-10 13:35,1
2026-08-10 13:40,1
2026-08-10 13:45,1
2026-08-10 13:50,1
2026-08-10 14:10,1
2026-08-10 14:15,1
2026-08-10 14:20,1
2026-08-10 14:25,2
2026-08-10 14:30,2
2026-08-10 14:35,2
2026-08-10 14:40,2
2026-08-10 14:45,2
2026-08-10 14:50,2
2026-08-10 14:55,2
2026-08-10 15:00,1
2026-08-10 15:05,1
2026-08-10 15:45,1
2026-08-10 15:50,1
2026-08-10 15:55,2
2026-08-10 16:00,2
2026-08-10 16:05,3
2026-08-10 16:10,3
2026-08-10 16:15,3
2026-08-10 16:20,3
2026-08-10 16:25,3
2026-08-10 16:30,2
2026-08-10 16:35,2
2026-08-10 16:40,1
2026-08-10 16:45,1
2026-08-10 17:55,1
2026-08-10 18:00,1
2026-08-10 18:05,1
2026-08-10 18:10,1
2026-08-10 18:15,1
2026-08-10 18:20,2
2026-08-10 18:25,2
2026-08-10 18:30,3
2026-08-10 18:35,3
2026-08-10 18:40,3
2026-08-10 18:45,3
2026-08-10 18:50,3
2026-08-10 18:55,2
2026-08-10 19:00,2
2026-08-10 19:05,1
2026-08-10 19:10,2
2026-08-10 19:15,2
2026-08-10 19:20,2
2026-08-10 19:25,1
2026-08-10 19:30,1
2026-08-10 19:35,1
2026-08-10 19:40,1
2026-08-10 19:45,1
2026-08-10 19:50,1
2026-08-10 20:00,1
2026-08-10 20:05,1
2026-08-10 20:10,1
2026-08-10 20:15,1
2026-08-10 20:20,1
2026-08-10 20:25,1
2026-08-10 20:30,2
2026-08-10 20:35,2
2026-08-10 20:40,3
2026-08-10 20:45,2
2026-08-10 20:50,3
2026-08-10 20:55,3
2026-08-10 21:00,3
2026-08-10 21:05,3
2026-08-10 21:10,3
2026-08-10 21:15,2
2026-08-10 21:20,2
2026-08-10 21:25,1
2026-08-10 21:30,1
2026-08-10 21:40,1
2026-08-10 21:45,1
2026-08-10 21:50,1
2026-08-10 21:55,1
2026-08-10 22:00,1
2026-08-10 22:05,2
2026-08-10 22:10,2
2026-08-10 22:15,2
2026-08-10 22:20,2
2026-08-10 22:25,2
2026-08-10 22:30,2
2026-08-10 22:35,2
2026-08-10 22:40,2
2026-08-10 22:45,2
2026-08-10 22:50,1
2026-08-10 22:55,1
2026-08-10 23:00,1
2026-08-11 07:30,1
2026-08-11 07:35,1
2026-08-11 07:40,2
2026-08-11 07:45,2
2026-08-11 07:50,3
2026-08-11 07:55,3
2026-08-11 08:00,3
2026-08-11 08:05,2
2026-08-11 08:10,2
2026-08-11 08:15,2
2026-08-11 08:20,3
2026-08-11 08:25,3
2026-08-11 08:30,3
2026-08-11 08:35,2
2026-08-11 08:40,2
2026-08-11 08:45,2
2026-08-11 08:50,2
2026-08-11 08:55,1
2026-08-11 09:25,1
2026-08-11 09:30,1
2026-08-11 09:35,1
2026-08-11 09:40,1
2026-08-11 10:05,1
2026-08-11 10:10,1
2026-08-11 10:15,1
2026-08-11 10:20,1
2026-08-11 10:25,1
2026-08-11 10:30,2
2026-08-11 10:35,2
2026-08-11 10:40,2
2026-08-11 10:45,1
2026-08-11 10:50,1
2026-08-11 10:55,1
2026-08-11 11:00,1
2026-08-11 11:35,1
2026-08-11 11:40,1
2026-08-11 11:45,1
2026-08-11 11:50,1
2026-08-11 11:55,1
2026-08-11 12:00,1
2026-08-11 12:05,1
2026-08-11 12:10,1
2026-08-11 12:15,1
2026-08-11 12:20,1
2026-08-11 12:25,1
2026-08-11 12:30,1
2026-08-11 12:35,1
2026-08-11 12:40,1
2026-08-11 12:45,1
2026-08-11 12:50,1
2026-08-11 12:55,1
2026-08-11 13:00,1
2026-08-11 13:20,1
2026-08-11 13:25,2
2026-08-11 13:30,2
2026-08-11 13:35,2
2026-08-11 13:40,2
2026-08-11 13:45,1
2026-08-11 13:50,1
2026-08-11 14:10,1
2026-08-11 14:15,1
2026-08-11 14:20,1
2026-08-11 14:25,2
2026-08-11 14:30,2
2026-08-11 14:35,2
2026-08-11 14:40,2
2026-08-11 14:45,2
2026-08-11 14:50,2
2026-08-11 14:55,2
2026-08-11 15:00,1
2026-08-11 15:05,1
2026-08-11 15:45,1
2026-08-11 15:50,1
2026-08-11 15:55,2
2026-08-11 16:00,2
2026-08-11 16:05,3
2026-08-11 16:10,3
2026-08-11 16:15,3
2026-08-11 16:20,3
2026-08-11 16:25,3
2026-08-11 16:30,2
2026-08-11 16:35,2
2026-08-11 16:40,1
2026-08-11 16:45,1
2026-08-11 17:55,1
2026-08-11 18:00,1
2026-08-11 18:05,1
2026-08-11 18:10,1
2026-08-11 18:15,1
2026-08-11 18:20,1
2026-08-11 18:25,1
2026-08-11 18:30,2
2026-08-11 18:35,2
2026-08-11 18:40,2
2026-08-11 18:45,2
2026-08-11 18:50,2
2026-08-11 18:55,2
2026-08-11 19:00,2
2026-08-11 19:05,1
2026-08-11 19:10,2
2026-08-11 19:15,2
2026-08-11 19:20,2
2026-08-11 19:25,1
2026-08-11 19:30,1
2026-08-11 19:35,1
2026-08-11 19:40,1
2026-08-11 19:45,1
2026-08-11 19:50,1
2026-08-11 20:00,1
2026-08-11 20:05,1
2026-08-11 20:10,1
2026-08-11 20:15,1
2026-08-11 20:20,1
2026-08-11 20:25,1
2026-08-11 20:30,2
2026-08-11 20:35,2
2026-08-11 20:40,3
2026-08-11 20:45,2
2026-08-11 20:50,3
2026-08-11 20:55,3
2026-08-11 21:00,3
2026-08-11 21:05,3
2026-08-11 21:10,3
2026-08-11 21:15,2
2026-08-11 21:20,2
2026-08-11 21:25,1
2026-08-11 21:30,1
2026-08-11 21:40,1
2026-08-11 21:45,1
2026-08-11 21:50,1
2026-08-11 21:55,1
2026-08-11 22:00,1
2026-08-11 22:05,2
2026-08-11 22:10,2
2026-08-11 22:15,1
2026-08-11 22:20,1
2026-08-11 22:25,1
2026-08-11 22:30,1
2026-08-11 22:35,1
2026-08-11 22:40,1
2026-08-11 22:45,1
2026-08-12 07:40,1
2026-08-12 07:45,1
2026-08-12 07:50,2
2026-08-12 07:55,2
2026-08-12 08:00,2
2026-08-12 08:05,2
2026-08-12 08:10,2
2026-08-12 08:15,2
2026-08-12 08:20,4
2026-08-12 08:25,4
2026-08-12 08:30,4
2026-08-12 08:35,3
2026-08-12 08:40,3
2026-08-12 08:45,3
2026-08-12 08:50,3
2026-08-12 08:55,2
2026-08-12 09:00,1
2026-08-12 09:05,1
2026-08-12 09:10,1
2026-08-12 09:15,1
2026-08-12 09:20,1
2026-08-12 09:25,2
2026-08-12 09:30,2
2026-08-12 09:35,2
2026-08-12 09:40,2
2026-08-12 09:45,1
2026-08-12 09:50,1
2026-08-12 10:05,1
2026-08-12 10:10,1
2026-08-12 10:15,1
2026-08-12 10:20,1
2026-08-12 10:25,1
2026-08-12 10:30,2
2026-08-12 10:35,2
2026-08-12 10:40,2
2026-08-12 10:45,1
2026-08-12 10:50,1
2026-08-12 10:55,1
2026-08-12 11:00,1
2026-08-12 11:35,1
2026-08-12 11:40,1
2026-08-12 11:45,1
2026-08-12 11:50,1
2026-08-12 11:55,1
2026-08-12 12:00,1
2026-08-12 12:05,1
2026-08-12 12:10,1
2026-08-12 12:15,1
2026-08-12 12:20,1
2026-08-12 12:25,1
2026-08-12 12:30,1
2026-08-12 12:35,1
2026-08-12 12:40,1
2026-08-12 12:45,1
2026-08-12 12:50,1
2026-08-12 12:55,1
2026-08-12 13:00,1
2026-08-12 13:25,1
2026-08-12 13:30,1
2026-08-12 13:35,1
2026-08-12 13:40,1
2026-08-12 13:45,1
2026-08-12 13:50,1
2026-08-12 14:10,1
2026-08-12 14:15,1
2026-08-12 14:20,1
2026-08-12 14:25,2
2026-08-12 14:30,2
2026-08-12 14:35,2
2026-08-12 14:40,2
2026-08-12 14:45,2
2026-08-12 14:50,2
2026-08-12 14:55,2
2026-08-12 15:00,1
2026-08-12 15:05,1
2026-08-12 15:45,1
2026-08-12 15:50,1
2026-08-12 15:55,2
2026-08-12 16:00,2
2026-08-12 16:05,3
2026-08-12 16:10,3
2026-08-12 16:15,3
2026-08-12 16:20,3
2026-08-12 16:25,3
2026-08-12 16:30,2
2026-08-12 16:35,2
2026-08-12 16:40,1
2026-08-12 16:45,1
2026-08-12 17:55,1
2026-08-12 18:00,1
2026-08-12 18:05,1
2026-08-12 18:10,1
2026-08-12 18:15,1
2026-08-12 18:20,2
2026-08-12 18:25,2
2026-08-12 18:30,3
2026-08-12 18:35,3
2026-08-12 18:40,3
2026-08-12 18:45,3
2026-08-12 18:50,3
2026-08-12 18:55,2
2026-08-12 19:00,2
2026-08-12 19:05,1
2026-08-12 19:10,2
2026-08-12 19:15,2
2026-08-12 19:20,2
2026-08-12 19:25,1
2026-08-12 19:30,1
2026-08-12 19:35,1
2026-08-12 19:40,1
2026-08-12 19:45,1
2026-08-12 19:50,1
2026-08-12 20:00,1
2026-08-12 20:05,1
2026-08-12 20:10,1
2026-08-12 20:15,1
2026-08-12 20:20,1
2026-08-12 20:25,1
2026-08-12 20:30,2
2026-08-12 20:35,2
2026-08-12 20:40,3
2026-08-12 20:45,2
2026-08-12 20:50,3
2026-08-12 20:55,3
2026-08-12 21:00,3
2026-08-12 21:05,3
2026-08-12 21:10,3
2026-08-12 21:15,2
2026-08-12 21:20,2
2026-08-12 21:25,1
2026-08-12 21:30,1
2026-08-12 21:40,1
2026-08-12 21:45,1
2026-08-12 21:50,1
2026-08-12 21:55,1
2026-08-12 22:00,1
2026-08-12 22:05,2
2026-08-12 22:10,2
2026-08-12 22:15,2
2026-08-12 22:20,2
2026-08-12 22:25,2
2026-08-12 22:30,2
2026-08-12 22:35,2
2026-08-12 22:40,2
2026-08-12 22:45,2
2026-08-12 22:50,1
2026-08-12 22:55,1
2026-08-12 23:00,1
2026-08-13 07:30,1
2026-08-13 07:35,1
2026-08-13 07:40,2
2026-08-13 07:45,2
2026-08-13 07:50,3
2026-08-13 07:55,3
2026-08-13 08:00,3
2026-08-13 08:05,2
2026-08-13 08:10,2
2026-08-13 08:15,2
2026-08-13 08:20,3
2026-08-13 08:25,3
2026-08-13 08:30,3
2026-08-13 08:35,2
2026-08-13 08:40,2
2026-08-13 08:45,2
2026-08-13 08:50,2
2026-08-13 08:55,1
2026-08-13 09:25,1
2026-08-13 09:30,1
2026-08-13 09:35,1
2026-08-13 09:40,1
2026-08-13 10:05,1
2026-08-13 10:10,1
2026-08-13 10:15,1
2026-08-13 10:20,1
2026-08-13 10:25,1
2026-08-13 10:30,2
2026-08-13 10:35,2
2026-08-13 10:40,2
2026-08-13 10:45,1
2026-08-13 10:50,1
2026-08-13 10:55,1
2026-08-13 11:00,1
2026-08-13 11:35,1
2026-08-13 11:40,1
2026-08-13 11:45,1
2026-08-13 11:50,1
2026-08-13 11:55,1
2026-08-13 12:00,1
2026-08-13 12:05,1
2026-08-13 12:10,1
2026-08-13 12:15,1
2026-08-13 12:20,1
2026-08-13 12:25,1
2026-08-13 12:30,1
2026-08-13 12:35,1
2026-08-13 12:40,1
2026-08-13 12:45,1
2026-08-13 12:50,1
2026-08-13 12:55,1
2026-08-13 13:00,1
2026-08-13 13:20,1
2026-08-13 13:25,2
2026-08-13 13:30,2
2026-08-13 13:35,2
2026-08-13 13:40,2
2026-08-13 13:45,1
2026-08-13 13:50,1
2026-08-13 14:10,1
2026-08-13 14:15,1
2026-08-13 14:20,1
2026-08-13 14:25,2
2026-08-13 14:30,2
2026-08-13 14:35,2
2026-08-13 14:40,2
2026-08-13 14:45,2
2026-08-13 14:50,2
2026-08-13 14:55,2
2026-08-13 15:00,1
2026-08-13 15:05,1
2026-08-13 15:45,1
2026-08-13 15:50,1
2026-08-13 15:55,2
2026-08-13 16:00,2
2026-08-13 16:05,3
2026-08-13 16:10,3
2026-08-13 16:15,3
2026-08-13 16:20,3
2026-08-13 16:25,3
2026-08-13 16:30,2
2026-08-13 16:35,2
2026-08-13 16:40,1
2026-08-13 16:45,1
2026-08-13 17:55,1
2026-08-13 18:00,1
2026-08-13 18:05,1
2026-08-13 18:10,1
2026-08-13 18:15,1
2026-08-13 18:20,1
2026-08-13 18:25,1
2026-08-13 18:30,2
2026-08-13 18:35,2
2026-08-13 18:40,2
2026-08-13 18:45,2
2026-08-13 18:50,2
2026-08-13 18:55,2
2026-08-13 19:00,2
2026-08-13 19:05,1
2026-08-13 19:10,2
2026-08-13 19:15,2
2026-08-13 19:20,2
2026-08-13 19:25,1
2026-08-13 19:30,1
2026-08-13 19:35,1
2026-08-13 19:40,1
2026-08-13 19:45,1
2026-08-13 19:50,1
2026-08-13 20:00,1
2026-08-13 20:05,1
2026-08-13 20:10,1
2026-08-13 20:15,1
2026-08-13 20:20,1
2026-08-13 20:25,1
2026-08-13 20:30,2
2026-08-13 20:35,2
2026-08-13 20:40,3
2026-08-13 20:45,2
2026-08-13 20:50,3
2026-08-13 20:55,3
2026-08-13 21:00,3
2026-08-13 21:05,3
2026-08-13 21:10,3
2026-08-13 21:15,2
2026-08-13 21:20,2
2026-08-13 21:25,1
2026-08-13 21:30,1
2026-08-13 21:40,1
2026-08-13 21:45,1
2026-08-13 21:50,1
2026-08-13 21:55,1
2026-08-13 22:00,1
2026-08-13 22:05,2
2026-08-13 22:10,2
2026-08-13 22:15,1
2026-08-13 22:20,1
2026-08-13 22:25,1
2026-08-13 22:30,1
2026-08-13 22:35,1
2026-08-13 22:40,1
2026-08-13 22:45,1
2026-08-14 07:40,1
2026-08-14 07:45,1
2026-08-14 07:50,2
2026-08-14 07:55,2
2026-08-14 08:00,2
2026-08-14 08:05,2
2026-08-14 08:10,2
2026-08-14 08:15,2
2026-08-14 08:20,4
2026-08-14 08:25,4
2026-08-14 08:30,4
2026-08-14 08:35,3
2026-08-14 08:40,3
2026-08-14 08:45,3
2026-08-14 08:50,3
2026-08-14 08:55,2
2026-08-14 09:00,1
2026-08-14 09:05,1
2026-08-14 09:10,1
2026-08-14 09:15,1
2026-08-14 09:20,1
2026-08-14 09:25,2
2026-08-14 09:30,2
2026-08-14 09:35,2
2026-08-14 09:40,2
2026-08-14 09:45,1
2026-08-14 09:50,1
2026-08-14 10:05,1
2026-08-14 10:10,1
2026-08-14 10:15,1
2026-08-14 10:20,1
2026-08-14 10:25,1
2026-08-14 10:30,2
2026-08-14 10:35,2
2026-08-14 10:40,2
2026-08-14 10:45,1
2026-08-14 10:50,1
2026-08-14 10:55,1
2026-08-14 11:00,1
2026-08-14 11:35,1
2026-08-14 11:40,1
2026-08-14 11:45,1
2026-08-14 11:50,1
2026-08-14 11:55,1
2026-08-14 12:00,1
2026-08-14 12:05,1
2026-08-14 12:10,1
2026-08-14 12:15,1
2026-08-14 12:20,1
2026-08-14 12:25,1
2026-08-14 12:30,1
2026-08-14 12:35,1
2026-08-14 12:40,1
2026-08-14 12:45,1
2026-08-14 12:50,1
2026-08-14 12:55,1
2026-08-14 13:00,1
2026-08-14 13:25,1
2026-08-14 13:30,1
2026-08-14 13:35,1
2026-08-14 13:40,1
2026-08-14 13:45,1
2026-08-14 13:50,1
2026-08-14 14:10,1
2026-08-14 14:15,1
2026-08-14 14:20,1
2026-08-14 14:25,2
2026-08-14 14:30,2
2026-08-14 14:35,2
2026-08-14 14:40,2
2026-08-14 14:45,2
2026-08-14 14:50,2
2026-08-14 14:55,2
2026-08-14 15:00,1
2026-08-14 15:05,1
2026-08-14 15:45,1
2026-08-14 15:50,1
2026-08-14 15:55,2
2026-08-14 16:00,2
2026-08-14 16:05,3
2026-08-14 16:10,3
2026-08-14 16:15,3
2026-08-14 16:20,3
2026-08-14 16:25,3
2026-08-14 16:30,2
2026-08-14 16:35,2
2026-08-14 16:40,1
2026-08-14 16:45,1
2026-08-14 17:55,1
2026-08-14 18:00,1
2026-08-14 18:05,1
2026-08-14 18:10,1
2026-08-14 18:15,1
2026-08-14 18:20,2
2026-08-14 18:25,2
2026-08-14 18:30,3
2026-08-14 18:35,3
2026-08-14 18:40,3
2026-08-14 18:45,3
2026-08-14 18:50,3
2026-08-14 18:55,2
2026-08-14 19:00,2
2026-08-14 19:05,1
2026-08-14 19:10,2
2026-08-14 19:15,2
2026-08-14 19:20,2
2026-08-14 19:25,1
2026-08-14 19:30,1
2026-08-14 19:35,1
2026-08-14 19:40,1
2026-08-14 19:45,1
2026-08-14 19:50,1
2026-08-14 20:00,1
2026-08-14 20:05,1
2026-08-14 20:10,1
2026-08-14 20:15,1
2026-08-14 20:20,1
2026-08-14 20:25,1
2026-08-14 20:30,2
2026-08-14 20:35,2
2026-08-14 20:40,3
2026-08-14 20:45,2
2026-08-14 20:50,3
2026-08-14 20:55,3
2026-08-14 21:00,3
2026-08-14 21:05,3
2026-08-14 21:10,3
2026-08-14 21:15,2
2026-08-14 21:20,2
2026-08-14 21:25,1
2026-08-14 21:30,1
2026-08-14 21:40,1
2026-08-14 21:45,1
2026-08-14 21:50,1
2026-08-14 21:55,1
2026-08-14 22:00,1
2026-08-14 22:05,2
2026-08-14 22:10,2
2026-08-14 22:15,2
2026-08-14 22:20,2
2026-08-14 22:25,2
2026-08-14 22:30,2
2026-08-14 22:35,2
2026-08-14 22:40,2
2026-08-14 22:45,2
2026-08-14 22:50,1
2026-08-14 22:55,1
2026-08-14 23:00,1
2026-08-15 07:30,1
2026-08-15 07:35,1
2026-08-15 07:40,2
2026-08-15 07:45,2
2026-08-15 07:50,3
2026-08-15 07:55,3
2026-08-15 08:00,3
2026-08-15 08:05,2
2026-08-15 08:10,2
2026-08-15 08:15,2
2026-08-15 08:20,3
2026-08-15 08:25,3
2026-08-15 08:30,3
2026-08-15 08:35,2
2026-08-15 08:40,2
2026-08-15 08:45,2
2026-08-15 08:50,2
2026-08-15 08:55,1
2026-08-15 09:25,1
2026-08-15 09:30,1
2026-08-15 09:35,1
2026-08-15 09:40,1
2026-08-15 10:05,1
2026-08-15 10:10,1
2026-08-15 10:15,1
2026-08-15 10:20,1
2026-08-15 10:25,1
2026-08-15 10:30,2
2026-08-15 10:35,2
2026-08-15 10:40,2
2026-08-15 10:45,1
2026-08-15 10:50,1
2026-08-15 10:55,1
2026-08-15 11:00,1
2026-08-15 11:35,1
2026-08-15 11:40,1
2026-08-15 11:45,1
2026-08-15 11:50,1
2026-08-15 11:55,1
2026-08-15 12:00,1
2026-08-15 12:05,1
2026-08-15 12:10,1
2026-08-15 12:15,1
2026-08-15 12:20,1
2026-08-15 12:25,1
2026-08-15 12:30,1
2026-08-15 12:35,1
2026-08-15 12:40,1
2026-08-15 12:45,1
2026-08-15 12:50,1
2026-08-15 12:55,1
2026-08-15 13:00,1
2026-08-15 13:20,1
2026-08-15 13:25,2
2026-08-15 13:30,2
2026-08-15 13:35,2
2026-08-15 13:40,2
2026-08-15 13:45,1
2026-08-15 13:50,1
2026-08-15 14:10,1
2026-08-15 14:15,1
2026-08-15 14:20,1
2026-08-15 14:25,2
2026-08-15 14:30,2
2026-08-15 14:35,2
2026-08-15 14:40,2
2026-08-15 14:45,2
2026-08-15 14:50,2
2026-08-15 14:55,2
2026-08-15 15:00,1
2026-08-15 15:05,1
2026-08-15 15:45,1
2026-08-15 15:50,1
2026-08-15 15:55,2
2026-08-15 16:00,2
2026-08-15 16:05,3
2026-08-15 16:10,3
2026-08-15 16:15,3
2026-08-15 16:20,3
2026-08-15 16:25,3
2026-08-15 16:30,2
2026-08-15 16:35,2
2026-08-15 16:40,1
2026-08-15 16:45,1
2026-08-15 17:55,1
2026-08-15 18:00,1
2026-08-15 18:05,1
2026-08-15 18:10,1
2026-08-15 18:15,1
2026-08-15 18:20,1
2026-08-15 18:25,1
2026-08-15 18:30,2
2026-08-15 18:35,2
2026-08-15 18:40,2
2026-08-15 18:45,2
2026-08-15 18:50,2
2026-08-15 18:55,2
2026-08-15 19:00,2
2026-08-15 19:05,1
2026-08-15 19:10,2
2026-08-15 19:15,2
2026-08-15 19:20,2
2026-08-15 19:25,1
2026-08-15 19:30,1
2026-08-15 19:35,1
2026-08-15 19:40,1
2026-08-15 19:45,1
2026-08-15 19:50,1
2026-08-15 20:00,1
2026-08-15 20:05,1
2026-08-15 20:10,1
2026-08-15 20:15,1
2026-08-15 20:20,1
2026-08-15 20:25,1
2026-08-15 20:30,2
2026-08-15 20:35,2
2026-08-15 20:40,3
2026-08-15 20:45,2
2026-08-15 20:50,3
2026-08-15 20:55,3
2026-08-15 21:00,3
2026-08-15 21:05,3
2026-08-15 21:10,3
2026-08-15 21:15,2
2026-08-15 21:20,2
2026-08-15 21:25,1
2026-08-15 21:30,1
2026-08-15 21:40,1
2026-08-15 21:45,1
2026-08-15 21:50,1
2026-08-15 21:55,1
2026-08-15 22:00,1
2026-08-15 22:05,2
2026-08-15 22:10,2
2026-08-15 22:15,2
2026-08-15 22:20,2
2026-08-15 22:25,2
2026-08-15 22:30,2
2026-08-15 22:35,2
2026-08-15 22:40,2
2026-08-15 22:45,2
2026-08-15 22:50,1
2026-08-15 22:55,1
2026-08-15 23:00,1
2026-08-16 07:40,1
2026-08-16 07:45,1
2026-08-16 07:50,2
2026-08-16 07:55,2
2026-08-16 08:00,2
2026-08-16 08:05,2
2026-08-16 08:10,2
2026-08-16 08:15,2
2026-08-16 08:20,4
2026-08-16 08:25,4
2026-08-16 08:30,4
2026-08-16 08:35,3
2026-08-16 08:40,3
2026-08-16 08:45,3
2026-08-16 08:50,3
2026-08-16 08:55,2
2026-08-16 09:00,1
2026-08-16 09:05,1
2026-08-16 09:10,1
2026-08-16 09:15,1
2026-08-16 09:20,1
2026-08-16 09:25,2
2026-08-16 09:30,2
2026-08-16 09:35,2
2026-08-16 09:40,2
2026-08-16 09:45,1
2026-08-16 09:50,1
2026-08-16 10:05,1
2026-08-16 10:10,1
2026-08-16 10:15,1
2026-08-16 10:20,1
2026-08-16 10:25,1
2026-08-16 10:30,2
2026-08-16 10:35,2
2026-08-16 10:40,2
2026-08-16 10:45,1
2026-08-16 10:50,1
2026-08-16 10:55,1
2026-08-16 11:00,1
2026-08-16 11:35,1
2026-08-16 11:40,1
2026-08-16 11:45,1
2026-08-16 11:50,1
2026-08-16 11:55,1
2026-08-16 12:00,1
2026-08-16 12:05,1
2026-08-16 12:10,1
2026-08-16 12:15,1
2026-08-16 12:20,1
2026-08-16 12:25,1
2026-08-16 12:30,1
2026-08-16 12:35,1
2026-08-16 12:40,1
2026-08-16 12:45,1
2026-08-16 12:50,1
2026-08-16 12:55,1
2026-08-16 13:00,1
2026-08-16 13:25,1
2026-08-16 13:30,1
2026-08-16 13:35,1
2026-08-16 13:40,1
2026-08-16 13:45,1
2026-08-16 13:50,1
2026-08-16 14:10,1
2026-08-16 14:15,1
2026-08-16 14:20,1
2026-08-16 14:25,2
2026-08-16 14:30,2
2026-08-16 14:35,2
2026-08-16 14:40,2
2026-08-16 14:45,2
2026-08-16 14:50,2
2026-08-16 14:55,2
2026-08-16 15:00,1
2026-08-16 15:05,1
2026-08-16 15:45,1
2026-08-16 15:50,1
2026-08-16 15:55,2
2026-08-16 16:00,2
2026-08-16 16:05,3
2026-08-16 16:10,3
2026-08-16 16:15,3
2026-08-16 16:20,3
2026-08-16 16:25,3
2026-08-16 16:30,2
2026-08-16 16:35,2
2026-08-16 16:40,1
2026-08-16 16:45,1
2026-08-16 17:55,1
2026-08-16 18:00,1
2026-08-16 18:05,1
2026-08-16 18:10,1
2026-08-16 18:15,1
2026-08-16 18:20,2
2026-08-16 18:25,2
2026-08-16 18:30,3
2026-08-16 18:35,3
2026-08-16 18:40,3
2026-08-16 18:45,3
2026-08-16 18:50,3
2026-08-16 18:55,2
2026-08-16 19:00,2
2026-08-16 19:05,1
2026-08-16 19:10,2
2026-08-16 19:15,2
2026-08-16 19:20,2
2026-08-16 19:25,1
2026-08-16 19:30,1
2026-08-16 19:35,1
2026-08-16 19:40,1
2026-08-16 19:45,1
2026-08-16 19:50,1
2026-08-16 20:00,1
2026-08-16 20:05,1
2026-08-16 20:10,1
2026-08-16 20:15,1
2026-08-16 20:20,1
2026-08-16 20:25,1
2026-08-16 20:30,2
2026-08-16 20:35,2
2026-08-16 20:40,3
2026-08-16 20:45,2
2026-08-16 20:50,3
2026-08-16 20:55,3
2026-08-16 21:00,3
2026-08-16 21:05,3
2026-08-16 21:10,3
2026-08-16 21:15,2
2026-08-16 21:20,2
2026-08-16 21:25,1
2026-08-16 21:30,1
2026-08-16 21:40,1
2026-08-16 21:45,1
2026-08-16 21:50,1
2026-08-16 21:55,1
2026-08-16 22:00,1
2026-08-16 22:05,2
2026-08-16 22:10,2
2026-08-16 22:15,1
2026-08-16 22:20,1
2026-08-16 22:25,1
2026-08-16 22:30,1
2026-08-16 22:35,1
2026-08-16 22:40,1
2026-08-16 22:45,1
2026-08-17 07:30,1
2026-08-17 07:35,1
2026-08-17 07:40,2
2026-08-17 07:45,2
2026-08-17 07:50,3
2026-08-17 07:55,3
2026-08-17 08:00,3
2026-08-17 08:05,2
2026-08-17 08:10,2
2026-08-17 08:15,2
2026-08-17 08:20,4
2026-08-17 08:25,4
2026-08-17 08:30,4
2026-08-17 08:35,3
2026-08-17 08:40,3
2026-08-17 08:45,3
2026-08-17 08:50,3
2026-08-17 08:55,2
2026-08-17 09:00,1
2026-08-17 09:05,1
2026-08-17 09:10,1
2026-08-17 09:15,1
2026-08-17 09:20,1
2026-08-17 09:25,2
2026-08-17 09:30,2
2026-08-17 09:35,2
2026-08-17 09:40,2
2026-08-17 09:45,1
2026-08-17 09:50,1
2026-08-17 10:05,1
2026-08-17 10:10,1
2026-08-17 10:15,1
2026-08-17 10:20,1
2026-08-17 10:25,1
2026-08-17 10:30,2
2026-08-17 10:35,2
2026-08-17 10:40,2
2026-08-17 10:45,1
2026-08-17 10:50,1
2026-08-17 10:55,1
2026-08-17 11:00,1
2026-08-17 11:35,1
2026-08-17 11:40,1
2026-08-17 11:45,1
2026-08-17 11:50,1
2026-08-17 11:55,1
2026-08-17 12:00,1
2026-08-17 12:05,1
2026-08-17 12:10,1
2026-08-17 12:15,1
2026-08-17 12:20,1
2026-08-17 12:25,1
2026-08-17 12:30,1
2026-08-17 12:35,1
2026-08-17 12:40,1
2026-08-17 12:45,1
2026-08-17 12:50,1
2026-08-17 12:55,1
2026-08-17 13:00,1
2026-08-17 13:25,1
2026-08-17 13:30,1
2026-08-17 13:35,1
2026-08-17 13:40,1
2026-08-17 13:45,1
2026-08-17 13:50,1
2026-08-17 14:10,1
2026-08-17 14:15,1
2026-08-17 14:20,1
2026-08-17 14:25,2
2026-08-17 14:30,2
2026-08-17 14:35,2
2026-08-17 14:40,2
2026-08-17 14:45,2
2026-08-17 14:50,2
2026-08-17 14:55,2
2026-08-17 15:00,1
2026-08-17 15:05,1
2026-08-17 15:45,1
2026-08-17 15:50,1
2026-08-17 15:55,2
2026-08-17 16:00,2
2026-08-17 16:05,3
2026-08-17 16:10,3
2026-08-17 16:15,3
2026-08-17 16:20,3
2026-08-17 16:25,3
2026-08-17 16:30,2
2026-08-17 16:35,2
2026-08-17 16:40,1
2026-08-17 16:45,1
2026-08-17 17:55,1
2026-08-17 18:00,1
2026-08-17 18:05,1
2026-08-17 18:10,1
2026-08-17 18:15,1
2026-08-17 18:20,2
2026-08-17 18:25,2
2026-08-17 18:30,3
2026-08-17 18:35,3
2026-08-17 18:40,3
2026-08-17 18:45,3
2026-08-17 18:50,3
2026-08-17 18:55,2
2026-08-17 19:00,2
2026-08-17 19:05,1
2026-08-17 19:10,2
2026-08-17 19:15,2
2026-08-17 19:20,2
2026-08-17 19:25,1
2026-08-17 19:30,1
2026-08-17 19:35,1
2026-08-17 19:40,1
2026-08-17 19:45,1
2026-08-17 19:50,1
2026-08-17 20:00,1
2026-08-17 20:05,1
2026-08-17 20:10,1
2026-08-17 20:15,1
2026-08-17 20:20,1
2026-08-17 20:25,1
2026-08-17 20:30,2
2026-08-17 20:35,2
2026-08-17 20:40,3
2026-08-17 20:45,2
2026-08-17 20:50,3
2026-08-17 20:55,3
2026-08-17 21:00,3
2026-08-17 21:05,3
2026-08-17 21:10,3
2026-08-17 21:15,2
2026-08-17 21:20,2
2026-08-17 21:25,1
2026-08-17 21:30,1
2026-08-17 21:40,1
2026-08-17 21:45,1
2026-08-17 21:50,1
2026-08-17 21:55,1
2026-08-17 22:00,1
2026-08-17 22:05,2
2026-08-17 22:10,2
2026-08-17 22:15,2
2026-08-17 22:20,2
2026-08-17 22:25,2
2026-08-17 22:30,2
2026-08-17 22:35,2
2026-08-17 22:40,2
2026-08-17 22:45,2
2026-08-17 22:50,1
2026-08-17 22:55,1
2026-08-17 23:00,1
2026-08-18 07:30,1
2026-08-18 07:35,1
2026-08-18 07:40,2
2026-08-18 07:45,2
2026-08-18 07:50,3
2026-08-18 07:55,3
2026-08-18 08:00,3
2026-08-18 08:05,2
2026-08-18 08:10,2
2026-08-18 08:15,2
2026-08-18 08:20,3
2026-08-18 08:25,3
2026-08-18 08:30,3
2026-08-18 08:35,2
2026-08-18 08:40,2
2026-08-18 08:45,2
2026-08-18 08:50,2
2026-08-18 08:55,1
2026-08-18 09:25,1
2026-08-18 09:30,1
2026-08-18 09:35,1
2026-08-18 09:40,1
2026-08-18 10:05,1
2026-08-18 10:10,1
2026-08-18 10:15,1
2026-08-18 10:20,1
2026-08-18 10:25,1
2026-08-18 10:30,2
2026-08-18 10:35,2
2026-08-18 10:40,2
2026-08-18 10:45,1
2026-08-18 10:50,1
2026-08-18 10:55,1
2026-08-18 11:00,1
2026-08-18 11:35,1
2026-08-18 11:40,1
2026-08-18 11:45,1
2026-08-18 11:50,1
2026-08-18 11:55,1
2026-08-18 12:00,1
2026-08-18 12:05,1
2026-08-18 12:10,1
2026-08-18 12:15,1
2026-08-18 12:20,1
2026-08-18 12:25,1
2026-08-18 12:30,1
2026-08-18 12:35,1
2026-08-18 12:40,1
2026-08-18 12:45,1
2026-08-18 12:50,1
2026-08-18 12:55,1
2026-08-18 13:00,1
2026-08-18 13:20,1
2026-08-18 13:25,2
2026-08-18 13:30,2
2026-08-18 13:35,2
2026-08-18 13:40,2
2026-08-18 13:45,1
2026-08-18 13:50,1
2026-08-18 14:10,1
2026-08-18 14:15,1
2026-08-18 14:20,1
2026-08-18 14:25,2
2026-08-18 14:30,2
2026-08-18 14:35,2
2026-08-18 14:40,2
2026-08-18 14:45,2
2026-08-18 14:50,2
2026-08-18 14:55,2
2026-08-18 15:00,1
2026-08-18 15:05,1
2026-08-18 15:45,1
2026-08-18 15:50,1
2026-08-18 15:55,2
2026-08-18 16:00,2
2026-08-18 16:05,3
2026-08-18 16:10,3
2026-08-18 16:15,3
2026-08-18 16:20,3
2026-08-18 16:25,3
2026-08-18 16:30,2
2026-08-18 16:35,2
2026-08-18 16:40,1
2026-08-18 16:45,1
2026-08-18 17:55,1
2026-08-18 18:00,1
2026-08-18 18:05,1
2026-08-18 18:10,1
2026-08-18 18:15,1
2026-08-18 18:20,1
2026-08-18 18:25,1
2026-08-18 18:30,2
2026-08-18 18:35,2
2026-08-18 18:40,2
2026-08-18 18:45,2
2026-08-18 18:50,2
2026-08-18 18:55,2
2026-08-18 19:00,2
2026-08-18 19:05,1
2026-08-18 19:10,2
2026-08-18 19:15,2
2026-08-18 19:20,2
2026-08-18 19:25,1
2026-08-18 19:30,1
2026-08-18 19:35,1
2026-08-18 19:40,1
2026-08-18 19:45,1
2026-08-18 19:50,1
2026-08-18 20:00,1
2026-08-18 20:05,1
2026-08-18 20:10,1
2026-08-18 20:15,1
2026-08-18 20:20,1
2026-08-18 20:25,1
2026-08-18 20:30,2
2026-08-18 20:35,2
2026-08-18 20:40,3
2026-08-18 20:45,2
2026-08-18 20:50,3
2026-08-18 20:55,3
2026-08-18 21:00,3
2026-08-18 21:05,3
2026-08-18 21:10,3
2026-08-18 21:15,2
2026-08-18 21:20,2
2026-08-18 21:25,1
2026-08-18 21:30,1
2026-08-18 21:40,1
2026-08-18 21:45,1
2026-08-18 21:50,1
2026-08-18 21:55,1
2026-08-18 22:00,1
2026-08-18 22:05,2
2026-08-18 22:10,2
2026-08-18 22:15,1
2026-08-18 22:20,1
2026-08-18 22:25,1
2026-08-18 22:30,1
2026-08-18 22:35,1
2026-08-18 22:40,1
2026-08-18 22:45,1
2026-08-19 07:40,1
2026-08-19 07:45,1
2026-08-19 07:50,2
2026-08-19 07:55,2
2026-08-19 08:00,2
2026-08-19 08:05,2
2026-08-19 08:10,2
2026-08-19 08:15,2
2026-08-19 08:20,4
2026-08-19 08:25,4
2026-08-19 08:30,4
2026-08-19 08:35,3
2026-08-19 08:40,3
2026-08-19 08:45,3
2026-08-19 08:50,3
2026-08-19 08:55,2
2026-08-19 09:00,1
2026-08-19 09:05,1
2026-08-19 09:10,1
2026-08-19 09:15,1
2026-08-19 09:20,1
2026-08-19 09:25,2
2026-08-19 09:30,2
2026-08-19 09:35,2
2026-08-19 09:40,2
2026-08-19 09:45,1
2026-08-19 09:50,1
2026-08-19 10:05,1
2026-08-19 10:10,1
2026-08-19 10:15,1
2026-08-19 10:20,1
2026-08-19 10:25,1
2026-08-19 10:30,2
2026-08-19 10:35,2
2026-08-19 10:40,2
2026-08-19 10:45,1
2026-08-19 10:50,1
2026-08-19 10:55,1
2026-08-19 11:00,1
2026-08-19 11:35,1
2026-08-19 11:40,1
2026-08-19 11:45,1
2026-08-19 11:50,1
2026-08-19 11:55,1
2026-08-19 12:00,1
2026-08-19 12:05,1
2026-08-19 12:10,1
2026-08-19 12:15,1
2026-08-19 12:20,1
2026-08-19 12:25,1
2026-08-19 12:30,1
2026-08-19 12:35,1
2026-08-19 12:40,1
2026-08-19 12:45,1
2026-08-19 12:50,1
2026-08-19 12:55,1
2026-08-19 13:00,1
2026-08-19 13:25,1
2026-08-19 13:30,1
2026-08-19 13:35,1
2026-08-19 13:40,1
2026-08-19 13:45,1
2026-08-19 13:50,1
2026-08-19 14:10,1
2026-08-19 14:15,1
2026-08-19 14:20,1
2026-08-19 14:25,2
2026-08-19 14:30,2
2026-08-19 14:35,2
2026-08-19 14:40,2
2026-08-19 14:45,2
2026-08-19 14:50,2
2026-08-19 14:55,2
2026-08-19 15:00,1
2026-08-19 15:05,1
2026-08-19 15:45,1
2026-08-19 15:50,1
2026-08-19 15:55,2
2026-08-19 16:00,2
2026-08-19 16:05,3
2026-08-19 16:10,3
2026-08-19 16:15,3
2026-08-19 16:20,3
2026-08-19 16:25,3
2026-08-19 16:30,2
2026-08-19 16:35,2
2026-08-19 16:40,1
2026-08-19 16:45,1
2026-08-19 17:55,1
2026-08-19 18:00,1
2026-08-19 18:05,1
2026-08-19 18:10,1
2026-08-19 18:15,1
2026-08-19 18:20,2
2026-08-19 18:25,2
2026-08-19 18:30,3
2026-08-19 18:35,3
2026-08-19 18:40,3
2026-08-19 18:45,3
2026-08-19 18:50,3
2026-08-19 18:55,2
2026-08-19 19:00,2
2026-08-19 19:05,1
2026-08-19 19:10,2
2026-08-19 19:15,2
2026-08-19 19:20,2
2026-08-19 19:25,1
2026-08-19 19:30,1
2026-08-19 19:35,1
2026-08-19 19:40,1
2026-08-19 19:45,1
2026-08-19 19:50,1
2026-08-19 20:00,1
2026-08-19 20:05,1
2026-08-19 20:10,1
2026-08-19 20:15,1
2026-08-19 20:20,1
2026-08-19 20:25,1
2026-08-19 20:30,2
2026-08-19 20:35,2
2026-08-19 20:40,3
2026-08-19 20:45,2
2026-08-19 20:50,3
2026-08-19 20:55,3
2026-08-19 21:00,3
2026-08-19 21:05,3
2026-08-19 21:10,3
2026-08-19 21:15,2
2026-08-19 21:20,2
2026-08-19 21:25,1
2026-08-19 21:30,1
2026-08-19 21:40,1
2026-08-19 21:45,1
2026-08-19 21:50,1
2026-08-19 21:55,1
2026-08-19 22:00,1
2026-08-19 22:05,2
2026-08-19 22:10,2
2026-08-19 22:15,2
2026-08-19 22:20,2
2026-08-19 22:25,2
2026-08-19 22:30,2
2026-08-19 22:35,2
2026-08-19 22:40,2
2026-08-19 22:45,2
2026-08-19 22:50,1
2026-08-19 22:55,1
2026-08-19 23:00,1
2026-08-20 07:30,1
2026-08-20 07:35,1
2026-08-20 07:40,2
2026-08-20 07:45,2
2026-08-20 07:50,3
2026-08-20 07:55,3
2026-08-20 08:00,3
2026-08-20 08:05,2
2026-08-20 08:10,2
2026-08-20 08:15,2
2026-08-20 08:20,3
2026-08-20 08:25,3
2026-08-20 08:30,3
2026-08-20 08:35,2
2026-08-20 08:40,2
2026-08-20 08:45,2
2026-08-20 08:50,2
2026-08-20 08:55,1
2026-08-20 09:25,1
2026-08-20 09:30,1
2026-08-20 09:35,1
2026-08-20 09:40,1
2026-08-20 10:05,1
2026-08-20 10:10,1
2026-08-20 10:15,1
2026-08-20 10:20,1
2026-08-20 10:25,1
2026-08-20 10:30,2
2026-08-20 10:35,2
2026-08-20 10:40,2
2026-08-20 10:45,1
2026-08-20 10:50,1
2026-08-20 10:55,1
2026-08-20 11:00,1
2026-08-20 11:35,1
2026-08-20 11:40,1
2026-08-20 11:45,1
2026-08-20 11:50,1
2026-08-20 11:55,1
2026-08-20 12:00,1
2026-08-20 12:05,1
2026-08-20 12:10,1
2026-08-20 12:15,1
2026-08-20 12:20,1
2026-08-20 12:25,1
2026-08-20 12:30,1
2026-08-20 12:35,1
2026-08-20 12:40,1
2026-08-20 12:45,1
2026-08-20 12:50,1
2026-08-20 12:55,1
2026-08-20 13:00,1
2026-08-20 13:20,1
2026-08-20 13:25,2
2026-08-20 13:30,2
2026-08-20 13:35,2
2026-08-20 13:40,2
2026-08-20 13:45,1
2026-08-20 13:50,1
2026-08-20 14:10,1
2026-08-20 14:15,1
2026-08-20 14:20,1
2026-08-20 14:25,2
2026-08-20 14:30,2
2026-08-20 14:35,2
2026-08-20 14:40,2
2026-08-20 14:45,2
2026-08-20 14:50,2
2026-08-20 14:55,2
2026-08-20 15:00,1
2026-08-20 15:05,1
2026-08-20 15:45,1
2026-08-20 15:50,1
2026-08-20 15:55,2
2026-08-20 16:00,2
2026-08-20 16:05,3
2026-08-20 16:10,3
2026-08-20 16:15,3
2026-08-20 16:20,3
2026-08-20 16:25,3
2026-08-20 16:30,2
2026-08-20 16:35,2
2026-08-20 16:40,1
2026-08-20 16:45,1
2026-08-20 17:55,1
2026-08-20 18:00,1
2026-08-20 18:05,1
2026-08-20 18:10,1
2026-08-20 18:15,1
2026-08-20 18:20,1
2026-08-20 18:25,1
2026-08-20 18:30,2
2026-08-20 18:35,2
2026-08-20 18:40,2
2026-08-20 18:45,2
2026-08-20 18:50,2
2026-08-20 18:55,2
2026-08-20 19:00,2
2026-08-20 19:05,1
2026-08-20 19:10,2
2026-08-20 19:15,2
2026-08-20 19:20,2
2026-08-20 19:25,1
2026-08-20 19:30,1
2026-08-20 19:35,1
2026-08-20 19:40,1
2026-08-20 19:45,1
2026-08-20 19:50,1
2026-08-20 20:00,1
2026-08-20 20:05,1
2026-08-20 20:10,1
2026-08-20 20:15,1
2026-08-20 20:20,1
2026-08-20 20:25,1
2026-08-20 20:30,2
2026-08-20 20:35,2
2026-08-20 20:40,3
2026-08-20 20:45,2
2026-08-20 20:50,3
2026-08-20 20:55,3
2026-08-20 21:00,3
2026-08-20 21:05,3
2026-08-20 21:10,3
2026-08-20 21:15,2
2026-08-20 21:20,2
2026-08-20 21:25,1
2026-08-20 21:30,1
2026-08-20 21:40,1
2026-08-20 21:45,1
2026-08-20 21:50,1
2026-08-20 21:55,1
2026-08-20 22:00,1
2026-08-20 22:05,2
2026-08-20 22:10,2
2026-08-20 22:15,1
2026-08-20 22:20,1
2026-08-20 22:25,1
2026-08-20 22:30,1
2026-08-20 22:35,1
2026-08-20 22:40,1
2026-08-20 22:45,1
2026-08-21 07:40,1
2026-08-21 07:45,1
2026-08-21 07:50,2
2026-08-21 07:55,2
2026-08-21 08:00,2
2026-08-21 08:05,2
2026-08-21 08:10,2
2026-08-21 08:15,2
2026-08-21 08:20,4
2026-08-21 08:25,4
2026-08-21 08:30,4
2026-08-21 08:35,3
2026-08-21 08:40,3
2026-08-21 08:45,3
2026-08-21 08:50,3
2026-08-21 08:55,2
2026-08-21 09:00,1
2026-08-21 09:05,1
2026-08-21 09:10,1
2026-08-21 09:15,1
2026-08-21 09:20,1
2026-08-21 09:25,2
2026-08-21 09:30,2
2026-08-21 09:35,2
2026-08-21 09:40,2
2026-08-21 09:45,1
2026-08-21 09:50,1
2026-08-21 10:05,1
2026-08-21 10:10,1
2026-08-21 10:15,1
2026-08-21 10:20,1
2026-08-21 10:25,1
2026-08-21 10:30,2
2026-08-21 10:35,2
2026-08-21 10:40,2
2026-08-21 10:45,1
2026-08-21 10:50,1
2026-08-21 10:55,1
2026-08-21 11:00,1
2026-08-21 11:35,1
2026-08-21 11:40,1
2026-08-21 11:45,1
2026-08-21 11:50,1
2026-08-21 11:55,1
2026-08-21 12:00,1
2026-08-21 12:05,1
2026-08-21 12:10,1
2026-08-21 12:15,1
2026-08-21 12:20,1
2026-08-21 12:25,1
2026-08-21 12:30,1
2026-08-21 12:35,1
2026-08-21 12:40,1
2026-08-21 12:45,1
2026-08-21 12:50,1
2026-08-21 12:55,1
2026-08-21 13:00,1
2026-08-21 13:25,1
2026-08-21 13:30,1
2026-08-21 13:35,1
2026-08-21 13:40,1
2026-08-21 13:45,1
2026-08-21 13:50,1
2026-08-21 14:10,1
2026-08-21 14:15,1
2026-08-21 14:20,1
2026-08-21 14:25,2
2026-08-21 14:30,2
2026-08-21 14:35,2
2026-08-21 14:40,2
2026-08-21 14:45,2
2026-08-21 14:50,2
2026-08-21 14:55,2
2026-08-21 15:00,1
2026-08-21 15:05,1
2026-08-21 15:45,1
2026-08-21 15:50,1
2026-08-21 15:55,2
2026-08-21 16:00,2
2026-08-21 16:05,3
2026-08-21 16:10,3
2026-08-21 16:15,3
2026-08-21 16:20,3
2026-08-21 16:25,3
2026-08-21 16:30,2
2026-08-21 16:35,2
2026-08-21 16:40,1
2026-08-21 16:45,1
2026-08-21 17:55,1
2026-08-21 18:00,1
2026-08-21 18:05,1
2026-08-21 18:10,1
2026-08-21 18:15,1
2026-08-21 18:20,2
2026-08-21 18:25,2
2026-08-21 18:30,3
2026-08-21 18:35,3
2026-08-21 18:40,3
2026-08-21 18:45,3
2026-08-21 18:50,3
2026-08-21 18:55,2
2026-08-21 19:00,2
2026-08-21 19:05,1
2026-08-21 19:10,2
2026-08-21 19:15,2
2026-08-21 19:20,2
2026-08-21 19:25,1
2026-08-21 19:30,1
2026-08-21 19:35,1
2026-08-21 19:40,1
2026-08-21 19:45,1
2026-08-21 19:50,1
2026-08-21 20:00,1
2026-08-21 20:05,1
2026-08-21 20:10,1
2026-08-21 20:15,1
2026-08-21 20:20,1
2026-08-21 20:25,1
2026-08-21 20:30,2
2026-08-21 20:35,2
2026-08-21 20:40,3
2026-08-21 20:45,2
2026-08-21 20:50,3
2026-08-21 20:55,3
2026-08-21 21:00,3
2026-08-21 21:05,3
2026-08-21 21:10,3
2026-08-21 21:15,2
2026-08-21 21:20,2
2026-08-21 21:25,1
2026-08-21 21:30,1
2026-08-21 21:40,1
2026-08-21 21:45,1
2026-08-21 21:50,1
2026-08-21 21:55,1
2026-08-21 22:00,1
2026-08-21 22:05,2
2026-08-21 22:10,2
2026-08-21 22:15,2
2026-08-21 22:20,2
2026-08-21 22:25,2
2026-08-21 22:30,2
2026-08-21 22:35,2
2026-08-21 22:40,2
2026-08-21 22:45,2
2026-08-21 22:50,1
2026-08-21 22:55,1
2026-08-21 23:00,1
2026-08-22 07:30,1
2026-08-22 07:35,1
2026-08-22 07:40,2
2026-08-22 07:45,2
2026-08-22 07:50,3
2026-08-22 07:55,3
2026-08-22 08:00,3
2026-08-22 08:05,2
2026-08-22 08:10,2
2026-08-22 08:15,2
2026-08-22 08:20,3
2026-08-22 08:25,3
2026-08-22 08:30,3
2026-08-22 08:35,2
2026-08-22 08:40,2
2026-08-22 08:45,2
2026-08-22 08:50,2
2026-08-22 08:55,1
2026-08-22 09:25,1
2026-08-22 09:30,1
2026-08-22 09:35,1
2026-08-22 09:40,1
2026-08-22 10:05,1
2026-08-22 10:10,1
2026-08-22 10:15,1
2026-08-22 10:20,1
2026-08-22 10:25,1
2026-08-22 10:30,2
2026-08-22 10:35,2
2026-08-22 10:40,2
2026-08-22 10:45,1
2026-08-22 10:50,1
2026-08-22 10:55,1
2026-08-22 11:00,1
2026-08-22 11:35,1
2026-08-22 11:40,1
2026-08-22 11:45,1
2026-08-22 11:50,1
2026-08-22 11:55,1
2026-08-22 12:00,1
2026-08-22 12:05,1
2026-08-22 12:10,1
2026-08-22 12:15,1
2026-08-22 12:20,1
2026-08-22 12:25,1
2026-08-22 12:30,1
2026-08-22 12:35,1
2026-08-22 12:40,1
2026-08-22 12:45,1
2026-08-22 12:50,1
2026-08-22 12:55,1
2026-08-22 13:00,1
2026-08-22 13:20,1
2026-08-22 13:25,2
2026-08-22 13:30,2
2026-08-22 13:35,2
2026-08-22 13:40,2
2026-08-22 13:45,1
2026-08-22 13:50,1
2026-08-22 14:10,1
2026-08-22 14:15,1
2026-08-22 14:20,1
2026-08-22 14:25,2
2026-08-22 14:30,2
2026-08-22 14:35,2
2026-08-22 14:40,2
2026-08-22 14:45,2
2026-08-22 14:50,2
2026-08-22 14:55,2
2026-08-22 15:00,1
2026-08-22 15:05,1
2026-08-22 15:45,1
2026-08-22 15:50,1
2026-08-22 15:55,2
2026-08-22 16:00,2
2026-08-22 16:05,3
2026-08-22 16:10,3
2026-08-22 16:15,3
2026-08-22 16:20,3
2026-08-22 16:25,3
2026-08-22 16:30,2
2026-08-22 16:35,2
2026-08-22 16:40,1
2026-08-22 16:45,1
2026-08-22 17:55,1
2026-08-22 18:00,1
2026-08-22 18:05,1
2026-08-22 18:10,1
2026-08-22 18:15,1
2026-08-22 18:20,1
2026-08-22 18:25,1
2026-08-22 18:30,2
2026-08-22 18:35,2
2026-08-22 18:40,2
2026-08-22 18:45,2
2026-08-22 18:50,2
2026-08-22 18:55,2
2026-08-22 19:00,2
2026-08-22 19:05,1
2026-08-22 19:10,2
2026-08-22 19:15,2
2026-08-22 19:20,2
2026-08-22 19:25,1
2026-08-22 19:30,1
2026-08-22 19:35,1
2026-08-22 19:40,1
2026-08-22 19:45,1
2026-08-22 19:50,1
2026-08-22 20:00,1
2026-08-22 20:05,1
2026-08-22 20:10,1
2026-08-22 20:15,1
2026-08-22 20:20,1
2026-08-22 20:25,1
2026-08-22 20:30,2
2026-08-22 20:35,2
2026-08-22 20:40,3
2026-08-22 20:45,2
2026-08-22 20:50,3
2026-08-22 20:55,3
2026-08-22 21:00,3
2026-08-22 21:05,3
2026-08-22 21:10,3
2026-08-22 21:15,2
2026-08-22 21:20,2
2026-08-22 21:25,1
2026-08-22 21:30,1
2026-08-22 21:40,1
2026-08-22 21:45,1
2026-08-22 21:50,1
2026-08-22 21:55,1
2026-08-22 22:00,1
2026-08-22 22:05,2
2026-08-22 22:10,2
2026-08-22 22:15,2
2026-08-22 22:20,2
2026-08-22 22:25,2
2026-08-22 22:30,2
2026-08-22 22:35,2
2026-08-22 22:40,2
2026-08-22 22:45,2
2026-08-22 22:50,1
2026-08-22 22:55,1
2026-08-22 23:00,1
2026-08-23 07:40,1
2026-08-23 07:45,1
2026-08-23 07:50,2
2026-08-23 07:55,2
2026-08-23 08:00,2
2026-08-23 08:05,2
2026-08-23 08:10,2
2026-08-23 08:15,2
2026-08-23 08:20,4
2026-08-23 08:25,4
2026-08-23 08:30,4
2026-08-23 08:35,3
2026-08-23 08:40,3
2026-08-23 08:45,3
2026-08-23 08:50,3
2026-08-23 08:55,2
2026-08-23 09:00,1
2026-08-23 09:05,1
2026-08-23 09:10,1
2026-08-23 09:15,1
2026-08-23 09:20,1
2026-08-23 09:25,2
2026-08-23 09:30,2
2026-08-23 09:35,2
2026-08-23 09:40,2
2026-08-23 09:45,1
2026-08-23 09:50,1
2026-08-23 10:05,1
2026-08-23 10:10,1
2026-08-23 10:15,1
2026-08-23 10:20,1
2026-08-23 10:25,1
2026-08-23 10:30,2
2026-08-23 10:35,2
2026-08-23 10:40,2
2026-08-23 10:45,1
2026-08-23 10:50,1
2026-08-23 10:55,1
2026-08-23 11:00,1
2026-08-23 11:35,1
2026-08-23 11:40,1
2026-08-23 11:45,1
2026-08-23 11:50,1
2026-08-23 11:55,1
2026-08-23 12:00,1
2026-08-23 12:05,1
2026-08-23 12:10,1
2026-08-23 12:15,1
2026-08-23 12:20,1
2026-08-23 12:25,1
2026-08-23 12:30,1
2026-08-23 12:35,1
2026-08-23 12:40,1
2026-08-23 12:45,1
2026-08-23 12:50,1
2026-08-23 12:55,1
2026-08-23 13:00,1
2026-08-23 13:25,1
2026-08-23 13:30,1
2026-08-23 13:35,1
2026-08-23 13:40,1
2026-08-23 13:45,1
2026-08-23 13:50,1
2026-08-23 14:10,1
2026-08-23 14:15,1
2026-08-23 14:20,1
2026-08-23 14:25,2
2026-08-23 14:30,2
2026-08-23 14:35,2
2026-08-23 14:40,2
2026-08-23 14:45,2
2026-08-23 14:50,2
2026-08-23 14:55,2
2026-08-23 15:00,1
2026-08-23 15:05,1
2026-08-23 15:45,1
2026-08-23 15:50,1
2026-08-23 15:55,2
2026-08-23 16:00,2
2026-08-23 16:05,3
2026-08-23 16:10,3
2026-08-23 16:15,3
2026-08-23 16:20,3
2026-08-23 16:25,3
2026-08-23 16:30,2
2026-08-23 16:35,2
2026-08-23 16:40,1
2026-08-23 16:45,1
2026-08-23 17:55,1
2026-08-23 18:00,1
2026-08-23 18:05,1
2026-08-23 18:10,1
2026-08-23 18:15,1
2026-08-23 18:20,2
2026-08-23 18:25,2
2026-08-23 18:30,3
2026-08-23 18:35,3
2026-08-23 18:40,3
2026-08-23 18:45,3
2026-08-23 18:50,3
2026-08-23 18:55,2
2026-08-23 19:00,2
2026-08-23 19:05,1
2026-08-23 19:10,2
2026-08-23 19:15,2
2026-08-23 19:20,2
2026-08-23 19:25,1
2026-08-23 19:30,1
2026-08-23 19:35,1
2026-08-23 19:40,1
2026-08-23 19:45,1
2026-08-23 19:50,1
2026-08-23 20:00,1
2026-08-23 20:05,1
2026-08-23 20:10,1
2026-08-23 20:15,1
2026-08-23 20:20,1
2026-08-23 20:25,1
2026-08-23 20:30,2
2026-08-23 20:35,2
2026-08-23 20:40,3
2026-08-23 20:45,2
2026-08-23 20:50,3
2026-08-23 20:55,3
2026-08-23 21:00,3
2026-08-23 21:05,3
2026-08-23 21:10,3
2026-08-23 21:15,2
2026-08-23 21:20,2
2026-08-23 21:25,1
2026-08-23 21:30,1
2026-08-23 21:40,1
2026-08-23 21:45,1
2026-08-23 21:50,1
2026-08-23 21:55,1
2026-08-23 22:00,1
2026-08-23 22:05,2
2026-08-23 22:10,2
2026-08-23 22:15,1
2026-08-23 22:20,1
2026-08-23 22:25,1
2026-08-23 22:30,1
2026-08-23 22:35,1
2026-08-23 22:40,1
2026-08-23 22:45,1
2026-08-24 07:30,1
2026-08-24 07:35,1
2026-08-24 07:40,2
2026-08-24 07:45,2
2026-08-24 07:50,3
2026-08-24 07:55,3
2026-08-24 08:00,3
2026-08-24 08:05,2
2026-08-24 08:10,2
2026-08-24 08:15,2
2026-08-24 08:20,4
2026-08-24 08:25,4
2026-08-24 08:30,4
2026-08-24 08:35,3
2026-08-24 08:40,3
2026-08-24 08:45,3
2026-08-24 08:50,3
2026-08-24 08:55,2
2026-08-24 09:00,1
2026-08-24 09:05,1
2026-08-24 09:10,1
2026-08-24 09:15,1
2026-08-24 09:20,1
2026-08-24 09:25,2
2026-08-24 09:30,2
2026-08-24 09:35,2
2026-08-24 09:40,2
2026-08-24 09:45,1
2026-08-24 09:50,1
2026-08-24 10:05,1
2026-08-24 10:10,1
2026-08-24 10:15,1
2026-08-24 10:20,1
2026-08-24 10:25,1
2026-08-24 10:30,2
2026-08-24 10:35,2
2026-08-24 10:40,2
2026-08-24 10:45,1
2026-08-24 10:50,1
2026-08-24 10:55,1
2026-08-24 11:00,1
2026-08-24 11:35,1
2026-08-24 11:40,1
2026-08-24 11:45,1
2026-08-24 11:50,1
2026-08-24 11:55,1
2026-08-24 12:00,1
2026-08-24 12:05,1
2026-08-24 12:10,1
2026-08-24 12:15,1
2026-08-24 12:20,1
2026-08-24 12:25,1
2026-08-24 12:30,1
2026-08-24 12:35,1
2026-08-24 12:40,1
2026-08-24 12:45,1
2026-08-24 12:50,1
2026-08-24 12:55,1
2026-08-24 13:00,1
2026-08-24 13:25,1
2026-08-24 13:30,1
2026-08-24 13:35,1
2026-08-24 13:40,1
2026-08-24 13:45,1
2026-08-24 13:50,1
2026-08-24 14:10,1
2026-08-24 14:15,1
2026-08-24 14:20,1
2026-08-24 14:25,2
2026-08-24 14:30,2
2026-08-24 14:35,2
2026-08-24 14:40,2
2026-08-24 14:45,2
2026-08-24 14:50,2
2026-08-24 14:55,2
2026-08-24 15:00,1
2026-08-24 15:05,1
2026-08-24 15:45,1
2026-08-24 15:50,1
2026-08-24 15:55,2
2026-08-24 16:00,2
2026-08-24 16:05,3
2026-08-24 16:10,3
2026-08-24 16:15,3
2026-08-24 16:20,3
2026-08-24 16:25,3
2026-08-24 16:30,2
2026-08-24 16:35,2
2026-08-24 16:40,1
2026-08-24 16:45,1
2026-08-24 17:55,1
2026-08-24 18:00,1
2026-08-24 18:05,1
2026-08-24 18:10,1
2026-08-24 18:15,1
2026-08-24 18:20,2
2026-08-24 18:25,2
2026-08-24 18:30,3
2026-08-24 18:35,3
2026-08-24 18:40,3
2026-08-24 18:45,3
2026-08-24 18:50,3
2026-08-24 18:55,2
2026-08-24 19:00,2
2026-08-24 19:05,1
2026-08-24 19:10,2
2026-08-24 19:15,2
2026-08-24 19:20,2
2026-08-24 19:25,1
2026-08-24 19:30,1
2026-08-24 19:35,1
2026-08-24 19:40,1
2026-08-24 19:45,1
2026-08-24 19:50,1
2026-08-24 20:00,1
2026-08-24 20:05,1
2026-08-24 20:10,1
2026-08-24 20:15,1
2026-08-24 20:20,1
2026-08-24 20:25,1
2026-08-24 20:30,2
2026-08-24 20:35,2
2026-08-24 20:40,3
2026-08-24 20:45,2
2026-08-24 20:50,3
2026-08-24 20:55,3
2026-08-24 21:00,3
2026-08-24 21:05,3
2026-08-24 21:10,3
2026-08-24 21:15,2
2026-08-24 21:20,2
2026-08-24 21:25,1
2026-08-24 21:30,1
2026-08-24 21:40,1
2026-08-24 21:45,1
2026-08-24 21:50,1
2026-08-24 21:55,1
2026-08-24 22:00,1
2026-08-24 22:05,2
2026-08-24 22:10,2
2026-08-24 22:15,2
2026-08-24 22:20,2
2026-08-24 22:25,2
2026-08-24 22:30,2
2026-08-24 22:35,2
2026-08-24 22:40,2
2026-08-24 22:45,2
2026-08-24 22:50,1
2026-08-24 22:55,1
2026-08-24 23:00,1
2026-08-25 07:30,1
2026-08-25 07:35,1
2026-08-25 07:40,2
2026-08-25 07:45,2
2026-08-25 07:50,3
2026-08-25 07:55,3
2026-08-25 08:00,3
2026-08-25 08:05,2
2026-08-25 08:10,2
2026-08-25 08:15,2
2026-08-25 08:20,3
2026-08-25 08:25,3
2026-08-25 08:30,3
2026-08-25 08:35,2
2026-08-25 08:40,2
2026-08-25 08:45,2
2026-08-25 08:50,2
2026-08-25 08:55,1
2026-08-25 09:25,1
2026-08-25 09:30,1
2026-08-25 09:35,1
2026-08-25 09:40,1
2026-08-25 10:05,1
2026-08-25 10:10,1
2026-08-25 10:15,1
2026-08-25 10:20,1
2026-08-25 10:25,1
2026-08-25 10:30,2
2026-08-25 10:35,2
2026-08-25 10:40,2
2026-08-25 10:45,1
2026-08-25 10:50,1
2026-08-25 10:55,1
2026-08-25 11:00,1
2026-08-25 11:35,1
2026-08-25 11:40,1
2026-08-25 11:45,1
2026-08-25 11:50,1
2026-08-25 11:55,1
2026-08-25 12:00,1
2026-08-25 12:05,1
2026-08-25 12:10,1
2026-08-25 12:15,1
2026-08-25 12:20,1
2026-08-25 12:25,1
2026-08-25 12:30,1
2026-08-25 12:35,1
2026-08-25 12:40,1
2026-08-25 12:45,1
2026-08-25 12:50,1
2026-08-25 12:55,1
2026-08-25 13:00,1
2026-08-25 13:20,1
2026-08-25 13:25,2
2026-08-25 13:30,2
2026-08-25 13:35,2
2026-08-25 13:40,2
2026-08-25 13:45,1
2026-08-25 13:50,1
2026-08-25 14:10,1
2026-08-25 14:15,1
2026-08-25 14:20,1
2026-08-25 14:25,2
2026-08-25 14:30,2
2026-08-25 14:35,2
2026-08-25 14:40,2
2026-08-25 14:45,2
2026-08-25 14:50,2
2026-08-25 14:55,2
2026-08-25 15:00,1
2026-08-25 15:05,1
2026-08-25 15:45,1
2026-08-25 15:50,1
2026-08-25 15:55,2
2026-08-25 16:00,2
2026-08-25 16:05,3
2026-08-25 16:10,3
2026-08-25 16:15,3
2026-08-25 16:20,3
2026-08-25 16:25,3
2026-08-25 16:30,2
2026-08-25 16:35,2
2026-08-25 16:40,1
2026-08-25 16:45,1
2026-08-25 17:55,1
2026-08-25 18:00,1
2026-08-25 18:05,1
2026-08-25 18:10,1
2026-08-25 18:15,1
2026-08-25 18:20,1
2026-08-25 18:25,1
2026-08-25 18:30,2
2026-08-25 18:35,2
2026-08-25 18:40,2
2026-08-25 18:45,2
2026-08-25 18:50,2
2026-08-25 18:55,2
2026-08-25 19:00,2
2026-08-25 19:05,1
2026-08-25 19:10,2
2026-08-25 19:15,2
2026-08-25 19:20,2
2026-08-25 19:25,1
2026-08-25 19:30,1
2026-08-25 19:35,1
2026-08-25 19:40,1
2026-08-25 19:45,1
2026-08-25 19:50,1
2026-08-25 20:00,1
2026-08-25 20:05,1
2026-08-25 20:10,1
2026-08-25 20:15,1
2026-08-25 20:20,1
2026-08-25 20:25,1
2026-08-25 20:30,2
2026-08-25 20:35,2
2026-08-25 20:40,3
2026-08-25 20:45,2
2026-08-25 20:50,3
2026-08-25 20:55,3
2026-08-25 21:00,3
2026-08-25 21:05,3
2026-08-25 21:10,3
2026-08-25 21:15,2
2026-08-25 21:20,2
2026-08-25 21:25,1
2026-08-25 21:30,1
2026-08-25 21:40,1
2026-08-25 21:45,1
2026-08-25 21:50,1
2026-08-25 21:55,1
2026-08-25 22:00,1
2026-08-25 22:05,2
2026-08-25 22:10,2
2026-08-25 22:15,1
2026-08-25 22:20,1
2026-08-25 22:25,1
2026-08-25 22:30,1
2026-08-25 22:35,1
2026-08-25 22:40,1
2026-08-25 22:45,1
2026-08-26 07:40,1
2026-08-26 07:45,1
2026-08-26 07:50,2
2026-08-26 07:55,2
2026-08-26 08:00,2
2026-08-26 08:05,2
2026-08-26 08:10,2
2026-08-26 08:15,2
2026-08-26 08:20,4
2026-08-26 08:25,4
2026-08-26 08:30,4
2026-08-26 08:35,3
2026-08-26 08:40,3
2026-08-26 08:45,3
2026-08-26 08:50,3
2026-08-26 08:55,2
2026-08-26 09:00,1
2026-08-26 09:05,1
2026-08-26 09:10,1
2026-08-26 09:15,1
2026-08-26 09:20,1
2026-08-26 09:25,2
2026-08-26 09:30,2
2026-08-26 09:35,2
2026-08-26 09:40,2
2026-08-26 09:45,1
2026-08-26 09:50,1
2026-08-26 10:05,1
2026-08-26 10:10,1
2026-08-26 10:15,1
2026-08-26 10:20,1
2026-08-26 10:25,1
2026-08-26 10:30,2
2026-08-26 10:35,2
2026-08-26 10:40,2
2026-08-26 10:45,1
2026-08-26 10:50,1
2026-08-26 10:55,1
2026-08-26 11:00,1
2026-08-26 11:35,1
2026-08-26 11:40,1
2026-08-26 11:45,1
2026-08-26 11:50,1
2026-08-26 11:55,1
2026-08-26 12:00,1
2026-08-26 12:05,1
2026-08-26 12:10,1
2026-08-26 12:15,1
2026-08-26 12:20,1
2026-08-26 12:25,1
2026-08-26 12:30,1
2026-08-26 12:35,1
2026-08-26 12:40,1
2026-08-26 12:45,1
2026-08-26 12:50,1
2026-08-26 12:55,1
2026-08-26 13:00,1
2026-08-26 13:25,1
2026-08-26 13:30,1
2026-08-26 13:35,1
2026-08-26 13:40,1
2026-08-26 13:45,1
2026-08-26 13:50,1
2026-08-26 14:10,1
2026-08-26 14:15,1
2026-08-26 14:20,1
2026-08-26 14:25,2
2026-08-26 14:30,2
2026-08-26 14:35,2
2026-08-26 14:40,2
2026-08-26 14:45,2
2026-08-26 14:50,2
2026-08-26 14:55,2
2026-08-26 15:00,1
2026-08-26 15:05,1
2026-08-26 15:45,1
2026-08-26 15:50,1
2026-08-26 15:55,2
2026-08-26 16:00,2
2026-08-26 16:05,3
2026-08-26 16:10,3
2026-08-26 16:15,3
2026-08-26 16:20,3
2026-08-26 16:25,3
2026-08-26 16:30,2
2026-08-26 16:35,2
2026-08-26 16:40,1
2026-08-26 16:45,1
2026-08-26 17:55,1
2026-08-26 18:00,1
2026-08-26 18:05,1
2026-08-26 18:10,1
2026-08-26 18:15,1
2026-08-26 18:20,2
2026-08-26 18:25,2
2026-08-26 18:30,3
2026-08-26 18:35,3
2026-08-26 18:40,3
2026-08-26 18:45,3
2026-08-26 18:50,3
2026-08-26 18:55,2
2026-08-26 19:00,2
2026-08-26 19:05,1
2026-08-26 19:10,2
2026-08-26 19:15,2
2026-08-26 19:20,2
2026-08-26 19:25,1
2026-08-26 19:30,1
2026-08-26 19:35,1
2026-08-26 19:40,1
2026-08-26 19:45,1
2026-08-26 19:50,1
2026-08-26 20:00,1
2026-08-26 20:05,1
2026-08-26 20:10,1
2026-08-26 20:15,1
2026-08-26 20:20,1
2026-08-26 20:25,1
2026-08-26 20:30,2
2026-08-26 20:35,2
2026-08-26 20:40,3
2026-08-26 20:45,2
2026-08-26 20:50,3
2026-08-26 20:55,3
2026-08-26 21:00,3
2026-08-26 21:05,3
2026-08-26 21:10,3
2026-08-26 21:15,2
2026-08-26 21:20,2
2026-08-26 21:25,1
2026-08-26 21:30,1
2026-08-26 21:40,1
2026-08-26 21:45,1
2026-08-26 21:50,1
2026-08-26 21:55,1
2026-08-26 22:00,1
2026-08-26 22:05,2
2026-08-26 22:10,2
2026-08-26 22:15,2
2026-08-26 22:20,2
2026-08-26 22:25,2
2026-08-26 22:30,2
2026-08-26 22:35,2
2026-08-26 22:40,2
2026-08-26 22:45,2
2026-08-26 22:50,1
2026-08-26 22:55,1
2026-08-26 23:00,1
2026-08-27 07:30,1
2026-08-27 07:35,1
2026-08-27 07:40,2
2026-08-27 07:45,2
2026-08-27 07:50,3
2026-08-27 07:55,3
2026-08-27 08:00,3
2026-08-27 08:05,2
2026-08-27 08:10,2
2026-08-27 08:15,2
2026-08-27 08:20,3
2026-08-27 08:25,3
2026-08-27 08:30,3
2026-08-27 08:35,2
2026-08-27 08:40,2
2026-08-27 08:45,2
2026-08-27 08:50,2
2026-08-27 08:55,1
2026-08-27 09:25,1
2026-08-27 09:30,1
2026-08-27 09:35,1
2026-08-27 09:40,1
2026-08-27 10:05,1
2026-08-27 10:10,1
2026-08-27 10:15,1
2026-08-27 10:20,1
2026-08-27 10:25,1
2026-08-27 10:30,2
2026-08-27 10:35,2
2026-08-27 10:40,2
2026-08-27 10:45,1
2026-08-27 10:50,1
2026-08-27 10:55,1
2026-08-27 11:00,1
2026-08-27 11:35,1
2026-08-27 11:40,1
2026-08-27 11:45,1
2026-08-27 11:50,1
2026-08-27 11:55,1
2026-08-27 12:00,1
2026-08-27 12:05,1
2026-08-27 12:10,1
2026-08-27 12:15,1
2026-08-27 12:20,1
2026-08-27 12:25,1
2026-08-27 12:30,1
2026-08-27 12:35,1
2026-08-27 12:40,1
2026-08-27 12:45,1
2026-08-27 12:50,1
2026-08-27 12:55,1
2026-08-27 13:00,1
2026-08-27 13:20,1
2026-08-27 13:25,2
2026-08-27 13:30,2
2026-08-27 13:35,2
2026-08-27 13:40,2
2026-08-27 13:45,1
2026-08-27 13:50,1
2026-08-27 14:10,1
2026-08-27 14:15,1
2026-08-27 14:20,1
2026-08-27 14:25,2
2026-08-27 14:30,2
2026-08-27 14:35,2
2026-08-27 14:40,2
2026-08-27 14:45,2
2026-08-27 14:50,2
2026-08-27 14:55,2
2026-08-27 15:00,1
2026-08-27 15:05,1
2026-08-27 15:45,1
2026-08-27 15:50,1
2026-08-27 15:55,2
2026-08-27 16:00,2
2026-08-27 16:05,3
2026-08-27 16:10,3
2026-08-27 16:15,3
2026-08-27 16:20,3
2026-08-27 16:25,3
2026-08-27 16:30,2
2026-08-27 16:35,2
2026-08-27 16:40,1
2026-08-27 16:45,1
2026-08-27 17:55,1
2026-08-27 18:00,1
2026-08-27 18:05,1
2026-08-27 18:10,1
2026-08-27 18:15,1
2026-08-27 18:20,1
2026-08-27 18:25,1
2026-08-27 18:30,2
2026-08-27 18:35,2
2026-08-27 18:40,2
2026-08-27 18:45,2
2026-08-27 18:50,2
2026-08-27 18:55,2
2026-08-27 19:00,2
2026-08-27 19:05,1
2026-08-27 19:10,2
2026-08-27 19:15,2
2026-08-27 19:20,2
2026-08-27 19:25,1
2026-08-27 19:30,1
2026-08-27 19:35,1
2026-08-27 19:40,1
2026-08-27 19:45,1
2026-08-27 19:50,1
2026-08-27 20:00,1
2026-08-27 20:05,1
2026-08-27 20:10,1
2026-08-27 20:15,1
2026-08-27 20:20,1
2026-08-27 20:25,1
2026-08-27 20:30,2
2026-08-27 20:35,2
2026-08-27 20:40,3
2026-08-27 20:45,2
2026-08-27 20:50,3
2026-08-27 20:55,3
2026-08-27 21:00,3
2026-08-27 21:05,3
2026-08-27 21:10,3
2026-08-27 21:15,2
2026-08-27 21:20,2
2026-08-27 21:25,1
2026-08-27 21:30,1
2026-08-27 21:40,1
2026-08-27 21:45,1
2026-08-27 21:50,1
2026-08-27 21:55,1
2026-08-27 22:00,1
2026-08-27 22:05,2
2026-08-27 22:10,2
2026-08-27 22:15,1
2026-08-27 22:20,1
2026-08-27 22:25,1
2026-08-27 22:30,1
2026-08-27 22:35,1
2026-08-27 22:40,1
2026-08-27 22:45,1
2026-08-28 07:40,1
2026-08-28 07:45,1
2026-08-28 07:50,2
2026-08-28 07:55,2
2026-08-28 08:00,2
2026-08-28 08:05,2
2026-08-28 08:10,2
2026-08-28 08:15,2
2026-08-28 08:20,4
2026-08-28 08:25,4
2026-08-28 08:30,4
2026-08-28 08:35,3
2026-08-28 08:40,3
2026-08-28 08:45,3
2026-08-28 08:50,3
2026-08-28 08:55,2
2026-08-28 09:00,1
2026-08-28 09:05,1
2026-08-28 09:10,1
2026-08-28 09:15,1
2026-08-28 09:20,1
2026-08-28 09:25,2
2026-08-28 09:30,2
2026-08-28 09:35,2
2026-08-28 09:40,2
2026-08-28 09:45,1
2026-08-28 09:50,1
2026-08-28 10:05,1
2026-08-28 10:10,1
2026-08-28 10:15,1
2026-08-28 10:20,1
2026-08-28 10:25,1
2026-08-28 10:30,2
2026-08-28 10:35,2
2026-08-28 10:40,2
2026-08-28 10:45,1
2026-08-28 10:50,1
2026-08-28 10:55,1
2026-08-28 11:00,1
2026-08-28 11:35,1
2026-08-28 11:40,1
2026-08-28 11:45,1
2026-08-28 11:50,1
2026-08-28 11:55,1
2026-08-28 12:00,1
2026-08-28 12:05,1
2026-08-28 12:10,1
2026-08-28 12:15,1
2026-08-28 12:20,1
2026-08-28 12:25,1
2026-08-28 12:30,1
2026-08-28 12:35,1
2026-08-28 12:40,1
2026-08-28 12:45,1
2026-08-28 12:50,1
2026-08-28 12:55,1
2026-08-28 13:00,1
2026-08-28 13:25,1
2026-08-28 13:30,1
2026-08-28 13:35,1
2026-08-28 13:40,1
2026-08-28 13:45,1
2026-08-28 13:50,1
2026-08-28 14:10,1
2026-08-28 14:15,1
2026-08-28 14:20,1
2026-08-28 14:25,2
2026-08-28 14:30,2
2026-08-28 14:35,2
2026-08-28 14:40,2
2026-08-28 14:45,2
2026-08-28 14:50,2
2026-08-28 14:55,2
2026-08-28 15:00,1
2026-08-28 15:05,1
2026-08-28 15:45,1
2026-08-28 15:50,1
2026-08-28 15:55,2
2026-08-28 16:00,2
2026-08-28 16:05,3
2026-08-28 16:10,3
2026-08-28 16:15,3
2026-08-28 16:20,3
2026-08-28 16:25,3
2026-08-28 16:30,2
2026-08-28 16:35,2
2026-08-28 16:40,1
2026-08-28 16:45,1
2026-08-28 17:55,1
2026-08-28 18:00,1
2026-08-28 18:05,1
2026-08-28 18:10,1
2026-08-28 18:15,1
2026-08-28 18:20,2
2026-08-28 18:25,2
2026-08-28 18:30,3
2026-08-28 18:35,3
2026-08-28 18:40,3
2026-08-28 18:45,3
2026-08-28 18:50,3
2026-08-28 18:55,2
2026-08-28 19:00,2
2026-08-28 19:05,1
2026-08-28 19:10,2
2026-08-28 19:15,2
2026-08-28 19:20,2
2026-08-28 19:25,1
2026-08-28 19:30,1
2026-08-28 19:35,1
2026-08-28 19:40,1
2026-08-28 19:45,1
2026-08-28 19:50,1
2026-08-28 20:00,1
2026-08-28 20:05,1
2026-08-28 20:10,1
2026-08-28 20:15,1
2026-08-28 20:20,1
2026-08-28 20:25,1
2026-08-28 20:30,2
2026-08-28 20:35,2
2026-08-28 20:40,3
2026-08-28 20:45,2
2026-08-28 20:50,3
2026-08-28 20:55,3
2026-08-28 21:00,3
2026-08-28 21:05,3
2026-08-28 21:10,3
2026-08-28 21:15,2
2026-08-28 21:20,2
2026-08-28 21:25,1
2026-08-28 21:30,1
2026-08-28 21:40,1
2026-08-28 21:45,1
2026-08-28 21:50,1
2026-08-28 21:55,1
2026-08-28 22:00,1
2026-08-28 22:05,2
2026-08-28 22:10,2
2026-08-28 22:15,2
2026-08-28 22:20,2
2026-08-28 22:25,2
2026-08-28 22:30,2
2026-08-28 22:35,2
2026-08-28 22:40,2
2026-08-28 22:45,2
2026-08-28 22:50,1
2026-08-28 22:55,1
2026-08-28 23:00,1
2026-08-29 07:30,1
2026-08-29 07:35,1
2026-08-29 07:40,2
2026-08-29 07:45,2
2026-08-29 07:50,3
2026-08-29 07:55,3
2026-08-29 08:00,3
2026-08-29 08:05,2
2026-08-29 08:10,2
2026-08-29 08:15,2
2026-08-29 08:20,3
2026-08-29 08:25,3
2026-08-29 08:30,3
2026-08-29 08:35,2
2026-08-29 08:40,2
2026-08-29 08:45,2
2026-08-29 08:50,2
2026-08-29 08:55,1
2026-08-29 09:25,1
2026-08-29 09:30,1
2026-08-29 09:35,1
2026-08-29 09:40,1
2026-08-29 10:05,1
2026-08-29 10:10,1
2026-08-29 10:15,1
2026-08-29 10:20,1
2026-08-29 10:25,1
2026-08-29 10:30,2
2026-08-29 10:35,2
2026-08-29 10:40,2
2026-08-29 10:45,1
2026-08-29 10:50,1
2026-08-29 10:55,1
2026-08-29 11:00,1
2026-08-29 11:35,1
2026-08-29 11:40,1
2026-08-29 11:45,1
2026-08-29 11:50,1
2026-08-29 11:55,1
2026-08-29 12:00,1
2026-08-29 12:05,1
2026-08-29 12:10,1
2026-08-29 12:15,1
2026-08-29 12:20,1
2026-08-29 12:25,1
2026-08-29 12:30,1
2026-08-29 12:35,1
2026-08-29 12:40,1
2026-08-29 12:45,1
2026-08-29 12:50,1
2026-08-29 12:55,1
2026-08-29 13:00,1
2026-08-29 13:20,1
2026-08-29 13:25,2
2026-08-29 13:30,2
2026-08-29 13:35,2
2026-08-29 13:40,2
2026-08-29 13:45,1
2026-08-29 13:50,1
2026-08-29 14:10,1
2026-08-29 14:15,1
2026-08-29 14:20,1
2026-08-29 14:25,2
2026-08-29 14:30,2
2026-08-29 14:35,2
2026-08-29 14:40,2
2026-08-29 14:45,2
2026-08-29 14:50,2
2026-08-29 14:55,2
2026-08-29 15:00,1
2026-08-29 15:05,1
2026-08-29 15:45,1
2026-08-29 15:50,1
2026-08-29 15:55,2
2026-08-29 16:00,2
2026-08-29 16:05,3
2026-08-29 16:10,3
2026-08-29 16:15,3
2026-08-29 16:20,3
2026-08-29 16:25,3
2026-08-29 16:30,2
2026-08-29 16:35,2
2026-08-29 16:40,1
2026-08-29 16:45,1
2026-08-29 17:55,1
2026-08-29 18:00,1
2026-08-29 18:05,1
2026-08-29 18:10,1
2026-08-29 18:15,1
2026-08-29 18:20,1
2026-08-29 18:25,1
2026-08-29 18:30,2
2026-08-29 18:35,2
2026-08-29 18:40,2
2026-08-29 18:45,2
2026-08-29 18:50,2
2026-08-29 18:55,2
2026-08-29 19:00,2
2026-08-29 19:05,1
2026-08-29 19:10,2
2026-08-29 19:15,2
2026-08-29 19:20,2
2026-08-29 19:25,1
2026-08-29 19:30,1
2026-08-29 19:35,1
2026-08-29 19:40,1
2026-08-29 19:45,1
2026-08-29 19:50,1
2026-08-29 20:00,1
2026-08-29 20:05,1
2026-08-29 20:10,1
2026-08-29 20:15,1
2026-08-29 20:20,1
2026-08-29 20:25,1
2026-08-29 20:30,2
2026-08-29 20:35,2
2026-08-29 20:40,3
2026-08-29 20:45,2
2026-08-29 20:50,3
2026-08-29 20:55,3
2026-08-29 21:00,3
2026-08-29 21:05,3
2026-08-29 21:10,3
2026-08-29 21:15,2
2026-08-29 21:20,2
2026-08-29 21:25,1
2026-08-29 21:30,1
2026-08-29 21:40,1
2026-08-29 21:45,1
2026-08-29 21:50,1
2026-08-29 21:55,1
2026-08-29 22:00,1
2026-08-29 22:05,2
2026-08-29 22:10,2
2026-08-29 22:15,2
2026-08-29 22:20,2
2026-08-29 22:25,2
2026-08-29 22:30,2
2026-08-29 22:35,2
2026-08-29 22:40,2
2026-08-29 22:45,2
2026-08-29 22:50,1
2026-08-29 22:55,1
2026-08-29 23:00,1
2026-08-30 07:40,1
2026-08-30 07:45,1
2026-08-30 07:50,2
2026-08-30 07:55,2
2026-08-30 08:00,2
2026-08-30 08:05,2
2026-08-30 08:10,2
2026-08-30 08:15,2
2026-08-30 08:20,4
2026-08-30 08:25,4
2026-08-30 08:30,4
2026-08-30 08:35,3
2026-08-30 08:40,3
2026-08-30 08:45,3
2026-08-30 08:50,3
2026-08-30 08:55,2
2026-08-30 09:00,1
2026-08-30 09:05,1
2026-08-30 09:10,1
2026-08-30 09:15,1
2026-08-30 09:20,1
2026-08-30 09:25,2
2026-08-30 09:30,2
2026-08-30 09:35,2
2026-08-30 09:40,2
2026-08-30 09:45,1
2026-08-30 09:50,1
2026-08-30 10:05,1
2026-08-30 10:10,1
2026-08-30 10:15,1
2026-08-30 10:20,1
2026-08-30 10:25,1
2026-08-30 10:30,2
2026-08-30 10:35,2
2026-08-30 10:40,2
2026-08-30 10:45,1
2026-08-30 10:50,1
2026-08-30 10:55,1
2026-08-30 11:00,1
2026-08-30 11:35,1
2026-08-30 11:40,1
2026-08-30 11:45,1
2026-08-30 11:50,1
2026-08-30 11:55,1
2026-08-30 12:00,1
2026-08-30 12:05,1
2026-08-30 12:10,1
2026-08-30 12:15,1
2026-08-30 12:20,1
2026-08-30 12:25,1
2026-08-30 12:30,1
2026-08-30 12:35,1
2026-08-30 12:40,1
2026-08-30 12:45,1
2026-08-30 12:50,1
2026-08-30 12:55,1
2026-08-30 13:00,1
2026-08-30 13:25,1
2026-08-30 13:30,1
2026-08-30 13:35,1
2026-08-30 13:40,1
2026-08-30 13:45,1
2026-08-30 13:50,1
2026-08-30 14:10,1
2026-08-30 14:15,1
2026-08-30 14:20,1
2026-08-30 14:25,2
2026-08-30 14:30,2
2026-08-30 14:35,2
2026-08-30 14:40,2
2026-08-30 14:45,2
2026-08-30 14:50,2
2026-08-30 14:55,2
2026-08-30 15:00,1
2026-08-30 15:05,1
2026-08-30 15:45,1
2026-08-30 15:50,1
2026-08-30 15:55,2
2026-08-30 16:00,2
2026-08-30 16:05,3
2026-08-30 16:10,3
2026-08-30 16:15,3
2026-08-30 16:20,3
2026-08-30 16:25,3
2026-08-30 16:30,2
2026-08-30 16:35,2
2026-08-30 16:40,1
2026-08-30 16:45,1
2026-08-30 17:55,1
2026-08-30 18:00,1
2026-08-30 18:05,1
2026-08-30 18:10,1
2026-08-30 18:15,1
2026-08-30 18:20,2
2026-08-30 18:25,2
2026-08-30 18:30,3
2026-08-30 18:35,3
2026-08-30 18:40,3
2026-08-30 18:45,3
2026-08-30 18:50,3
2026-08-30 18:55,2
2026-08-30 19:00,2
2026-08-30 19:05,1
2026-08-30 19:10,2
2026-08-30 19:15,2
2026-08-30 19:20,2
2026-08-30 19:25,1
2026-08-30 19:30,1
2026-08-30 19:35,1
2026-08-30 19:40,1
2026-08-30 19:45,1
2026-08-30 19:50,1
2026-08-30 20:00,1
2026-08-30 20:05,1
2026-08-30 20:10,1
2026-08-30 20:15,1
2026-08-30 20:20,1
2026-08-30 20:25,1
2026-08-30 20:30,2
2026-08-30 20:35,2
2026-08-30 20:40,3
2026-08-30 20:45,2
2026-08-30 20:50,3
2026-08-30 20:55,3
2026-08-30 21:00,3
2026-08-30 21:05,3
2026-08-30 21:10,3
2026-08-30 21:15,2
2026-08-30 21:20,2
2026-08-30 21:25,1
2026-08-30 21:30,1
2026-08-30 21:40,1
2026-08-30 21:45,1
2026-08-30 21:50,1
2026-08-30 21:55,1
2026-08-30 22:00,1
2026-08-30 22:05,2
2026-08-30 22:10,2
2026-08-30 22:15,1
2026-08-30 22:20,1
2026-08-30 22:25,1
2026-08-30 22:30,1
2026-08-30 22:35,1
2026-08-30 22:40,1
2026-08-30 22:45,1
2026-08-31 07:30,1
2026-08-31 07:35,1
2026-08-31 07:40,2
2026-08-31 07:45,2
2026-08-31 07:50,3
2026-08-31 07:55,3
2026-08-31 08:00,3
2026-08-31 08:05,2
2026-08-31 08:10,2
2026-08-31 08:15,2
2026-08-31 08:20,4
2026-08-31 08:25,4
2026-08-31 08:30,4
2026-08-31 08:35,3
2026-08-31 08:40,3
2026-08-31 08:45,3
2026-08-31 08:50,3
2026-08-31 08:55,2
2026-08-31 09:00,1
2026-08-31 09:05,1
2026-08-31 09:10,1
2026-08-31 09:15,1
2026-08-31 09:20,1
2026-08-31 09:25,2
2026-08-31 09:30,2
2026-08-31 09:35,2
2026-08-31 09:40,2
2026-08-31 09:45,1
2026-08-31 09:50,1
2026-08-31 10:05,1
2026-08-31 10:10,1
2026-08-31 10:15,1
2026-08-31 10:20,1
2026-08-31 10:25,1
2026-08-31 10:30,2
2026-08-31 10:35,2
2026-08-31 10:40,2
2026-08-31 10:45,1
2026-08-31 10:50,1
2026-08-31 10:55,1
2026-08-31 11:00,1
2026-08-31 11:35,1
2026-08-31 11:40,1
2026-08-31 11:45,1
2026-08-31 11:50,1
2026-08-31 11:55,1
2026-08-31 12:00,1
2026-08-31 12:05,1
2026-08-31 12:10,1
2026-08-31 12:15,1
2026-08-31 12:20,1
2026-08-31 12:25,1
2026-08-31 12:30,1
2026-08-31 12:35,1
2026-08-31 12:40,1
2026-08-31 12:45,1
2026-08-31 12:50,1
2026-08-31 12:55,1
2026-08-31 13:00,1
2026-08-31 13:25,1
2026-08-31 13:30,1
2026-08-31 13:35,1
2026-08-31 13:40,1
2026-08-31 13:45,1
2026-08-31 13:50,1
2026-08-31 14:10,1
2026-08-31 14:15,1
2026-08-31 14:20,1
2026-08-31 14:25,2
2026-08-31 14:30,2
2026-08-31 14:35,2
2026-08-31 14:40,2
2026-08-31 14:45,2
2026-08-31 14:50,2
2026-08-31 14:55,2
2026-08-31 15:00,1
2026-08-31 15:05,1
2026-08-31 15:45,1
2026-08-31 15:50,1
2026-08-31 15:55,2
2026-08-31 16:00,2
2026-08-31 16:05,3
2026-08-31 16:10,3
2026-08-31 16:15,3
2026-08-31 16:20,3
2026-08-31 16:25,3
2026-08-31 16:30,2
2026-08-31 16:35,2
2026-08-31 16:40,1
2026-08-31 16:45,1
2026-08-31 17:55,1
2026-08-31 18:00,1
2026-08-31 18:05,1
2026-08-31 18:10,1
2026-08-31 18:15,1
2026-08-31 18:20,2
2026-08-31 18:25,2
2026-08-31 18:30,3
2026-08-31 18:35,3
2026-08-31 18:40,3
2026-08-31 18:45,3
2026-08-31 18:50,3
2026-08-31 18:55,2
2026-08-31 19:00,2
2026-08-31 19:05,1
2026-08-31 19:10,2
2026-08-31 19:15,2
2026-08-31 19:20,2
2026-08-31 19:25,1
2026-08-31 19:30,1
2026-08-31 19:35,1
2026-08-31 19:40,1
2026-08-31 19:45,1
2026-08-31 19:50,1
2026-08-31 20:00,1
2026-08-31 20:05,1
2026-08-31 20:10,1
2026-08-31 20:15,1
2026-08-31 20:20,1
2026-08-31 20:25,1
2026-08-31 20:30,2
2026-08-31 20:35,2
2026-08-31 20:40,3
2026-08-31 20:45,2
2026-08-31 20:50,3
2026-08-31 20:55,3
2026-08-31 21:00,3
2026-08-31 21:05,3
2026-08-31 21:10,3
2026-08-31 21:15,2
2026-08-31 21:20,2
2026-08-31 21:25,1
2026-08-31 21:30,1
2026-08-31 21:40,1
2026-08-31 21:45,1
2026-08-31 21:50,1
2026-08-31 21:55,1
2026-08-31 22:00,1
2026-08-31 22:05,2
2026-08-31 22:10,2
2026-08-31 22:15,2
2026-08-31 22:20,2
2026-08-31 22:25,2
2026-08-31 22:30,2
2026-08-31 22:35,2
2026-08-31 22:40,2
2026-08-31 22:45,2
2026-08-31 22:50,1
2026-08-31 22:55,1
2026-08-31 23:00,1
2026-09-01 07:30,1
2026-09-01 07:35,1
2026-09-01 07:40,2
2026-09-01 07:45,2
2026-09-01 07:50,3
2026-09-01 07:55,3
2026-09-01 08:00,3
2026-09-01 08:05,2
2026-09-01 08:10,2
2026-09-01 08:15,2
2026-09-01 08:20,3
2026-09-01 08:25,3
2026-09-01 08:30,3
2026-09-01 08:35,2
2026-09-01 08:40,2
2026-09-01 08:45,2
2026-09-01 08:50,2
2026-09-01 08:55,1
2026-09-01 09:25,1
2026-09-01 09:30,1
2026-09-01 09:35,1
2026-09-01 09:40,1
2026-09-01 10:05,1
2026-09-01 10:10,1
2026-09-01 10:15,1
2026-09-01 10:20,1
2026-09-01 10:25,1
2026-09-01 10:30,2
2026-09-01 10:35,2
2026-09-01 10:40,2
2026-09-01 10:45,1
2026-09-01 10:50,1
2026-09-01 10:55,1
2026-09-01 11:00,1
2026-09-01 11:35,1
2026-09-01 11:40,1
2026-09-01 11:45,1
2026-09-01 11:50,1
2026-09-01 11:55,1
2026-09-01 12:00,1
2026-09-01 12:05,1
2026-09-01 12:10,1
2026-09-01 12:15,1
2026-09-01 12:20,1
2026-09-01 12:25,1
2026-09-01 12:30,1
2026-09-01 12:35,1
2026-09-01 12:40,1
2026-09-01 12:45,1
2026-09-01 12:50,1
2026-09-01 12:55,1
2026-09-01 13:00,1
2026-09-01 13:20,1
2026-09-01 13:25,2
2026-09-01 13:30,2
2026-09-01 13:35,2
2026-09-01 13:40,2
2026-09-01 13:45,1
2026-09-01 13:50,1
2026-09-01 14:10,1
2026-09-01 14:15,1
2026-09-01 14:20,1
2026-09-01 14:25,2
2026-09-01 14:30,2
2026-09-01 14:35,2
2026-09-01 14:40,2
2026-09-01 14:45,2
2026-09-01 14:50,2
2026-09-01 14:55,2
2026-09-01 15:00,1
2026-09-01 15:05,1
2026-09-01 15:45,1
2026-09-01 15:50,1
2026-09-01 15:55,2
2026-09-01 16:00,2
2026-09-01 16:05,3
2026-09-01 16:10,3
2026-09-01 16:15,3
2026-09-01 16:20,3
2026-09-01 16:25,3
2026-09-01 16:30,2
2026-09-01 16:35,2
2026-09-01 16:40,1
2026-09-01 16:45,1
2026-09-01 17:55,1
2026-09-01 18:00,1
2026-09-01 18:05,1
2026-09-01 18:10,1
2026-09-01 18:15,1
2026-09-01 18:20,1
2026-09-01 18:25,1
2026-09-01 18:30,2
2026-09-01 18:35,2
2026-09-01 18:40,2
2026-09-01 18:45,2
2026-09-01 18:50,2
2026-09-01 18:55,2
2026-09-01 19:00,2
2026-09-01 19:05,1
2026-09-01 19:10,2
2026-09-01 19:15,2
2026-09-01 19:20,2
2026-09-01 19:25,1
2026-09-01 19:30,1
2026-09-01 19:35,1
2026-09-01 19:40,1
2026-09-01 19:45,1
2026-09-01 19:50,1
2026-09-01 20:00,1
2026-09-01 20:05,1
2026-09-01 20:10,1
2026-09-01 20:15,1
2026-09-01 20:20,1
2026-09-01 20:25,1
2026-09-01 20:30,2
2026-09-01 20:35,2
2026-09-01 20:40,3
2026-09-01 20:45,2
2026-09-01 20:50,3
2026-09-01 20:55,3
2026-09-01 21:00,3
2026-09-01 21:05,3
2026-09-01 21:10,3
2026-09-01 21:15,2
2026-09-01 21:20,2
2026-09-01 21:25,1
2026-09-01 21:30,1
2026-09-01 21:40,1
2026-09-01 21:45,1
2026-09-01 21:50,1
2026-09-01 21:55,1
2026-09-01 22:00,1
2026-09-01 22:05,2
2026-09-01 22:10,2
2026-09-01 22:15,1
2026-09-01 22:20,1
2026-09-01 22:25,1
2026-09-01 22:30,1
2026-09-01 22:35,1
2026-09-01 22:40,1
2026-09-01 22:45,1
2026-09-02 07:40,1
2026-09-02 07:45,1
2026-09-02 07:50,2
2026-09-02 07:55,2
2026-09-02 08:00,2
2026-09-02 08:05,2
2026-09-02 08:10,2
2026-09-02 08:15,2
2026-09-02 08:20,4
2026-09-02 08:25,4
2026-09-02 08:30,4
2026-09-02 08:35,3
2026-09-02 08:40,3
2026-09-02 08:45,3
2026-09-02 08:50,3
2026-09-02 08:55,2
2026-09-02 09:00,1
2026-09-02 09:05,1
2026-09-02 09:10,1
2026-09-02 09:15,1
2026-09-02 09:20,1
2026-09-02 09:25,2
2026-09-02 09:30,2
2026-09-02 09:35,2
2026-09-02 09:40,2
2026-09-02 09:45,1
2026-09-02 09:50,1
2026-09-02 10:05,1
2026-09-02 10:10,1
2026-09-02 10:15,1
2026-09-02 10:20,1
2026-09-02 10:25,1
2026-09-02 10:30,2
2026-09-02 10:35,2
2026-09-02 10:40,2
2026-09-02 10:45,1
2026-09-02 10:50,1
2026-09-02 10:55,1
2026-09-02 11:00,1
2026-09-02 11:35,1
2026-09-02 11:40,1
2026-09-02 11:45,1
2026-09-02 11:50,1
2026-09-02 11:55,1
2026-09-02 12:00,1
2026-09-02 12:05,1
2026-09-02 12:10,1
2026-09-02 12:15,1
2026-09-02 12:20,1
2026-09-02 12:25,1
2026-09-02 12:30,1
2026-09-02 12:35,1
2026-09-02 12:40,1
2026-09-02 12:45,1
2026-09-02 12:50,1
2026-09-02 12:55,1
2026-09-02 13:00,1
2026-09-02 13:25,1
2026-09-02 13:30,1
2026-09-02 13:35,1
2026-09-02 13:40,1
2026-09-02 13:45,1
2026-09-02 13:50,1
2026-09-02 14:10,1
2026-09-02 14:15,1
2026-09-02 14:20,1
2026-09-02 14:25,2
2026-09-02 14:30,2
2026-09-02 14:35,2
2026-09-02 14:40,2
2026-09-02 14:45,2
2026-09-02 14:50,2
2026-09-02 14:55,2
2026-09-02 15:00,1
2026-09-02 15:05,1
2026-09-02 15:45,1
2026-09-02 15:50,1
2026-09-02 15:55,2
2026-09-02 16:00,2
2026-09-02 16:05,3
2026-09-02 16:10,3
2026-09-02 16:15,3
2026-09-02 16:20,3
2026-09-02 16:25,3
2026-09-02 16:30,2
2026-09-02 16:35,2
2026-09-02 16:40,1
2026-09-02 16:45,1
2026-09-02 17:55,1
2026-09-02 18:00,1
2026-09-02 18:05,1
2026-09-02 18:10,1
2026-09-02 18:15,1
2026-09-02 18:20,2
2026-09-02 18:25,2
2026-09-02 18:30,3
2026-09-02 18:35,3
2026-09-02 18:40,3
2026-09-02 18:45,3
2026-09-02 18:50,3
2026-09-02 18:55,2
2026-09-02 19:00,2
2026-09-02 19:05,1
2026-09-02 19:10,2
2026-09-02 19:15,2
2026-09-02 19:20,2
2026-09-02 19:25,1
2026-09-02 19:30,1
2026-09-02 19:35,1
2026-09-02 19:40,1
2026-09-02 19:45,1
2026-09-02 19:50,1
2026-09-02 20:00,1
2026-09-02 20:05,1
2026-09-02 20:10,1
2026-09-02 20:15,1
2026-09-02 20:20,1
2026-09-02 20:25,1
2026-09-02 20:30,2
2026-09-02 20:35,2
2026-09-02 20:40,3
2026-09-02 20:45,2
2026-09-02 20:50,3
2026-09-02 20:55,3
2026-09-02 21:00,3
2026-09-02 21:05,3
2026-09-02 21:10,3
2026-09-02 21:15,2
2026-09-02 21:20,2
2026-09-02 21:25,1
2026-09-02 21:30,1
2026-09-02 21:40,1
2026-09-02 21:45,1
2026-09-02 21:50,1
2026-09-02 21:55,1
2026-09-02 22:00,1
2026-09-02 22:05,2
2026-09-02 22:10,2
2026-09-02 22:15,2
2026-09-02 22:20,2
2026-09-02 22:25,2
2026-09-02 22:30,2
2026-09-02 22:35,2
2026-09-02 22:40,2
2026-09-02 22:45,2
2026-09-02 22:50,1
2026-09-02 22:55,1
2026-09-02 23:00,1
2026-09-03 07:30,1
2026-09-03 07:35,1
2026-09-03 07:40,2
2026-09-03 07:45,2
2026-09-03 07:50,3
2026-09-03 07:55,3
2026-09-03 08:00,3
2026-09-03 08:05,2
2026-09-03 08:10,2
2026-09-03 08:15,2
2026-09-03 08:20,3
2026-09-03 08:25,3
2026-09-03 08:30,3
2026-09-03 08:35,2
2026-09-03 08:40,2
2026-09-03 08:45,2
2026-09-03 08:50,2
2026-09-03 08:55,1
2026-09-03 09:25,1
2026-09-03 09:30,1
2026-09-03 09:35,1
2026-09-03 09:40,1
2026-09-03 10:05,1
2026-09-03 10:10,1
2026-09-03 10:15,1
2026-09-03 10:20,1
2026-09-03 10:25,1
2026-09-03 10:30,2
2026-09-03 10:35,2
2026-09-03 10:40,2
2026-09-03 10:45,1
2026-09-03 10:50,1
2026-09-03 10:55,1
2026-09-03 11:00,1
2026-09-03 11:35,1
2026-09-03 11:40,1
2026-09-03 11:45,1
2026-09-03 11:50,1
2026-09-03 11:55,1
2026-09-03 12:00,1
2026-09-03 12:05,1
2026-09-03 12:10,1
2026-09-03 12:15,1
2026-09-03 12:20,1
2026-09-03 12:25,1
2026-09-03 12:30,1
2026-09-03 12:35,1
2026-09-03 12:40,1
2026-09-03 12:45,1
2026-09-03 12:50,1
2026-09-03 12:55,1
2026-09-03 13:00,1
2026-09-03 13:20,1
2026-09-03 13:25,2
2026-09-03 13:30,2
2026-09-03 13:35,2
2026-09-03 13:40,2
2026-09-03 13:45,1
2026-09-03 13:50,1
2026-09-03 14:10,1
2026-09-03 14:15,1
2026-09-03 14:20,1
2026-09-03 14:25,2
2026-09-03 14:30,2
2026-09-03 14:35,2
2026-09-03 14:40,2
2026-09-03 14:45,2
2026-09-03 14:50,2
2026-09-03 14:55,2
2026-09-03 15:00,1
2026-09-03 15:05,1
2026-09-03 15:45,1
2026-09-03 15:50,1
2026-09-03 15:55,2
2026-09-03 16:00,2
2026-09-03 16:05,3
2026-09-03 16:10,3
2026-09-03 16:15,3
2026-09-03 16:20,3
2026-09-03 16:25,3
2026-09-03 16:30,2
2026-09-03 16:35,2
2026-09-03 16:40,1
2026-09-03 16:45,1
2026-09-03 17:55,1
2026-09-03 18:00,1
2026-09-03 18:05,1
2026-09-03 18:10,1
2026-09-03 18:15,1
2026-09-03 18:20,1
2026-09-03 18:25,1
2026-09-03 18:30,2
2026-09-03 18:35,2
2026-09-03 18:40,2
2026-09-03 18:45,2
2026-09-03 18:50,2
2026-09-03 18:55,2
2026-09-03 19:00,2
2026-09-03 19:05,1
2026-09-03 19:10,2
2026-09-03 19:15,2
2026-09-03 19:20,2
2026-09-03 19:25,1
2026-09-03 19:30,1
2026-09-03 19:35,1
2026-09-03 19:40,1
2026-09-03 19:45,1
2026-09-03 19:50,1
2026-09-03 20:00,1
2026-09-03 20:05,1
2026-09-03 20:10,1
2026-09-03 20:15,1
2026-09-03 20:20,1
2026-09-03 20:25,1
2026-09-03 20:30,2
2026-09-03 20:35,2
2026-09-03 20:40,3
2026-09-03 20:45,2
2026-09-03 20:50,3
2026-09-03 20:55,3
2026-09-03 21:00,3
2026-09-03 21:05,3
2026-09-03 21:10,3
2026-09-03 21:15,2
2026-09-03 21:20,2
2026-09-03 21:25,1
2026-09-03 21:30,1
2026-09-03 21:40,1
2026-09-03 21:45,1
2026-09-03 21:50,1
2026-09-03 21:55,1
2026-09-03 22:00,1
2026-09-03 22:05,2
2026-09-03 22:10,2
2026-09-03 22:15,1
2026-09-03 22:20,1
2026-09-03 22:25,1
2026-09-03 22:30,1
2026-09-03 22:35,1
2026-09-03 22:40,1
2026-09-03 22:45,1
2026-09-04 07:40,1
2026-09-04 07:45,1
2026-09-04 07:50,2
2026-09-04 07:55,2
2026-09-04 08:00,2
2026-09-04 08:05,2
2026-09-04 08:10,2
2026-09-04 08:15,2
2026-09-04 08:20,4
2026-09-04 08:25,4
2026-09-04 08:30,4
2026-09-04 08:35,3
2026-09-04 08:40,3
2026-09-04 08:45,3
2026-09-04 08:50,3
2026-09-04 08:55,2
2026-09-04 09:00,1
2026-09-04 09:05,1
2026-09-04 09:10,1
2026-09-04 09:15,1
2026-09-04 09:20,1
2026-09-04 09:25,2
2026-09-04 09:30,2
2026-09-04 09:35,2
2026-09-04 09:40,2
2026-09-04 09:45,1
2026-09-04 09:50,1
2026-09-04 10:05,1
2026-09-04 10:10,1
2026-09-04 10:15,1
2026-09-04 10:20,1
2026-09-04 10:25,1
2026-09-04 10:30,2
2026-09-04 10:35,2
2026-09-04 10:40,2
2026-09-04 10:45,1
2026-09-04 10:50,1
2026-09-04 10:55,1
2026-09-04 11:00,1
2026-09-04 11:35,1
2026-09-04 11:40,1
2026-09-04 11:45,1
2026-09-04 11:50,1
2026-09-04 11:55,1
2026-09-04 12:00,1
2026-09-04 12:05,1
2026-09-04 12:10,1
2026-09-04 12:15,1
2026-09-04 12:20,1
2026-09-04 12:25,1
2026-09-04 12:30,1
2026-09-04 12:35,1
2026-09-04 12:40,1
2026-09-04 12:45,1
2026-09-04 12:50,1
2026-09-04 12:55,1
2026-09-04 13:00,1
2026-09-04 13:25,1
2026-09-04 13:30,1
2026-09-04 13:35,1
2026-09-04 13:40,1
2026-09-04 13:45,1
2026-09-04 13:50,1
2026-09-04 14:10,1
2026-09-04 14:15,1
2026-09-04 14:20,1
2026-09-04 14:25,2
2026-09-04 14:30,2
2026-09-04 14:35,2
2026-09-04 14:40,2
2026-09-04 14:45,2
2026-09-04 14:50,2
2026-09-04 14:55,2
2026-09-04 15:00,1
2026-09-04 15:05,1
2026-09-04 15:45,1
2026-09-04 15:50,1
2026-09-04 15:55,2
2026-09-04 16:00,2
2026-09-04 16:05,3
2026-09-04 16:10,3
2026-09-04 16:15,3
2026-09-04 16:20,3
2026-09-04 16:25,3
2026-09-04 16:30,2
2026-09-04 16:35,2
2026-09-04 16:40,1
2026-09-04 16:45,1
2026-09-04 17:55,1
2026-09-04 18:00,1
2026-09-04 18:05,1
2026-09-04 18:10,1
2026-09-04 18:15,1
2026-09-04 18:20,2
2026-09-04 18:25,2
2026-09-04 18:30,3
2026-09-04 18:35,3
2026-09-04 18:40,3
2026-09-04 18:45,3
2026-09-04 18:50,3
2026-09-04 18:55,2
2026-09-04 19:00,2
2026-09-04 19:05,1
2026-09-04 19:10,2
2026-09-04 19:15,2
2026-09-04 19:20,2
2026-09-04 19:25,1
2026-09-04 19:30,1
2026-09-04 19:35,1
2026-09-04 19:40,1
2026-09-04 19:45,1
2026-09-04 19:50,1
2026-09-04 20:00,1
2026-09-04 20:05,1
2026-09-04 20:10,1
2026-09-04 20:15,1
2026-09-04 20:20,1
2026-09-04 20:25,1
2026-09-04 20:30,2
2026-09-04 20:35,2
2026-09-04 20:40,3
2026-09-04 20:45,2
2026-09-04 20:50,3
2026-09-04 20:55,3
2026-09-04 21:00,3
2026-09-04 21:05,3
2026-09-04 21:10,3
2026-09-04 21:15,2
2026-09-04 21:20,2
2026-09-04 21:25,1
2026-09-04 21:30,1
2026-09-04 21:40,1
2026-09-04 21:45,1
2026-09-04 21:50,1
2026-09-04 21:55,1
2026-09-04 22:00,1
2026-09-04 22:05,2
2026-09-04 22:10,2
2026-09-04 22:15,2
2026-09-04 22:20,2
2026-09-04 22:25,2
2026-09-04 22:30,2
2026-09-04 22:35,2
2026-09-04 22:40,2
2026-09-04 22:45,2
2026-09-04 22:50,1
2026-09-04 22:55,1
2026-09-04 23:00,1
2026-09-05 07:30,1
2026-09-05 07:35,1
2026-09-05 07:40,2
2026-09-05 07:45,2
2026-09-05 07:50,3
2026-09-05 07:55,3
2026-09-05 08:00,3
2026-09-05 08:05,2
2026-09-05 08:10,2
2026-09-05 08:15,2
2026-09-05 08:20,3
2026-09-05 08:25,3
2026-09-05 08:30,3
2026-09-05 08:35,2
2026-09-05 08:40,2
2026-09-05 08:45,2
2026-09-05 08:50,2
2026-09-05 08:55,1
2026-09-05 09:25,1
2026-09-05 09:30,1
2026-09-05 09:35,1
2026-09-05 09:40,1
2026-09-05 10:05,1
2026-09-05 10:10,1
2026-09-05 10:15,1
2026-09-05 10:20,1
2026-09-05 10:25,1
2026-09-05 10:30,2
2026-09-05 10:35,2
2026-09-05 10:40,2
2026-09-05 10:45,1
2026-09-05 10:50,1
2026-09-05 10:55,1
2026-09-05 11:00,1
2026-09-05 11:35,1
2026-09-05 11:40,1
2026-09-05 11:45,1
2026-09-05 11:50,1
2026-09-05 11:55,1
2026-09-05 12:00,1
2026-09-05 12:05,1
2026-09-05 12:10,1
2026-09-05 12:15,1
2026-09-05 12:20,1
2026-09-05 12:25,1
2026-09-05 12:30,1
2026-09-05 12:35,1
2026-09-05 12:40,1
2026-09-05 12:45,1
2026-09-05 12:50,1
2026-09-05 12:55,1
2026-09-05 13:00,1
2026-09-05 13:20,1
2026-09-05 13:25,2
2026-09-05 13:30,2
2026-09-05 13:35,2
2026-09-05 13:40,2
2026-09-05 13:45,1
2026-09-05 13:50,1
2026-09-05 14:10,1
2026-09-05 14:15,1
2026-09-05 14:20,1
2026-09-05 14:25,2
2026-09-05 14:30,2
2026-09-05 14:35,2
2026-09-05 14:40,2
2026-09-05 14:45,2
2026-09-05 14:50,2
2026-09-05 14:55,2
2026-09-05 15:00,1
2026-09-05 15:05,1
2026-09-05 15:45,1
2026-09-05 15:50,1
2026-09-05 15:55,2
2026-09-05 16:00,2
2026-09-05 16:05,3
2026-09-05 16:10,3
2026-09-05 16:15,3
2026-09-05 16:20,3
2026-09-05 16:25,3
2026-09-05 16:30,2
2026-09-05 16:35,2
2026-09-05 16:40,1
2026-09-05 16:45,1
2026-09-05 17:55,1
2026-09-05 18:00,1
2026-09-05 18:05,1
2026-09-05 18:10,1
2026-09-05 18:15,1
2026-09-05 18:20,1
2026-09-05 18:25,1
2026-09-05 18:30,2
2026-09-05 18:35,2
2026-09-05 18:40,2
2026-09-05 18:45,2
2026-09-05 18:50,2
2026-09-05 18:55,2
2026-09-05 19:00,2
2026-09-05 19:05,1
2026-09-05 19:10,2
2026-09-05 19:15,2
2026-09-05 19:20,2
2026-09-05 19:25,1
2026-09-05 19:30,1
2026-09-05 19:35,1
2026-09-05 19:40,1
2026-09-05 19:45,1
2026-09-05 19:50,1
2026-09-05 20:00,1
2026-09-05 20:05,1
2026-09-05 20:10,1
2026-09-05 20:15,1
2026-09-05 20:20,1
2026-09-05 20:25,1
2026-09-05 20:30,2
2026-09-05 20:35,2
2026-09-05 20:40,3
2026-09-05 20:45,2
2026-09-05 20:50,3
2026-09-05 20:55,3
2026-09-05 21:00,3
2026-09-05 21:05,3
2026-09-05 21:10,3
2026-09-05 21:15,2
2026-09-05 21:20,2
2026-09-05 21:25,1
2026-09-05 21:30,1
2026-09-05 21:40,1
2026-09-05 21:45,1
2026-09-05 21:50,1
2026-09-05 21:55,1
2026-09-05 22:00,1
2026-09-05 22:05,2
2026-09-05 22:10,2
2026-09-05 22:15,2
2026-09-05 22:20,2
2026-09-05 22:25,2
2026-09-05 22:30,2
2026-09-05 22:35,2
2026-09-05 22:40,2
2026-09-05 22:45,2
2026-09-05 22:50,1
2026-09-05 22:55,1
2026-09-05 23:00,1
2026-09-06 07:40,1
2026-09-06 07:45,1
2026-09-06 07:50,2
2026-09-06 07:55,2
2026-09-06 08:00,2
2026-09-06 08:05,2
2026-09-06 08:10,2
2026-09-06 08:15,2
2026-09-06 08:20,4
2026-09-06 08:25,4
2026-09-06 08:30,4
2026-09-06 08:35,3
2026-09-06 08:40,3
2026-09-06 08:45,3
2026-09-06 08:50,3
2026-09-06 08:55,2
2026-09-06 09:00,1
2026-09-06 09:05,1
2026-09-06 09:10,1
2026-09-06 09:15,1
2026-09-06 09:20,1
2026-09-06 09:25,2
2026-09-06 09:30,2
2026-09-06 09:35,2
2026-09-06 09:40,2
2026-09-06 09:45,1
2026-09-06 09:50,1
2026-09-06 10:05,1
2026-09-06 10:10,1
2026-09-06 10:15,1
2026-09-06 10:20,1
2026-09-06 10:25,1
2026-09-06 10:30,2
2026-09-06 10:35,2
2026-09-06 10:40,2
2026-09-06 10:45,1
2026-09-06 10:50,1
2026-09-06 10:55,1
2026-09-06 11:00,1
2026-09-06 11:35,1
2026-09-06 11:40,1
2026-09-06 11:45,1
2026-09-06 11:50,1
2026-09-06 11:55,1
2026-09-06 12:00,1
2026-09-06 12:05,1
2026-09-06 12:10,1
2026-09-06 12:15,1
2026-09-06 12:20,1
2026-09-06 12:25,1
2026-09-06 12:30,1
2026-09-06 12:35,1
2026-09-06 12:40,1
2026-09-06 12:45,1
2026-09-06 12:50,1
2026-09-06 12:55,1
2026-09-06 13:00,1
2026-09-06 13:25,1
2026-09-06 13:30,1
2026-09-06 13:35,1
2026-09-06 13:40,1
2026-09-06 13:45,1
2026-09-06 13:50,1
2026-09-06 14:10,1
2026-09-06 14:15,1
2026-09-06 14:20,1
2026-09-06 14:25,2
2026-09-06 14:30,2
2026-09-06 14:35,2
2026-09-06 14:40,2
2026-09-06 14:45,2
2026-09-06 14:50,2
2026-09-06 14:55,2
2026-09-06 15:00,1
2026-09-06 15:05,1
2026-09-06 15:45,1
2026-09-06 15:50,1
2026-09-06 15:55,2
2026-09-06 16:00,2
2026-09-06 16:05,3
2026-09-06 16:10,3
2026-09-06 16:15,3
2026-09-06 16:20,3
2026-09-06 16:25,3
2026-09-06 16:30,2
2026-09-06 16:35,2
2026-09-06 16:40,1
2026-09-06 16:45,1
2026-09-06 17:55,1
2026-09-06 18:00,1
2026-09-06 18:05,1
2026-09-06 18:10,1
2026-09-06 18:15,1
2026-09-06 18:20,2
2026-09-06 18:25,2
2026-09-06 18:30,3
2026-09-06 18:35,3
2026-09-06 18:40,3
2026-09-06 18:45,3
2026-09-06 18:50,3
2026-09-06 18:55,2
2026-09-06 19:00,2
2026-09-06 19:05,1
2026-09-06 19:10,2
2026-09-06 19:15,2
2026-09-06 19:20,2
2026-09-06 19:25,1
2026-09-06 19:30,1
2026-09-06 19:35,1
2026-09-06 19:40,1
2026-09-06 19:45,1
2026-09-06 19:50,1
2026-09-06 20:00,1
2026-09-06 20:05,1
2026-09-06 20:10,1
2026-09-06 20:15,1
2026-09-06 20:20,1
2026-09-06 20:25,1
2026-09-06 20:30,2
2026-09-06 20:35,2
2026-09-06 20:40,3
2026-09-06 20:45,2
2026-09-06 20:50,3
2026-09-06 20:55,3
2026-09-06 21:00,3
2026-09-06 21:05,3
2026-09-06 21:10,3
2026-09-06 21:15,2
2026-09-06 21:20,2
2026-09-06 21:25,1
2026-09-06 21:30,1
2026-09-06 21:40,1
2026-09-06 21:45,1
2026-09-06 21:50,1
2026-09-06 21:55,1
2026-09-06 22:00,1
2026-09-06 22:05,2
2026-09-06 22:10,2
2026-09-06 22:15,1
2026-09-06 22:20,1
2026-09-06 22:25,1
2026-09-06 22:30,1
2026-09-06 22:35,1
2026-09-06 22:40,1
2026-09-06 22:45,1
2026-09-07 07:30,1
2026-09-07 07:35,1
2026-09-07 07:40,2
2026-09-07 07:45,2
2026-09-07 07:50,3
2026-09-07 07:55,3
2026-09-07 08:00,3
2026-09-07 08:05,2
2026-09-07 08:10,2
2026-09-07 08:15,2
2026-09-07 08:20,4
2026-09-07 08:25,4
2026-09-07 08:30,4
2026-09-07 08:35,3
2026-09-07 08:40,3
2026-09-07 08:45,3
2026-09-07 08:50,3
2026-09-07 08:55,2
2026-09-07 09:00,1
2026-09-07 09:05,1
2026-09-07 09:10,1
2026-09-07 09:15,1
2026-09-07 09:20,1
2026-09-07 09:25,2
2026-09-07 09:30,2
2026-09-07 09:35,2
2026-09-07 09:40,2
2026-09-07 09:45,1
2026-09-07 09:50,1
2026-09-07 10:05,1
2026-09-07 10:10,1
2026-09-07 10:15,1
2026-09-07 10:20,1
2026-09-07 10:25,1
2026-09-07 10:30,2
2026-09-07 10:35,2
2026-09-07 10:40,2
2026-09-07 10:45,1
2026-09-07 10:50,1
2026-09-07 10:55,1
2026-09-07 11:00,1
2026-09-07 11:35,1
2026-09-07 11:40,1
2026-09-07 11:45,1
2026-09-07 11:50,1
2026-09-07 11:55,1
2026-09-07 12:00,1
2026-09-07 12:05,1
2026-09-07 12:10,1
2026-09-07 12:15,1
2026-09-07 12:20,1
2026-09-07 12:25,1
2026-09-07 12:30,1
2026-09-07 12:35,1
2026-09-07 12:40,1
2026-09-07 12:45,1
2026-09-07 12:50,1
2026-09-07 12:55,1
2026-09-07 13:00,1
2026-09-07 13:25,1
2026-09-07 13:30,1
2026-09-07 13:35,1
2026-09-07 13:40,1
2026-09-07 13:45,1
2026-09-07 13:50,1
2026-09-07 14:10,1
2026-09-07 14:15,1
2026-09-07 14:20,1
2026-09-07 14:25,2
2026-09-07 14:30,2
2026-09-07 14:35,2
2026-09-07 14:40,2
2026-09-07 14:45,2
2026-09-07 14:50,2
2026-09-07 14:55,2
2026-09-07 15:00,1
2026-09-07 15:05,1
2026-09-07 15:45,1
2026-09-07 15:50,1
2026-09-07 15:55,2
2026-09-07 16:00,2
2026-09-07 16:05,3
2026-09-07 16:10,3
2026-09-07 16:15,3
2026-09-07 16:20,3
2026-09-07 16:25,3
2026-09-07 16:30,2
2026-09-07 16:35,2
2026-09-07 16:40,1
2026-09-07 16:45,1
2026-09-07 17:55,1
2026-09-07 18:00,1
2026-09-07 18:05,1
2026-09-07 18:10,1
2026-09-07 18:15,1
2026-09-07 18:20,2
2026-09-07 18:25,2
2026-09-07 18:30,3
2026-09-07 18:35,3
2026-09-07 18:40,3
2026-09-07 18:45,3
2026-09-07 18:50,3
2026-09-07 18:55,2
2026-09-07 19:00,2
2026-09-07 19:05,1
2026-09-07 19:10,2
2026-09-07 19:15,2
2026-09-07 19:20,2
2026-09-07 19:25,1
2026-09-07 19:30,1
2026-09-07 19:35,1
2026-09-07 19:40,1
2026-09-07 19:45,1
2026-09-07 19:50,1
2026-09-07 20:00,1
2026-09-07 20:05,1
2026-09-07 20:10,1
2026-09-07 20:15,1
2026-09-07 20:20,1
2026-09-07 20:25,1
2026-09-07 20:30,2
2026-09-07 20:35,2
2026-09-07 20:40,3
2026-09-07 20:45,2
2026-09-07 20:50,3
2026-09-07 20:55,3
2026-09-07 21:00,3
2026-09-07 21:05,3
2026-09-07 21:10,3
2026-09-07 21:15,2
2026-09-07 21:20,2
2026-09-07 21:25,1
2026-09-07 21:30,1
2026-09-07 21:40,1
2026-09-07 21:45,1
2026-09-07 21:50,1
2026-09-07 21:55,1
2026-09-07 22:00,1
2026-09-07 22:05,2
2026-09-07 22:10,2
2026-09-07 22:15,2
2026-09-07 22:20,2
2026-09-07 22:25,2
2026-09-07 22:30,2
2026-09-07 22:35,2
2026-09-07 22:40,2
2026-09-07 22:45,2
2026-09-07 22:50,1
2026-09-07 22:55,1
2026-09-07 23:00,1
2026-09-08 07:30,1
2026-09-08 07:35,1
2026-09-08 07:40,2
2026-09-08 07:45,2
2026-09-08 07:50,3
2026-09-08 07:55,3
2026-09-08 08:00,3
2026-09-08 08:05,2
2026-09-08 08:10,2
2026-09-08 08:15,2
2026-09-08 08:20,3
2026-09-08 08:25,3
2026-09-08 08:30,3
2026-09-08 08:35,2
2026-09-08 08:40,2
2026-09-08 08:45,2
2026-09-08 08:50,2
2026-09-08 08:55,1
2026-09-08 09:25,1
2026-09-08 09:30,1
2026-09-08 09:35,1
2026-09-08 09:40,1
2026-09-08 10:05,1
2026-09-08 10:10,1
2026-09-08 10:15,1
2026-09-08 10:20,1
2026-09-08 10:25,1
2026-09-08 10:30,2
2026-09-08 10:35,2
2026-09-08 10:40,2
2026-09-08 10:45,1
2026-09-08 10:50,1
2026-09-08 10:55,1
2026-09-08 11:00,1
2026-09-08 11:35,1
2026-09-08 11:40,1
2026-09-08 11:45,1
2026-09-08 11:50,1
2026-09-08 11:55,1
2026-09-08 12:00,1
2026-09-08 12:05,1
2026-09-08 12:10,1
2026-09-08 12:15,1
2026-09-08 12:20,1
2026-09-08 12:25,1
2026-09-08 12:30,1
2026-09-08 12:35,1
2026-09-08 12:40,1
2026-09-08 12:45,1
2026-09-08 12:50,1
2026-09-08 12:55,1
2026-09-08 13:00,1
2026-09-08 13:20,1
2026-09-08 13:25,2
2026-09-08 13:30,2
2026-09-08 13:35,2
2026-09-08 13:40,2
2026-09-08 13:45,1
2026-09-08 13:50,1
2026-09-08 14:10,1
2026-09-08 14:15,1
2026-09-08 14:20,1
2026-09-08 14:25,2
2026-09-08 14:30,2
2026-09-08 14:35,2
2026-09-08 14:40,2
2026-09-08 14:45,2
2026-09-08 14:50,2
2026-09-08 14:55,2
2026-09-08 15:00,1
2026-09-08 15:05,1
2026-09-08 15:45,1
2026-09-08 15:50,1
2026-09-08 15:55,2
2026-09-08 16:00,2
2026-09-08 16:05,3
2026-09-08 16:10,3
2026-09-08 16:15,3
2026-09-08 16:20,3
2026-09-08 16:25,3
2026-09-08 16:30,2
2026-09-08 16:35,2
2026-09-08 16:40,1
2026-09-08 16:45,1
2026-09-08 17:55,1
2026-09-08 18:00,1
2026-09-08 18:05,1
2026-09-08 18:10,1
2026-09-08 18:15,1
2026-09-08 18:20,1
2026-09-08 18:25,1
2026-09-08 18:30,2
2026-09-08 18:35,2
2026-09-08 18:40,2
2026-09-08 18:45,2
2026-09-08 18:50,2
2026-09-08 18:55,2
2026-09-08 19:00,2
2026-09-08 19:05,1
2026-09-08 19:10,2
2026-09-08 19:15,2
2026-09-08 19:20,2
2026-09-08 19:25,1
2026-09-08 19:30,1
2026-09-08 19:35,1
2026-09-08 19:40,1
2026-09-08 19:45,1
2026-09-08 19:50,1
2026-09-08 20:00,1
2026-09-08 20:05,1
2026-09-08 20:10,1
2026-09-08 20:15,1
2026-09-08 20:20,1
2026-09-08 20:25,1
2026-09-08 20:30,2
2026-09-08 20:35,2
2026-09-08 20:40,3
2026-09-08 20:45,2
2026-09-08 20:50,3
2026-09-08 20:55,3
2026-09-08 21:00,3
2026-09-08 21:05,3
2026-09-08 21:10,3
2026-09-08 21:15,2
2026-09-08 21:20,2
2026-09-08 21:25,1
2026-09-08 21:30,1
2026-09-08 21:40,1
2026-09-08 21:45,1
2026-09-08 21:50,1
2026-09-08 21:55,1
2026-09-08 22:00,1
2026-09-08 22:05,2
2026-09-08 22:10,2
2026-09-08 22:15,1
2026-09-08 22:20,1
2026-09-08 22:25,1
2026-09-08 22:30,1
2026-09-08 22:35,1
2026-09-08 22:40,1
2026-09-08 22:45,1
2026-09-09 07:40,1
2026-09-09 07:45,1
2026-09-09 07:50,2
2026-09-09 07:55,2
2026-09-09 08:00,2
2026-09-09 08:05,2
2026-09-09 08:10,2
2026-09-09 08:15,2
2026-09-09 08:20,4
2026-09-09 08:25,4
2026-09-09 08:30,4
2026-09-09 08:35,3
2026-09-09 08:40,3
2026-09-09 08:45,3
2026-09-09 08:50,3
2026-09-09 08:55,2
2026-09-09 09:00,1
2026-09-09 09:05,1
2026-09-09 09:10,1
2026-09-09 09:15,1
2026-09-09 09:20,1
2026-09-09 09:25,2
2026-09-09 09:30,2
2026-09-09 09:35,2
2026-09-09 09:40,2
2026-09-09 09:45,1
2026-09-09 09:50,1
2026-09-09 10:05,1
2026-09-09 10:10,1
2026-09-09 10:15,1
2026-09-09 10:20,1
2026-09-09 10:25,1
2026-09-09 10:30,2
2026-09-09 10:35,2
2026-09-09 10:40,2
2026-09-09 10:45,1
2026-09-09 10:50,1
2026-09-09 10:55,1
2026-09-09 11:00,1
2026-09-09 11:35,1
2026-09-09 11:40,1
2026-09-09 11:45,1
2026-09-09 11:50,1
2026-09-09 11:55,1
2026-09-09 12:00,1
2026-09-09 12:05,1
2026-09-09 12:10,1
2026-09-09 12:15,1
2026-09-09 12:20,1
2026-09-09 12:25,1
2026-09-09 12:30,1
2026-09-09 12:35,1
2026-09-09 12:40,1
2026-09-09 12:45,1
2026-09-09 12:50,1
2026-09-09 12:55,1
2026-09-09 13:00,1
2026-09-09 13:25,1
2026-09-09 13:30,1
2026-09-09 13:35,1
2026-09-09 13:40,1
2026-09-09 13:45,1
2026-09-09 13:50,1
2026-09-09 14:10,1
2026-09-09 14:15,1
2026-09-09 14:20,1
2026-09-09 14:25,2
2026-09-09 14:30,2
2026-09-09 14:35,2
2026-09-09 14:40,2
2026-09-09 14:45,2
2026-09-09 14:50,2
2026-09-09 14:55,2
2026-09-09 15:00,1
2026-09-09 15:05,1
2026-09-09 15:45,1
2026-09-09 15:50,1
2026-09-09 15:55,2
2026-09-09 16:00,2
2026-09-09 16:05,3
2026-09-09 16:10,3
2026-09-09 16:15,3
2026-09-09 16:20,3
2026-09-09 16:25,3
2026-09-09 16:30,2
2026-09-09 16:35,2
2026-09-09 16:40,1
2026-09-09 16:45,1
2026-09-09 17:55,1
2026-09-09 18:00,1
2026-09-09 18:05,1
2026-09-09 18:10,1
2026-09-09 18:15,1
2026-09-09 18:20,2
2026-09-09 18:25,2
2026-09-09 18:30,3
2026-09-09 18:35,3
2026-09-09 18:40,3
2026-09-09 18:45,3
2026-09-09 18:50,3
2026-09-09 18:55,2
2026-09-09 19:00,2
2026-09-09 19:05,1
2026-09-09 19:10,2
2026-09-09 19:15,2
2026-09-09 19:20,2
2026-09-09 19:25,1
2026-09-09 19:30,1
2026-09-09 19:35,1
2026-09-09 19:40,1
2026-09-09 19:45,1
2026-09-09 19:50,1
2026-09-09 20:00,1
2026-09-09 20:05,1
2026-09-09 20:10,1
2026-09-09 20:15,1
2026-09-09 20:20,1
2026-09-09 20:25,1
2026-09-09 20:30,2
2026-09-09 20:35,2
2026-09-09 20:40,3
2026-09-09 20:45,2
2026-09-09 20:50,3
2026-09-09 20:55,3
2026-09-09 21:00,3
2026-09-09 21:05,3
2026-09-09 21:10,3
2026-09-09 21:15,2
2026-09-09 21:20,2
2026-09-09 21:25,1
2026-09-09 21:30,1
2026-09-09 21:40,1
2026-09-09 21:45,1
2026-09-09 21:50,1
2026-09-09 21:55,1
2026-09-09 22:00,1
2026-09-09 22:05,2
2026-09-09 22:10,2
2026-09-09 22:15,2
2026-09-09 22:20,2
2026-09-09 22:25,2
2026-09-09 22:30,2
2026-09-09 22:35,2
2026-09-09 22:40,2
2026-09-09 22:45,2
2026-09-09 22:50,1
2026-09-09 22:55,1
2026-09-09 23:00,1
2026-09-10 07:30,1
2026-09-10 07:35,1
2026-09-10 07:40,2
2026-09-10 07:45,2
2026-09-10 07:50,3
2026-09-10 07:55,3
2026-09-10 08:00,3
2026-09-10 08:05,2
2026-09-10 08:10,2
2026-09-10 08:15,2
2026-09-10 08:20,3
2026-09-10 08:25,3
2026-09-10 08:30,3
2026-09-10 08:35,2
2026-09-10 08:40,2
2026-09-10 08:45,2
2026-09-10 08:50,2
2026-09-10 08:55,1
2026-09-10 09:25,1
2026-09-10 09:30,1
2026-09-10 09:35,1
2026-09-10 09:40,1
2026-09-10 10:05,1
2026-09-10 10:10,1
2026-09-10 10:15,1
2026-09-10 10:20,1
2026-09-10 10:25,1
2026-09-10 10:30,2
2026-09-10 10:35,2
2026-09-10 10:40,2
2026-09-10 10:45,1
2026-09-10 10:50,1
2026-09-10 10:55,1
2026-09-10 11:00,1
2026-09-10 11:35,1
2026-09-10 11:40,1
2026-09-10 11:45,1
2026-09-10 11:50,1
2026-09-10 11:55,1
2026-09-10 12:00,1
2026-09-10 12:05,1
2026-09-10 12:10,1
2026-09-10 12:15,1
2026-09-10 12:20,1
2026-09-10 12:25,1
2026-09-10 12:30,1
2026-09-10 12:35,1
2026-09-10 12:40,1
2026-09-10 12:45,1
2026-09-10 12:50,1
2026-09-10 12:55,1
2026-09-10 13:00,1
2026-09-10 13:20,1
2026-09-10 13:25,2
2026-09-10 13:30,2
2026-09-10 13:35,2
2026-09-10 13:40,2
2026-09-10 13:45,1
2026-09-10 13:50,1
2026-09-10 14:10,1
2026-09-10 14:15,1
2026-09-10 14:20,1
2026-09-10 14:25,2
2026-09-10 14:30,2
2026-09-10 14:35,2
2026-09-10 14:40,2
2026-09-10 14:45,2
2026-09-10 14:50,2
2026-09-10 14:55,2
2026-09-10 15:00,1
2026-09-10 15:05,1
2026-09-10 15:45,1
2026-09-10 15:50,1
2026-09-10 15:55,2
2026-09-10 16:00,2
2026-09-10 16:05,3
2026-09-10 16:10,3
2026-09-10 16:15,3
2026-09-10 16:20,3
2026-09-10 16:25,3
2026-09-10 16:30,2
2026-09-10 16:35,2
2026-09-10 16:40,1
2026-09-10 16:45,1
2026-09-10 17:55,1
2026-09-10 18:00,1
2026-09-10 18:05,1
2026-09-10 18:10,1
2026-09-10 18:15,1
2026-09-10 18:20,1
2026-09-10 18:25,1
2026-09-10 18:30,2
2026-09-10 18:35,2
2026-09-10 18:40,2
2026-09-10 18:45,2
2026-09-10 18:50,2
2026-09-10 18:55,2
2026-09-10 19:00,2
2026-09-10 19:05,1
2026-09-10 19:10,2
2026-09-10 19:15,2
2026-09-10 19:20,2
2026-09-10 19:25,1
2026-09-10 19:30,1
2026-09-10 19:35,1
2026-09-10 19:40,1
2026-09-10 19:45,1
2026-09-10 19:50,1
2026-09-10 20:00,1
2026-09-10 20:05,1
2026-09-10 20:10,1
2026-09-10 20:15,1
2026-09-10 20:20,1
2026-09-10 20:25,1
2026-09-10 20:30,2
2026-09-10 20:35,2
2026-09-10 20:40,3
2026-09-10 20:45,2
2026-09-10 20:50,3
2026-09-10 20:55,3
2026-09-10 21:00,3
2026-09-10 21:05,3
2026-09-10 21:10,3
2026-09-10 21:15,2
2026-09-10 21:20,2
2026-09-10 21:25,1
2026-09-10 21:30,1
2026-09-10 21:40,1
2026-09-10 21:45,1
2026-09-10 21:50,1
2026-09-10 21:55,1
2026-09-10 22:00,1
2026-09-10 22:05,2
2026-09-10 22:10,2
2026-09-10 22:15,1
2026-09-10 22:20,1
2026-09-10 22:25,1
2026-09-10 22:30,1
2026-09-10 22:35,1
2026-09-10 22:40,1
2026-09-10 22:45,1
2026-09-11 07:40,1
2026-09-11 07:45,1
2026-09-11 07:50,2
2026-09-11 07:55,2
2026-09-11 08:00,2
2026-09-11 08:05,2
2026-09-11 08:10,2
2026-09-11 08:15,2
2026-09-11 08:20,4
2026-09-11 08:25,4
2026-09-11 08:30,4
2026-09-11 08:35,3
2026-09-11 08:40,3
2026-09-11 08:45,3
2026-09-11 08:50,3
2026-09-11 08:55,2
2026-09-11 09:00,1
2026-09-11 09:05,1
2026-09-11 09:10,1
2026-09-11 09:15,1
2026-09-11 09:20,1
2026-09-11 09:25,2
2026-09-11 09:30,2
2026-09-11 09:35,2
2026-09-11 09:40,2
2026-09-11 09:45,1
2026-09-11 09:50,1
2026-09-11 10:05,1
2026-09-11 10:10,1
2026-09-11 10:15,1
2026-09-11 10:20,1
2026-09-11 10:25,1
2026-09-11 10:30,2
2026-09-11 10:35,2
2026-09-11 10:40,2
2026-09-11 10:45,1
2026-09-11 10:50,1
2026-09-11 10:55,1
2026-09-11 11:00,1
2026-09-11 11:35,1
2026-09-11 11:40,1
2026-09-11 11:45,1
2026-09-11 11:50,1
2026-09-11 11:55,1
2026-09-11 12:00,1
2026-09-11 12:05,1
2026-09-11 12:10,1
2026-09-11 12:15,1
2026-09-11 12:20,1
2026-09-11 12:25,1
2026-09-11 12:30,1
2026-09-11 12:35,1
2026-09-11 12:40,1
2026-09-11 12:45,1
2026-09-11 12:50,1
2026-09-11 12:55,1
2026-09-11 13:00,1
2026-09-11 13:25,1
2026-09-11 13:30,1
2026-09-11 13:35,1
2026-09-11 13:40,1
2026-09-11 13:45,1
2026-09-11 13:50,1
2026-09-11 14:10,1
2026-09-11 14:15,1
2026-09-11 14:20,1
2026-09-11 14:25,2
2026-09-11 14:30,2
2026-09-11 14:35,2
2026-09-11 14:40,2
2026-09-11 14:45,2
2026-09-11 14:50,2
2026-09-11 14:55,2
2026-09-11 15:00,1
2026-09-11 15:05,1
2026-09-11 15:45,1
2026-09-11 15:50,1
2026-09-11 15:55,2
2026-09-11 16:00,2
2026-09-11 16:05,3
2026-09-11 16:10,3
2026-09-11 16:15,3
2026-09-11 16:20,3
2026-09-11 16:25,3
2026-09-11 16:30,2
2026-09-11 16:35,2
2026-09-11 16:40,1
2026-09-11 16:45,1
2026-09-11 17:55,1
2026-09-11 18:00,1
2026-09-11 18:05,1
2026-09-11 18:10,1
2026-09-11 18:15,1
2026-09-11 18:20,2
2026-09-11 18:25,2
2026-09-11 18:30,3
2026-09-11 18:35,3
2026-09-11 18:40,3
2026-09-11 18:45,3
2026-09-11 18:50,3
2026-09-11 18:55,2
2026-09-11 19:00,2
2026-09-11 19:05,1
2026-09-11 19:10,2
2026-09-11 19:15,2
2026-09-11 19:20,2
2026-09-11 19:25,1
2026-09-11 19:30,1
2026-09-11 19:35,1
2026-09-11 19:40,1
2026-09-11 19:45,1
2026-09-11 19:50,1
2026-09-11 20:00,1
2026-09-11 20:05,1
2026-09-11 20:10,1
2026-09-11 20:15,1
2026-09-11 20:20,1
2026-09-11 20:25,1
2026-09-11 20:30,2
2026-09-11 20:35,2
2026-09-11 20:40,3
2026-09-11 20:45,2
2026-09-11 20:50,3
2026-09-11 20:55,3
2026-09-11 21:00,3
2026-09-11 21:05,3
2026-09-11 21:10,3
2026-09-11 21:15,2
2026-09-11 21:20,2
2026-09-11 21:25,1
2026-09-11 21:30,1
2026-09-11 21:40,1
2026-09-11 21:45,1
2026-09-11 21:50,1
2026-09-11 21:55,1
2026-09-11 22:00,1
2026-09-11 22:05,2
2026-09-11 22:10,2
2026-09-11 22:15,2
2026-09-11 22:20,2
2026-09-11 22:25,2
2026-09-11 22:30,2
2026-09-11 22:35,2
2026-09-11 22:40,2
2026-09-11 22:45,2
2026-09-11 22:50,1
2026-09-11 22:55,1
2026-09-11 23:00,1
2026-09-12 07:30,1
2026-09-12 07:35,1
2026-09-12 07:40,2
2026-09-12 07:45,2
2026-09-12 07:50,3
2026-09-12 07:55,3
2026-09-12 08:00,3
2026-09-12 08:05,2
2026-09-12 08:10,2
2026-09-12 08:15,2
2026-09-12 08:20,3
2026-09-12 08:25,3
2026-09-12 08:30,3
2026-09-12 08:35,2
2026-09-12 08:40,2
2026-09-12 08:45,2
2026-09-12 08:50,2
2026-09-12 08:55,1
2026-09-12 09:25,1
2026-09-12 09:30,1
2026-09-12 09:35,1
2026-09-12 09:40,1
2026-09-12 10:05,1
2026-09-12 10:10,1
2026-09-12 10:15,1
2026-09-12 10:20,1
2026-09-12 10:25,1
2026-09-12 10:30,2
2026-09-12 10:35,2
2026-09-12 10:40,2
2026-09-12 10:45,1
2026-09-12 10:50,1
2026-09-12 10:55,1
2026-09-12 11:00,1
2026-09-12 11:35,1
2026-09-12 11:40,1
2026-09-12 11:45,1
2026-09-12 11:50,1
2026-09-12 11:55,1
2026-09-12 12:00,1
2026-09-12 12:05,1
2026-09-12 12:10,1
2026-09-12 12:15,1
2026-09-12 12:20,1
2026-09-12 12:25,1
2026-09-12 12:30,1
2026-09-12 12:35,1
2026-09-12 12:40,1
2026-09-12 12:45,1
2026-09-12 12:50,1
2026-09-12 12:55,1
2026-09-12 13:00,1
2026-09-12 13:20,1
2026-09-12 13:25,2
2026-09-12 13:30,2
2026-09-12 13:35,2
2026-09-12 13:40,2
2026-09-12 13:45,1
2026-09-12 13:50,1
2026-09-12 14:10,1
2026-09-12 14:15,1
2026-09-12 14:20,1
2026-09-12 14:25,2
2026-09-12 14:30,2
2026-09-12 14:35,2
2026-09-12 14:40,2
2026-09-12 14:45,2
2026-09-12 14:50,2
2026-09-12 14:55,2
2026-09-12 15:00,1
2026-09-12 15:05,1
2026-09-12 15:45,1
2026-09-12 15:50,1
2026-09-12 15:55,2
2026-09-12 16:00,2
2026-09-12 16:05,3
2026-09-12 16:10,3
2026-09-12 16:15,3
2026-09-12 16:20,3
2026-09-12 16:25,3
2026-09-12 16:30,2
2026-09-12 16:35,2
2026-09-12 16:40,1
2026-09-12 16:45,1
2026-09-12 17:55,1
2026-09-12 18:00,1
2026-09-12 18:05,1
2026-09-12 18:10,1
2026-09-12 18:15,1
2026-09-12 18:20,1
2026-09-12 18:25,1
2026-09-12 18:30,2
2026-09-12 18:35,2
2026-09-12 18:40,2
2026-09-12 18:45,2
2026-09-12 18:50,2
2026-09-12 18:55,2
2026-09-12 19:00,2
2026-09-12 19:05,1
2026-09-12 19:10,2
2026-09-12 19:15,2
2026-09-12 19:20,2
2026-09-12 19:25,1
2026-09-12 19:30,1
2026-09-12 19:35,1
2026-09-12 19:40,1
2026-09-12 19:45,1
2026-09-12 19:50,1
2026-09-12 20:00,1
2026-09-12 20:05,1
2026-09-12 20:10,1
2026-09-12 20:15,1
2026-09-12 20:20,1
2026-09-12 20:25,1
2026-09-12 20:30,2
2026-09-12 20:35,2
2026-09-12 20:40,3
2026-09-12 20:45,2
2026-09-12 20:50,3
2026-09-12 20:55,3
2026-09-12 21:00,3
2026-09-12 21:05,3
2026-09-12 21:10,3
2026-09-12 21:15,2
2026-09-12 21:20,2
2026-09-12 21:25,1
2026-09-12 21:30,1
2026-09-12 21:40,1
2026-09-12 21:45,1
2026-09-12 21:50,1
2026-09-12 21:55,1
2026-09-12 22:00,1
2026-09-12 22:05,2
2026-09-12 22:10,2
2026-09-12 22:15,2
2026-09-12 22:20,2
2026-09-12 22:25,2
2026-09-12 22:30,2
2026-09-12 22:35,2
2026-09-12 22:40,2
2026-09-12 22:45,2
2026-09-12 22:50,1
2026-09-12 22:55,1
2026-09-12 23:00,1
2026-09-13 07:40,1
2026-09-13 07:45,1
2026-09-13 07:50,2
2026-09-13 07:55,2
2026-09-13 08:00,2
2026-09-13 08:05,2
2026-09-13 08:10,2
2026-09-13 08:15,2
2026-09-13 08:20,4
2026-09-13 08:25,4
2026-09-13 08:30,4
2026-09-13 08:35,3
2026-09-13 08:40,3
2026-09-13 08:45,3
2026-09-13 08:50,3
2026-09-13 08:55,2
2026-09-13 09:00,1
2026-09-13 09:05,1
2026-09-13 09:10,1
2026-09-13 09:15,1
2026-09-13 09:20,1
2026-09-13 09:25,2
2026-09-13 09:30,2
2026-09-13 09:35,2
2026-09-13 09:40,2
2026-09-13 09:45,1
2026-09-13 09:50,1
2026-09-13 10:05,1
2026-09-13 10:10,1
2026-09-13 10:15,1
2026-09-13 10:20,1
2026-09-13 10:25,1
2026-09-13 10:30,2
2026-09-13 10:35,2
2026-09-13 10:40,2
2026-09-13 10:45,1
2026-09-13 10:50,1
2026-09-13 10:55,1
2026-09-13 11:00,1
2026-09-13 11:35,1
2026-09-13 11:40,1
2026-09-13 11:45,1
2026-09-13 11:50,1
2026-09-13 11:55,1
2026-09-13 12:00,1
2026-09-13 12:05,1
2026-09-13 12:10,1
2026-09-13 12:15,1
2026-09-13 12:20,1
2026-09-13 12:25,1
2026-09-13 12:30,1
2026-09-13 12:35,1
2026-09-13 12:40,1
2026-09-13 12:45,1
2026-09-13 12:50,1
2026-09-13 12:55,1
2026-09-13 13:00,1
2026-09-13 13:25,1
2026-09-13 13:30,1
2026-09-13 13:35,1
2026-09-13 13:40,1
2026-09-13 13:45,1
2026-09-13 13:50,1
2026-09-13 14:10,1
2026-09-13 14:15,1
2026-09-13 14:20,1
2026-09-13 14:25,2
2026-09-13 14:30,2
2026-09-13 14:35,2
2026-09-13 14:40,2
2026-09-13 14:45,2
2026-09-13 14:50,2
2026-09-13 14:55,2
2026-09-13 15:00,1
2026-09-13 15:05,1
2026-09-13 15:45,1
2026-09-13 15:50,1
2026-09-13 15:55,2
2026-09-13 16:00,2
2026-09-13 16:05,3
2026-09-13 16:10,3
2026-09-13 16:15,3
2026-09-13 16:20,3
2026-09-13 16:25,3
2026-09-13 16:30,2
2026-09-13 16:35,2
2026-09-13 16:40,1
2026-09-13 16:45,1
2026-09-13 17:55,1
2026-09-13 18:00,1
2026-09-13 18:05,1
2026-09-13 18:10,1
2026-09-13 18:15,1
2026-09-13 18:20,2
2026-09-13 18:25,2
2026-09-13 18:30,3
2026-09-13 18:35,3
2026-09-13 18:40,3
2026-09-13 18:45,3
2026-09-13 18:50,3
2026-09-13 18:55,2
2026-09-13 19:00,2
2026-09-13 19:05,1
2026-09-13 19:10,2
2026-09-13 19:15,2
2026-09-13 19:20,2
2026-09-13 19:25,1
2026-09-13 19:30,1
2026-09-13 19:35,1
2026-09-13 19:40,1
2026-09-13 19:45,1
2026-09-13 19:50,1
2026-09-13 20:00,1
2026-09-13 20:05,1
2026-09-13 20:10,1
2026-09-13 20:15,1
2026-09-13 20:20,1
2026-09-13 20:25,1
2026-09-13 20:30,2
2026-09-13 20:35,2
2026-09-13 20:40,3
2026-09-13 20:45,2
2026-09-13 20:50,3
2026-09-13 20:55,3
2026-09-13 21:00,3
2026-09-13 21:05,3
2026-09-13 21:10,3
2026-09-13 21:15,2
2026-09-13 21:20,2
2026-09-13 21:25,1
2026-09-13 21:30,1
2026-09-13 21:40,1
2026-09-13 21:45,1
2026-09-13 21:50,1
2026-09-13 21:55,1
2026-09-13 22:00,1
2026-09-13 22:05,2
2026-09-13 22:10,2
2026-09-13 22:15,1
2026-09-13 22:20,1
2026-09-13 22:25,1
2026-09-13 22:30,1
2026-09-13 22:35,1
2026-09-13 22:40,1
2026-09-13 22:45,1
2026-09-14 07:30,1
2026-09-14 07:35,1
2026-09-14 07:40,2
2026-09-14 07:45,2
2026-09-14 07:50,3
2026-09-14 07:55,3
2026-09-14 08:00,3
2026-09-14 08:05,2
2026-09-14 08:10,2
2026-09-14 08:15,2
2026-09-14 08:20,4
2026-09-14 08:25,4
2026-09-14 08:30,4
2026-09-14 08:35,3
2026-09-14 08:40,3
2026-09-14 08:45,3
2026-09-14 08:50,3
2026-09-14 08:55,2
2026-09-14 09:00,1
2026-09-14 09:05,1
2026-09-14 09:10,1
2026-09-14 09:15,1
2026-09-14 09:20,1
2026-09-14 09:25,2
2026-09-14 09:30,2
2026-09-14 09:35,2
2026-09-14 09:40,2
2026-09-14 09:45,1
2026-09-14 09:50,1
2026-09-14 10:05,1
2026-09-14 10:10,1
2026-09-14 10:15,1
2026-09-14 10:20,1
2026-09-14 10:25,1
2026-09-14 10:30,2
2026-09-14 10:35,2
2026-09-14 10:40,2
2026-09-14 10:45,1
2026-09-14 10:50,1
2026-09-14 10:55,1
2026-09-14 11:00,1
2026-09-14 11:35,1
2026-09-14 11:40,1
2026-09-14 11:45,1
2026-09-14 11:50,1
2026-09-14 11:55,1
2026-09-14 12:00,1
2026-09-14 12:05,1
2026-09-14 12:10,1
2026-09-14 12:15,1
2026-09-14 12:20,1
2026-09-14 12:25,1
2026-09-14 12:30,1
2026-09-14 12:35,1
2026-09-14 12:40,1
2026-09-14 12:45,1
2026-09-14 12:50,1
2026-09-14 12:55,1
2026-09-14 13:00,1
2026-09-14 13:25,1
2026-09-14 13:30,1
2026-09-14 13:35,1
2026-09-14 13:40,1
2026-09-14 13:45,1
2026-09-14 13:50,1
2026-09-14 14:10,1
2026-09-14 14:15,1
2026-09-14 14:20,1
2026-09-14 14:25,2
2026-09-14 14:30,2
2026-09-14 14:35,2
2026-09-14 14:40,2
2026-09-14 14:45,2
2026-09-14 14:50,2
2026-09-14 14:55,2
2026-09-14 15:00,1
2026-09-14 15:05,1
2026-09-14 15:45,1
2026-09-14 15:50,1
2026-09-14 15:55,2
2026-09-14 16:00,2
2026-09-14 16:05,3
2026-09-14 16:10,3
2026-09-14 16:15,3
2026-09-14 16:20,3
2026-09-14 16:25,3
2026-09-14 16:30,2
2026-09-14 16:35,2
2026-09-14 16:40,1
2026-09-14 16:45,1
2026-09-14 17:55,1
2026-09-14 18:00,1
2026-09-14 18:05,1
2026-09-14 18:10,1
2026-09-14 18:15,1
2026-09-14 18:20,2
2026-09-14 18:25,2
2026-09-14 18:30,3
2026-09-14 18:35,3
2026-09-14 18:40,3
2026-09-14 18:45,3
2026-09-14 18:50,3
2026-09-14 18:55,2
2026-09-14 19:00,2
2026-09-14 19:05,1
2026-09-14 19:10,2
2026-09-14 19:15,2
2026-09-14 19:20,2
2026-09-14 19:25,1
2026-09-14 19:30,1
2026-09-14 19:35,1
2026-09-14 19:40,1
2026-09-14 19:45,1
2026-09-14 19:50,1
2026-09-14 20:00,1
2026-09-14 20:05,1
2026-09-14 20:10,1
2026-09-14 20:15,1
2026-09-14 20:20,1
2026-09-14 20:25,1
2026-09-14 20:30,2
2026-09-14 20:35,2
2026-09-14 20:40,3
2026-09-14 20:45,2
2026-09-14 20:50,3
2026-09-14 20:55,3
2026-09-14 21:00,3
2026-09-14 21:05,3
2026-09-14 21:10,3
2026-09-14 21:15,2
2026-09-14 21:20,2
2026-09-14 21:25,1
2026-09-14 21:30,1
2026-09-14 21:40,1
2026-09-14 21:45,1
2026-09-14 21:50,1
2026-09-14 21:55,1
2026-09-14 22:00,1
2026-09-14 22:05,2
2026-09-14 22:10,2
2026-09-14 22:15,2
2026-09-14 22:20,2
2026-09-14 22:25,2
2026-09-14 22:30,2
2026-09-14 22:35,2
2026-09-14 22:40,2
2026-09-14 22:45,2
2026-09-14 22:50,1
2026-09-14 22:55,1
2026-09-14 23:00,1
2026-09-15 07:30,1
2026-09-15 07:35,1
2026-09-15 07:40,2
2026-09-15 07:45,2
2026-09-15 07:50,3
2026-09-15 07:55,3
2026-09-15 08:00,3
2026-09-15 08:05,2
2026-09-15 08:10,2
2026-09-15 08:15,2
2026-09-15 08:20,3
2026-09-15 08:25,3
2026-09-15 08:30,3
2026-09-15 08:35,2
2026-09-15 08:40,2
2026-09-15 08:45,2
2026-09-15 08:50,2
2026-09-15 08:55,1
2026-09-15 09:25,1
2026-09-15 09:30,1
2026-09-15 09:35,1
2026-09-15 09:40,1
2026-09-15 10:05,1
2026-09-15 10:10,1
2026-09-15 10:15,1
2026-09-15 10:20,1
2026-09-15 10:25,1
2026-09-15 10:30,2
2026-09-15 10:35,2
2026-09-15 10:40,2
2026-09-15 10:45,1
2026-09-15 10:50,1
2026-09-15 10:55,1
2026-09-15 11:00,1
2026-09-15 11:35,1
2026-09-15 11:40,1
2026-09-15 11:45,1
2026-09-15 11:50,1
2026-09-15 11:55,1
2026-09-15 12:00,1
2026-09-15 12:05,1
2026-09-15 12:10,1
2026-09-15 12:15,1
2026-09-15 12:20,1
2026-09-15 12:25,1
2026-09-15 12:30,1
2026-09-15 12:35,1
2026-09-15 12:40,1
2026-09-15 12:45,1
2026-09-15 12:50,1
2026-09-15 12:55,1
2026-09-15 13:00,1
2026-09-15 13:20,1
2026-09-15 13:25,2
2026-09-15 13:30,2
2026-09-15 13:35,2
2026-09-15 13:40,2
2026-09-15 13:45,1
2026-09-15 13:50,1
2026-09-15 14:10,1
2026-09-15 14:15,1
2026-09-15 14:20,1
2026-09-15 14:25,2
2026-09-15 14:30,2
2026-09-15 14:35,2
2026-09-15 14:40,2
2026-09-15 14:45,2
2026-09-15 14:50,2
2026-09-15 14:55,2
2026-09-15 15:00,1
2026-09-15 15:05,1
2026-09-15 15:45,1
2026-09-15 15:50,1
2026-09-15 15:55,2
2026-09-15 16:00,2
2026-09-15 16:05,3
2026-09-15 16:10,3
2026-09-15 16:15,3
2026-09-15 16:20,3
2026-09-15 16:25,3
2026-09-15 16:30,2
2026-09-15 16:35,2
2026-09-15 16:40,1
2026-09-15 16:45,1
2026-09-15 17:55,1
2026-09-15 18:00,1
2026-09-15 18:05,1
2026-09-15 18:10,1
2026-09-15 18:15,1
2026-09-15 18:20,1
2026-09-15 18:25,1
2026-09-15 18:30,2
2026-09-15 18:35,2
2026-09-15 18:40,2
2026-09-15 18:45,2
2026-09-15 18:50,2
2026-09-15 18:55,2
2026-09-15 19:00,2
2026-09-15 19:05,1
2026-09-15 19:10,2
2026-09-15 19:15,2
2026-09-15 19:20,2
2026-09-15 19:25,1
2026-09-15 19:30,1
2026-09-15 19:35,1
2026-09-15 19:40,1
2026-09-15 19:45,1
2026-09-15 19:50,1
2026-09-15 20:00,1
2026-09-15 20:05,1
2026-09-15 20:10,1
2026-09-15 20:15,1
2026-09-15 20:20,1
2026-09-15 20:25,1
2026-09-15 20:30,2
2026-09-15 20:35,2
2026-09-15 20:40,3
2026-09-15 20:45,2
2026-09-15 20:50,3
2026-09-15 20:55,3
2026-09-15 21:00,3
2026-09-15 21:05,3
2026-09-15 21:10,3
2026-09-15 21:15,2
2026-09-15 21:20,2
2026-09-15 21:25,1
2026-09-15 21:30,1
2026-09-15 21:40,1
2026-09-15 21:45,1
2026-09-15 21:50,1
2026-09-15 21:55,1
2026-09-15 22:00,1
2026-09-15 22:05,2
2026-09-15 22:10,2
2026-09-15 22:15,1
2026-09-15 22:20,1
2026-09-15 22:25,1
2026-09-15 22:30,1
2026-09-15 22:35,1
2026-09-15 22:40,1
2026-09-15 22:45,1
2026-09-16 07:40,1
2026-09-16 07:45,1
2026-09-16 07:50,2
2026-09-16 07:55,2
2026-09-16 08:00,2
2026-09-16 08:05,2
2026-09-16 08:10,2
2026-09-16 08:15,2
2026-09-16 08:20,4
2026-09-16 08:25,4
2026-09-16 08:30,4
2026-09-16 08:35,3
2026-09-16 08:40,3
2026-09-16 08:45,3
2026-09-16 08:50,3
2026-09-16 08:55,2
2026-09-16 09:00,1
2026-09-16 09:05,1
2026-09-16 09:10,1
2026-09-16 09:15,1
2026-09-16 09:20,1
2026-09-16 09:25,2
2026-09-16 09:30,2
2026-09-16 09:35,2
2026-09-16 09:40,2
2026-09-16 09:45,1
2026-09-16 09:50,1
2026-09-16 10:05,1
2026-09-16 10:10,1
2026-09-16 10:15,1
2026-09-16 10:20,1
2026-09-16 10:25,1
2026-09-16 10:30,2
2026-09-16 10:35,2
2026-09-16 10:40,2
2026-09-16 10:45,1
2026-09-16 10:50,1
2026-09-16 10:55,1
2026-09-16 11:00,1
2026-09-16 11:35,1
2026-09-16 11:40,1
2026-09-16 11:45,1
2026-09-16 11:50,1
2026-09-16 11:55,1
2026-09-16 12:00,1
2026-09-16 12:05,1
2026-09-16 12:10,1
2026-09-16 12:15,1
2026-09-16 12:20,1
2026-09-16 12:25,1
2026-09-16 12:30,1
2026-09-16 12:35,1
2026-09-16 12:40,1
2026-09-16 12:45,1
2026-09-16 12:50,1
2026-09-16 12:55,1
2026-09-16 13:00,1
2026-09-16 13:25,1
2026-09-16 13:30,1
2026-09-16 13:35,1
2026-09-16 13:40,1
2026-09-16 13:45,1
2026-09-16 13:50,1
2026-09-16 14:10,1
2026-09-16 14:15,1
2026-09-16 14:20,1
2026-09-16 14:25,2
2026-09-16 14:30,2
2026-09-16 14:35,2
2026-09-16 14:40,2
2026-09-16 14:45,2
2026-09-16 14:50,2
2026-09-16 14:55,2
2026-09-16 15:00,1
2026-09-16 15:05,1
2026-09-16 15:45,1
2026-09-16 15:50,1
2026-09-16 15:55,2
2026-09-16 16:00,2
2026-09-16 16:05,3
2026-09-16 16:10,3
2026-09-16 16:15,3
2026-09-16 16:20,3
2026-09-16 16:25,3
2026-09-16 16:30,2
2026-09-16 16:35,2
2026-09-16 16:40,1
2026-09-16 16:45,1
2026-09-16 17:55,1
2026-09-16 18:00,1
2026-09-16 18:05,1
2026-09-16 18:10,1
2026-09-16 18:15,1
2026-09-16 18:20,2
2026-09-16 18:25,2
2026-09-16 18:30,3
2026-09-16 18:35,3
2026-09-16 18:40,3
2026-09-16 18:45,3
2026-09-16 18:50,3
2026-09-16 18:55,2
2026-09-16 19:00,2
2026-09-16 19:05,1
2026-09-16 19:10,2
2026-09-16 19:15,2
2026-09-16 19:20,2
2026-09-16 19:25,1
2026-09-16 19:30,1
2026-09-16 19:35,1
2026-09-16 19:40,1
2026-09-16 19:45,1
2026-09-16 19:50,1
2026-09-16 20:00,1
2026-09-16 20:05,1
2026-09-16 20:10,1
2026-09-16 20:15,1
2026-09-16 20:20,1
2026-09-16 20:25,1
2026-09-16 20:30,2
2026-09-16 20:35,2
2026-09-16 20:40,3
2026-09-16 20:45,2
2026-09-16 20:50,3
2026-09-16 20:55,3
2026-09-16 21:00,3
2026-09-16 21:05,3
2026-09-16 21:10,3
2026-09-16 21:15,2
2026-09-16 21:20,2
2026-09-16 21:25,1
2026-09-16 21:30,1
2026-09-16 21:40,1
2026-09-16 21:45,1
2026-09-16 21:50,1
2026-09-16 21:55,1
2026-09-16 22:00,1
2026-09-16 22:05,2
2026-09-16 22:10,2
2026-09-16 22:15,2
2026-09-16 22:20,2
2026-09-16 22:25,2
2026-09-16 22:30,2
2026-09-16 22:35,2
2026-09-16 22:40,2
2026-09-16 22:45,2
2026-09-16 22:50,1
2026-09-16 22:55,1
2026-09-16 23:00,1
2026-09-17 07:30,1
2026-09-17 07:35,1
2026-09-17 07:40,2
2026-09-17 07:45,2
2026-09-17 07:50,3
2026-09-17 07:55,3
2026-09-17 08:00,3
2026-09-17 08:05,2
2026-09-17 08:10,2
2026-09-17 08:15,2
2026-09-17 08:20,3
2026-09-17 08:25,3
2026-09-17 08:30,3
2026-09-17 08:35,2
2026-09-17 08:40,2
2026-09-17 08:45,2
2026-09-17 08:50,2
2026-09-17 08:55,1
2026-09-17 09:25,1
2026-09-17 09:30,1
2026-09-17 09:35,1
2026-09-17 09:40,1
2026-09-17 10:05,1
2026-09-17 10:10,1
2026-09-17 10:15,1
2026-09-17 10:20,1
2026-09-17 10:25,1
2026-09-17 10:30,2
2026-09-17 10:35,2
2026-09-17 10:40,2
2026-09-17 10:45,1
2026-09-17 10:50,1
2026-09-17 10:55,1
2026-09-17 11:00,1
2026-09-17 11:35,1
2026-09-17 11:40,1
2026-09-17 11:45,1
2026-09-17 11:50,1
2026-09-17 11:55,1
2026-09-17 12:00,1
2026-09-17 12:05,1
2026-09-17 12:10,1
2026-09-17 12:15,1
2026-09-17 12:20,1
2026-09-17 12:25,1
2026-09-17 12:30,1
2026-09-17 12:35,1
2026-09-17 12:40,1
2026-09-17 12:45,1
2026-09-17 12:50,1
2026-09-17 12:55,1
2026-09-17 13:00,1
2026-09-17 13:20,1
2026-09-17 13:25,2
2026-09-17 13:30,2
2026-09-17 13:35,2
2026-09-17 13:40,2
2026-09-17 13:45,1
2026-09-17 13:50,1
2026-09-17 14:10,1
2026-09-17 14:15,1
2026-09-17 14:20,1
2026-09-17 14:25,2
2026-09-17 14:30,2
2026-09-17 14:35,2
2026-09-17 14:40,2
2026-09-17 14:45,2
2026-09-17 14:50,2
2026-09-17 14:55,2
2026-09-17 15:00,1
2026-09-17 15:05,1
2026-09-17 15:45,1
2026-09-17 15:50,1
2026-09-17 15:55,2
2026-09-17 16:00,2
2026-09-17 16:05,3
2026-09-17 16:10,3
2026-09-17 16:15,3
2026-09-17 16:20,3
2026-09-17 16:25,3
2026-09-17 16:30,2
2026-09-17 16:35,2
2026-09-17 16:40,1
2026-09-17 16:45,1
2026-09-17 17:55,1
2026-09-17 18:00,1
2026-09-17 18:05,1
2026-09-17 18:10,1
2026-09-17 18:15,1
2026-09-17 18:20,1
2026-09-17 18:25,1
2026-09-17 18:30,2
2026-09-17 18:35,2
2026-09-17 18:40,2
2026-09-17 18:45,2
2026-09-17 18:50,2
2026-09-17 18:55,2
2026-09-17 19:00,2
2026-09-17 19:05,1
2026-09-17 19:10,2
2026-09-17 19:15,2
2026-09-17 19:20,2
2026-09-17 19:25,1
2026-09-17 19:30,1
2026-09-17 19:35,1
2026-09-17 19:40,1
2026-09-17 19:45,1
2026-09-17 19:50,1
2026-09-17 20:00,1
2026-09-17 20:05,1
2026-09-17 20:10,1
2026-09-17 20:15,1
2026-09-17 20:20,1
2026-09-17 20:25,1
2026-09-17 20:30,2
2026-09-17 20:35,2
2026-09-17 20:40,3
2026-09-17 20:45,2
2026-09-17 20:50,3
2026-09-17 20:55,3
2026-09-17 21:00,3
2026-09-17 21:05,3
2026-09-17 21:10,3
2026-09-17 21:15,2
2026-09-17 21:20,2
2026-09-17 21:25,1
2026-09-17 21:30,1
2026-09-17 21:40,1
2026-09-17 21:45,1
2026-09-17 21:50,1
2026-09-17 21:55,1
2026-09-17 22:00,1
2026-09-17 22:05,2
2026-09-17 22:10,2
2026-09-17 22:15,1
2026-09-17 22:20,1
2026-09-17 22:25,1
2026-09-17 22:30,1
2026-09-17 22:35,1
2026-09-17 22:40,1
2026-09-17 22:45,1
2026-09-18 07:40,1
2026-09-18 07:45,1
2026-09-18 07:50,2
2026-09-18 07:55,2
2026-09-18 08:00,2
2026-09-18 08:05,2
2026-09-18 08:10,2
2026-09-18 08:15,2
2026-09-18 08:20,4
2026-09-18 08:25,4
2026-09-18 08:30,4
2026-09-18 08:35,3
2026-09-18 08:40,3
2026-09-18 08:45,3
2026-09-18 08:50,3
2026-09-18 08:55,2
2026-09-18 09:00,1
2026-09-18 09:05,1
2026-09-18 09:10,1
2026-09-18 09:15,1
2026-09-18 09:20,1
2026-09-18 09:25,2
2026-09-18 09:30,2
2026-09-18 09:35,2
2026-09-18 09:40,2
2026-09-18 09:45,1
2026-09-18 09:50,1
2026-09-18 10:05,1
2026-09-18 10:10,1
2026-09-18 10:15,1
2026-09-18 10:20,1
2026-09-18 10:25,1
2026-09-18 10:30,2
2026-09-18 10:35,2
2026-09-18 10:40,2
2026-09-18 10:45,1
2026-09-18 10:50,1
2026-09-18 10:55,1
2026-09-18 11:00,1
2026-09-18 11:35,1
2026-09-18 11:40,1
2026-09-18 11:45,1
2026-09-18 11:50,1
2026-09-18 11:55,1
2026-09-18 12:00,1
2026-09-18 12:05,1
2026-09-18 12:10,1
2026-09-18 12:15,1
2026-09-18 12:20,1
2026-09-18 12:25,1
2026-09-18 12:30,1
2026-09-18 12:35,1
2026-09-18 12:40,1
2026-09-18 12:45,1
2026-09-18 12:50,1
2026-09-18 12:55,1
2026-09-18 13:00,1
2026-09-18 13:25,1
2026-09-18 13:30,1
2026-09-18 13:35,1
2026-09-18 13:40,1
2026-09-18 13:45,1
2026-09-18 13:50,1
2026-09-18 14:10,1
2026-09-18 14:15,1
2026-09-18 14:20,1
2026-09-18 14:25,2
2026-09-18 14:30,2
2026-09-18 14:35,2
2026-09-18 14:40,2
2026-09-18 14:45,2
2026-09-18 14:50,2
2026-09-18 14:55,2
2026-09-18 15:00,1
2026-09-18 15:05,1
2026-09-18 15:45,1
2026-09-18 15:50,1
2026-09-18 15:55,2
2026-09-18 16:00,2
2026-09-18 16:05,3
2026-09-18 16:10,3
2026-09-18 16:15,3
2026-09-18 16:20,3
2026-09-18 16:25,3
2026-09-18 16:30,2
2026-09-18 16:35,2
2026-09-18 16:40,1
2026-09-18 16:45,1
2026-09-18 17:55,1
2026-09-18 18:00,1
2026-09-18 18:05,1
2026-09-18 18:10,1
2026-09-18 18:15,1
2026-09-18 18:20,2
2026-09-18 18:25,2
2026-09-18 18:30,3
2026-09-18 18:35,3
2026-09-18 18:40,3
2026-09-18 18:45,3
2026-09-18 18:50,3
2026-09-18 18:55,2
2026-09-18 19:00,2
2026-09-18 19:05,1
2026-09-18 19:10,2
2026-09-18 19:15,2
2026-09-18 19:20,2
2026-09-18 19:25,1
2026-09-18 19:30,1
2026-09-18 19:35,1
2026-09-18 19:40,1
2026-09-18 19:45,1
2026-09-18 19:50,1
2026-09-18 20:00,1
2026-09-18 20:05,1
2026-09-18 20:10,1
2026-09-18 20:15,1
2026-09-18 20:20,1
2026-09-18 20:25,1
2026-09-18 20:30,2
2026-09-18 20:35,2
2026-09-18 20:40,3
2026-09-18 20:45,2
2026-09-18 20:50,3
2026-09-18 20:55,3
2026-09-18 21:00,3
2026-09-18 21:05,3
2026-09-18 21:10,3
2026-09-18 21:15,2
2026-09-18 21:20,2
2026-09-18 21:25,1
2026-09-18 21:30,1
2026-09-18 21:40,1
2026-09-18 21:45,1
2026-09-18 21:50,1
2026-09-18 21:55,1
2026-09-18 22:00,1
2026-09-18 22:05,2
2026-09-18 22:10,2
2026-09-18 22:15,2
2026-09-18 22:20,2
2026-09-18 22:25,2
2026-09-18 22:30,2
2026-09-18 22:35,2
2026-09-18 22:40,2
2026-09-18 22:45,2
2026-09-18 22:50,1
2026-09-18 22:55,1
2026-09-18 23:00,1
2026-09-19 07:30,1
2026-09-19 07:35,1
2026-09-19 07:40,2
2026-09-19 07:45,2
2026-09-19 07:50,3
2026-09-19 07:55,3
2026-09-19 08:00,3
2026-09-19 08:05,2
2026-09-19 08:10,2
2026-09-19 08:15,2
2026-09-19 08:20,3
2026-09-19 08:25,3
2026-09-19 08:30,3
2026-09-19 08:35,2
2026-09-19 08:40,2
2026-09-19 08:45,2
2026-09-19 08:50,2
2026-09-19 08:55,1
2026-09-19 09:25,1
2026-09-19 09:30,1
2026-09-19 09:35,1
2026-09-19 09:40,1
2026-09-19 10:05,1
2026-09-19 10:10,1
2026-09-19 10:15,1
2026-09-19 10:20,1
2026-09-19 10:25,1
2026-09-19 10:30,2
2026-09-19 10:35,2
2026-09-19 10:40,2
2026-09-19 10:45,1
2026-09-19 10:50,1
2026-09-19 10:55,1
2026-09-19 11:00,1
2026-09-19 11:35,1
2026-09-19 11:40,1
2026-09-19 11:45,1
2026-09-19 11:50,1
2026-09-19 11:55,1
2026-09-19 12:00,1
2026-09-19 12:05,1
2026-09-19 12:10,1
2026-09-19 12:15,1
2026-09-19 12:20,1
2026-09-19 12:25,1
2026-09-19 12:30,1
2026-09-19 12:35,1
2026-09-19 12:40,1
2026-09-19 12:45,1
2026-09-19 12:50,1
2026-09-19 12:55,1
2026-09-19 13:00,1
2026-09-19 13:20,1
2026-09-19 13:25,2
2026-09-19 13:30,2
2026-09-19 13:35,2
2026-09-19 13:40,2
2026-09-19 13:45,1
2026-09-19 13:50,1
2026-09-19 14:10,1
2026-09-19 14:15,1
2026-09-19 14:20,1
2026-09-19 14:25,2
2026-09-19 14:30,2
2026-09-19 14:35,2
2026-09-19 14:40,2
2026-09-19 14:45,2
2026-09-19 14:50,2
2026-09-19 14:55,2
2026-09-19 15:00,1
2026-09-19 15:05,1
2026-09-19 15:45,1
2026-09-19 15:50,1
2026-09-19 15:55,2
2026-09-19 16:00,2
2026-09-19 16:05,3
2026-09-19 16:10,3
2026-09-19 16:15,3
2026-09-19 16:20,3
2026-09-19 16:25,3
2026-09-19 16:30,2
2026-09-19 16:35,2
2026-09-19 16:40,1
2026-09-19 16:45,1
2026-09-19 17:55,1
2026-09-19 18:00,1
2026-09-19 18:05,1
2026-09-19 18:10,1
2026-09-19 18:15,1
2026-09-19 18:20,1
2026-09-19 18:25,1
2026-09-19 18:30,2
2026-09-19 18:35,2
2026-09-19 18:40,2
2026-09-19 18:45,2
2026-09-19 18:50,2
2026-09-19 18:55,2
2026-09-19 19:00,2
2026-09-19 19:05,1
2026-09-19 19:10,2
2026-09-19 19:15,2
2026-09-19 19:20,2
2026-09-19 19:25,1
2026-09-19 19:30,1
2026-09-19 19:35,1
2026-09-19 19:40,1
2026-09-19 19:45,1
2026-09-19 19:50,1
2026-09-19 20:00,1
2026-09-19 20:05,1
2026-09-19 20:10,1
2026-09-19 20:15,1
2026-09-19 20:20,1
2026-09-19 20:25,1
2026-09-19 20:30,2
2026-09-19 20:35,2
2026-09-19 20:40,3
2026-09-19 20:45,2
2026-09-19 20:50,3
2026-09-19 20:55,3
2026-09-19 21:00,3
2026-09-19 21:05,3
2026-09-19 21:10,3
2026-09-19 21:15,2
2026-09-19 21:20,2
2026-09-19 21:25,1
2026-09-19 21:30,1
2026-09-19 21:40,1
2026-09-19 21:45,1
2026-09-19 21:50,1
2026-09-19 21:55,1
2026-09-19 22:00,1
2026-09-19 22:05,2
2026-09-19 22:10,2
2026-09-19 22:15,2
2026-09-19 22:20,2
2026-09-19 22:25,2
2026-09-19 22:30,2
2026-09-19 22:35,2
2026-09-19 22:40,2
2026-09-19 22:45,2
2026-09-19 22:50,1
2026-09-19 22:55,1
2026-09-19 23:00,1
2026-09-20 07:40,1
2026-09-20 07:45,1
2026-09-20 07:50,2
2026-09-20 07:55,2
2026-09-20 08:00,2
2026-09-20 08:05,2
2026-09-20 08:10,2
2026-09-20 08:15,2
2026-09-20 08:20,4
2026-09-20 08:25,4
2026-09-20 08:30,4
2026-09-20 08:35,3
2026-09-20 08:40,3
2026-09-20 08:45,3
2026-09-20 08:50,3
2026-09-20 08:55,2
2026-09-20 09:00,1
2026-09-20 09:05,1
2026-09-20 09:10,1
2026-09-20 09:15,1
2026-09-20 09:20,1
2026-09-20 09:25,2
2026-09-20 09:30,2
2026-09-20 09:35,2
2026-09-20 09:40,2
2026-09-20 09:45,1
2026-09-20 09:50,1
2026-09-20 10:05,1
2026-09-20 10:10,1
2026-09-20 10:15,1
2026-09-20 10:20,1
2026-09-20 10:25,1
2026-09-20 10:30,2
2026-09-20 10:35,2
2026-09-20 10:40,2
2026-09-20 10:45,1
2026-09-20 10:50,1
2026-09-20 10:55,1
2026-09-20 11:00,1
2026-09-20 11:35,1
2026-09-20 11:40,1
2026-09-20 11:45,1
2026-09-20 11:50,1
2026-09-20 11:55,1
2026-09-20 12:00,1
2026-09-20 12:05,1
2026-09-20 12:10,1
2026-09-20 12:15,1
2026-09-20 12:20,1
2026-09-20 12:25,1
2026-09-20 12:30,1
2026-09-20 12:35,1
2026-09-20 12:40,1
2026-09-20 12:45,1
2026-09-20 12:50,1
2026-09-20 12:55,1
2026-09-20 13:00,1
2026-09-20 13:25,1
2026-09-20 13:30,1
2026-09-20 13:35,1
2026-09-20 13:40,1
2026-09-20 13:45,1
2026-09-20 13:50,1
2026-09-20 14:10,1
2026-09-20 14:15,1
2026-09-20 14:20,1
2026-09-20 14:25,2
2026-09-20 14:30,2
2026-09-20 14:35,2
2026-09-20 14:40,2
2026-09-20 14:45,2
2026-09-20 14:50,2
2026-09-20 14:55,2
2026-09-20 15:00,1
2026-09-20 15:05,1
2026-09-20 15:45,1
2026-09-20 15:50,1
2026-09-20 15:55,2
2026-09-20 16:00,2
2026-09-20 16:05,3
2026-09-20 16:10,3
2026-09-20 16:15,3
2026-09-20 16:20,3
2026-09-20 16:25,3
2026-09-20 16:30,2
2026-09-20 16:35,2
2026-09-20 16:40,1
2026-09-20 16:45,1
2026-09-20 17:55,1
2026-09-20 18:00,1
2026-09-20 18:05,1
2026-09-20 18:10,1
2026-09-20 18:15,1
2026-09-20 18:20,2
2026-09-20 18:25,2
2026-09-20 18:30,3
2026-09-20 18:35,3
2026-09-20 18:40,3
2026-09-20 18:45,3
2026-09-20 18:50,3
2026-09-20 18:55,2
2026-09-20 19:00,2
2026-09-20 19:05,1
2026-09-20 19:10,2
2026-09-20 19:15,2
2026-09-20 19:20,2
2026-09-20 19:25,1
2026-09-20 19:30,1
2026-09-20 19:35,1
2026-09-20 19:40,1
2026-09-20 19:45,1
2026-09-20 19:50,1
2026-09-20 20:00,1
2026-09-20 20:05,1
2026-09-20 20:10,1
2026-09-20 20:15,1
2026-09-20 20:20,1
2026-09-20 20:25,1
2026-09-20 20:30,2
2026-09-20 20:35,2
2026-09-20 20:40,3
2026-09-20 20:45,2
2026-09-20 20:50,3
2026-09-20 20:55,3
2026-09-20 21:00,3
2026-09-20 21:05,3
2026-09-20 21:10,3
2026-09-20 21:15,2
2026-09-20 21:20,2
2026-09-20 21:25,1
2026-09-20 21:30,1
2026-09-20 21:40,1
2026-09-20 21:45,1
2026-09-20 21:50,1
2026-09-20 21:55,1
2026-09-20 22:00,1
2026-09-20 22:05,2
2026-09-20 22:10,2
2026-09-20 22:15,1
2026-09-20 22:20,1
2026-09-20 22:25,1
2026-09-20 22:30,1
2026-09-20 22:35,1
2026-09-20 22:40,1
2026-09-20 22:45,1
2026-09-21 07:30,1
2026-09-21 07:35,1
2026-09-21 07:40,2
2026-09-21 07:45,2
2026-09-21 07:50,3
2026-09-21 07:55,3
2026-09-21 08:00,3
2026-09-21 08:05,2
2026-09-21 08:10,2
2026-09-21 08:15,2
2026-09-21 08:20,4
2026-09-21 08:25,4
2026-09-21 08:30,4
2026-09-21 08:35,3
2026-09-21 08:40,3
2026-09-21 08:45,3
2026-09-21 08:50,3
2026-09-21 08:55,2
2026-09-21 09:00,1
2026-09-21 09:05,1
2026-09-21 09:10,1
2026-09-21 09:15,1
2026-09-21 09:20,1
2026-09-21 09:25,2
2026-09-21 09:30,2
2026-09-21 09:35,2
2026-09-21 09:40,2
2026-09-21 09:45,1
2026-09-21 09:50,1
2026-09-21 10:05,1
2026-09-21 10:10,1
2026-09-21 10:15,1
2026-09-21 10:20,1
2026-09-21 10:25,1
2026-09-21 10:30,2
2026-09-21 10:35,2
2026-09-21 10:40,2
2026-09-21 10:45,1
2026-09-21 10:50,1
2026-09-21 10:55,1
2026-09-21 11:00,1
2026-09-21 11:35,1
2026-09-21 11:40,1
2026-09-21 11:45,1
2026-09-21 11:50,1
2026-09-21 11:55,1
2026-09-21 12:00,1
2026-09-21 12:05,1
2026-09-21 12:10,1
2026-09-21 12:15,1
2026-09-21 12:20,1
2026-09-21 12:25,1
2026-09-21 12:30,1
2026-09-21 12:35,1
2026-09-21 12:40,1
2026-09-21 12:45,1
2026-09-21 12:50,1
2026-09-21 12:55,1
2026-09-21 13:00,1
2026-09-21 13:25,1
2026-09-21 13:30,1
2026-09-21 13:35,1
2026-09-21 13:40,1
2026-09-21 13:45,1
2026-09-21 13:50,1
2026-09-21 14:10,1
2026-09-21 14:15,1
2026-09-21 14:20,1
2026-09-21 14:25,2
2026-09-21 14:30,2
2026-09-21 14:35,2
2026-09-21 14:40,2
2026-09-21 14:45,2
2026-09-21 14:50,2
2026-09-21 14:55,2
2026-09-21 15:00,1
2026-09-21 15:05,1
2026-09-21 15:45,1
2026-09-21 15:50,1
2026-09-21 15:55,2
2026-09-21 16:00,2
2026-09-21 16:05,3
2026-09-21 16:10,3
2026-09-21 16:15,3
2026-09-21 16:20,3
2026-09-21 16:25,3
2026-09-21 16:30,2
2026-09-21 16:35,2
2026-09-21 16:40,1
2026-09-21 16:45,1
2026-09-21 17:55,1
2026-09-21 18:00,1
2026-09-21 18:05,1
2026-09-21 18:10,1
2026-09-21 18:15,1
2026-09-21 18:20,2
2026-09-21 18:25,2
2026-09-21 18:30,3
2026-09-21 18:35,3
2026-09-21 18:40,3
2026-09-21 18:45,3
2026-09-21 18:50,3
2026-09-21 18:55,2
2026-09-21 19:00,2
2026-09-21 19:05,1
2026-09-21 19:10,2
2026-09-21 19:15,2
2026-09-21 19:20,2
2026-09-21 19:25,1
2026-09-21 19:30,1
2026-09-21 19:35,1
2026-09-21 19:40,1
2026-09-21 19:45,1
2026-09-21 19:50,1
2026-09-21 20:00,1
2026-09-21 20:05,1
2026-09-21 20:10,1
2026-09-21 20:15,1
2026-09-21 20:20,1
2026-09-21 20:25,1
2026-09-21 20:30,2
2026-09-21 20:35,2
2026-09-21 20:40,3
2026-09-21 20:45,2
2026-09-21 20:50,3
2026-09-21 20:55,3
2026-09-21 21:00,3
2026-09-21 21:05,3
2026-09-21 21:10,3
2026-09-21 21:15,2
2026-09-21 21:20,2
2026-09-21 21:25,1
2026-09-21 21:30,1
2026-09-21 21:40,1
2026-09-21 21:45,1
2026-09-21 21:50,1
2026-09-21 21:55,1
2026-09-21 22:00,1
2026-09-21 22:05,2
2026-09-21 22:10,2
2026-09-21 22:15,2
2026-09-21 22:20,2
2026-09-21 22:25,2
2026-09-21 22:30,2
2026-09-21 22:35,2
2026-09-21 22:40,2
2026-09-21 22:45,2
2026-09-21 22:50,1
2026-09-21 22:55,1
2026-09-21 23:00,1
2026-09-22 07:30,1
2026-09-22 07:35,1
2026-09-22 07:40,2
2026-09-22 07:45,2
2026-09-22 07:50,3
2026-09-22 07:55,3
2026-09-22 08:00,3
2026-09-22 08:05,2
2026-09-22 08:10,2
2026-09-22 08:15,2
2026-09-22 08:20,3
2026-09-22 08:25,3
2026-09-22 08:30,3
2026-09-22 08:35,2
2026-09-22 08:40,2
2026-09-22 08:45,2
2026-09-22 08:50,2
2026-09-22 08:55,1
2026-09-22 09:25,1
2026-09-22 09:30,1
2026-09-22 09:35,1
2026-09-22 09:40,1
2026-09-22 10:05,1
2026-09-22 10:10,1
2026-09-22 10:15,1
2026-09-22 10:20,1
2026-09-22 10:25,1
2026-09-22 10:30,2
2026-09-22 10:35,2
2026-09-22 10:40,2
2026-09-22 10:45,1
2026-09-22 10:50,1
2026-09-22 10:55,1
2026-09-22 11:00,1
2026-09-22 11:35,1
2026-09-22 11:40,1
2026-09-22 11:45,1
2026-09-22 11:50,1
2026-09-22 11:55,1
2026-09-22 12:00,1
2026-09-22 12:05,1
2026-09-22 12:10,1
2026-09-22 12:15,1
2026-09-22 12:20,1
2026-09-22 12:25,1
2026-09-22 12:30,1
2026-09-22 12:35,1
2026-09-22 12:40,1
2026-09-22 12:45,1
2026-09-22 12:50,1
2026-09-22 12:55,1
2026-09-22 13:00,1
2026-09-22 13:20,1
2026-09-22 13:25,2
2026-09-22 13:30,2
2026-09-22 13:35,2
2026-09-22 13:40,2
2026-09-22 13:45,1
2026-09-22 13:50,1
2026-09-22 14:10,1
2026-09-22 14:15,1
2026-09-22 14:20,1
2026-09-22 14:25,2
2026-09-22 14:30,2
2026-09-22 14:35,2
2026-09-22 14:40,2
2026-09-22 14:45,2
2026-09-22 14:50,2
2026-09-22 14:55,2
2026-09-22 15:00,1
2026-09-22 15:05,1
2026-09-22 15:45,1
2026-09-22 15:50,1
2026-09-22 15:55,2
2026-09-22 16:00,2
2026-09-22 16:05,3
2026-09-22 16:10,3
2026-09-22 16:15,3
2026-09-22 16:20,3
2026-09-22 16:25,3
2026-09-22 16:30,2
2026-09-22 16:35,2
2026-09-22 16:40,1
2026-09-22 16:45,1
2026-09-22 17:55,1
2026-09-22 18:00,1
2026-09-22 18:05,1
2026-09-22 18:10,1
2026-09-22 18:15,1
2026-09-22 18:20,1
2026-09-22 18:25,1
2026-09-22 18:30,2
2026-09-22 18:35,2
2026-09-22 18:40,2
2026-09-22 18:45,2
2026-09-22 18:50,2
2026-09-22 18:55,2
2026-09-22 19:00,2
2026-09-22 19:05,1
2026-09-22 19:10,2
2026-09-22 19:15,2
2026-09-22 19:20,2
2026-09-22 19:25,1
2026-09-22 19:30,1
2026-09-22 19:35,1
2026-09-22 19:40,1
2026-09-22 19:45,1
2026-09-22 19:50,1
2026-09-22 20:00,1
2026-09-22 20:05,1
2026-09-22 20:10,1
2026-09-22 20:15,1
2026-09-22 20:20,1
2026-09-22 20:25,1
2026-09-22 20:30,2
2026-09-22 20:35,2
2026-09-22 20:40,3
2026-09-22 20:45,2
2026-09-22 20:50,3
2026-09-22 20:55,3
2026-09-22 21:00,3
2026-09-22 21:05,3
2026-09-22 21:10,3
2026-09-22 21:15,2
2026-09-22 21:20,2
2026-09-22 21:25,1
2026-09-22 21:30,1
2026-09-22 21:40,1
2026-09-22 21:45,1
2026-09-22 21:50,1
2026-09-22 21:55,1
2026-09-22 22:00,1
2026-09-22 22:05,2
2026-09-22 22:10,2
2026-09-22 22:15,1
2026-09-22 22:20,1
2026-09-22 22:25,1
2026-09-22 22:30,1
2026-09-22 22:35,1
2026-09-22 22:40,1
2026-09-22 22:45,1
2026-09-23 07:40,1
2026-09-23 07:45,1
2026-09-23 07:50,2
2026-09-23 07:55,2
2026-09-23 08:00,2
2026-09-23 08:05,2
2026-09-23 08:10,2
2026-09-23 08:15,2
2026-09-23 08:20,4
2026-09-23 08:25,4
2026-09-23 08:30,4
2026-09-23 08:35,3
2026-09-23 08:40,3
2026-09-23 08:45,3
2026-09-23 08:50,3
2026-09-23 08:55,2
2026-09-23 09:00,1
2026-09-23 09:05,1
2026-09-23 09:10,1
2026-09-23 09:15,1
2026-09-23 09:20,1
2026-09-23 09:25,2
2026-09-23 09:30,2
2026-09-23 09:35,2
2026-09-23 09:40,2
2026-09-23 09:45,1
2026-09-23 09:50,1
2026-09-23 10:05,1
2026-09-23 10:10,1
2026-09-23 10:15,1
2026-09-23 10:20,1
2026-09-23 10:25,1
2026-09-23 10:30,2
2026-09-23 10:35,2
2026-09-23 10:40,2
2026-09-23 10:45,1
2026-09-23 10:50,1
2026-09-23 10:55,1
2026-09-23 11:00,1
2026-09-23 11:35,1
2026-09-23 11:40,1
2026-09-23 11:45,1
2026-09-23 11:50,1
2026-09-23 11:55,1
2026-09-23 12:00,1
2026-09-23 12:05,1
2026-09-23 12:10,1
2026-09-23 12:15,1
2026-09-23 12:20,1
2026-09-23 12:25,1
2026-09-23 12:30,1
2026-09-23 12:35,1
2026-09-23 12:40,1
2026-09-23 12:45,1
2026-09-23 12:50,1
2026-09-23 12:55,1
2026-09-23 13:00,1
2026-09-23 13:25,1
2026-09-23 13:30,1
2026-09-23 13:35,1
2026-09-23 13:40,1
2026-09-23 13:45,1
2026-09-23 13:50,1
2026-09-23 14:10,1
2026-09-23 14:15,1
2026-09-23 14:20,1
2026-09-23 14:25,2
2026-09-23 14:30,2
2026-09-23 14:35,2
2026-09-23 14:40,2
2026-09-23 14:45,2
2026-09-23 14:50,2
2026-09-23 14:55,2
2026-09-23 15:00,1
2026-09-23 15:05,1
2026-09-23 15:45,1
2026-09-23 15:50,1
2026-09-23 15:55,2
2026-09-23 16:00,2
2026-09-23 16:05,3
2026-09-23 16:10,3
2026-09-23 16:15,3
2026-09-23 16:20,3
2026-09-23 16:25,3
2026-09-23 16:30,2
2026-09-23 16:35,2
2026-09-23 16:40,1
2026-09-23 16:45,1
2026-09-23 17:55,1
2026-09-23 18:00,1
2026-09-23 18:05,1
2026-09-23 18:10,1
2026-09-23 18:15,1
2026-09-23 18:20,2
2026-09-23 18:25,2
2026-09-23 18:30,3
2026-09-23 18:35,3
2026-09-23 18:40,3
2026-09-23 18:45,3
2026-09-23 18:50,3
2026-09-23 18:55,2
2026-09-23 19:00,2
2026-09-23 19:05,1
2026-09-23 19:10,2
2026-09-23 19:15,2
2026-09-23 19:20,2
2026-09-23 19:25,1
2026-09-23 19:30,1
2026-09-23 19:35,1
2026-09-23 19:40,1
2026-09-23 19:45,1
2026-09-23 19:50,1
2026-09-23 20:00,1
2026-09-23 20:05,1
2026-09-23 20:10,1
2026-09-23 20:15,1
2026-09-23 20:20,1
2026-09-23 20:25,1
2026-09-23 20:30,2
2026-09-23 20:35,2
2026-09-23 20:40,3
2026-09-23 20:45,2
2026-09-23 20:50,3
2026-09-23 20:55,3
2026-09-23 21:00,3
2026-09-23 21:05,3
2026-09-23 21:10,3
2026-09-23 21:15,2
2026-09-23 21:20,2
2026-09-23 21:25,1
2026-09-23 21:30,1
2026-09-23 21:40,1
2026-09-23 21:45,1
2026-09-23 21:50,1
2026-09-23 21:55,1
2026-09-23 22:00,1
2026-09-23 22:05,2
2026-09-23 22:10,2
2026-09-23 22:15,2
2026-09-23 22:20,2
2026-09-23 22:25,2
2026-09-23 22:30,2
2026-09-23 22:35,2
2026-09-23 22:40,2
2026-09-23 22:45,2
2026-09-23 22:50,1
2026-09-23 22:55,1
2026-09-23 23:00,1
2026-09-24 07:30,1
2026-09-24 07:35,1
2026-09-24 07:40,2
2026-09-24 07:45,2
2026-09-24 07:50,3
2026-09-24 07:55,3
2026-09-24 08:00,3
2026-09-24 08:05,2
2026-09-24 08:10,2
2026-09-24 08:15,2
2026-09-24 08:20,3
2026-09-24 08:25,3
2026-09-24 08:30,3
2026-09-24 08:35,2
2026-09-24 08:40,2
2026-09-24 08:45,2
2026-09-24 08:50,2
2026-09-24 08:55,1
2026-09-24 09:25,1
2026-09-24 09:30,1
2026-09-24 09:35,1
2026-09-24 09:40,1
2026-09-24 10:05,1
2026-09-24 10:10,1
2026-09-24 10:15,1
2026-09-24 10:20,1
2026-09-24 10:25,1
2026-09-24 10:30,2
2026-09-24 10:35,2
2026-09-24 10:40,2
2026-09-24 10:45,1
2026-09-24 10:50,1
2026-09-24 10:55,1
2026-09-24 11:00,1
2026-09-24 11:35,1
2026-09-24 11:40,1
2026-09-24 11:45,1
2026-09-24 11:50,1
2026-09-24 11:55,1
2026-09-24 12:00,1
2026-09-24 12:05,1
2026-09-24 12:10,1
2026-09-24 12:15,1
2026-09-24 12:20,1
2026-09-24 12:25,1
2026-09-24 12:30,1
2026-09-24 12:35,1
2026-09-24 12:40,1
2026-09-24 12:45,1
2026-09-24 12:50,1
2026-09-24 12:55,1
2026-09-24 13:00,1
2026-09-24 13:20,1
2026-09-24 13:25,2
2026-09-24 13:30,2
2026-09-24 13:35,2
2026-09-24 13:40,2
2026-09-24 13:45,1
2026-09-24 13:50,1
2026-09-24 14:10,1
2026-09-24 14:15,1
2026-09-24 14:20,1
2026-09-24 14:25,2
2026-09-24 14:30,2
2026-09-24 14:35,2
2026-09-24 14:40,2
2026-09-24 14:45,2
2026-09-24 14:50,2
2026-09-24 14:55,2
2026-09-24 15:00,1
2026-09-24 15:05,1
2026-09-24 15:45,1
2026-09-24 15:50,1
2026-09-24 15:55,2
2026-09-24 16:00,2
2026-09-24 16:05,3
2026-09-24 16:10,3
2026-09-24 16:15,3
2026-09-24 16:20,3
2026-09-24 16:25,3
2026-09-24 16:30,2
2026-09-24 16:35,2
2026-09-24 16:40,1
2026-09-24 16:45,1
2026-09-24 17:55,1
2026-09-24 18:00,1
2026-09-24 18:05,1
2026-09-24 18:10,1
2026-09-24 18:15,1
2026-09-24 18:20,1
2026-09-24 18:25,1
2026-09-24 18:30,2
2026-09-24 18:35,2
2026-09-24 18:40,2
2026-09-24 18:45,2
2026-09-24 18:50,2
2026-09-24 18:55,2
2026-09-24 19:00,2
2026-09-24 19:05,1
2026-09-24 19:10,2
2026-09-24 19:15,2
2026-09-24 19:20,2
2026-09-24 19:25,1
2026-09-24 19:30,1
2026-09-24 19:35,1
2026-09-24 19:40,1
2026-09-24 19:45,1
2026-09-24 19:50,1
2026-09-24 20:00,1
2026-09-24 20:05,1
2026-09-24 20:10,1
2026-09-24 20:15,1
2026-09-24 20:20,1
2026-09-24 20:25,1
2026-09-24 20:30,2
2026-09-24 20:35,2
2026-09-24 20:40,3
2026-09-24 20:45,2
2026-09-24 20:50,3
2026-09-24 20:55,3
2026-09-24 21:00,3
2026-09-24 21:05,3
2026-09-24 21:10,3
2026-09-24 21:15,2
2026-09-24 21:20,2
2026-09-24 21:25,1
2026-09-24 21:30,1
2026-09-24 21:40,1
2026-09-24 21:45,1
2026-09-24 21:50,1
2026-09-24 21:55,1
2026-09-24 22:00,1
2026-09-24 22:05,2
2026-09-24 22:10,2
2026-09-24 22:15,1
2026-09-24 22:20,1
2026-09-24 22:25,1
2026-09-24 22:30,1
2026-09-24 22:35,1
2026-09-24 22:40,1
2026-09-24 22:45,1
2026-09-25 07:40,1
2026-09-25 07:45,1
2026-09-25 07:50,2
2026-09-25 07:55,2
2026-09-25 08:00,2
2026-09-25 08:05,2
2026-09-25 08:10,2
2026-09-25 08:15,2
2026-09-25 08:20,4
2026-09-25 08:25,4
2026-09-25 08:30,4
2026-09-25 08:35,3
2026-09-25 08:40,3
2026-09-25 08:45,3
2026-09-25 08:50,3
2026-09-25 08:55,2
2026-09-25 09:00,1
2026-09-25 09:05,1
2026-09-25 09:10,1
2026-09-25 09:15,1
2026-09-25 09:20,1
2026-09-25 09:25,2
2026-09-25 09:30,2
2026-09-25 09:35,2
2026-09-25 09:40,2
2026-09-25 09:45,1
2026-09-25 09:50,1
2026-09-25 10:05,1
2026-09-25 10:10,1
2026-09-25 10:15,1
2026-09-25 10:20,1
2026-09-25 10:25,1
2026-09-25 10:30,2
2026-09-25 10:35,2
2026-09-25 10:40,2
2026-09-25 10:45,1
2026-09-25 10:50,1
2026-09-25 10:55,1
2026-09-25 11:00,1
2026-09-25 11:35,1
2026-09-25 11:40,1
2026-09-25 11:45,1
2026-09-25 11:50,1
2026-09-25 11:55,1
2026-09-25 12:00,1
2026-09-25 12:05,1
2026-09-25 12:10,1
2026-09-25 12:15,1
2026-09-25 12:20,1
2026-09-25 12:25,1
2026-09-25 12:30,1
2026-09-25 12:35,1
2026-09-25 12:40,1
2026-09-25 12:45,1
2026-09-25 12:50,1
2026-09-25 12:55,1
2026-09-25 13:00,1
2026-09-25 13:25,1
2026-09-25 13:30,1
2026-09-25 13:35,1
2026-09-25 13:40,1
2026-09-25 13:45,1
2026-09-25 13:50,1
2026-09-25 14:10,1
2026-09-25 14:15,1
2026-09-25 14:20,1
2026-09-25 14:25,2
2026-09-25 14:30,2
2026-09-25 14:35,2
2026-09-25 14:40,2
2026-09-25 14:45,2
2026-09-25 14:50,2
2026-09-25 14:55,2
2026-09-25 15:00,1
2026-09-25 15:05,1
2026-09-25 15:45,1
2026-09-25 15:50,1
2026-09-25 15:55,2
2026-09-25 16:00,2
2026-09-25 16:05,3
2026-09-25 16:10,3
2026-09-25 16:15,3
2026-09-25 16:20,3
2026-09-25 16:25,3
2026-09-25 16:30,2
2026-09-25 16:35,2
2026-09-25 16:40,1
2026-09-25 16:45,1
2026-09-25 17:55,1
2026-09-25 18:00,1
2026-09-25 18:05,1
2026-09-25 18:10,1
2026-09-25 18:15,1
2026-09-25 18:20,2
2026-09-25 18:25,2
2026-09-25 18:30,3
2026-09-25 18:35,3
2026-09-25 18:40,3
2026-09-25 18:45,3
2026-09-25 18:50,3
2026-09-25 18:55,2
2026-09-25 19:00,2
2026-09-25 19:05,1
2026-09-25 19:10,2
2026-09-25 19:15,2
2026-09-25 19:20,2
2026-09-25 19:25,1
2026-09-25 19:30,1
2026-09-25 19:35,1
2026-09-25 19:40,1
2026-09-25 19:45,1
2026-09-25 19:50,1
2026-09-25 20:00,1
2026-09-25 20:05,1
2026-09-25 20:10,1
2026-09-25 20:15,1
2026-09-25 20:20,1
2026-09-25 20:25,1
2026-09-25 20:30,2
2026-09-25 20:35,2
2026-09-25 20:40,3
2026-09-25 20:45,2
2026-09-25 20:50,3
2026-09-25 20:55,3
2026-09-25 21:00,3
2026-09-25 21:05,3
2026-09-25 21:10,3
2026-09-25 21:15,2
2026-09-25 21:20,2
2026-09-25 21:25,1
2026-09-25 21:30,1
2026-09-25 21:40,1
2026-09-25 21:45,1
2026-09-25 21:50,1
2026-09-25 21:55,1
2026-09-25 22:00,1
2026-09-25 22:05,2
2026-09-25 22:10,2
2026-09-25 22:15,2
2026-09-25 22:20,2
2026-09-25 22:25,2
2026-09-25 22:30,2
2026-09-25 22:35,2
2026-09-25 22:40,2
2026-09-25 22:45,2
2026-09-25 22:50,1
2026-09-25 22:55,1
2026-09-25 23:00,1
2026-09-26 07:30,1
2026-09-26 07:35,1
2026-09-26 07:40,2
2026-09-26 07:45,2
2026-09-26 07:50,3
2026-09-26 07:55,3
2026-09-26 08:00,3
2026-09-26 08:05,2
2026-09-26 08:10,2
2026-09-26 08:15,2
2026-09-26 08:20,3
2026-09-26 08:25,3
2026-09-26 08:30,3
2026-09-26 08:35,2
2026-09-26 08:40,2
2026-09-26 08:45,2
2026-09-26 08:50,2
2026-09-26 08:55,1
2026-09-26 09:25,1
2026-09-26 09:30,1
2026-09-26 09:35,1
2026-09-26 09:40,1
2026-09-26 10:05,1
2026-09-26 10:10,1
2026-09-26 10:15,1
2026-09-26 10:20,1
2026-09-26 10:25,1
2026-09-26 10:30,2
2026-09-26 10:35,2
2026-09-26 10:40,2
2026-09-26 10:45,1
2026-09-26 10:50,1
2026-09-26 10:55,1
2026-09-26 11:00,1
2026-09-26 11:35,1
2026-09-26 11:40,1
2026-09-26 11:45,1
2026-09-26 11:50,1
2026-09-26 11:55,1
2026-09-26 12:00,1
2026-09-26 12:05,1
2026-09-26 12:10,1
2026-09-26 12:15,1
2026-09-26 12:20,1
2026-09-26 12:25,1
2026-09-26 12:30,1
2026-09-26 12:35,1
2026-09-26 12:40,1
2026-09-26 12:45,1
2026-09-26 12:50,1
2026-09-26 12:55,1
2026-09-26 13:00,1
2026-09-26 13:20,1
2026-09-26 13:25,2
2026-09-26 13:30,2
2026-09-26 13:35,2
2026-09-26 13:40,2
2026-09-26 13:45,1
2026-09-26 13:50,1
2026-09-26 14:10,1
2026-09-26 14:15,1
2026-09-26 14:20,1
2026-09-26 14:25,2
2026-09-26 14:30,2
2026-09-26 14:35,2
2026-09-26 14:40,2
2026-09-26 14:45,2
2026-09-26 14:50,2
2026-09-26 14:55,2
2026-09-26 15:00,1
2026-09-26 15:05,1
2026-09-26 15:45,1
2026-09-26 15:50,1
2026-09-26 15:55,2
2026-09-26 16:00,2
2026-09-26 16:05,3
2026-09-26 16:10,3
2026-09-26 16:15,3
2026-09-26 16:20,3
2026-09-26 16:25,3
2026-09-26 16:30,2
2026-09-26 16:35,2
2026-09-26 16:40,1
2026-09-26 16:45,1
2026-09-26 17:55,1
2026-09-26 18:00,1
2026-09-26 18:05,1
2026-09-26 18:10,1
2026-09-26 18:15,1
2026-09-26 18:20,1
2026-09-26 18:25,1
2026-09-26 18:30,2
2026-09-26 18:35,2
2026-09-26 18:40,2
2026-09-26 18:45,2
2026-09-26 18:50,2
2026-09-26 18:55,2
2026-09-26 19:00,2
2026-09-26 19:05,1
2026-09-26 19:10,2
2026-09-26 19:15,2
2026-09-26 19:20,2
2026-09-26 19:25,1
2026-09-26 19:30,1
2026-09-26 19:35,1
2026-09-26 19:40,1
2026-09-26 19:45,1
2026-09-26 19:50,1
2026-09-26 20:00,1
2026-09-26 20:05,1
2026-09-26 20:10,1
2026-09-26 20:15,1
2026-09-26 20:20,1
2026-09-26 20:25,1
2026-09-26 20:30,2
2026-09-26 20:35,2
2026-09-26 20:40,3
2026-09-26 20:45,2
2026-09-26 20:50,3
2026-09-26 20:55,3
2026-09-26 21:00,3
2026-09-26 21:05,3
2026-09-26 21:10,3
2026-09-26 21:15,2
2026-09-26 21:20,2
2026-09-26 21:25,1
2026-09-26 21:30,1
2026-09-26 21:40,1
2026-09-26 21:45,1
2026-09-26 21:50,1
2026-09-26 21:55,1
2026-09-26 22:00,1
2026-09-26 22:05,2
2026-09-26 22:10,2
2026-09-26 22:15,2
2026-09-26 22:20,2
2026-09-26 22:25,2
2026-09-26 22:30,2
2026-09-26 22:35,2
2026-09-26 22:40,2
2026-09-26 22:45,2
2026-09-26 22:50,1
2026-09-26 22:55,1
2026-09-26 23:00,1
2026-09-27 07:40,1
2026-09-27 07:45,1
2026-09-27 07:50,2
2026-09-27 07:55,2
2026-09-27 08:00,2
2026-09-27 08:05,2
2026-09-27 08:10,2
2026-09-27 08:15,2
2026-09-27 08:20,4
2026-09-27 08:25,4
2026-09-27 08:30,4
2026-09-27 08:35,3
2026-09-27 08:40,3
2026-09-27 08:45,3
2026-09-27 08:50,3
2026-09-27 08:55,2
2026-09-27 09:00,1
2026-09-27 09:05,1
2026-09-27 09:10,1
2026-09-27 09:15,1
2026-09-27 09:20,1
2026-09-27 09:25,2
2026-09-27 09:30,2
2026-09-27 09:35,2
2026-09-27 09:40,2
2026-09-27 09:45,1
2026-09-27 09:50,1
2026-09-27 10:05,1
2026-09-27 10:10,1
2026-09-27 10:15,1
2026-09-27 10:20,1
2026-09-27 10:25,1
2026-09-27 10:30,2
2026-09-27 10:35,2
2026-09-27 10:40,2
2026-09-27 10:45,1
2026-09-27 10:50,1
2026-09-27 10:55,1
2026-09-27 11:00,1
2026-09-27 11:35,1
2026-09-27 11:40,1
2026-09-27 11:45,1
2026-09-27 11:50,1
2026-09-27 11:55,1
2026-09-27 12:00,1
2026-09-27 12:05,1
2026-09-27 12:10,1
2026-09-27 12:15,1
2026-09-27 12:20,1
2026-09-27 12:25,1
2026-09-27 12:30,1
2026-09-27 12:35,1
2026-09-27 12:40,1
2026-09-27 12:45,1
2026-09-27 12:50,1
2026-09-27 12:55,1
2026-09-27 13:00,1
2026-09-27 13:25,1
2026-09-27 13:30,1
2026-09-27 13:35,1
2026-09-27 13:40,1
2026-09-27 13:45,1
2026-09-27 13:50,1
2026-09-27 14:10,1
2026-09-27 14:15,1
2026-09-27 14:20,1
2026-09-27 14:25,2
2026-09-27 14:30,2
2026-09-27 14:35,2
2026-09-27 14:40,2
2026-09-27 14:45,2
2026-09-27 14:50,2
2026-09-27 14:55,2
2026-09-27 15:00,1
2026-09-27 15:05,1
2026-09-27 15:45,1
2026-09-27 15:50,1
2026-09-27 15:55,2
2026-09-27 16:00,2
2026-09-27 16:05,3
2026-09-27 16:10,3
2026-09-27 16:15,3
2026-09-27 16:20,3
2026-09-27 16:25,3
2026-09-27 16:30,2
2026-09-27 16:35,2
2026-09-27 16:40,1
2026-09-27 16:45,1
2026-09-27 17:55,1
2026-09-27 18:00,1
2026-09-27 18:05,1
2026-09-27 18:10,1
2026-09-27 18:15,1
2026-09-27 18:20,2
2026-09-27 18:25,2
2026-09-27 18:30,3
2026-09-27 18:35,3
2026-09-27 18:40,3
2026-09-27 18:45,3
2026-09-27 18:50,3
2026-09-27 18:55,2
2026-09-27 19:00,2
2026-09-27 19:05,1
2026-09-27 19:10,2
2026-09-27 19:15,2
2026-09-27 19:20,2
2026-09-27 19:25,1
2026-09-27 19:30,1
2026-09-27 19:35,1
2026-09-27 19:40,1
2026-09-27 19:45,1
2026-09-27 19:50,1
2026-09-27 20:00,1
2026-09-27 20:05,1
2026-09-27 20:10,1
2026-09-27 20:15,1
2026-09-27 20:20,1
2026-09-27 20:25,1
2026-09-27 20:30,2
2026-09-27 20:35,2
2026-09-27 20:40,3
2026-09-27 20:45,2
2026-09-27 20:50,3
2026-09-27 20:55,3
2026-09-27 21:00,3
2026-09-27 21:05,3
2026-09-27 21:10,3
2026-09-27 21:15,2
2026-09-27 21:20,2
2026-09-27 21:25,1
2026-09-27 21:30,1
2026-09-27 21:40,1
2026-09-27 21:45,1
2026-09-27 21:50,1
2026-09-27 21:55,1
2026-09-27 22:00,1
2026-09-27 22:05,2
2026-09-27 22:10,2
2026-09-27 22:15,1
2026-09-27 22:20,1
2026-09-27 22:25,1
2026-09-27 22:30,1
2026-09-27 22:35,1
2026-09-27 22:40,1
2026-09-27 22:45,1
2026-09-28 07:30,1
2026-09-28 07:35,1
2026-09-28 07:40,2
2026-09-28 07:45,2
2026-09-28 07:50,3
2026-09-28 07:55,3
2026-09-28 08:00,3
2026-09-28 08:05,2
2026-09-28 08:10,2
2026-09-28 08:15,2
2026-09-28 08:20,4
2026-09-28 08:25,4
2026-09-28 08:30,4
2026-09-28 08:35,3
2026-09-28 08:40,3
2026-09-28 08:45,3
2026-09-28 08:50,3
2026-09-28 08:55,2
2026-09-28 09:00,1
2026-09-28 09:05,1
2026-09-28 09:10,1
2026-09-28 09:15,1
2026-09-28 09:20,1
2026-09-28 09:25,2
2026-09-28 09:30,2
2026-09-28 09:35,2
2026-09-28 09:40,2
2026-09-28 09:45,1
2026-09-28 09:50,1
2026-09-28 10:05,1
2026-09-28 10:10,1
2026-09-28 10:15,1
2026-09-28 10:20,1
2026-09-28 10:25,1
2026-09-28 10:30,2
2026-09-28 10:35,2
2026-09-28 10:40,2
2026-09-28 10:45,1
2026-09-28 10:50,1
2026-09-28 10:55,1
2026-09-28 11:00,1
2026-09-28 11:35,1
2026-09-28 11:40,1
2026-09-28 11:45,1
2026-09-28 11:50,1
2026-09-28 11:55,1
2026-09-28 12:00,1
2026-09-28 12:05,1
2026-09-28 12:10,1
2026-09-28 12:15,1
2026-09-28 12:20,1
2026-09-28 12:25,1
2026-09-28 12:30,1
2026-09-28 12:35,1
2026-09-28 12:40,1
2026-09-28 12:45,1
2026-09-28 12:50,1
2026-09-28 12:55,1
2026-09-28 13:00,1
2026-09-28 13:25,1
2026-09-28 13:30,1
2026-09-28 13:35,1
2026-09-28 13:40,1
2026-09-28 13:45,1
2026-09-28 13:50,1
2026-09-28 14:10,1
2026-09-28 14:15,1
2026-09-28 14:20,1
2026-09-28 14:25,2
2026-09-28 14:30,2
2026-09-28 14:35,2
2026-09-28 14:40,2
2026-09-28 14:45,2
2026-09-28 14:50,2
2026-09-28 14:55,2
2026-09-28 15:00,1
2026-09-28 15:05,1
2026-09-28 15:45,1
2026-09-28 15:50,1
2026-09-28 15:55,2
2026-09-28 16:00,2
2026-09-28 16:05,3
2026-09-28 16:10,3
2026-09-28 16:15,3
2026-09-28 16:20,3
2026-09-28 16:25,3
2026-09-28 16:30,2
2026-09-28 16:35,2
2026-09-28 16:40,1
2026-09-28 16:45,1
2026-09-28 17:55,1
2026-09-28 18:00,1
2026-09-28 18:05,1
2026-09-28 18:10,1
2026-09-28 18:15,1
2026-09-28 18:20,2
2026-09-28 18:25,2
2026-09-28 18:30,3
2026-09-28 18:35,3
2026-09-28 18:40,3
2026-09-28 18:45,3
2026-09-28 18:50,3
2026-09-28 18:55,2
2026-09-28 19:00,2
2026-09-28 19:05,1
2026-09-28 19:10,2
2026-09-28 19:15,2
2026-09-28 19:20,2
2026-09-28 19:25,1
2026-09-28 19:30,1
2026-09-28 19:35,1
2026-09-28 19:40,1
2026-09-28 19:45,1
2026-09-28 19:50,1
2026-09-28 20:00,1
2026-09-28 20:05,1
2026-09-28 20:10,1
2026-09-28 20:15,1
2026-09-28 20:20,1
2026-09-28 20:25,1
2026-09-28 20:30,2
2026-09-28 20:35,2
2026-09-28 20:40,3
2026-09-28 20:45,2
2026-09-28 20:50,3
2026-09-28 20:55,3
2026-09-28 21:00,3
2026-09-28 21:05,3
2026-09-28 21:10,3
2026-09-28 21:15,2
2026-09-28 21:20,2
2026-09-28 21:25,1
2026-09-28 21:30,1
2026-09-28 21:40,1
2026-09-28 21:45,1
2026-09-28 21:50,1
2026-09-28 21:55,1
2026-09-28 22:00,1
2026-09-28 22:05,2
2026-09-28 22:10,2
2026-09-28 22:15,2
2026-09-28 22:20,2
2026-09-28 22:25,2
2026-09-28 22:30,2
2026-09-28 22:35,2
2026-09-28 22:40,2
2026-09-28 22:45,2
2026-09-28 22:50,1
2026-09-28 22:55,1
2026-09-28 23:00,1
2026-09-29 07:30,1
2026-09-29 07:35,1
2026-09-29 07:40,2
2026-09-29 07:45,2
2026-09-29 07:50,3
2026-09-29 07:55,3
2026-09-29 08:00,3
2026-09-29 08:05,2
2026-09-29 08:10,2
2026-09-29 08:15,2
2026-09-29 08:20,3
2026-09-29 08:25,3
2026-09-29 08:30,3
2026-09-29 08:35,2
2026-09-29 08:40,2
2026-09-29 08:45,2
2026-09-29 08:50,2
2026-09-29 08:55,1
2026-09-29 09:25,1
2026-09-29 09:30,1
2026-09-29 09:35,1
2026-09-29 09:40,1
2026-09-29 10:05,1
2026-09-29 10:10,1
2026-09-29 10:15,1
2026-09-29 10:20,1
2026-09-29 10:25,1
2026-09-29 10:30,2
2026-09-29 10:35,2
2026-09-29 10:40,2
2026-09-29 10:45,1
2026-09-29 10:50,1
2026-09-29 10:55,1
2026-09-29 11:00,1
2026-09-29 11:35,1
2026-09-29 11:40,1
2026-09-29 11:45,1
2026-09-29 11:50,1
2026-09-29 11:55,1
2026-09-29 12:00,1
2026-09-29 12:05,1
2026-09-29 12:10,1
2026-09-29 12:15,1
2026-09-29 12:20,1
2026-09-29 12:25,1
2026-09-29 12:30,1
2026-09-29 12:35,1
2026-09-29 12:40,1
2026-09-29 12:45,1
2026-09-29 12:50,1
2026-09-29 12:55,1
2026-09-29 13:00,1
2026-09-29 13:20,1
2026-09-29 13:25,2
2026-09-29 13:30,2
2026-09-29 13:35,2
2026-09-29 13:40,2
2026-09-29 13:45,1
2026-09-29 13:50,1
2026-09-29 14:10,1
2026-09-29 14:15,1
2026-09-29 14:20,1
2026-09-29 14:25,2
2026-09-29 14:30,2
2026-09-29 14:35,2
2026-09-29 14:40,2
2026-09-29 14:45,2
2026-09-29 14:50,2
2026-09-29 14:55,2
2026-09-29 15:00,1
2026-09-29 15:05,1
2026-09-29 15:45,1
2026-09-29 15:50,1
2026-09-29 15:55,2
2026-09-29 16:00,2
2026-09-29 16:05,3
2026-09-29 16:10,3
2026-09-29 16:15,3
2026-09-29 16:20,3
2026-09-29 16:25,3
2026-09-29 16:30,2
2026-09-29 16:35,2
2026-09-29 16:40,1
2026-09-29 16:45,1
2026-09-29 17:55,1
2026-09-29 18:00,1
2026-09-29 18:05,1
2026-09-29 18:10,1
2026-09-29 18:15,1
2026-09-29 18:20,1
2026-09-29 18:25,1
2026-09-29 18:30,2
2026-09-29 18:35,2
2026-09-29 18:40,2
2026-09-29 18:45,2
2026-09-29 18:50,2
2026-09-29 18:55,2
2026-09-29 19:00,2
2026-09-29 19:05,1
2026-09-29 19:10,2
2026-09-29 19:15,2
2026-09-29 19:20,2
2026-09-29 19:25,1
2026-09-29 19:30,1
2026-09-29 19:35,1
2026-09-29 19:40,1
2026-09-29 19:45,1
2026-09-29 19:50,1
2026-09-29 20:00,1
2026-09-29 20:05,1
2026-09-29 20:10,1
2026-09-29 20:15,1
2026-09-29 20:20,1
2026-09-29 20:25,1
2026-09-29 20:30,2
2026-09-29 20:35,2
2026-09-29 20:40,3
2026-09-29 20:45,2
2026-09-29 20:50,3
2026-09-29 20:55,3
2026-09-29 21:00,3
2026-09-29 21:05,3
2026-09-29 21:10,3
2026-09-29 21:15,2
2026-09-29 21:20,2
2026-09-29 21:25,1
2026-09-29 21:30,1
2026-09-29 21:40,1
2026-09-29 21:45,1
2026-09-29 21:50,1
2026-09-29 21:55,1
2026-09-29 22:00,1
2026-09-29 22:05,2
2026-09-29 22:10,2
2026-09-29 22:15,1
2026-09-29 22:20,1
2026-09-29 22:25,1
2026-09-29 22:30,1
2026-09-29 22:35,1
2026-09-29 22:40,1
2026-09-29 22:45,1
2026-09-30 07:40,1
2026-09-30 07:45,1
2026-09-30 07:50,2
2026-09-30 07:55,2
2026-09-30 08:00,2
2026-09-30 08:05,2
2026-09-30 08:10,2
2026-09-30 08:15,2
2026-09-30 08:20,4
2026-09-30 08:25,4
2026-09-30 08:30,4
2026-09-30 08:35,3
2026-09-30 08:40,3
2026-09-30 08:45,3
2026-09-30 08:50,3
2026-09-30 08:55,2
2026-09-30 09:00,1
2026-09-30 09:05,1
2026-09-30 09:10,1
2026-09-30 09:15,1
2026-09-30 09:20,1
2026-09-30 09:25,2
2026-09-30 09:30,2
2026-09-30 09:35,2
2026-09-30 09:40,2
2026-09-30 09:45,1
2026-09-30 09:50,1
2026-09-30 10:05,1
2026-09-30 10:10,1
2026-09-30 10:15,1
2026-09-30 10:20,1
2026-09-30 10:25,1
2026-09-30 10:30,2
2026-09-30 10:35,2
2026-09-30 10:40,2
2026-09-30 10:45,1
2026-09-30 10:50,1
2026-09-30 10:55,1
2026-09-30 11:00,1
2026-09-30 11:35,1
2026-09-30 11:40,1
2026-09-30 11:45,1
2026-09-30 11:50,1
2026-09-30 11:55,1
2026-09-30 12:00,1
2026-09-30 12:05,1
2026-09-30 12:10,1
2026-09-30 12:15,1
2026-09-30 12:20,1
2026-09-30 12:25,1
2026-09-30 12:30,1
2026-09-30 12:35,1
2026-09-30 12:40,1
2026-09-30 12:45,1
2026-09-30 12:50,1
2026-09-30 12:55,1
2026-09-30 13:00,1
2026-09-30 13:25,1
2026-09-30 13:30,1
2026-09-30 13:35,1
2026-09-30 13:40,1
2026-09-30 13:45,1
2026-09-30 13:50,1
2026-09-30 14:10,1
2026-09-30 14:15,1
2026-09-30 14:20,1
2026-09-30 14:25,2
2026-09-30 14:30,2
2026-09-30 14:35,2
2026-09-30 14:40,2
2026-09-30 14:45,2
2026-09-30 14:50,2
2026-09-30 14:55,2
2026-09-30 15:00,1
2026-09-30 15:05,1
2026-09-30 15:45,1
2026-09-30 15:50,1
2026-09-30 15:55,2
2026-09-30 16:00,2
2026-09-30 16:05,3
2026-09-30 16:10,3
2026-09-30 16:15,3
2026-09-30 16:20,3
2026-09-30 16:25,3
2026-09-30 16:30,2
2026-09-30 16:35,2
2026-09-30 16:40,1
2026-09-30 16:45,1
2026-09-30 17:55,1
2026-09-30 18:00,1
2026-09-30 18:05,1
2026-09-30 18:10,1
2026-09-30 18:15,1
2026-09-30 18:20,2
2026-09-30 18:25,2
2026-09-30 18:30,3
2026-09-30 18:35,3
2026-09-30 18:40,3
2026-09-30 18:45,3
2026-09-30 18:50,3
2026-09-30 18:55,2
2026-09-30 19:00,2
2026-09-30 19:05,1
2026-09-30 19:10,2
2026-09-30 19:15,2
2026-09-30 19:20,2
2026-09-30 19:25,1
2026-09-30 19:30,1
2026-09-30 19:35,1
2026-09-30 19:40,1
2026-09-30 19:45,1
2026-09-30 19:50,1
2026-09-30 20:00,1
2026-09-30 20:05,1
2026-09-30 20:10,1
2026-09-30 20:15,1
2026-09-30 20:20,1
2026-09-30 20:25,1
2026-09-30 20:30,2
2026-09-30 20:35,2
2026-09-30 20:40,3
2026-09-30 20:45,2
2026-09-30 20:50,3
2026-09-30 20:55,3
2026-09-30 21:00,3
2026-09-30 21:05,3
2026-09-30 21:10,3
2026-09-30 21:15,2
2026-09-30 21:20,2
2026-09-30 21:25,1
2026-09-30 21:30,1
2026-09-30 21:40,1
2026-09-30 21:45,1
2026-09-30 21:50,1
2026-09-30 21:55,1
2026-09-30 22:00,1
2026-09-30 22:05,2
2026-09-30 22:10,2
2026-09-30 22:15,2
2026-09-30 22:20,2
2026-09-30 22:25,2
2026-09-30 22:30,2
2026-09-30 22:35,2
2026-09-30 22:40,2
2026-09-30 22:45,2
2026-09-30 22:50,1
2026-09-30 22:55,1
2026-09-30 23:00,1
2026-10-01 07:30,1
2026-10-01 07:35,1
2026-10-01 07:40,2
2026-10-01 07:45,2
2026-10-01 07:50,3
2026-10-01 07:55,3
2026-10-01 08:00,3
2026-10-01 08:05,2
2026-10-01 08:10,2
2026-10-01 08:15,2
2026-10-01 08:20,3
2026-10-01 08:25,3
2026-10-01 08:30,3
2026-10-01 08:35,2
2026-10-01 08:40,2
2026-10-01 08:45,2
2026-10-01 08:50,2
2026-10-01 08:55,1
2026-10-01 09:25,1
2026-10-01 09:30,1
2026-10-01 09:35,1
2026-10-01 09:40,1
2026-10-01 10:05,1
2026-10-01 10:10,1
2026-10-01 10:15,1
2026-10-01 10:20,1
2026-10-01 10:25,1
2026-10-01 10:30,2
2026-10-01 10:35,2
2026-10-01 10:40,2
2026-10-01 10:45,1
2026-10-01 10:50,1
2026-10-01 10:55,1
2026-10-01 11:00,1
2026-10-01 11:35,1
2026-10-01 11:40,1
2026-10-01 11:45,1
2026-10-01 11:50,1
2026-10-01 11:55,1
2026-10-01 12:00,1
2026-10-01 12:05,1
2026-10-01 12:10,1
2026-10-01 12:15,1
2026-10-01 12:20,1
2026-10-01 12:25,1
2026-10-01 12:30,1
2026-10-01 12:35,1
2026-10-01 12:40,1
2026-10-01 12:45,1
2026-10-01 12:50,1
2026-10-01 12:55,1
2026-10-01 13:00,1
2026-10-01 13:20,1
2026-10-01 13:25,2
2026-10-01 13:30,2
2026-10-01 13:35,2
2026-10-01 13:40,2
2026-10-01 13:45,1
2026-10-01 13:50,1
2026-10-01 14:10,1
2026-10-01 14:15,1
2026-10-01 14:20,1
2026-10-01 14:25,2
2026-10-01 14:30,2
2026-10-01 14:35,2
2026-10-01 14:40,2
2026-10-01 14:45,2
2026-10-01 14:50,2
2026-10-01 14:55,2
2026-10-01 15:00,1
2026-10-01 15:05,1
2026-10-01 15:45,1
2026-10-01 15:50,1
2026-10-01 15:55,2
2026-10-01 16:00,2
2026-10-01 16:05,3
2026-10-01 16:10,3
2026-10-01 16:15,3
2026-10-01 16:20,3
2026-10-01 16:25,3
2026-10-01 16:30,2
2026-10-01 16:35,2
2026-10-01 16:40,1
2026-10-01 16:45,1
2026-10-01 17:55,1
2026-10-01 18:00,1
2026-10-01 18:05,1
2026-10-01 18:10,1
2026-10-01 18:15,1
2026-10-01 18:20,1
2026-10-01 18:25,1
2026-10-01 18:30,2
2026-10-01 18:35,2
2026-10-01 18:40,2
2026-10-01 18:45,2
2026-10-01 18:50,2
2026-10-01 18:55,2
2026-10-01 19:00,2
2026-10-01 19:05,1
2026-10-01 19:10,2
2026-10-01 19:15,2
2026-10-01 19:20,2
2026-10-01 19:25,1
2026-10-01 19:30,1
2026-10-01 19:35,1
2026-10-01 19:40,1
2026-10-01 19:45,1
2026-10-01 19:50,1
2026-10-01 20:00,1
2026-10-01 20:05,1
2026-10-01 20:10,1
2026-10-01 20:15,1
2026-10-01 20:20,1
2026-10-01 20:25,1
2026-10-01 20:30,2
2026-10-01 20:35,2
2026-10-01 20:40,3
2026-10-01 20:45,2
2026-10-01 20:50,3
2026-10-01 20:55,3
2026-10-01 21:00,3
2026-10-01 21:05,3
2026-10-01 21:10,3
2026-10-01 21:15,2
2026-10-01 21:20,2
2026-10-01 21:25,1
2026-10-01 21:30,1
2026-10-01 21:40,1
2026-10-01 21:45,1
2026-10-01 21:50,1
2026-10-01 21:55,1
2026-10-01 22:00,1
2026-10-01 22:05,2
2026-10-01 22:10,2
2026-10-01 22:15,1
2026-10-01 22:20,1
2026-10-01 22:25,1
2026-10-01 22:30,1
2026-10-01 22:35,1
2026-10-01 22:40,1
2026-10-01 22:45,1
2026-10-02 07:40,1
2026-10-02 07:45,1
2026-10-02 07:50,2
2026-10-02 07:55,2
2026-10-02 08:00,2
2026-10-02 08:05,2
2026-10-02 08:10,2
2026-10-02 08:15,2
2026-10-02 08:20,4
2026-10-02 08:25,4
2026-10-02 08:30,4
2026-10-02 08:35,3
2026-10-02 08:40,3
2026-10-02 08:45,3
2026-10-02 08:50,3
2026-10-02 08:55,2
2026-10-02 09:00,1
2026-10-02 09:05,1
2026-10-02 09:10,1
2026-10-02 09:15,1
2026-10-02 09:20,1
2026-10-02 09:25,2
2026-10-02 09:30,2
2026-10-02 09:35,2
2026-10-02 09:40,2
2026-10-02 09:45,1
2026-10-02 09:50,1
2026-10-02 10:05,1
2026-10-02 10:10,1
2026-10-02 10:15,1
2026-10-02 10:20,1
2026-10-02 10:25,1
2026-10-02 10:30,2
2026-10-02 10:35,2
2026-10-02 10:40,2
2026-10-02 10:45,1
2026-10-02 10:50,1
2026-10-02 10:55,1
2026-10-02 11:00,1
2026-10-02 11:35,1
2026-10-02 11:40,1
2026-10-02 11:45,1
2026-10-02 11:50,1
2026-10-02 11:55,1
2026-10-02 12:00,1
2026-10-02 12:05,1
2026-10-02 12:10,1
2026-10-02 12:15,1
2026-10-02 12:20,1
2026-10-02 12:25,1
2026-10-02 12:30,1
2026-10-02 12:35,1
2026-10-02 12:40,1
2026-10-02 12:45,1
2026-10-02 12:50,1
2026-10-02 12:55,1
2026-10-02 13:00,1
2026-10-02 13:25,1
2026-10-02 13:30,1
2026-10-02 13:35,1
2026-10-02 13:40,1
2026-10-02 13:45,1
2026-10-02 13:50,1
2026-10-02 14:10,1
2026-10-02 14:15,1
2026-10-02 14:20,1
2026-10-02 14:25,2
2026-10-02 14:30,2
2026-10-02 14:35,2
2026-10-02 14:40,2
2026-10-02 14:45,2
2026-10-02 14:50,2
2026-10-02 14:55,2
2026-10-02 15:00,1
2026-10-02 15:05,1
2026-10-02 15:45,1
2026-10-02 15:50,1
2026-10-02 15:55,2
2026-10-02 16:00,2
2026-10-02 16:05,3
2026-10-02 16:10,3
2026-10-02 16:15,3
2026-10-02 16:20,3
2026-10-02 16:25,3
2026-10-02 16:30,2
2026-10-02 16:35,2
2026-10-02 16:40,1
2026-10-02 16:45,1
2026-10-02 17:55,1
2026-10-02 18:00,1
2026-10-02 18:05,1
2026-10-02 18:10,1
2026-10-02 18:15,1
2026-10-02 18:20,2
2026-10-02 18:25,2
2026-10-02 18:30,3
2026-10-02 18:35,3
2026-10-02 18:40,3
2026-10-02 18:45,3
2026-10-02 18:50,3
2026-10-02 18:55,2
2026-10-02 19:00,2
2026-10-02 19:05,1
2026-10-02 19:10,2
2026-10-02 19:15,2
2026-10-02 19:20,2
2026-10-02 19:25,1
2026-10-02 19:30,1
2026-10-02 19:35,1
2026-10-02 19:40,1
2026-10-02 19:45,1
2026-10-02 19:50,1
2026-10-02 20:00,1
2026-10-02 20:05,1
2026-10-02 20:10,1
2026-10-02 20:15,1
2026-10-02 20:20,1
2026-10-02 20:25,1
2026-10-02 20:30,2
2026-10-02 20:35,2
2026-10-02 20:40,3
2026-10-02 20:45,2
2026-10-02 20:50,3
2026-10-02 20:55,3
2026-10-02 21:00,3
2026-10-02 21:05,3
2026-10-02 21:10,3
2026-10-02 21:15,2
2026-10-02 21:20,2
2026-10-02 21:25,1
2026-10-02 21:30,1
2026-10-02 21:40,1
2026-10-02 21:45,1
2026-10-02 21:50,1
2026-10-02 21:55,1
2026-10-02 22:00,1
2026-10-02 22:05,2
2026-10-02 22:10,2
2026-10-02 22:15,2
2026-10-02 22:20,2
2026-10-02 22:25,2
2026-10-02 22:30,2
2026-10-02 22:35,2
2026-10-02 22:40,2
2026-10-02 22:45,2
2026-10-02 22:50,1
2026-10-02 22:55,1
2026-10-02 23:00,1
2026-10-03 07:30,1
2026-10-03 07:35,1
2026-10-03 07:40,2
2026-10-03 07:45,2
2026-10-03 07:50,3
2026-10-03 07:55,3
2026-10-03 08:00,3
2026-10-03 08:05,2
2026-10-03 08:10,2
2026-10-03 08:15,2
2026-10-03 08:20,3
2026-10-03 08:25,3
2026-10-03 08:30,3
2026-10-03 08:35,2
2026-10-03 08:40,2
2026-10-03 08:45,2
2026-10-03 08:50,2
2026-10-03 08:55,1
2026-10-03 09:25,1
2026-10-03 09:30,1
2026-10-03 09:35,1
2026-10-03 09:40,1
2026-10-03 10:05,1
2026-10-03 10:10,1
2026-10-03 10:15,1
2026-10-03 10:20,1
2026-10-03 10:25,1
2026-10-03 10:30,2
2026-10-03 10:35,2
2026-10-03 10:40,2
2026-10-03 10:45,1
2026-10-03 10:50,1
2026-10-03 10:55,1
2026-10-03 11:00,1
2026-10-03 11:35,1
2026-10-03 11:40,1
2026-10-03 11:45,1
2026-10-03 11:50,1
2026-10-03 11:55,1
2026-10-03 12:00,1
2026-10-03 12:05,1
2026-10-03 12:10,1
2026-10-03 12:15,1
2026-10-03 12:20,1
2026-10-03 12:25,1
2026-10-03 12:30,1
2026-10-03 12:35,1
2026-10-03 12:40,1
2026-10-03 12:45,1
2026-10-03 12:50,1
2026-10-03 12:55,1
2026-10-03 13:00,1
2026-10-03 13:20,1
2026-10-03 13:25,2
2026-10-03 13:30,2
2026-10-03 13:35,2
2026-10-03 13:40,2
2026-10-03 13:45,1
2026-10-03 13:50,1
2026-10-03 14:10,1
2026-10-03 14:15,1
2026-10-03 14:20,1
2026-10-03 14:25,2
2026-10-03 14:30,2
2026-10-03 14:35,2
2026-10-03 14:40,2
2026-10-03 14:45,2
2026-10-03 14:50,2
2026-10-03 14:55,2
2026-10-03 15:00,1
2026-10-03 15:05,1
2026-10-03 15:45,1
2026-10-03 15:50,1
2026-10-03 15:55,2
2026-10-03 16:00,2
2026-10-03 16:05,3
2026-10-03 16:10,3
2026-10-03 16:15,3
2026-10-03 16:20,3
2026-10-03 16:25,3
2026-10-03 16:30,2
2026-10-03 16:35,2
2026-10-03 16:40,1
2026-10-03 16:45,1
2026-10-03 17:55,1
2026-10-03 18:00,1
2026-10-03 18:05,1
2026-10-03 18:10,1
2026-10-03 18:15,1
2026-10-03 18:20,1
2026-10-03 18:25,1
2026-10-03 18:30,2
2026-10-03 18:35,2
2026-10-03 18:40,2
2026-10-03 18:45,2
2026-10-03 18:50,2
2026-10-03 18:55,2
2026-10-03 19:00,2
2026-10-03 19:05,1
2026-10-03 19:10,2
2026-10-03 19:15,2
2026-10-03 19:20,2
2026-10-03 19:25,1
2026-10-03 19:30,1
2026-10-03 19:35,1
2026-10-03 19:40,1
2026-10-03 19:45,1
2026-10-03 19:50,1
2026-10-03 20:00,1
2026-10-03 20:05,1
2026-10-03 20:10,1
2026-10-03 20:15,1
2026-10-03 20:20,1
2026-10-03 20:25,1
2026-10-03 20:30,2
2026-10-03 20:35,2
2026-10-03 20:40,3
2026-10-03 20:45,2
2026-10-03 20:50,3
2026-10-03 20:55,3
2026-10-03 21:00,3
2026-10-03 21:05,3
2026-10-03 21:10,3
2026-10-03 21:15,2
2026-10-03 21:20,2
2026-10-03 21:25,1
2026-10-03 21:30,1
2026-10-03 21:40,1
2026-10-03 21:45,1
2026-10-03 21:50,1
2026-10-03 21:55,1
2026-10-03 22:00,1
2026-10-03 22:05,2
2026-10-03 22:10,2
2026-10-03 22:15,2
2026-10-03 22:20,2
2026-10-03 22:25,2
2026-10-03 22:30,2
2026-10-03 22:35,2
2026-10-03 22:40,2
2026-10-03 22:45,2
2026-10-03 22:50,1
2026-10-03 22:55,1
2026-10-03 23:00,1
2026-10-04 07:40,1
2026-10-04 07:45,1
2026-10-04 07:50,2
2026-10-04 07:55,2
2026-10-04 08:00,2
2026-10-04 08:05,2
2026-10-04 08:10,2
2026-10-04 08:15,2
2026-10-04 08:20,4
2026-10-04 08:25,4
2026-10-04 08:30,4
2026-10-04 08:35,3
2026-10-04 08:40,3
2026-10-04 08:45,3
2026-10-04 08:50,3
2026-10-04 08:55,2
2026-10-04 09:00,1
2026-10-04 09:05,1
2026-10-04 09:10,1
2026-10-04 09:15,1
2026-10-04 09:20,1
2026-10-04 09:25,2
2026-10-04 09:30,2
2026-10-04 09:35,2
2026-10-04 09:40,2
2026-10-04 09:45,1
2026-10-04 09:50,1
2026-10-04 10:05,1
2026-10-04 10:10,1
2026-10-04 10:15,1
2026-10-04 10:20,1
2026-10-04 10:25,1
2026-10-04 10:30,2
2026-10-04 10:35,2
2026-10-04 10:40,2
2026-10-04 10:45,1
2026-10-04 10:50,1
2026-10-04 10:55,1
2026-10-04 11:00,1
2026-10-04 11:35,1
2026-10-04 11:40,1
2026-10-04 11:45,1
2026-10-04 11:50,1
2026-10-04 11:55,1
2026-10-04 12:00,1
2026-10-04 12:05,1
2026-10-04 12:10,1
2026-10-04 12:15,1
2026-10-04 12:20,1
2026-10-04 12:25,1
2026-10-04 12:30,1
2026-10-04 12:35,1
2026-10-04 12:40,1
2026-10-04 12:45,1
2026-10-04 12:50,1
2026-10-04 12:55,1
2026-10-04 13:00,1
2026-10-04 13:25,1
2026-10-04 13:30,1
2026-10-04 13:35,1
2026-10-04 13:40,1
2026-10-04 13:45,1
2026-10-04 13:50,1
2026-10-04 14:10,1
2026-10-04 14:15,1
2026-10-04 14:20,1
2026-10-04 14:25,2
2026-10-04 14:30,2
2026-10-04 14:35,2
2026-10-04 14:40,2
2026-10-04 14:45,2
2026-10-04 14:50,2
2026-10-04 14:55,2
2026-10-04 15:00,1
2026-10-04 15:05,1
2026-10-04 15:45,1
2026-10-04 15:50,1
2026-10-04 15:55,2
2026-10-04 16:00,2
2026-10-04 16:05,3
2026-10-04 16:10,3
2026-10-04 16:15,3
2026-10-04 16:20,3
2026-10-04 16:25,3
2026-10-04 16:30,2
2026-10-04 16:35,2
2026-10-04 16:40,1
2026-10-04 16:45,1
2026-10-04 17:55,1
2026-10-04 18:00,1
2026-10-04 18:05,1
2026-10-04 18:10,1
2026-10-04 18:15,1
2026-10-04 18:20,2
2026-10-04 18:25,2
2026-10-04 18:30,3
2026-10-04 18:35,3
2026-10-04 18:40,3
2026-10-04 18:45,3
2026-10-04 18:50,3
2026-10-04 18:55,2
2026-10-04 19:00,2
2026-10-04 19:05,1
2026-10-04 19:10,2
2026-10-04 19:15,2
2026-10-04 19:20,2
2026-10-04 19:25,1
2026-10-04 19:30,1
2026-10-04 19:35,1
2026-10-04 19:40,1
2026-10-04 19:45,1
2026-10-04 19:50,1
2026-10-04 20:00,1
2026-10-04 20:05,1
2026-10-04 20:10,1
2026-10-04 20:15,1
2026-10-04 20:20,1
2026-10-04 20:25,1
2026-10-04 20:30,2
2026-10-04 20:35,2
2026-10-04 20:40,3
2026-10-04 20:45,2
2026-10-04 20:50,3
2026-10-04 20:55,3
2026-10-04 21:00,3
2026-10-04 21:05,3
2026-10-04 21:10,3
2026-10-04 21:15,2
2026-10-04 21:20,2
2026-10-04 21:25,1
2026-10-04 21:30,1
2026-10-04 21:40,1
2026-10-04 21:45,1
2026-10-04 21:50,1
2026-10-04 21:55,1
2026-10-04 22:00,1
2026-10-04 22:05,2
2026-10-04 22:10,2
2026-10-04 22:15,1
2026-10-04 22:20,1
2026-10-04 22:25,1
2026-10-04 22:30,1
2026-10-04 22:35,1
2026-10-04 22:40,1
2026-10-04 22:45,1
2026-10-05 07:30,1
2026-10-05 07:35,1
2026-10-05 07:40,2
2026-10-05 07:45,2
2026-10-05 07:50,3
2026-10-05 07:55,3
2026-10-05 08:00,3
2026-10-05 08:05,2
2026-10-05 08:10,2
2026-10-05 08:15,2
2026-10-05 08:20,4
2026-10-05 08:25,4
2026-10-05 08:30,4
2026-10-05 08:35,3
2026-10-05 08:40,3
2026-10-05 08:45,3
2026-10-05 08:50,3
2026-10-05 08:55,2
2026-10-05 09:00,1
2026-10-05 09:05,1
2026-10-05 09:10,1
2026-10-05 09:15,1
2026-10-05 09:20,1
2026-10-05 09:25,2
2026-10-05 09:30,2
2026-10-05 09:35,2
2026-10-05 09:40,2
2026-10-05 09:45,1
2026-10-05 09:50,1
2026-10-05 10:05,1
2026-10-05 10:10,1
2026-10-05 10:15,1
2026-10-05 10:20,1
2026-10-05 10:25,1
2026-10-05 10:30,2
2026-10-05 10:35,2
2026-10-05 10:40,2
2026-10-05 10:45,1
2026-10-05 10:50,1
2026-10-05 10:55,1
2026-10-05 11:00,1
2026-10-05 11:35,1
2026-10-05 11:40,1
2026-10-05 11:45,1
2026-10-05 11:50,1
2026-10-05 11:55,1
2026-10-05 12:00,1
2026-10-05 12:05,1
2026-10-05 12:10,1
2026-10-05 12:15,1
2026-10-05 12:20,1
2026-10-05 12:25,1
2026-10-05 12:30,1
2026-10-05 12:35,1
2026-10-05 12:40,1
2026-10-05 12:45,1
2026-10-05 12:50,1
2026-10-05 12:55,1
2026-10-05 13:00,1
2026-10-05 13:25,1
2026-10-05 13:30,1
2026-10-05 13:35,1
2026-10-05 13:40,1
2026-10-05 13:45,1
2026-10-05 13:50,1
2026-10-05 14:10,1
2026-10-05 14:15,1
2026-10-05 14:20,1
2026-10-05 14:25,2
2026-10-05 14:30,2
2026-10-05 14:35,2
2026-10-05 14:40,2
2026-10-05 14:45,2
2026-10-05 14:50,2
2026-10-05 14:55,2
2026-10-05 15:00,1
2026-10-05 15:05,1
2026-10-05 15:45,1
2026-10-05 15:50,1
2026-10-05 15:55,2
2026-10-05 16:00,2
2026-10-05 16:05,3
2026-10-05 16:10,3
2026-10-05 16:15,3
2026-10-05 16:20,3
2026-10-05 16:25,3
2026-10-05 16:30,2
2026-10-05 16:35,2
2026-10-05 16:40,1
2026-10-05 16:45,1
2026-10-05 17:55,1
2026-10-05 18:00,1
2026-10-05 18:05,1
2026-10-05 18:10,1
2026-10-05 18:15,1
2026-10-05 18:20,2
2026-10-05 18:25,2
2026-10-05 18:30,3
2026-10-05 18:35,3
2026-10-05 18:40,3
2026-10-05 18:45,3
2026-10-05 18:50,3
2026-10-05 18:55,2
2026-10-05 19:00,2
2026-10-05 19:05,1
2026-10-05 19:10,2
2026-10-05 19:15,2
2026-10-05 19:20,2
2026-10-05 19:25,1
2026-10-05 19:30,1
2026-10-05 19:35,1
2026-10-05 19:40,1
2026-10-05 19:45,1
2026-10-05 19:50,1
2026-10-05 20:00,1
2026-10-05 20:05,1
2026-10-05 20:10,1
2026-10-05 20:15,1
2026-10-05 20:20,1
2026-10-05 20:25,1
2026-10-05 20:30,2
2026-10-05 20:35,2
2026-10-05 20:40,3
2026-10-05 20:45,2
2026-10-05 20:50,3
2026-10-05 20:55,3
2026-10-05 21:00,3
2026-10-05 21:05,3
2026-10-05 21:10,3
2026-10-05 21:15,2
2026-10-05 21:20,2
2026-10-05 21:25,1
2026-10-05 21:30,1
2026-10-05 21:40,1
2026-10-05 21:45,1
2026-10-05 21:50,1
2026-10-05 21:55,1
2026-10-05 22:00,1
2026-10-05 22:05,2
2026-10-05 22:10,2
2026-10-05 22:15,2
2026-10-05 22:20,2
2026-10-05 22:25,2
2026-10-05 22:30,2
2026-10-05 22:35,2
2026-10-05 22:40,2
2026-10-05 22:45,2
2026-10-05 22:50,1
2026-10-05 22:55,1
2026-10-05 23:00,1
2026-10-06 07:30,1
2026-10-06 07:35,1
2026-10-06 07:40,2
2026-10-06 07:45,2
2026-10-06 07:50,3
2026-10-06 07:55,3
2026-10-06 08:00,3
2026-10-06 08:05,2
2026-10-06 08:10,2
2026-10-06 08:15,2
2026-10-06 08:20,3
2026-10-06 08:25,3
2026-10-06 08:30,3
2026-10-06 08:35,2
2026-10-06 08:40,2
2026-10-06 08:45,2
2026-10-06 08:50,2
2026-10-06 08:55,1
2026-10-06 09:25,1
2026-10-06 09:30,1
2026-10-06 09:35,1
2026-10-06 09:40,1
2026-10-06 10:05,1
2026-10-06 10:10,1
2026-10-06 10:15,1
2026-10-06 10:20,1
2026-10-06 10:25,1
2026-10-06 10:30,2
2026-10-06 10:35,2
2026-10-06 10:40,2
2026-10-06 10:45,1
2026-10-06 10:50,1
2026-10-06 10:55,1
2026-10-06 11:00,1
2026-10-06 11:35,1
2026-10-06 11:40,1
2026-10-06 11:45,1
2026-10-06 11:50,1
2026-10-06 11:55,1
2026-10-06 12:00,1
2026-10-06 12:05,1
2026-10-06 12:10,1
2026-10-06 12:15,1
2026-10-06 12:20,1
2026-10-06 12:25,1
2026-10-06 12:30,1
2026-10-06 12:35,1
2026-10-06 12:40,1
2026-10-06 12:45,1
2026-10-06 12:50,1
2026-10-06 12:55,1
2026-10-06 13:00,1
2026-10-06 13:20,1
2026-10-06 13:25,2
2026-10-06 13:30,2
2026-10-06 13:35,2
2026-10-06 13:40,2
2026-10-06 13:45,1
2026-10-06 13:50,1
2026-10-06 14:10,1
2026-10-06 14:15,1
2026-10-06 14:20,1
2026-10-06 14:25,2
2026-10-06 14:30,2
2026-10-06 14:35,2
2026-10-06 14:40,2
2026-10-06 14:45,2
2026-10-06 14:50,2
2026-10-06 14:55,2
2026-10-06 15:00,1
2026-10-06 15:05,1
2026-10-06 15:45,1
2026-10-06 15:50,1
2026-10-06 15:55,2
2026-10-06 16:00,2
2026-10-06 16:05,3
2026-10-06 16:10,3
2026-10-06 16:15,3
2026-10-06 16:20,3
2026-10-06 16:25,3
2026-10-06 16:30,2
2026-10-06 16:35,2
2026-10-06 16:40,1
2026-10-06 16:45,1
2026-10-06 17:55,1
2026-10-06 18:00,1
2026-10-06 18:05,1
2026-10-06 18:10,1
2026-10-06 18:15,1
2026-10-06 18:20,1
2026-10-06 18:25,1
2026-10-06 18:30,2
2026-10-06 18:35,2
2026-10-06 18:40,2
2026-10-06 18:45,2
2026-10-06 18:50,2
2026-10-06 18:55,2
2026-10-06 19:00,2
2026-10-06 19:05,1
2026-10-06 19:10,2
2026-10-06 19:15,2
2026-10-06 19:20,2
2026-10-06 19:25,1
2026-10-06 19:30,1
2026-10-06 19:35,1
2026-10-06 19:40,1
2026-10-06 19:45,1
2026-10-06 19:50,1
2026-10-06 20:00,1
2026-10-06 20:05,1
2026-10-06 20:10,1
2026-10-06 20:15,1
2026-10-06 20:20,1
2026-10-06 20:25,1
2026-10-06 20:30,2
2026-10-06 20:35,2
2026-10-06 20:40,3
2026-10-06 20:45,2
2026-10-06 20:50,3
2026-10-06 20:55,3
2026-10-06 21:00,3
2026-10-06 21:05,3
2026-10-06 21:10,3
2026-10-06 21:15,2
2026-10-06 21:20,2
2026-10-06 21:25,1
2026-10-06 21:30,1
2026-10-06 21:40,1
2026-10-06 21:45,1
2026-10-06 21:50,1
2026-10-06 21:55,1
2026-10-06 22:00,1
2026-10-06 22:05,2
2026-10-06 22:10,2
2026-10-06 22:15,1
2026-10-06 22:20,1
2026-10-06 22:25,1
2026-10-06 22:30,1
2026-10-06 22:35,1
2026-10-06 22:40,1
2026-10-06 22:45,1
2026-10-07 07:40,1
2026-10-07 07:45,1
2026-10-07 07:50,2
2026-10-07 07:55,2
2026-10-07 08:00,2
2026-10-07 08:05,2
2026-10-07 08:10,2
2026-10-07 08:15,2
2026-10-07 08:20,4
2026-10-07 08:25,4
2026-10-07 08:30,4
2026-10-07 08:35,3
2026-10-07 08:40,3
2026-10-07 08:45,3
2026-10-07 08:50,3
2026-10-07 08:55,2
2026-10-07 09:00,1
2026-10-07 09:05,1
2026-10-07 09:10,1
2026-10-07 09:15,1
2026-10-07 09:20,1
2026-10-07 09:25,2
2026-10-07 09:30,2
2026-10-07 09:35,2
2026-10-07 09:40,2
2026-10-07 09:45,1
2026-10-07 09:50,1
2026-10-07 10:05,1
2026-10-07 10:10,1
2026-10-07 10:15,1
2026-10-07 10:20,1
2026-10-07 10:25,1
2026-10-07 10:30,2
2026-10-07 10:35,2
2026-10-07 10:40,2
2026-10-07 10:45,1
2026-10-07 10:50,1
2026-10-07 10:55,1
2026-10-07 11:00,1
2026-10-07 11:35,1
2026-10-07 11:40,1
2026-10-07 11:45,1
2026-10-07 11:50,1
2026-10-07 11:55,1
2026-10-07 12:00,1
2026-10-07 12:05,1
2026-10-07 12:10,1
2026-10-07 12:15,1
2026-10-07 12:20,1
2026-10-07 12:25,1
2026-10-07 12:30,1
2026-10-07 12:35,1
2026-10-07 12:40,1
2026-10-07 12:45,1
2026-10-07 12:50,1
2026-10-07 12:55,1
2026-10-07 13:00,1
2026-10-07 13:25,1
2026-10-07 13:30,1
2026-10-07 13:35,1
2026-10-07 13:40,1
2026-10-07 13:45,1
2026-10-07 13:50,1
2026-10-07 14:10,1
2026-10-07 14:15,1
2026-10-07 14:20,1
2026-10-07 14:25,2
2026-10-07 14:30,2
2026-10-07 14:35,2
2026-10-07 14:40,2
2026-10-07 14:45,2
2026-10-07 14:50,2
2026-10-07 14:55,2
2026-10-07 15:00,1
2026-10-07 15:05,1
2026-10-07 15:45,1
2026-10-07 15:50,1
2026-10-07 15:55,2
2026-10-07 16:00,2
2026-10-07 16:05,3
2026-10-07 16:10,3
2026-10-07 16:15,3
2026-10-07 16:20,3
2026-10-07 16:25,3
2026-10-07 16:30,2
2026-10-07 16:35,2
2026-10-07 16:40,1
2026-10-07 16:45,1
2026-10-07 17:55,1
2026-10-07 18:00,1
2026-10-07 18:05,1
2026-10-07 18:10,1
2026-10-07 18:15,1
2026-10-07 18:20,2
2026-10-07 18:25,2
2026-10-07 18:30,3
2026-10-07 18:35,3
2026-10-07 18:40,3
2026-10-07 18:45,3
2026-10-07 18:50,3
2026-10-07 18:55,2
2026-10-07 19:00,2
2026-10-07 19:05,1
2026-10-07 19:10,2
2026-10-07 19:15,2
2026-10-07 19:20,2
2026-10-07 19:25,1
2026-10-07 19:30,1
2026-10-07 19:35,1
2026-10-07 19:40,1
2026-10-07 19:45,1
2026-10-07 19:50,1
2026-10-07 20:00,1
2026-10-07 20:05,1
2026-10-07 20:10,1
2026-10-07 20:15,1
2026-10-07 20:20,1
2026-10-07 20:25,1
2026-10-07 20:30,2
2026-10-07 20:35,2
2026-10-07 20:40,3
2026-10-07 20:45,2
2026-10-07 20:50,3
2026-10-07 20:55,3
2026-10-07 21:00,3
2026-10-07 21:05,3
2026-10-07 21:10,3
2026-10-07 21:15,2
2026-10-07 21:20,2
2026-10-07 21:25,1
2026-10-07 21:30,1
2026-10-07 21:40,1
2026-10-07 21:45,1
2026-10-07 21:50,1
2026-10-07 21:55,1
2026-10-07 22:00,1
2026-10-07 22:05,2
2026-10-07 22:10,2
2026-10-07 22:15,2
2026-10-07 22:20,2
2026-10-07 22:25,2
2026-10-07 22:30,2
2026-10-07 22:35,2
2026-10-07 22:40,2
2026-10-07 22:45,2
2026-10-07 22:50,1
2026-10-07 22:55,1
2026-10-07 23:00,1
2026-10-08 07:30,1
2026-10-08 07:35,1
2026-10-08 07:40,2
2026-10-08 07:45,2
2026-10-08 07:50,3
2026-10-08 07:55,3
2026-10-08 08:00,3
2026-10-08 08:05,2
2026-10-08 08:10,2
2026-10-08 08:15,2
2026-10-08 08:20,3
2026-10-08 08:25,3
2026-10-08 08:30,3
2026-10-08 08:35,2
2026-10-08 08:40,2
2026-10-08 08:45,2
2026-10-08 08:50,2
2026-10-08 08:55,1
2026-10-08 09:25,1
2026-10-08 09:30,1
2026-10-08 09:35,1
2026-10-08 09:40,1
2026-10-08 10:05,1
2026-10-08 10:10,1
2026-10-08 10:15,1
2026-10-08 10:20,1
2026-10-08 10:25,1
2026-10-08 10:30,2
2026-10-08 10:35,2
2026-10-08 10:40,2
2026-10-08 10:45,1
2026-10-08 10:50,1
2026-10-08 10:55,1
2026-10-08 11:00,1
2026-10-08 11:35,1
2026-10-08 11:40,1
2026-10-08 11:45,1
2026-10-08 11:50,1
2026-10-08 11:55,1
2026-10-08 12:00,1
2026-10-08 12:05,1
2026-10-08 12:10,1
2026-10-08 12:15,1
2026-10-08 12:20,1
2026-10-08 12:25,1
2026-10-08 12:30,1
2026-10-08 12:35,1
2026-10-08 12:40,1
2026-10-08 12:45,1
2026-10-08 12:50,1
2026-10-08 12:55,1
2026-10-08 13:00,1
2026-10-08 13:20,1
2026-10-08 13:25,2
2026-10-08 13:30,2
2026-10-08 13:35,2
2026-10-08 13:40,2
2026-10-08 13:45,1
2026-10-08 13:50,1
2026-10-08 14:10,1
2026-10-08 14:15,1
2026-10-08 14:20,1
2026-10-08 14:25,2
2026-10-08 14:30,2
2026-10-08 14:35,2
2026-10-08 14:40,2
2026-10-08 14:45,2
2026-10-08 14:50,2
2026-10-08 14:55,2
2026-10-08 15:00,1
2026-10-08 15:05,1
2026-10-08 15:45,1
2026-10-08 15:50,1
2026-10-08 15:55,2
2026-10-08 16:00,2
2026-10-08 16:05,3
2026-10-08 16:10,3
2026-10-08 16:15,3
2026-10-08 16:20,3
2026-10-08 16:25,3
2026-10-08 16:30,2
2026-10-08 16:35,2
2026-10-08 16:40,1
2026-10-08 16:45,1
2026-10-08 17:55,1
2026-10-08 18:00,1
2026-10-08 18:05,1
2026-10-08 18:10,1
2026-10-08 18:15,1
2026-10-08 18:20,1
2026-10-08 18:25,1
2026-10-08 18:30,2
2026-10-08 18:35,2
2026-10-08 18:40,2
2026-10-08 18:45,2
2026-10-08 18:50,2
2026-10-08 18:55,2
2026-10-08 19:00,2
2026-10-08 19:05,1
2026-10-08 19:10,2
2026-10-08 19:15,2
2026-10-08 19:20,2
2026-10-08 19:25,1
2026-10-08 19:30,1
2026-10-08 19:35,1
2026-10-08 19:40,1
2026-10-08 19:45,1
2026-10-08 19:50,1
2026-10-08 20:00,1
2026-10-08 20:05,1
2026-10-08 20:10,1
2026-10-08 20:15,1
2026-10-08 20:20,1
2026-10-08 20:25,1
2026-10-08 20:30,2
2026-10-08 20:35,2
2026-10-08 20:40,3
2026-10-08 20:45,2
2026-10-08 20:50,3
2026-10-08 20:55,3
2026-10-08 21:00,3
2026-10-08 21:05,3
2026-10-08 21:10,3
2026-10-08 21:15,2
2026-10-08 21:20,2
2026-10-08 21:25,1
2026-10-08 21:30,1
2026-10-08 21:40,1
2026-10-08 21:45,1
2026-10-08 21:50,1
2026-10-08 21:55,1
2026-10-08 22:00,1
2026-10-08 22:05,2
2026-10-08 22:10,2
2026-10-08 22:15,1
2026-10-08 22:20,1
2026-10-08 22:25,1
2026-10-08 22:30,1
2026-10-08 22:35,1
2026-10-08 22:40,1
2026-10-08 22:45,1
2026-10-09 07:40,1
2026-10-09 07:45,1
2026-10-09 07:50,2
2026-10-09 07:55,2
2026-10-09 08:00,2
2026-10-09 08:05,2
2026-10-09 08:10,2
2026-10-09 08:15,2
2026-10-09 08:20,4
2026-10-09 08:25,4
2026-10-09 08:30,4
2026-10-09 08:35,3
2026-10-09 08:40,3
2026-10-09 08:45,3
2026-10-09 08:50,3
2026-10-09 08:55,2
2026-10-09 09:00,1
2026-10-09 09:05,1
2026-10-09 09:10,1
2026-10-09 09:15,1
2026-10-09 09:20,1
2026-10-09 09:25,2
2026-10-09 09:30,2
2026-10-09 09:35,2
2026-10-09 09:40,2
2026-10-09 09:45,1
2026-10-09 09:50,1
2026-10-09 10:05,1
2026-10-09 10:10,1
2026-10-09 10:15,1
2026-10-09 10:20,1
2026-10-09 10:25,1
2026-10-09 10:30,2
2026-10-09 10:35,2
2026-10-09 10:40,2
2026-10-09 10:45,1
2026-10-09 10:50,1
2026-10-09 10:55,1
2026-10-09 11:00,1
2026-10-09 11:35,1
2026-10-09 11:40,1
2026-10-09 11:45,1
2026-10-09 11:50,1
2026-10-09 11:55,1
2026-10-09 12:00,1
2026-10-09 12:05,1
2026-10-09 12:10,1
2026-10-09 12:15,1
2026-10-09 12:20,1
2026-10-09 12:25,1
2026-10-09 12:30,1
2026-10-09 12:35,1
2026-10-09 12:40,1
2026-10-09 12:45,1
2026-10-09 12:50,1
2026-10-09 12:55,1
2026-10-09 13:00,1
2026-10-09 13:25,1
2026-10-09 13:30,1
2026-10-09 13:35,1
2026-10-09 13:40,1
2026-10-09 13:45,1
2026-10-09 13:50,1
2026-10-09 14:10,1
2026-10-09 14:15,1
2026-10-09 14:20,1
2026-10-09 14:25,2
2026-10-09 14:30,2
2026-10-09 14:35,2
2026-10-09 14:40,2
2026-10-09 14:45,2
2026-10-09 14:50,2
2026-10-09 14:55,2
2026-10-09 15:00,1
2026-10-09 15:05,1
2026-10-09 15:45,1
2026-10-09 15:50,1
2026-10-09 15:55,2
2026-10-09 16:00,2
2026-10-09 16:05,3
2026-10-09 16:10,3
2026-10-09 16:15,3
2026-10-09 16:20,3
2026-10-09 16:25,3
2026-10-09 16:30,2
2026-10-09 16:35,2
2026-10-09 16:40,1
2026-10-09 16:45,1
2026-10-09 17:55,1
2026-10-09 18:00,1
2026-10-09 18:05,1
2026-10-09 18:10,1
2026-10-09 18:15,1
2026-10-09 18:20,2
2026-10-09 18:25,2
2026-10-09 18:30,3
2026-10-09 18:35,3
2026-10-09 18:40,3
2026-10-09 18:45,3
2026-10-09 18:50,3
2026-10-09 18:55,2
2026-10-09 19:00,2
2026-10-09 19:05,1
2026-10-09 19:10,2
2026-10-09 19:15,2
2026-10-09 19:20,2
2026-10-09 19:25,1
2026-10-09 19:30,1
2026-10-09 19:35,1
2026-10-09 19:40,1
2026-10-09 19:45,1
2026-10-09 19:50,1
2026-10-09 20:00,1
2026-10-09 20:05,1
2026-10-09 20:10,1
2026-10-09 20:15,1
2026-10-09 20:20,1
2026-10-09 20:25,1
2026-10-09 20:30,2
2026-10-09 20:35,2
2026-10-09 20:40,3
2026-10-09 20:45,2
2026-10-09 20:50,3
2026-10-09 20:55,3
2026-10-09 21:00,3
2026-10-09 21:05,3
2026-10-09 21:10,3
2026-10-09 21:15,2
2026-10-09 21:20,2
2026-10-09 21:25,1
2026-10-09 21:30,1
2026-10-09 21:40,1
2026-10-09 21:45,1
2026-10-09 21:50,1
2026-10-09 21:55,1
2026-10-09 22:00,1
2026-10-09 22:05,2
2026-10-09 22:10,2
2026-10-09 22:15,2
2026-10-09 22:20,2
2026-10-09 22:25,2
2026-10-09 22:30,2
2026-10-09 22:35,2
2026-10-09 22:40,2
2026-10-09 22:45,2
2026-10-09 22:50,1
2026-10-09 22:55,1
2026-10-09 23:00,1
2026-10-10 07:30,1
2026-10-10 07:35,1
2026-10-10 07:40,2
2026-10-10 07:45,2
2026-10-10 07:50,3
2026-10-10 07:55,3
2026-10-10 08:00,3
2026-10-10 08:05,2
2026-10-10 08:10,2
2026-10-10 08:15,2
2026-10-10 08:20,3
2026-10-10 08:25,3
2026-10-10 08:30,3
2026-10-10 08:35,2
2026-10-10 08:40,2
2026-10-10 08:45,2
2026-10-10 08:50,2
2026-10-10 08:55,1
2026-10-10 09:25,1
2026-10-10 09:30,1
2026-10-10 09:35,1
2026-10-10 09:40,1
2026-10-10 10:05,1
2026-10-10 10:10,1
2026-10-10 10:15,1
2026-10-10 10:20,1
2026-10-10 10:25,1
2026-10-10 10:30,2
2026-10-10 10:35,2
2026-10-10 10:40,2
2026-10-10 10:45,1
2026-10-10 10:50,1
2026-10-10 10:55,1
2026-10-10 11:00,1
2026-10-10 11:35,1
2026-10-10 11:40,1
2026-10-10 11:45,1
2026-10-10 11:50,1
2026-10-10 11:55,1
2026-10-10 12:00,1
2026-10-10 12:05,1
2026-10-10 12:10,1
2026-10-10 12:15,1
2026-10-10 12:20,1
2026-10-10 12:25,1
2026-10-10 12:30,1
2026-10-10 12:35,1
2026-10-10 12:40,1
2026-10-10 12:45,1
2026-10-10 12:50,1
2026-10-10 12:55,1
2026-10-10 13:00,1
2026-10-10 13:20,1
2026-10-10 13:25,2
2026-10-10 13:30,2
2026-10-10 13:35,2
2026-10-10 13:40,2
2026-10-10 13:45,1
2026-10-10 13:50,1
2026-10-10 14:10,1
2026-10-10 14:15,1
2026-10-10 14:20,1
2026-10-10 14:25,2
2026-10-10 14:30,2
2026-10-10 14:35,2
2026-10-10 14:40,2
2026-10-10 14:45,2
2026-10-10 14:50,2
2026-10-10 14:55,2
2026-10-10 15:00,1
2026-10-10 15:05,1
2026-10-10 15:45,1
2026-10-10 15:50,1
2026-10-10 15:55,2
2026-10-10 16:00,2
2026-10-10 16:05,3
2026-10-10 16:10,3
2026-10-10 16:15,3
2026-10-10 16:20,3
2026-10-10 16:25,3
2026-10-10 16:30,2
2026-10-10 16:35,2
2026-10-10 16:40,1
2026-10-10 16:45,1
2026-10-10 17:55,1
2026-10-10 18:00,1
2026-10-10 18:05,1
2026-10-10 18:10,1
2026-10-10 18:15,1
2026-10-10 18:20,1
2026-10-10 18:25,1
2026-10-10 18:30,2
2026-10-10 18:35,2
2026-10-10 18:40,2
2026-10-10 18:45,2
2026-10-10 18:50,2
2026-10-10 18:55,2
2026-10-10 19:00,2
2026-10-10 19:05,1
2026-10-10 19:10,2
2026-10-10 19:15,2
2026-10-10 19:20,2
2026-10-10 19:25,1
2026-10-10 19:30,1
2026-10-10 19:35,1
2026-10-10 19:40,1
2026-10-10 19:45,1
2026-10-10 19:50,1
2026-10-10 20:00,1
2026-10-10 20:05,1
2026-10-10 20:10,1
2026-10-10 20:15,1
2026-10-10 20:20,1
2026-10-10 20:25,1
2026-10-10 20:30,2
2026-10-10 20:35,2
2026-10-10 20:40,3
2026-10-10 20:45,2
2026-10-10 20:50,3
2026-10-10 20:55,3
2026-10-10 21:00,3
2026-10-10 21:05,3
2026-10-10 21:10,3
2026-10-10 21:15,2
2026-10-10 21:20,2
2026-10-10 21:25,1
2026-10-10 21:30,1
2026-10-10 21:40,1
2026-10-10 21:45,1
2026-10-10 21:50,1
2026-10-10 21:55,1
2026-10-10 22:00,1
2026-10-10 22:05,2
2026-10-10 22:10,2
2026-10-10 22:15,2
2026-10-10 22:20,2
2026-10-10 22:25,2
2026-10-10 22:30,2
2026-10-10 22:35,2
2026-10-10 22:40,2
2026-10-10 22:45,2
2026-10-10 22:50,1
2026-10-10 22:55,1
2026-10-10 23:00,1
2026-10-11 07:40,1
2026-10-11 07:45,1
2026-10-11 07:50,2
2026-10-11 07:55,2
2026-10-11 08:00,2
2026-10-11 08:05,2
2026-10-11 08:10,2
2026-10-11 08:15,2
2026-10-11 08:20,4
2026-10-11 08:25,4
2026-10-11 08:30,4
2026-10-11 08:35,3
2026-10-11 08:40,3
2026-10-11 08:45,3
2026-10-11 08:50,3
2026-10-11 08:55,2
2026-10-11 09:00,1
2026-10-11 09:05,1
2026-10-11 09:10,1
2026-10-11 09:15,1
2026-10-11 09:20,1
2026-10-11 09:25,2
2026-10-11 09:30,2
2026-10-11 09:35,2
2026-10-11 09:40,2
2026-10-11 09:45,1
2026-10-11 09:50,1
2026-10-11 10:05,1
2026-10-11 10:10,1
2026-10-11 10:15,1
2026-10-11 10:20,1
2026-10-11 10:25,1
2026-10-11 10:30,2
2026-10-11 10:35,2
2026-10-11 10:40,2
2026-10-11 10:45,1
2026-10-11 10:50,1
2026-10-11 10:55,1
2026-10-11 11:00,1
2026-10-11 11:35,1
2026-10-11 11:40,1
2026-10-11 11:45,1
2026-10-11 11:50,1
2026-10-11 11:55,1
2026-10-11 12:00,1
2026-10-11 12:05,1
2026-10-11 12:10,1
2026-10-11 12:15,1
2026-10-11 12:20,1
2026-10-11 12:25,1
2026-10-11 12:30,1
2026-10-11 12:35,1
2026-10-11 12:40,1
2026-10-11 12:45,1
2026-10-11 12:50,1
2026-10-11 12:55,1
2026-10-11 13:00,1
2026-10-11 13:25,1
2026-10-11 13:30,1
2026-10-11 13:35,1
2026-10-11 13:40,1
2026-10-11 13:45,1
2026-10-11 13:50,1
2026-10-11 14:10,1
2026-10-11 14:15,1
2026-10-11 14:20,1
2026-10-11 14:25,2
2026-10-11 14:30,2
2026-10-11 14:35,2
2026-10-11 14:40,2
2026-10-11 14:45,2
2026-10-11 14:50,2
2026-10-11 14:55,2
2026-10-11 15:00,1
2026-10-11 15:05,1
2026-10-11 15:45,1
2026-10-11 15:50,1
2026-10-11 15:55,2
2026-10-11 16:00,2
2026-10-11 16:05,3
2026-10-11 16:10,3
2026-10-11 16:15,3
2026-10-11 16:20,3
2026-10-11 16:25,3
2026-10-11 16:30,2
2026-10-11 16:35,2
2026-10-11 16:40,1
2026-10-11 16:45,1
2026-10-11 17:55,1
2026-10-11 18:00,1
2026-10-11 18:05,1
2026-10-11 18:10,1
2026-10-11 18:15,1
2026-10-11 18:20,2
2026-10-11 18:25,2
2026-10-11 18:30,3
2026-10-11 18:35,3
2026-10-11 18:40,3
2026-10-11 18:45,3
2026-10-11 18:50,3
2026-10-11 18:55,2
2026-10-11 19:00,2
2026-10-11 19:05,1
2026-10-11 19:10,2
2026-10-11 19:15,2
2026-10-11 19:20,2
2026-10-11 19:25,1
2026-10-11 19:30,1
2026-10-11 19:35,1
2026-10-11 19:40,1
2026-10-11 19:45,1
2026-10-11 19:50,1
2026-10-11 20:00,1
2026-10-11 20:05,1
2026-10-11 20:10,1
2026-10-11 20:15,1
2026-10-11 20:20,1
2026-10-11 20:25,1
2026-10-11 20:30,2
2026-10-11 20:35,2
2026-10-11 20:40,3
2026-10-11 20:45,2
2026-10-11 20:50,3
2026-10-11 20:55,3
2026-10-11 21:00,3
2026-10-11 21:05,3
2026-10-11 21:10,3
2026-10-11 21:15,2
2026-10-11 21:20,2
2026-10-11 21:25,1
2026-10-11 21:30,1
2026-10-11 21:40,1
2026-10-11 21:45,1
2026-10-11 21:50,1
2026-10-11 21:55,1
2026-10-11 22:00,1
2026-10-11 22:05,2
2026-10-11 22:10,2
2026-10-11 22:15,1
2026-10-11 22:20,1
2026-10-11 22:25,1
2026-10-11 22:30,1
2026-10-11 22:35,1
2026-10-11 22:40,1
2026-10-11 22:45,1
2026-10-12 07:30,1
2026-10-12 07:35,1
2026-10-12 07:40,2
2026-10-12 07:45,2
2026-10-12 07:50,3
2026-10-12 07:55,3
2026-10-12 08:00,3
2026-10-12 08:05,2
2026-10-12 08:10,2
2026-10-12 08:15,2
2026-10-12 08:20,4
2026-10-12 08:25,4
2026-10-12 08:30,4
2026-10-12 08:35,3
2026-10-12 08:40,3
2026-10-12 08:45,3
2026-10-12 08:50,3
2026-10-12 08:55,2
2026-10-12 09:00,1
2026-10-12 09:05,1
2026-10-12 09:10,1
2026-10-12 09:15,1
2026-10-12 09:20,1
2026-10-12 09:25,2
2026-10-12 09:30,2
2026-10-12 09:35,2
2026-10-12 09:40,2
2026-10-12 09:45,1
2026-10-12 09:50,1
2026-10-12 10:05,1
2026-10-12 10:10,1
2026-10-12 10:15,1
2026-10-12 10:20,1
2026-10-12 10:25,1
2026-10-12 10:30,2
2026-10-12 10:35,2
2026-10-12 10:40,2
2026-10-12 10:45,1
2026-10-12 10:50,1
2026-10-12 10:55,1
2026-10-12 11:00,1
2026-10-12 11:35,1
2026-10-12 11:40,1
2026-10-12 11:45,1
2026-10-12 11:50,1
2026-10-12 11:55,1
2026-10-12 12:00,1
2026-10-12 12:05,1
2026-10-12 12:10,1
2026-10-12 12:15,1
2026-10-12 12:20,1
2026-10-12 12:25,1
2026-10-12 12:30,1
2026-10-12 12:35,1
2026-10-12 12:40,1
2026-10-12 12:45,1
2026-10-12 12:50,1
2026-10-12 12:55,1
2026-10-12 13:00,1
2026-10-12 13:25,1
2026-10-12 13:30,1
2026-10-12 13:35,1
2026-10-12 13:40,1
2026-10-12 13:45,1
2026-10-12 13:50,1
2026-10-12 14:10,1
2026-10-12 14:15,1
2026-10-12 14:20,1
2026-10-12 14:25,2
2026-10-12 14:30,2
2026-10-12 14:35,2
2026-10-12 14:40,2
2026-10-12 14:45,2
2026-10-12 14:50,2
2026-10-12 14:55,2
2026-10-12 15:00,1
2026-10-12 15:05,1
2026-10-12 15:45,1
2026-10-12 15:50,1
2026-10-12 15:55,2
2026-10-12 16:00,2
2026-10-12 16:05,3
2026-10-12 16:10,3
2026-10-12 16:15,3
2026-10-12 16:20,3
2026-10-12 16:25,3
2026-10-12 16:30,2
2026-10-12 16:35,2
2026-10-12 16:40,1
2026-10-12 16:45,1
2026-10-12 17:55,1
2026-10-12 18:00,1
2026-10-12 18:05,1
2026-10-12 18:10,1
2026-10-12 18:15,1
2026-10-12 18:20,2
2026-10-12 18:25,2
2026-10-12 18:30,3
2026-10-12 18:35,3
2026-10-12 18:40,3
2026-10-12 18:45,3
2026-10-12 18:50,3
2026-10-12 18:55,2
2026-10-12 19:00,2
2026-10-12 19:05,1
2026-10-12 19:10,2
2026-10-12 19:15,2
2026-10-12 19:20,2
2026-10-12 19:25,1
2026-10-12 19:30,1
2026-10-12 19:35,1
2026-10-12 19:40,1
2026-10-12 19:45,1
2026-10-12 19:50,1
2026-10-12 20:00,1
2026-10-12 20:05,1
2026-10-12 20:10,1
2026-10-12 20:15,1
2026-10-12 20:20,1
2026-10-12 20:25,1
2026-10-12 20:30,2
2026-10-12 20:35,2
2026-10-12 20:40,3
2026-10-12 20:45,2
2026-10-12 20:50,3
2026-10-12 20:55,3
2026-10-12 21:00,3
2026-10-12 21:05,3
2026-10-12 21:10,3
2026-10-12 21:15,2
2026-10-12 21:20,2
2026-10-12 21:25,1
2026-10-12 21:30,1
2026-10-12 21:40,1
2026-10-12 21:45,1
2026-10-12 21:50,1
2026-10-12 21:55,1
2026-10-12 22:00,1
2026-10-12 22:05,2
2026-10-12 22:10,2
2026-10-12 22:15,2
2026-10-12 22:20,2
2026-10-12 22:25,2
2026-10-12 22:30,2
2026-10-12 22:35,2
2026-10-12 22:40,2
2026-10-12 22:45,2
2026-10-12 22:50,1
2026-10-12 22:55,1
2026-10-12 23:00,1
2026-10-13 07:30,1
2026-10-13 07:35,1
2026-10-13 07:40,2
2026-10-13 07:45,2
2026-10-13 07:50,3
2026-10-13 07:55,3
2026-10-13 08:00,3
2026-10-13 08:05,2
2026-10-13 08:10,2
2026-10-13 08:15,2
2026-10-13 08:20,3
2026-10-13 08:25,3
2026-10-13 08:30,3
2026-10-13 08:35,2
2026-10-13 08:40,2
2026-10-13 08:45,2
2026-10-13 08:50,2
2026-10-13 08:55,1
2026-10-13 09:25,1
2026-10-13 09:30,1
2026-10-13 09:35,1
2026-10-13 09:40,1
2026-10-13 10:05,1
2026-10-13 10:10,1
2026-10-13 10:15,1
2026-10-13 10:20,1
2026-10-13 10:25,1
2026-10-13 10:30,2
2026-10-13 10:35,2
2026-10-13 10:40,2
2026-10-13 10:45,1
2026-10-13 10:50,1
2026-10-13 10:55,1
2026-10-13 11:00,1
2026-10-13 11:35,1
2026-10-13 11:40,1
2026-10-13 11:45,1
2026-10-13 11:50,1
2026-10-13 11:55,1
2026-10-13 12:00,1
2026-10-13 12:05,1
2026-10-13 12:10,1
2026-10-13 12:15,1
2026-10-13 12:20,1
2026-10-13 12:25,1
2026-10-13 12:30,1
2026-10-13 12:35,1
2026-10-13 12:40,1
2026-10-13 12:45,1
2026-10-13 12:50,1
2026-10-13 12:55,1
2026-10-13 13:00,1
2026-10-13 13:20,1
2026-10-13 13:25,2
2026-10-13 13:30,2
2026-10-13 13:35,2
2026-10-13 13:40,2
2026-10-13 13:45,1
2026-10-13 13:50,1
2026-10-13 14:10,1
2026-10-13 14:15,1
2026-10-13 14:20,1
2026-10-13 14:25,2
2026-10-13 14:30,2
2026-10-13 14:35,2
2026-10-13 14:40,2
2026-10-13 14:45,2
2026-10-13 14:50,2
2026-10-13 14:55,2
2026-10-13 15:00,1
2026-10-13 15:05,1
2026-10-13 15:45,1
2026-10-13 15:50,1
2026-10-13 15:55,2
2026-10-13 16:00,2
2026-10-13 16:05,3
2026-10-13 16:10,3
2026-10-13 16:15,3
2026-10-13 16:20,3
2026-10-13 16:25,3
2026-10-13 16:30,2
2026-10-13 16:35,2
2026-10-13 16:40,1
2026-10-13 16:45,1
2026-10-13 17:55,1
2026-10-13 18:00,1
2026-10-13 18:05,1
2026-10-13 18:10,1
2026-10-13 18:15,1
2026-10-13 18:20,1
2026-10-13 18:25,1
2026-10-13 18:30,2
2026-10-13 18:35,2
2026-10-13 18:40,2
2026-10-13 18:45,2
2026-10-13 18:50,2
2026-10-13 18:55,2
2026-10-13 19:00,2
2026-10-13 19:05,1
2026-10-13 19:10,2
2026-10-13 19:15,2
2026-10-13 19:20,2
2026-10-13 19:25,1
2026-10-13 19:30,1
2026-10-13 19:35,1
2026-10-13 19:40,1
2026-10-13 19:45,1
2026-10-13 19:50,1
2026-10-13 20:00,1
2026-10-13 20:05,1
2026-10-13 20:10,1
2026-10-13 20:15,1
2026-10-13 20:20,1
2026-10-13 20:25,1
2026-10-13 20:30,2
2026-10-13 20:35,2
2026-10-13 20:40,3
2026-10-13 20:45,2
2026-10-13 20:50,3
2026-10-13 20:55,3
2026-10-13 21:00,3
2026-10-13 21:05,3
2026-10-13 21:10,3
2026-10-13 21:15,2
2026-10-13 21:20,2
2026-10-13 21:25,1
2026-10-13 21:30,1
2026-10-13 21:40,1
2026-10-13 21:45,1
2026-10-13 21:50,1
2026-10-13 21:55,1
2026-10-13 22:00,1
2026-10-13 22:05,2
2026-10-13 22:10,2
2026-10-13 22:15,1
2026-10-13 22:20,1
2026-10-13 22:25,1
2026-10-13 22:30,1
2026-10-13 22:35,1
2026-10-13 22:40,1
2026-10-13 22:45,1
2026-10-14 07:40,1
2026-10-14 07:45,1
2026-10-14 07:50,2
2026-10-14 07:55,2
2026-10-14 08:00,2
2026-10-14 08:05,2
2026-10-14 08:10,2
2026-10-14 08:15,2
2026-10-14 08:20,4
2026-10-14 08:25,4
2026-10-14 08:30,4
2026-10-14 08:35,3
2026-10-14 08:40,3
2026-10-14 08:45,3
2026-10-14 08:50,3
2026-10-14 08:55,2
2026-10-14 09:00,1
2026-10-14 09:05,1
2026-10-14 09:10,1
2026-10-14 09:15,1
2026-10-14 09:20,1
2026-10-14 09:25,2
2026-10-14 09:30,2
2026-10-14 09:35,2
2026-10-14 09:40,2
2026-10-14 09:45,1
2026-10-14 09:50,1
2026-10-14 10:05,1
2026-10-14 10:10,1
2026-10-14 10:15,1
2026-10-14 10:20,1
2026-10-14 10:25,1
2026-10-14 10:30,2
2026-10-14 10:35,2
2026-10-14 10:40,2
2026-10-14 10:45,1
2026-10-14 10:50,1
2026-10-14 10:55,1
2026-10-14 11:00,1
2026-10-14 11:35,1
2026-10-14 11:40,1
2026-10-14 11:45,1
2026-10-14 11:50,1
2026-10-14 11:55,1
2026-10-14 12:00,1
2026-10-14 12:05,1
2026-10-14 12:10,1
2026-10-14 12:15,1
2026-10-14 12:20,1
2026-10-14 12:25,1
2026-10-14 12:30,1
2026-10-14 12:35,1
2026-10-14 12:40,1
2026-10-14 12:45,1
2026-10-14 12:50,1
2026-10-14 12:55,1
2026-10-14 13:00,1
2026-10-14 13:25,1
2026-10-14 13:30,1
2026-10-14 13:35,1
2026-10-14 13:40,1
2026-10-14 13:45,1
2026-10-14 13:50,1
2026-10-14 14:10,1
2026-10-14 14:15,1
2026-10-14 14:20,1
2026-10-14 14:25,2
2026-10-14 14:30,2
2026-10-14 14:35,2
2026-10-14 14:40,2
2026-10-14 14:45,2
2026-10-14 14:50,2
2026-10-14 14:55,2
2026-10-14 15:00,1
2026-10-14 15:05,1
2026-10-14 15:45,1
2026-10-14 15:50,1
2026-10-14 15:55,2
2026-10-14 16:00,2
2026-10-14 16:05,3
2026-10-14 16:10,3
2026-10-14 16:15,3
2026-10-14 16:20,3
2026-10-14 16:25,3
2026-10-14 16:30,2
2026-10-14 16:35,2
2026-10-14 16:40,1
2026-10-14 16:45,1
2026-10-14 17:55,1
2026-10-14 18:00,1
2026-10-14 18:05,1
2026-10-14 18:10,1
2026-10-14 18:15,1
2026-10-14 18:20,2
2026-10-14 18:25,2
2026-10-14 18:30,3
2026-10-14 18:35,3
2026-10-14 18:40,3
2026-10-14 18:45,3
2026-10-14 18:50,3
2026-10-14 18:55,2
2026-10-14 19:00,2
2026-10-14 19:05,1
2026-10-14 19:10,2
2026-10-14 19:15,2
2026-10-14 19:20,2
2026-10-14 19:25,1
2026-10-14 19:30,1
2026-10-14 19:35,1
2026-10-14 19:40,1
2026-10-14 19:45,1
2026-10-14 19:50,1
2026-10-14 20:00,1
2026-10-14 20:05,1
2026-10-14 20:10,1
2026-10-14 20:15,1
2026-10-14 20:20,1
2026-10-14 20:25,1
2026-10-14 20:30,2
2026-10-14 20:35,2
2026-10-14 20:40,3
2026-10-14 20:45,2
2026-10-14 20:50,3
2026-10-14 20:55,3
2026-10-14 21:00,3
2026-10-14 21:05,3
2026-10-14 21:10,3
2026-10-14 21:15,2
2026-10-14 21:20,2
2026-10-14 21:25,1
2026-10-14 21:30,1
2026-10-14 21:40,1
2026-10-14 21:45,1
2026-10-14 21:50,1
2026-10-14 21:55,1
2026-10-14 22:00,1
2026-10-14 22:05,2
2026-10-14 22:10,2
2026-10-14 22:15,2
2026-10-14 22:20,2
2026-10-14 22:25,2
2026-10-14 22:30,2
2026-10-14 22:35,2
2026-10-14 22:40,2
2026-10-14 22:45,2
2026-10-14 22:50,1
2026-10-14 22:55,1
2026-10-14 23:00,1
2026-10-15 07:30,1
2026-10-15 07:35,1
2026-10-15 07:40,2
2026-10-15 07:45,2
2026-10-15 07:50,3
2026-10-15 07:55,3
2026-10-15 08:00,3
2026-10-15 08:05,2
2026-10-15 08:10,2
2026-10-15 08:15,2
2026-10-15 08:20,3
2026-10-15 08:25,3
2026-10-15 08:30,3
2026-10-15 08:35,2
2026-10-15 08:40,2
2026-10-15 08:45,2
2026-10-15 08:50,2
2026-10-15 08:55,1
2026-10-15 09:25,1
2026-10-15 09:30,1
2026-10-15 09:35,1
2026-10-15 09:40,1
2026-10-15 10:05,1
2026-10-15 10:10,1
2026-10-15 10:15,1
2026-10-15 10:20,1
2026-10-15 10:25,1
2026-10-15 10:30,2
2026-10-15 10:35,2
2026-10-15 10:40,2
2026-10-15 10:45,1
2026-10-15 10:50,1
2026-10-15 10:55,1
2026-10-15 11:00,1
2026-10-15 11:35,1
2026-10-15 11:40,1
2026-10-15 11:45,1
2026-10-15 11:50,1
2026-10-15 11:55,1
2026-10-15 12:00,1
2026-10-15 12:05,1
2026-10-15 12:10,1
2026-10-15 12:15,1
2026-10-15 12:20,1
2026-10-15 12:25,1
2026-10-15 12:30,1
2026-10-15 12:35,1
2026-10-15 12:40,1
2026-10-15 12:45,1
2026-10-15 12:50,1
2026-10-15 12:55,1
2026-10-15 13:00,1
2026-10-15 13:20,1
2026-10-15 13:25,2
2026-10-15 13:30,2
2026-10-15 13:35,2
2026-10-15 13:40,2
2026-10-15 13:45,1
2026-10-15 13:50,1
2026-10-15 14:10,1
2026-10-15 14:15,1
2026-10-15 14:20,1
2026-10-15 14:25,2
2026-10-15 14:30,2
2026-10-15 14:35,2
2026-10-15 14:40,2
2026-10-15 14:45,2
2026-10-15 14:50,2
2026-10-15 14:55,2
2026-10-15 15:00,1
2026-10-15 15:05,1
2026-10-15 15:45,1
2026-10-15 15:50,1
2026-10-15 15:55,2
2026-10-15 16:00,2
2026-10-15 16:05,3
2026-10-15 16:10,3
2026-10-15 16:15,3
2026-10-15 16:20,3
2026-10-15 16:25,3
2026-10-15 16:30,2
2026-10-15 16:35,2
2026-10-15 16:40,1
2026-10-15 16:45,1
2026-10-15 17:55,1
2026-10-15 18:00,1
2026-10-15 18:05,1
2026-10-15 18:10,1
2026-10-15 18:15,1
2026-10-15 18:20,1
2026-10-15 18:25,1
2026-10-15 18:30,2
2026-10-15 18:35,2
2026-10-15 18:40,2
2026-10-15 18:45,2
2026-10-15 18:50,2
2026-10-15 18:55,2
2026-10-15 19:00,2
2026-10-15 19:05,1
2026-10-15 19:10,2
2026-10-15 19:15,2
2026-10-15 19:20,2
2026-10-15 19:25,1
2026-10-15 19:30,1
2026-10-15 19:35,1
2026-10-15 19:40,1
2026-10-15 19:45,1
2026-10-15 19:50,1
2026-10-15 20:00,1
2026-10-15 20:05,1
2026-10-15 20:10,1
2026-10-15 20:15,1
2026-10-15 20:20,1
2026-10-15 20:25,1
2026-10-15 20:30,2
2026-10-15 20:35,2
2026-10-15 20:40,3
2026-10-15 20:45,2
2026-10-15 20:50,3
2026-10-15 20:55,3
2026-10-15 21:00,3
2026-10-15 21:05,3
2026-10-15 21:10,3
2026-10-15 21:15,2
2026-10-15 21:20,2
2026-10-15 21:25,1
2026-10-15 21:30,1
2026-10-15 21:40,1
2026-10-15 21:45,1
2026-10-15 21:50,1
2026-10-15 21:55,1
2026-10-15 22:00,1
2026-10-15 22:05,2
2026-10-15 22:10,2
2026-10-15 22:15,1
2026-10-15 22:20,1
2026-10-15 22:25,1
2026-10-15 22:30,1
2026-10-15 22:35,1
2026-10-15 22:40,1
2026-10-15 22:45,1
2026-10-16 07:40,1
2026-10-16 07:45,1
2026-10-16 07:50,2
2026-10-16 07:55,2
2026-10-16 08:00,2
2026-10-16 08:05,2
2026-10-16 08:10,2
2026-10-16 08:15,2
2026-10-16 08:20,4
2026-10-16 08:25,4
2026-10-16 08:30,4
2026-10-16 08:35,3
2026-10-16 08:40,3
2026-10-16 08:45,3
2026-10-16 08:50,3
2026-10-16 08:55,2
2026-10-16 09:00,1
2026-10-16 09:05,1
2026-10-16 09:10,1
2026-10-16 09:15,1
2026-10-16 09:20,1
2026-10-16 09:25,2
2026-10-16 09:30,2
2026-10-16 09:35,2
2026-10-16 09:40,2
2026-10-16 09:45,1
2026-10-16 09:50,1
2026-10-16 10:05,1
2026-10-16 10:10,1
2026-10-16 10:15,1
2026-10-16 10:20,1
2026-10-16 10:25,1
2026-10-16 10:30,2
2026-10-16 10:35,2
2026-10-16 10:40,2
2026-10-16 10:45,1
2026-10-16 10:50,1
2026-10-16 10:55,1
2026-10-16 11:00,1
2026-10-16 11:35,1
2026-10-16 11:40,1
2026-10-16 11:45,1
2026-10-16 11:50,1
2026-10-16 11:55,1
2026-10-16 12:00,1
2026-10-16 12:05,1
2026-10-16 12:10,1
2026-10-16 12:15,1
2026-10-16 12:20,1
2026-10-16 12:25,1
2026-10-16 12:30,1
2026-10-16 12:35,1
2026-10-16 12:40,1
2026-10-16 12:45,1
2026-10-16 12:50,1
2026-10-16 12:55,1
2026-10-16 13:00,1
2026-10-16 13:25,1
2026-10-16 13:30,1
2026-10-16 13:35,1
2026-10-16 13:40,1
2026-10-16 13:45,1
2026-10-16 13:50,1
2026-10-16 14:10,1
2026-10-16 14:15,1
2026-10-16 14:20,1
2026-10-16 14:25,2
2026-10-16 14:30,2
2026-10-16 14:35,2
2026-10-16 14:40,2
2026-10-16 14:45,2
2026-10-16 14:50,2
2026-10-16 14:55,2
2026-10-16 15:00,1
2026-10-16 15:05,1
2026-10-16 15:45,1
2026-10-16 15:50,1
2026-10-16 15:55,2
2026-10-16 16:00,2
2026-10-16 16:05,3
2026-10-16 16:10,3
2026-10-16 16:15,3
2026-10-16 16:20,3
2026-10-16 16:25,3
2026-10-16 16:30,2
2026-10-16 16:35,2
2026-10-16 16:40,1
2026-10-16 16:45,1
2026-10-16 17:55,1
2026-10-16 18:00,1
2026-10-16 18:05,1
2026-10-16 18:10,1
2026-10-16 18:15,1
2026-10-16 18:20,2
2026-10-16 18:25,2
2026-10-16 18:30,3
2026-10-16 18:35,3
2026-10-16 18:40,3
2026-10-16 18:45,3
2026-10-16 18:50,3
2026-10-16 18:55,2
2026-10-16 19:00,2
2026-10-16 19:05,1
2026-10-16 19:10,2
2026-10-16 19:15,2
2026-10-16 19:20,2
2026-10-16 19:25,1
2026-10-16 19:30,1
2026-10-16 19:35,1
2026-10-16 19:40,1
2026-10-16 19:45,1
2026-10-16 19:50,1
2026-10-16 20:00,1
2026-10-16 20:05,1
2026-10-16 20:10,1
2026-10-16 20:15,1
2026-10-16 20:20,1
2026-10-16 20:25,1
2026-10-16 20:30,2
2026-10-16 20:35,2
2026-10-16 20:40,3
2026-10-16 20:45,2
2026-10-16 20:50,3
2026-10-16 20:55,3
2026-10-16 21:00,3
2026-10-16 21:05,3
2026-10-16 21:10,3
2026-10-16 21:15,2
2026-10-16 21:20,2
2026-10-16 21:25,1
2026-10-16 21:30,1
2026-10-16 21:40,1
2026-10-16 21:45,1
2026-10-16 21:50,1
2026-10-16 21:55,1
2026-10-16 22:00,1
2026-10-16 22:05,2
2026-10-16 22:10,2
2026-10-16 22:15,2
2026-10-16 22:20,2
2026-10-16 22:25,2
2026-10-16 22:30,2
2026-10-16 22:35,2
2026-10-16 22:40,2
2026-10-16 22:45,2
2026-10-16 22:50,1
2026-10-16 22:55,1
2026-10-16 23:00,1
2026-10-17 07:30,1
2026-10-17 07:35,1
2026-10-17 07:40,2
2026-10-17 07:45,2
2026-10-17 07:50,3
2026-10-17 07:55,3
2026-10-17 08:00,3
2026-10-17 08:05,2
2026-10-17 08:10,2
2026-10-17 08:15,2
2026-10-17 08:20,3
2026-10-17 08:25,3
2026-10-17 08:30,3
2026-10-17 08:35,2
2026-10-17 08:40,2
2026-10-17 08:45,2
2026-10-17 08:50,2
2026-10-17 08:55,1
2026-10-17 09:25,1
2026-10-17 09:30,1
2026-10-17 09:35,1
2026-10-17 09:40,1
2026-10-17 10:05,1
2026-10-17 10:10,1
2026-10-17 10:15,1
2026-10-17 10:20,1
2026-10-17 10:25,1
2026-10-17 10:30,2
2026-10-17 10:35,2
2026-10-17 10:40,2
2026-10-17 10:45,1
2026-10-17 10:50,1
2026-10-17 10:55,1
2026-10-17 11:00,1
2026-10-17 11:35,1
2026-10-17 11:40,1
2026-10-17 11:45,1
2026-10-17 11:50,1
2026-10-17 11:55,1
2026-10-17 12:00,1
2026-10-17 12:05,1
2026-10-17 12:10,1
2026-10-17 12:15,1
2026-10-17 12:20,1
2026-10-17 12:25,1
2026-10-17 12:30,1
2026-10-17 12:35,1
2026-10-17 12:40,1
2026-10-17 12:45,1
2026-10-17 12:50,1
2026-10-17 12:55,1
2026-10-17 13:00,1
2026-10-17 13:20,1
2026-10-17 13:25,2
2026-10-17 13:30,2
2026-10-17 13:35,2
2026-10-17 13:40,2
2026-10-17 13:45,1
2026-10-17 13:50,1
2026-10-17 14:10,1
2026-10-17 14:15,1
2026-10-17 14:20,1
2026-10-17 14:25,2
2026-10-17 14:30,2
2026-10-17 14:35,2
2026-10-17 14:40,2
2026-10-17 14:45,2
2026-10-17 14:50,2
2026-10-17 14:55,2
2026-10-17 15:00,1
2026-10-17 15:05,1
2026-10-17 15:45,1
2026-10-17 15:50,1
2026-10-17 15:55,2
2026-10-17 16:00,2
2026-10-17 16:05,3
2026-10-17 16:10,3
2026-10-17 16:15,3
2026-10-17 16:20,3
2026-10-17 16:25,3
2026-10-17 16:30,2
2026-10-17 16:35,2
2026-10-17 16:40,1
2026-10-17 16:45,1
2026-10-17 17:55,1
2026-10-17 18:00,1
2026-10-17 18:05,1
2026-10-17 18:10,1
2026-10-17 18:15,1
2026-10-17 18:20,1
2026-10-17 18:25,1
2026-10-17 18:30,2
2026-10-17 18:35,2
2026-10-17 18:40,2
2026-10-17 18:45,2
2026-10-17 18:50,2
2026-10-17 18:55,2
2026-10-17 19:00,2
2026-10-17 19:05,1
2026-10-17 19:10,2
2026-10-17 19:15,2
2026-10-17 19:20,2
2026-10-17 19:25,1
2026-10-17 19:30,1
2026-10-17 19:35,1
2026-10-17 19:40,1
2026-10-17 19:45,1
2026-10-17 19:50,1
2026-10-17 20:00,1
2026-10-17 20:05,1
2026-10-17 20:10,1
2026-10-17 20:15,1
2026-10-17 20:20,1
2026-10-17 20:25,1
2026-10-17 20:30,2
2026-10-17 20:35,2
2026-10-17 20:40,3
2026-10-17 20:45,2
2026-10-17 20:50,3
2026-10-17 20:55,3
2026-10-17 21:00,3
2026-10-17 21:05,3
2026-10-17 21:10,3
2026-10-17 21:15,2
2026-10-17 21:20,2
2026-10-17 21:25,1
2026-10-17 21:30,1
2026-10-17 21:40,1
2026-10-17 21:45,1
2026-10-17 21:50,1
2026-10-17 21:55,1
2026-10-17 22:00,1
2026-10-17 22:05,2
2026-10-17 22:10,2
2026-10-17 22:15,2
2026-10-17 22:20,2
2026-10-17 22:25,2
2026-10-17 22:30,2
2026-10-17 22:35,2
2026-10-17 22:40,2
2026-10-17 22:45,2
2026-10-17 22:50,1
2026-10-17 22:55,1
2026-10-17 23:00,1
2026-10-18 07:40,1
2026-10-18 07:45,1
2026-10-18 07:50,2
2026-10-18 07:55,2
2026-10-18 08:00,2
2026-10-18 08:05,2
2026-10-18 08:10,2
2026-10-18 08:15,2
2026-10-18 08:20,4
2026-10-18 08:25,4
2026-10-18 08:30,4
2026-10-18 08:35,3
2026-10-18 08:40,3
2026-10-18 08:45,3
2026-10-18 08:50,3
2026-10-18 08:55,2
2026-10-18 09:00,1
2026-10-18 09:05,1
2026-10-18 09:10,1
2026-10-18 09:15,1
2026-10-18 09:20,1
2026-10-18 09:25,2
2026-10-18 09:30,2
2026-10-18 09:35,2
2026-10-18 09:40,2
2026-10-18 09:45,1
2026-10-18 09:50,1
2026-10-18 10:05,1
2026-10-18 10:10,1
2026-10-18 10:15,1
2026-10-18 10:20,1
2026-10-18 10:25,1
2026-10-18 10:30,2
2026-10-18 10:35,2
2026-10-18 10:40,2
2026-10-18 10:45,1
2026-10-18 10:50,1
2026-10-18 10:55,1
2026-10-18 11:00,1
2026-10-18 11:35,1
2026-10-18 11:40,1
2026-10-18 11:45,1
2026-10-18 11:50,1
2026-10-18 11:55,1
2026-10-18 12:00,1
2026-10-18 12:05,1
2026-10-18 12:10,1
2026-10-18 12:15,1
2026-10-18 12:20,1
2026-10-18 12:25,1
2026-10-18 12:30,1
2026-10-18 12:35,1
2026-10-18 12:40,1
2026-10-18 12:45,1
2026-10-18 12:50,1
2026-10-18 12:55,1
2026-10-18 13:00,1
2026-10-18 13:25,1
2026-10-18 13:30,1
2026-10-18 13:35,1
2026-10-18 13:40,1
2026-10-18 13:45,1
2026-10-18 13:50,1
2026-10-18 14:10,1
2026-10-18 14:15,1
2026-10-18 14:20,1
2026-10-18 14:25,2
2026-10-18 14:30,2
2026-10-18 14:35,2
2026-10-18 14:40,2
2026-10-18 14:45,2
2026-10-18 14:50,2
2026-10-18 14:55,2
2026-10-18 15:00,1
2026-10-18 15:05,1
2026-10-18 15:45,1
2026-10-18 15:50,1
2026-10-18 15:55,2
2026-10-18 16:00,2
2026-10-18 16:05,3
2026-10-18 16:10,3
2026-10-18 16:15,3
2026-10-18 16:20,3
2026-10-18 16:25,3
2026-10-18 16:30,2
2026-10-18 16:35,2
2026-10-18 16:40,1
2026-10-18 16:45,1
2026-10-18 17:55,1
2026-10-18 18:00,1
2026-10-18 18:05,1
2026-10-18 18:10,1
2026-10-18 18:15,1
2026-10-18 18:20,2
2026-10-18 18:25,2
2026-10-18 18:30,3
2026-10-18 18:35,3
2026-10-18 18:40,3
2026-10-18 18:45,3
2026-10-18 18:50,3
2026-10-18 18:55,2
2026-10-18 19:00,2
2026-10-18 19:05,1
2026-10-18 19:10,2
2026-10-18 19:15,2
2026-10-18 19:20,2
2026-10-18 19:25,1
2026-10-18 19:30,1
2026-10-18 19:35,1
2026-10-18 19:40,1
2026-10-18 19:45,1
2026-10-18 19:50,1
2026-10-18 20:00,1
2026-10-18 20:05,1
2026-10-18 20:10,1
2026-10-18 20:15,1
2026-10-18 20:20,1
2026-10-18 20:25,1
2026-10-18 20:30,2
2026-10-18 20:35,2
2026-10-18 20:40,3
2026-10-18 20:45,2
2026-10-18 20:50,3
2026-10-18 20:55,3
2026-10-18 21:00,3
2026-10-18 21:05,3
2026-10-18 21:10,3
2026-10-18 21:15,2
2026-10-18 21:20,2
2026-10-18 21:25,1
2026-10-18 21:30,1
2026-10-18 21:40,1
2026-10-18 21:45,1
2026-10-18 21:50,1
2026-10-18 21:55,1
2026-10-18 22:00,1
2026-10-18 22:05,2
2026-10-18 22:10,2
2026-10-18 22:15,1
2026-10-18 22:20,1
2026-10-18 22:25,1
2026-10-18 22:30,1
2026-10-18 22:35,1
2026-10-18 22:40,1
2026-10-18 22:45,1
2026-10-19 07:30,1
2026-10-19 07:35,1
2026-10-19 07:40,2
2026-10-19 07:45,2
2026-10-19 07:50,3
2026-10-19 07:55,3
2026-10-19 08:00,3
2026-10-19 08:05,2
2026-10-19 08:10,2
2026-10-19 08:15,2
2026-10-19 08:20,4
2026-10-19 08:25,4
2026-10-19 08:30,4
2026-10-19 08:35,3
2026-10-19 08:40,3
2026-10-19 08:45,3
2026-10-19 08:50,3
2026-10-19 08:55,2
2026-10-19 09:00,1
2026-10-19 09:05,1
2026-10-19 09:10,1
2026-10-19 09:15,1
2026-10-19 09:20,1
2026-10-19 09:25,2
2026-10-19 09:30,2
2026-10-19 09:35,2
2026-10-19 09:40,2
2026-10-19 09:45,1
2026-10-19 09:50,1
2026-10-19 10:05,1
2026-10-19 10:10,1
2026-10-19 10:15,1
2026-10-19 10:20,1
2026-10-19 10:25,1
2026-10-19 10:30,2
2026-10-19 10:35,2
2026-10-19 10:40,2
2026-10-19 10:45,1
2026-10-19 10:50,1
2026-10-19 10:55,1
2026-10-19 11:00,1
2026-10-19 11:35,1
2026-10-19 11:40,1
2026-10-19 11:45,1
2026-10-19 11:50,1
2026-10-19 11:55,1
2026-10-19 12:00,1
2026-10-19 12:05,1
2026-10-19 12:10,1
2026-10-19 12:15,1
2026-10-19 12:20,1
2026-10-19 12:25,1
2026-10-19 12:30,1
2026-10-19 12:35,1
2026-10-19 12:40,1
2026-10-19 12:45,1
2026-10-19 12:50,1
2026-10-19 12:55,1
2026-10-19 13:00,1
2026-10-19 13:25,1
2026-10-19 13:30,1
2026-10-19 13:35,1
2026-10-19 13:40,1
2026-10-19 13:45,1
2026-10-19 13:50,1
2026-10-19 14:10,1
2026-10-19 14:15,1
2026-10-19 14:20,1
2026-10-19 14:25,2
2026-10-19 14:30,2
2026-10-19 14:35,2
2026-10-19 14:40,2
2026-10-19 14:45,2
2026-10-19 14:50,2
2026-10-19 14:55,2
2026-10-19 15:00,1
2026-10-19 15:05,1
2026-10-19 15:45,1
2026-10-19 15:50,1
2026-10-19 15:55,2
2026-10-19 16:00,2
2026-10-19 16:05,3
2026-10-19 16:10,3
2026-10-19 16:15,3
2026-10-19 16:20,3
2026-10-19 16:25,3
2026-10-19 16:30,2
2026-10-19 16:35,2
2026-10-19 16:40,1
2026-10-19 16:45,1
2026-10-19 17:55,1
2026-10-19 18:00,1
2026-10-19 18:05,1
2026-10-19 18:10,1
2026-10-19 18:15,1
2026-10-19 18:20,2
2026-10-19 18:25,2
2026-10-19 18:30,3
2026-10-19 18:35,3
2026-10-19 18:40,3
2026-10-19 18:45,3
2026-10-19 18:50,3
2026-10-19 18:55,2
2026-10-19 19:00,2
2026-10-19 19:05,1
2026-10-19 19:10,2
2026-10-19 19:15,2
2026-10-19 19:20,2
2026-10-19 19:25,1
2026-10-19 19:30,1
2026-10-19 19:35,1
2026-10-19 19:40,1
2026-10-19 19:45,1
2026-10-19 19:50,1
2026-10-19 20:00,1
2026-10-19 20:05,1
2026-10-19 20:10,1
2026-10-19 20:15,1
2026-10-19 20:20,1
2026-10-19 20:25,1
2026-10-19 20:30,2
2026-10-19 20:35,2
2026-10-19 20:40,3
2026-10-19 20:45,2
2026-10-19 20:50,3
2026-10-19 20:55,3
2026-10-19 21:00,3
2026-10-19 21:05,3
2026-10-19 21:10,3
2026-10-19 21:15,2
2026-10-19 21:20,2
2026-10-19 21:25,1
2026-10-19 21:30,1
2026-10-19 21:40,1
2026-10-19 21:45,1
2026-10-19 21:50,1
2026-10-19 21:55,1
2026-10-19 22:00,1
2026-10-19 22:05,2
2026-10-19 22:10,2
2026-10-19 22:15,2
2026-10-19 22:20,2
2026-10-19 22:25,2
2026-10-19 22:30,2
2026-10-19 22:35,2
2026-10-19 22:40,2
2026-10-19 22:45,2
2026-10-19 22:50,1
2026-10-19 22:55,1
2026-10-19 23:00,1
2026-10-20 07:30,1
2026-10-20 07:35,1
2026-10-20 07:40,2
2026-10-20 07:45,2
2026-10-20 07:50,3
2026-10-20 07:55,3
2026-10-20 08:00,3
2026-10-20 08:05,2
2026-10-20 08:10,2
2026-10-20 08:15,2
2026-10-20 08:20,3
2026-10-20 08:25,3
2026-10-20 08:30,3
2026-10-20 08:35,2
2026-10-20 08:40,2
2026-10-20 08:45,2
2026-10-20 08:50,2
2026-10-20 08:55,1
2026-10-20 09:25,1
2026-10-20 09:30,1
2026-10-20 09:35,1
2026-10-20 09:40,1
2026-10-20 10:05,1
2026-10-20 10:10,1
2026-10-20 10:15,1
2026-10-20 10:20,1
2026-10-20 10:25,1
2026-10-20 10:30,2
2026-10-20 10:35,2
2026-10-20 10:40,2
2026-10-20 10:45,1
2026-10-20 10:50,1
2026-10-20 10:55,1
2026-10-20 11:00,1
2026-10-20 11:35,1
2026-10-20 11:40,1
2026-10-20 11:45,1
2026-10-20 11:50,1
2026-10-20 11:55,1
2026-10-20 12:00,1
2026-10-20 12:05,1
2026-10-20 12:10,1
2026-10-20 12:15,1
2026-10-20 12:20,1
2026-10-20 12:25,1
2026-10-20 12:30,1
2026-10-20 12:35,1
2026-10-20 12:40,1
2026-10-20 12:45,1
2026-10-20 12:50,1
2026-10-20 12:55,1
2026-10-20 13:00,1
2026-10-20 13:20,1
2026-10-20 13:25,2
2026-10-20 13:30,2
2026-10-20 13:35,2
2026-10-20 13:40,2
2026-10-20 13:45,1
2026-10-20 13:50,1
2026-10-20 14:10,1
2026-10-20 14:15,1
2026-10-20 14:20,1
2026-10-20 14:25,2
2026-10-20 14:30,2
2026-10-20 14:35,2
2026-10-20 14:40,2
2026-10-20 14:45,2
2026-10-20 14:50,2
2026-10-20 14:55,2
2026-10-20 15:00,1
2026-10-20 15:05,1
2026-10-20 15:45,1
2026-10-20 15:50,1
2026-10-20 15:55,2
2026-10-20 16:00,2
2026-10-20 16:05,3
2026-10-20 16:10,3
2026-10-20 16:15,3
2026-10-20 16:20,3
2026-10-20 16:25,3
2026-10-20 16:30,2
2026-10-20 16:35,2
2026-10-20 16:40,1
2026-10-20 16:45,1
2026-10-20 17:55,1
2026-10-20 18:00,1
2026-10-20 18:05,1
2026-10-20 18:10,1
2026-10-20 18:15,1
2026-10-20 18:20,1
2026-10-20 18:25,1
2026-10-20 18:30,2
2026-10-20 18:35,2
2026-10-20 18:40,2
2026-10-20 18:45,2
2026-10-20 18:50,2
2026-10-20 18:55,2
2026-10-20 19:00,2
2026-10-20 19:05,1
2026-10-20 19:10,2
2026-10-20 19:15,2
2026-10-20 19:20,2
2026-10-20 19:25,1
2026-10-20 19:30,1
2026-10-20 19:35,1
2026-10-20 19:40,1
2026-10-20 19:45,1
2026-10-20 19:50,1
2026-10-20 20:00,1
2026-10-20 20:05,1
2026-10-20 20:10,1
2026-10-20 20:15,1
2026-10-20 20:20,1
2026-10-20 20:25,1
2026-10-20 20:30,2
2026-10-20 20:35,2
2026-10-20 20:40,3
2026-10-20 20:45,2
2026-10-20 20:50,3
2026-10-20 20:55,3
2026-10-20 21:00,3
2026-10-20 21:05,3
2026-10-20 21:10,3
2026-10-20 21:15,2
2026-10-20 21:20,2
2026-10-20 21:25,1
2026-10-20 21:30,1
2026-10-20 21:40,1
2026-10-20 21:45,1
2026-10-20 21:50,1
2026-10-20 21:55,1
2026-10-20 22:00,1
2026-10-20 22:05,2
2026-10-20 22:10,2
2026-10-20 22:15,1
2026-10-20 22:20,1
2026-10-20 22:25,1
2026-10-20 22:30,1
2026-10-20 22:35,1
2026-10-20 22:40,1
2026-10-20 22:45,1
2026-10-21 07:40,1
2026-10-21 07:45,1
2026-10-21 07:50,2
2026-10-21 07:55,2
2026-10-21 08:00,2
2026-10-21 08:05,2
2026-10-21 08:10,2
2026-10-21 08:15,2
2026-10-21 08:20,4
2026-10-21 08:25,4
2026-10-21 08:30,4
2026-10-21 08:35,3
2026-10-21 08:40,3
2026-10-21 08:45,3
2026-10-21 08:50,3
2026-10-21 08:55,2
2026-10-21 09:00,1
2026-10-21 09:05,1
2026-10-21 09:10,1
2026-10-21 09:15,1
2026-10-21 09:20,1
2026-10-21 09:25,2
2026-10-21 09:30,2
2026-10-21 09:35,2
2026-10-21 09:40,2
2026-10-21 09:45,1
2026-10-21 09:50,1
2026-10-21 10:05,1
2026-10-21 10:10,1
2026-10-21 10:15,1
2026-10-21 10:20,1
2026-10-21 10:25,1
2026-10-21 10:30,2
2026-10-21 10:35,2
2026-10-21 10:40,2
2026-10-21 10:45,1
2026-10-21 10:50,1
2026-10-21 10:55,1
2026-10-21 11:00,1
2026-10-21 11:35,1
2026-10-21 11:40,1
2026-10-21 11:45,1
2026-10-21 11:50,1
2026-10-21 11:55,1
2026-10-21 12:00,1
2026-10-21 12:05,1
2026-10-21 12:10,1
2026-10-21 12:15,1
2026-10-21 12:20,1
2026-10-21 12:25,1
2026-10-21 12:30,1
2026-10-21 12:35,1
2026-10-21 12:40,1
2026-10-21 12:45,1
2026-10-21 12:50,1
2026-10-21 12:55,1
2026-10-21 13:00,1
2026-10-21 13:25,1
2026-10-21 13:30,1
2026-10-21 13:35,1
2026-10-21 13:40,1
2026-10-21 13:45,1
2026-10-21 13:50,1
2026-10-21 14:10,1
2026-10-21 14:15,1
2026-10-21 14:20,1
2026-10-21 14:25,2
2026-10-21 14:30,2
2026-10-21 14:35,2
2026-10-21 14:40,2
2026-10-21 14:45,2
2026-10-21 14:50,2
2026-10-21 14:55,2
2026-10-21 15:00,1
2026-10-21 15:05,1
2026-10-21 15:45,1
2026-10-21 15:50,1
2026-10-21 15:55,2
2026-10-21 16:00,2
2026-10-21 16:05,3
2026-10-21 16:10,3
2026-10-21 16:15,3
2026-10-21 16:20,3
2026-10-21 16:25,3
2026-10-21 16:30,2
2026-10-21 16:35,2
2026-10-21 16:40,1
2026-10-21 16:45,1
2026-10-21 17:55,1
2026-10-21 18:00,1
2026-10-21 18:05,1
2026-10-21 18:10,1
2026-10-21 18:15,1
2026-10-21 18:20,2
2026-10-21 18:25,2
2026-10-21 18:30,3
2026-10-21 18:35,3
2026-10-21 18:40,3
2026-10-21 18:45,3
2026-10-21 18:50,3
2026-10-21 18:55,2
2026-10-21 19:00,2
2026-10-21 19:05,1
2026-10-21 19:10,2
2026-10-21 19:15,2
2026-10-21 19:20,2
2026-10-21 19:25,1
2026-10-21 19:30,1
2026-10-21 19:35,1
2026-10-21 19:40,1
2026-10-21 19:45,1
2026-10-21 19:50,1
2026-10-21 20:00,1
2026-10-21 20:05,1
2026-10-21 20:10,1
2026-10-21 20:15,1
2026-10-21 20:20,1
2026-10-21 20:25,1
2026-10-21 20:30,2
2026-10-21 20:35,2
2026-10-21 20:40,3
2026-10-21 20:45,2
2026-10-21 20:50,3
2026-10-21 20:55,3
2026-10-21 21:00,3
2026-10-21 21:05,3
2026-10-21 21:10,3
2026-10-21 21:15,2
2026-10-21 21:20,2
2026-10-21 21:25,1
2026-10-21 21:30,1
2026-10-21 21:40,1
2026-10-21 21:45,1
2026-10-21 21:50,1
2026-10-21 21:55,1
2026-10-21 22:00,1
2026-10-21 22:05,2
2026-10-21 22:10,2
2026-10-21 22:15,2
2026-10-21 22:20,2
2026-10-21 22:25,2
2026-10-21 22:30,2
2026-10-21 22:35,2
2026-10-21 22:40,2
2026-10-21 22:45,2
2026-10-21 22:50,1
2026-10-21 22:55,1
2026-10-21 23:00,1
2026-10-22 07:30,1
2026-10-22 07:35,1
2026-10-22 07:40,2
2026-10-22 07:45,2
2026-10-22 07:50,3
2026-10-22 07:55,3
2026-10-22 08:00,3
2026-10-22 08:05,2
2026-10-22 08:10,2
2026-10-22 08:15,2
2026-10-22 08:20,3
2026-10-22 08:25,3
2026-10-22 08:30,3
2026-10-22 08:35,2
2026-10-22 08:40,2
2026-10-22 08:45,2
2026-10-22 08:50,2
2026-10-22 08:55,1
2026-10-22 09:25,1
2026-10-22 09:30,1
2026-10-22 09:35,1
2026-10-22 09:40,1
2026-10-22 10:05,1
2026-10-22 10:10,1
2026-10-22 10:15,1
2026-10-22 10:20,1
2026-10-22 10:25,1
2026-10-22 10:30,2
2026-10-22 10:35,2
2026-10-22 10:40,2
2026-10-22 10:45,1
2026-10-22 10:50,1
2026-10-22 10:55,1
2026-10-22 11:00,1
2026-10-22 11:35,1
2026-10-22 11:40,1
2026-10-22 11:45,1
2026-10-22 11:50,1
2026-10-22 11:55,1
2026-10-22 12:00,1
2026-10-22 12:05,1
2026-10-22 12:10,1
2026-10-22 12:15,1
2026-10-22 12:20,1
2026-10-22 12:25,1
2026-10-22 12:30,1
2026-10-22 12:35,1
2026-10-22 12:40,1
2026-10-22 12:45,1
2026-10-22 12:50,1
2026-10-22 12:55,1
2026-10-22 13:00,1
2026-10-22 13:20,1
2026-10-22 13:25,2
2026-10-22 13:30,2
2026-10-22 13:35,2
2026-10-22 13:40,2
2026-10-22 13:45,1
2026-10-22 13:50,1
2026-10-22 14:10,1
2026-10-22 14:15,1
2026-10-22 14:20,1
2026-10-22 14:25,2
2026-10-22 14:30,2
2026-10-22 14:35,2
2026-10-22 14:40,2
2026-10-22 14:45,2
2026-10-22 14:50,2
2026-10-22 14:55,2
2026-10-22 15:00,1
2026-10-22 15:05,1
2026-10-22 15:45,1
2026-10-22 15:50,1
2026-10-22 15:55,2
2026-10-22 16:00,2
2026-10-22 16:05,3
2026-10-22 16:10,3
2026-10-22 16:15,3
2026-10-22 16:20,3
2026-10-22 16:25,3
2026-10-22 16:30,2
2026-10-22 16:35,2
2026-10-22 16:40,1
2026-10-22 16:45,1
2026-10-22 17:55,1
2026-10-22 18:00,1
2026-10-22 18:05,1
2026-10-22 18:10,1
2026-10-22 18:15,1
2026-10-22 18:20,1
2026-10-22 18:25,1
2026-10-22 18:30,2
2026-10-22 18:35,2
2026-10-22 18:40,2
2026-10-22 18:45,2
2026-10-22 18:50,2
2026-10-22 18:55,2
2026-10-22 19:00,2
2026-10-22 19:05,1
2026-10-22 19:10,2
2026-10-22 19:15,2
2026-10-22 19:20,2
2026-10-22 19:25,1
2026-10-22 19:30,1
2026-10-22 19:35,1
2026-10-22 19:40,1
2026-10-22 19:45,1
2026-10-22 19:50,1
2026-10-22 20:00,1
2026-10-22 20:05,1
2026-10-22 20:10,1
2026-10-22 20:15,1
2026-10-22 20:20,1
2026-10-22 20:25,1
2026-10-22 20:30,2
2026-10-22 20:35,2
2026-10-22 20:40,3
2026-10-22 20:45,2
2026-10-22 20:50,3
2026-10-22 20:55,3
2026-10-22 21:00,3
2026-10-22 21:05,3
2026-10-22 21:10,3
2026-10-22 21:15,2
2026-10-22 21:20,2
2026-10-22 21:25,1
2026-10-22 21:30,1
2026-10-22 21:40,1
2026-10-22 21:45,1
2026-10-22 21:50,1
2026-10-22 21:55,1
2026-10-22 22:00,1
2026-10-22 22:05,2
2026-10-22 22:10,2
2026-10-22 22:15,1
2026-10-22 22:20,1
2026-10-22 22:25,1
2026-10-22 22:30,1
2026-10-22 22:35,1
2026-10-22 22:40,1
2026-10-22 22:45,1
2026-10-23 07:40,1
2026-10-23 07:45,1
2026-10-23 07:50,2
2026-10-23 07:55,2
2026-10-23 08:00,2
2026-10-23 08:05,2
2026-10-23 08:10,2
2026-10-23 08:15,2
2026-10-23 08:20,4
2026-10-23 08:25,4
2026-10-23 08:30,4
2026-10-23 08:35,3
2026-10-23 08:40,3
2026-10-23 08:45,3
2026-10-23 08:50,3
2026-10-23 08:55,2
2026-10-23 09:00,1
2026-10-23 09:05,1
2026-10-23 09:10,1
2026-10-23 09:15,1
2026-10-23 09:20,1
2026-10-23 09:25,2
2026-10-23 09:30,2
2026-10-23 09:35,2
2026-10-23 09:40,2
2026-10-23 09:45,1
2026-10-23 09:50,1
2026-10-23 10:05,1
2026-10-23 10:10,1
2026-10-23 10:15,1
2026-10-23 10:20,1
2026-10-23 10:25,1
2026-10-23 10:30,2
2026-10-23 10:35,2
2026-10-23 10:40,2
2026-10-23 10:45,1
2026-10-23 10:50,1
2026-10-23 10:55,1
2026-10-23 11:00,1
2026-10-23 11:35,1
2026-10-23 11:40,1
2026-10-23 11:45,1
2026-10-23 11:50,1
2026-10-23 11:55,1
2026-10-23 12:00,1
2026-10-23 12:05,1
2026-10-23 12:10,1
2026-10-23 12:15,1
2026-10-23 12:20,1
2026-10-23 12:25,1
2026-10-23 12:30,1
2026-10-23 12:35,1
2026-10-23 12:40,1
2026-10-23 12:45,1
2026-10-23 12:50,1
2026-10-23 12:55,1
2026-10-23 13:00,1
2026-10-23 13:25,1
2026-10-23 13:30,1
2026-10-23 13:35,1
2026-10-23 13:40,1
2026-10-23 13:45,1
2026-10-23 13:50,1
2026-10-23 14:10,1
2026-10-23 14:15,1
2026-10-23 14:20,1
2026-10-23 14:25,2
2026-10-23 14:30,2
2026-10-23 14:35,2
2026-10-23 14:40,2
2026-10-23 14:45,2
2026-10-23 14:50,2
2026-10-23 14:55,2
2026-10-23 15:00,1
2026-10-23 15:05,1
2026-10-23 15:45,1
2026-10-23 15:50,1
2026-10-23 15:55,2
2026-10-23 16:00,2
2026-10-23 16:05,3
2026-10-23 16:10,3
2026-10-23 16:15,3
2026-10-23 16:20,3
2026-10-23 16:25,3
2026-10-23 16:30,2
2026-10-23 16:35,2
2026-10-23 16:40,1
2026-10-23 16:45,1
2026-10-23 17:55,1
2026-10-23 18:00,1
2026-10-23 18:05,1
2026-10-23 18:10,1
2026-10-23 18:15,1
2026-10-23 18:20,2
2026-10-23 18:25,2
2026-10-23 18:30,3
2026-10-23 18:35,3
2026-10-23 18:40,3
2026-10-23 18:45,3
2026-10-23 18:50,3
2026-10-23 18:55,2
2026-10-23 19:00,2
2026-10-23 19:05,1
2026-10-23 19:10,2
2026-10-23 19:15,2
2026-10-23 19:20,2
2026-10-23 19:25,1
2026-10-23 19:30,1
2026-10-23 19:35,1
2026-10-23 19:40,1
2026-10-23 19:45,1
2026-10-23 19:50,1
2026-10-23 20:00,1
2026-10-23 20:05,1
2026-10-23 20:10,1
2026-10-23 20:15,1
2026-10-23 20:20,1
2026-10-23 20:25,1
2026-10-23 20:30,2
2026-10-23 20:35,2
2026-10-23 20:40,3
2026-10-23 20:45,2
2026-10-23 20:50,3
2026-10-23 20:55,3
2026-10-23 21:00,3
2026-10-23 21:05,3
2026-10-23 21:10,3
2026-10-23 21:15,2
2026-10-23 21:20,2
2026-10-23 21:25,1
2026-10-23 21:30,1
2026-10-23 21:40,1
2026-10-23 21:45,1
2026-10-23 21:50,1
2026-10-23 21:55,1
2026-10-23 22:00,1
2026-10-23 22:05,2
2026-10-23 22:10,2
2026-10-23 22:15,2
2026-10-23 22:20,2
2026-10-23 22:25,2
2026-10-23 22:30,2
2026-10-23 22:35,2
2026-10-23 22:40,2
2026-10-23 22:45,2
2026-10-23 22:50,1
2026-10-23 22:55,1
2026-10-23 23:00,1
2026-10-24 07:30,1
2026-10-24 07:35,1
2026-10-24 07:40,2
2026-10-24 07:45,2
2026-10-24 07:50,3
2026-10-24 07:55,3
2026-10-24 08:00,3
2026-10-24 08:05,2
2026-10-24 08:10,2
2026-10-24 08:15,2
2026-10-24 08:20,3
2026-10-24 08:25,3
2026-10-24 08:30,3
2026-10-24 08:35,2
2026-10-24 08:40,2
2026-10-24 08:45,2
2026-10-24 08:50,2
2026-10-24 08:55,1
2026-10-24 09:25,1
2026-10-24 09:30,1
2026-10-24 09:35,1
2026-10-24 09:40,1
2026-10-24 10:05,1
2026-10-24 10:10,1
2026-10-24 10:15,1
2026-10-24 10:20,1
2026-10-24 10:25,1
2026-10-24 10:30,2
2026-10-24 10:35,2
2026-10-24 10:40,2
2026-10-24 10:45,1
2026-10-24 10:50,1
2026-10-24 10:55,1
2026-10-24 11:00,1
2026-10-24 11:35,1
2026-10-24 11:40,1
2026-10-24 11:45,1
2026-10-24 11:50,1
2026-10-24 11:55,1
2026-10-24 12:00,1
2026-10-24 12:05,1
2026-10-24 12:10,1
2026-10-24 12:15,1
2026-10-24 12:20,1
2026-10-24 12:25,1
2026-10-24 12:30,1
2026-10-24 12:35,1
2026-10-24 12:40,1
2026-10-24 12:45,1
2026-10-24 12:50,1
2026-10-24 12:55,1
2026-10-24 13:00,1
2026-10-24 13:20,1
2026-10-24 13:25,2
2026-10-24 13:30,2
2026-10-24 13:35,2
2026-10-24 13:40,2
2026-10-24 13:45,1
2026-10-24 13:50,1
2026-10-24 14:10,1
2026-10-24 14:15,1
2026-10-24 14:20,1
2026-10-24 14:25,2
2026-10-24 14:30,2
2026-10-24 14:35,2
2026-10-24 14:40,2
2026-10-24 14:45,2
2026-10-24 14:50,2
2026-10-24 14:55,2
2026-10-24 15:00,1
2026-10-24 15:05,1
2026-10-24 15:45,1
2026-10-24 15:50,1
2026-10-24 15:55,2
2026-10-24 16:00,2
2026-10-24 16:05,3
2026-10-24 16:10,3
2026-10-24 16:15,3
2026-10-24 16:20,3
2026-10-24 16:25,3
2026-10-24 16:30,2
2026-10-24 16:35,2
2026-10-24 16:40,1
2026-10-24 16:45,1
2026-10-24 17:55,1
2026-10-24 18:00,1
2026-10-24 18:05,1
2026-10-24 18:10,1
2026-10-24 18:15,1
2026-10-24 18:20,1
2026-10-24 18:25,1
2026-10-24 18:30,2
2026-10-24 18:35,2
2026-10-24 18:40,2
2026-10-24 18:45,2
2026-10-24 18:50,2
2026-10-24 18:55,2
2026-10-24 19:00,2
2026-10-24 19:05,1
2026-10-24 19:10,2
2026-10-24 19:15,2
2026-10-24 19:20,2
2026-10-24 19:25,1
2026-10-24 19:30,1
2026-10-24 19:35,1
2026-10-24 19:40,1
2026-10-24 19:45,1
2026-10-24 19:50,1
2026-10-24 20:00,1
2026-10-24 20:05,1
2026-10-24 20:10,1
2026-10-24 20:15,1
2026-10-24 20:20,1
2026-10-24 20:25,1
2026-10-24 20:30,2
2026-10-24 20:35,2
2026-10-24 20:40,3
2026-10-24 20:45,2
2026-10-24 20:50,3
2026-10-24 20:55,3
2026-10-24 21:00,3
2026-10-24 21:05,3
2026-10-24 21:10,3
2026-10-24 21:15,2
2026-10-24 21:20,2
2026-10-24 21:25,1
2026-10-24 21:30,1
2026-10-24 21:40,1
2026-10-24 21:45,1
2026-10-24 21:50,1
2026-10-24 21:55,1
2026-10-24 22:00,1
2026-10-24 22:05,2
2026-10-24 22:10,2
2026-10-24 22:15,2
2026-10-24 22:20,2
2026-10-24 22:25,2
2026-10-24 22:30,2
2026-10-24 22:35,2
2026-10-24 22:40,2
2026-10-24 22:45,2
2026-10-24 22:50,1
2026-10-24 22:55,1
2026-10-24 23:00,1
